{
	"credit": "Designed by Kevin *ArtsByKev* www.youtube.com/c/artsbykev & www.twitter.com/artsbykev",
	"ambientocclusion": false,
	"textures": {
		"0": "artsbykev_var/textures/leaves_acacia",
		"1": "artsbykev_var/textures/leaves_acacia_round",
		"particle": "artsbykev_var/textures/leaves_acacia"
	},
	"elements": [
		{
			"from": [0, 0, 0],
			"to": [16, 16, 16],
			"faces": {
				"north": {"uv": [0, 0, 16, 16], "texture": "#0", "cullface": "north", "tintindex": 0 },
				"east": {"uv": [0, 0, 16, 16], "texture": "#0", "cullface": "east", "tintindex": 0},
				"south": {"uv": [0, 0, 16, 16], "texture": "#0", "cullface": "south", "tintindex": 0},
				"west": {"uv": [0, 0, 16, 16], "texture": "#0", "cullface": "west", "tintindex": 0},
				"up": {"uv": [0, 0, 16, 16], "texture": "#0", "cullface": "up", "tintindex": 0},
				"down": {"uv": [0, 0, 16, 16], "texture": "#0", "cullface": "down", "tintindex": 0}
			}
		},
		{
			"from": [-7.15, -8, 6.5],
			"to": [24.85, 8, 6.5],
			"rotation": {"angle": 22.5, "axis": "y", "origin": [8.85, 9, 9.5]},
			"shade": false,
			"faces": {
				"north": {"uv": [0, 8, 16, 16], "texture": "#1", "tintindex": 0},
				"east": {"uv": [0, 0, 0, 16], "texture": "#missing", "tintindex": 0},
				"south": {"uv": [0, 8, 16, 16], "texture": "#1", "tintindex": 0},
				"west": {"uv": [0, 0, 0, 16], "texture": "#missing", "tintindex": 0},
				"up": {"uv": [0, 0, 16, 0], "texture": "#missing", "tintindex": 0},
				"down": {"uv": [0, 0, 16, 0], "texture": "#missing", "tintindex": 0}
			}
		},
		{
			"from": [7, -8, -9.375],
			"to": [7, 8, 22.625],
			"rotation": {"angle": 22.5, "axis": "y", "origin": [10, 9, 6.625]},
			"shade": false,
			"faces": {
				"north": {"uv": [0, 0, 0, 16], "texture": "#missing", "tintindex": 0},
				"east": {"uv": [0, 8, 16, 16], "texture": "#1", "tintindex": 0},
				"south": {"uv": [0, 0, 0, 16], "texture": "#missing", "tintindex": 0},
				"west": {"uv": [0, 8, 16, 16], "texture": "#1", "tintindex": 0},
				"up": {"uv": [0, 0, 16, 0], "rotation": 270, "texture": "#missing", "tintindex": 0},
				"down": {"uv": [0, 0, 16, 0], "rotation": 90, "texture": "#missing", "tintindex": 0}
			}
		},
		{
			"from": [-7, 8, 6.5],
			"to": [25, 24, 6.5],
			"rotation": {"angle": 22.5, "axis": "y", "origin": [9, 25, 9.5]},
			"shade": false,
			"faces": {
				"north": {"uv": [0, 0, 16, 8], "texture": "#1", "tintindex": 0},
				"east": {"uv": [0, 0, 0, 16], "texture": "#missing", "tintindex": 0},
				"south": {"uv": [0, 0, 16, 8], "texture": "#1", "tintindex": 0},
				"west": {"uv": [0, 0, 0, 16], "texture": "#missing", "tintindex": 0},
				"up": {"uv": [0, 0, 16, 0], "texture": "#missing", "tintindex": 0},
				"down": {"uv": [0, 0, 16, 0], "texture": "#missing", "tintindex": 0}
			}
		},
		{
			"from": [7, 8, -9.5],
			"to": [7, 24, 22.5],
			"rotation": {"angle": 22.5, "axis": "y", "origin": [10, 25, 6.5]},
			"shade": false,
			"faces": {
				"north": {"uv": [0, 0, 0, 16], "texture": "#missing", "tintindex": 0},
				"east": {"uv": [0, 0, 16, 8], "texture": "#1", "tintindex": 0},
				"south": {"uv": [0, 0, 0, 16], "texture": "#missing", "tintindex": 0},
				"west": {"uv": [0, 0, 16, 8], "texture": "#1", "tintindex": 0},
				"up": {"uv": [0, 0, 16, 0], "rotation": 270, "texture": "#missing", "tintindex": 0},
				"down": {"uv": [0, 0, 16, 0], "rotation": 90, "texture": "#missing", "tintindex": 0}
			}
		}
	],
	"display": {
		"thirdperson_righthand": {
			"rotation": [31, -22, 0],
			"translation": [-1, 0.75, -1.25],
			"scale": [0.3, 0.3, 0.3]
		},
		"thirdperson_lefthand": {
			"rotation": [31, -22, 0],
			"translation": [-1, 0.75, -1.25],
			"scale": [0.3, 0.3, 0.3]
		},
		"firstperson_righthand": {
			"rotation": [31, -22, 0],
			"translation": [2.5, 0.75, -1.25],
			"scale": [0.3, 0.3, 0.3]
		},
		"firstperson_lefthand": {
			"rotation": [31, -22, 0],
			"translation": [2.5, 0.75, -1.25],
			"scale": [0.3, 0.3, 0.3]
		},
		"ground": {
			"translation": [0, 3.75, 0],
			"scale": [0.5, 0.5, 0.5]
		},
		"gui": {
			"rotation": [28, 37, 37],
			"scale": [0.5, 0.5, 0.5]
		},
		"head": {
			"translation": [0, 1, 0]
		},
		"fixed": {
			"rotation": [90, 0, 0],
			"translation": [0, 0, -16],
			"scale": [1, 2, 1]
		}
	}
}