{
	"credit": " (C)ArtsByKev, https://youtube.com/c/artsbykev & https://twitter.com/artsbykev - Using Blockbench",
	"ambientocclusion": false,
	"texture_size": [64, 64],
	"textures": {
		"0": "artsbykev_var/textures/areca",
		"particle": "artsbykev_var/textures/areca"
	},
	"elements": [
		{
			"from": [6, 0, 7],
			"to": [6, 12, 8],
			"rotation": {"angle": 0, "axis": "y", "origin": [6, 0, 8]},
			"faces": {
				"north": {"uv": [0, 0, 0, 3], "texture": "#0"},
				"east": {"uv": [4.75, 10.25, 5, 13.25], "texture": "#0"},
				"south": {"uv": [0, 0, 0, 3], "texture": "#0"},
				"west": {"uv": [5, 10.25, 5.25, 13.25], "texture": "#0"},
				"up": {"uv": [0, 0.25, 0, 0], "texture": "#0"},
				"down": {"uv": [0, 0, 0, 0.25], "texture": "#0"}
			}
		},
		{
			"from": [8, 0, 9],
			"to": [8, 18, 10],
			"rotation": {"angle": 0, "axis": "y", "origin": [8, 6, 10]},
			"faces": {
				"north": {"uv": [0, 0, 0, 4.5], "texture": "#0"},
				"east": {"uv": [3.75, 10.25, 4, 14.75], "texture": "#0"},
				"south": {"uv": [0, 0, 0, 4.5], "texture": "#0"},
				"west": {"uv": [4, 10.25, 4.25, 14.75], "texture": "#0"},
				"up": {"uv": [0, 0.25, 0, 0], "texture": "#0"},
				"down": {"uv": [0, 0, 0, 0.25], "texture": "#0"}
			}
		},
		{
			"from": [6, 12, 7],
			"to": [6, 18, 8],
			"rotation": {"angle": 22.5, "axis": "z", "origin": [6, 12, 8]},
			"faces": {
				"north": {"uv": [0, 0, 0, 1.5], "texture": "#0"},
				"east": {"uv": [3.75, 6.5, 4, 8], "texture": "#0"},
				"south": {"uv": [0, 0, 0, 1.5], "texture": "#0"},
				"west": {"uv": [4, 6.5, 4.25, 8], "texture": "#0"},
				"up": {"uv": [0, 0.25, 0, 0], "texture": "#0"},
				"down": {"uv": [0, 0, 0, 0.25], "texture": "#0"}
			}
		},
		{
			"from": [8, 18, 9],
			"to": [8, 24, 10],
			"rotation": {"angle": 22.5, "axis": "z", "origin": [8, 18, 10]},
			"faces": {
				"north": {"uv": [0, 0, 0, 1.5], "texture": "#0"},
				"east": {"uv": [6.25, 10.5, 6.5, 12], "texture": "#0"},
				"south": {"uv": [0, 0, 0, 1.5], "texture": "#0"},
				"west": {"uv": [6.5, 10.5, 6.75, 12], "texture": "#0"},
				"up": {"uv": [0, 0.25, 0, 0], "texture": "#0"},
				"down": {"uv": [0, 0, 0, 0.25], "texture": "#0"}
			}
		},
		{
			"from": [6, 3, 7],
			"to": [6, 9, 8],
			"rotation": {"angle": 22.5, "axis": "z", "origin": [6, 3, 8]},
			"faces": {
				"north": {"uv": [0, 0, 0, 1.5], "texture": "#0"},
				"east": {"uv": [5.75, 10.5, 6, 12], "texture": "#0"},
				"south": {"uv": [0, 0, 0, 1.5], "texture": "#0"},
				"west": {"uv": [6, 10.5, 6.25, 12], "texture": "#0"},
				"up": {"uv": [0, 0.25, 0, 0], "texture": "#0"},
				"down": {"uv": [0, 0, 0, 0.25], "texture": "#0"}
			}
		},
		{
			"from": [-11.2961, 17.54328, 1],
			"to": [3.7039, 17.54328, 14],
			"rotation": {"angle": 0, "axis": "z", "origin": [3.7039, 17.54328, 8]},
			"faces": {
				"north": {"uv": [0, 0, 3.75, 0], "texture": "#0"},
				"east": {"uv": [0, 0, 3.25, 0], "texture": "#0"},
				"south": {"uv": [0, 0, 3.75, 0], "texture": "#0"},
				"west": {"uv": [0, 0, 3.25, 0], "texture": "#0"},
				"up": {"uv": [3.75, 9.75, 0, 6.5], "texture": "#0"},
				"down": {"uv": [3.75, 6.5, 0, 9.75], "texture": "#0"}
			}
		},
		{
			"from": [-11.2961, 23.54328, 3],
			"to": [5.7039, 23.54328, 16],
			"rotation": {"angle": -22.5, "axis": "z", "origin": [5.7039, 23.54328, 10]},
			"faces": {
				"north": {"uv": [0, 0, 4.25, 0], "texture": "#0"},
				"east": {"uv": [0, 0, 3.25, 0], "texture": "#0"},
				"south": {"uv": [0, 0, 4.25, 0], "texture": "#0"},
				"west": {"uv": [0, 0, 3.25, 0], "texture": "#0"},
				"up": {"uv": [4.25, 3.25, 0, 0], "texture": "#0"},
				"down": {"uv": [4.25, 0, 0, 3.25], "texture": "#0"}
			}
		},
		{
			"from": [-4.2961, 8.54328, 4],
			"to": [3.7039, 8.54328, 11],
			"rotation": {"angle": -22.5, "axis": "z", "origin": [3.7039, 8.54328, 8]},
			"faces": {
				"north": {"uv": [0, 0, 2, 0], "texture": "#0"},
				"east": {"uv": [0, 0, 1.75, 0], "texture": "#0"},
				"south": {"uv": [0, 0, 2, 0], "texture": "#0"},
				"west": {"uv": [0, 0, 1.75, 0], "texture": "#0"},
				"up": {"uv": [5.75, 10.25, 3.75, 8.5], "texture": "#0"},
				"down": {"uv": [5.75, 8.5, 3.75, 10.25], "texture": "#0"}
			}
		},
		{
			"from": [9, 0, 5],
			"to": [10, 12, 5],
			"rotation": {"angle": 0, "axis": "y", "origin": [9, 0, 5]},
			"faces": {
				"north": {"uv": [5.25, 10.25, 5.5, 13.25], "texture": "#0"},
				"east": {"uv": [0, 0, 0, 3], "texture": "#0"},
				"south": {"uv": [5.5, 10.25, 5.75, 13.25], "texture": "#0"},
				"west": {"uv": [0, 0, 0, 3], "texture": "#0"},
				"up": {"uv": [0.25, 0, 0, 0], "texture": "#0"},
				"down": {"uv": [0.25, 0, 0, 0], "texture": "#0"}
			}
		},
		{
			"from": [7, 0, 7],
			"to": [8, 15, 7],
			"rotation": {"angle": 0, "axis": "y", "origin": [7, 6, 7]},
			"faces": {
				"north": {"uv": [4.25, 10.25, 4.5, 14], "texture": "#0"},
				"east": {"uv": [0, 0, 0, 3.75], "texture": "#0"},
				"south": {"uv": [4.5, 10.25, 4.75, 14], "texture": "#0"},
				"west": {"uv": [0, 0, 0, 3.75], "texture": "#0"},
				"up": {"uv": [0.25, 0, 0, 0], "texture": "#0"},
				"down": {"uv": [0.25, 0, 0, 0], "texture": "#0"}
			}
		},
		{
			"from": [9, 12, 5],
			"to": [10, 18, 5],
			"rotation": {"angle": -22.5, "axis": "x", "origin": [9, 12, 5]},
			"faces": {
				"north": {"uv": [6.75, 10.5, 7, 12], "texture": "#0"},
				"east": {"uv": [0, 0, 0, 1.5], "texture": "#0"},
				"south": {"uv": [7, 10.5, 7.25, 12], "texture": "#0"},
				"west": {"uv": [0, 0, 0, 1.5], "texture": "#0"},
				"up": {"uv": [0.25, 0, 0, 0], "texture": "#0"},
				"down": {"uv": [0.25, 0, 0, 0], "texture": "#0"}
			}
		},
		{
			"from": [7, 15, 7],
			"to": [8, 21, 7],
			"rotation": {"angle": -22.5, "axis": "x", "origin": [7, 15, 7]},
			"faces": {
				"north": {"uv": [7.25, 10.5, 7.5, 12], "texture": "#0"},
				"east": {"uv": [0, 0, 0, 1.5], "texture": "#0"},
				"south": {"uv": [7.5, 10.75, 7.75, 12.25], "texture": "#0"},
				"west": {"uv": [0, 0, 0, 1.5], "texture": "#0"},
				"up": {"uv": [0.25, 0, 0, 0], "texture": "#0"},
				"down": {"uv": [0.25, 0, 0, 0], "texture": "#0"}
			}
		},
		{
			"from": [7, 6, 7],
			"to": [8, 12, 7],
			"rotation": {"angle": -22.5, "axis": "x", "origin": [7, 6, 7]},
			"faces": {
				"north": {"uv": [7.75, 10.75, 8, 12.25], "texture": "#0"},
				"east": {"uv": [0, 0, 0, 1.5], "texture": "#0"},
				"south": {"uv": [8, 10.75, 8.25, 12.25], "texture": "#0"},
				"west": {"uv": [0, 0, 0, 1.5], "texture": "#0"},
				"up": {"uv": [0.25, 0, 0, 0], "texture": "#0"},
				"down": {"uv": [0.25, 0, 0, 0], "texture": "#0"}
			}
		},
		{
			"from": [3, 17.54328, -12.2961],
			"to": [16, 17.54328, 2.7039],
			"rotation": {"angle": -22.5, "axis": "x", "origin": [9, 17.54328, 2.7039]},
			"faces": {
				"north": {"uv": [0, 0, 3.25, 0], "texture": "#0"},
				"east": {"uv": [0, 0, 3.75, 0], "texture": "#0"},
				"south": {"uv": [0, 0, 3.25, 0], "texture": "#0"},
				"west": {"uv": [0, 0, 3.75, 0], "texture": "#0"},
				"up": {"uv": [10.75, 3.75, 7.5, 0], "texture": "#0"},
				"down": {"uv": [10.75, 0, 7.5, 3.75], "texture": "#0"}
			}
		},
		{
			"from": [1, 20.54328, -12.2961],
			"to": [14, 20.54328, 4.7039],
			"rotation": {"angle": 0, "axis": "x", "origin": [7, 20.54328, 4.7039]},
			"faces": {
				"north": {"uv": [0, 0, 3.25, 0], "texture": "#0"},
				"east": {"uv": [0, 0, 4.25, 0], "texture": "#0"},
				"south": {"uv": [0, 0, 3.25, 0], "texture": "#0"},
				"west": {"uv": [0, 0, 4.25, 0], "texture": "#0"},
				"up": {"uv": [7.5, 8.5, 4.25, 4.25], "texture": "#0"},
				"down": {"uv": [7.5, 4.25, 4.25, 8.5], "texture": "#0"}
			}
		},
		{
			"from": [4, 11.54328, -3.2961],
			"to": [11, 11.54328, 4.7039],
			"rotation": {"angle": 0, "axis": "x", "origin": [7, 11.54328, 4.7039]},
			"faces": {
				"north": {"uv": [0, 0, 1.75, 0], "texture": "#0"},
				"east": {"uv": [0, 0, 2, 0], "texture": "#0"},
				"south": {"uv": [0, 0, 1.75, 0], "texture": "#0"},
				"west": {"uv": [0, 0, 2, 0], "texture": "#0"},
				"up": {"uv": [7.5, 10.5, 5.75, 8.5], "texture": "#0"},
				"down": {"uv": [7.5, 8.5, 5.75, 10.5], "texture": "#0"}
			}
		},
		{
			"from": [12, 0, 13],
			"to": [12, 12, 14],
			"rotation": {"angle": 0, "axis": "y", "origin": [12, 0, 13]},
			"faces": {
				"north": {"uv": [0, 0, 0, 3], "texture": "#0"},
				"east": {"uv": [5.25, 10.25, 5.5, 13.25], "texture": "#0"},
				"south": {"uv": [0, 0, 0, 3], "texture": "#0"},
				"west": {"uv": [5.5, 10.25, 5.75, 13.25], "texture": "#0"},
				"up": {"uv": [0.25, 0, 0, 0], "rotation": 90, "texture": "#0"},
				"down": {"uv": [0.25, 0, 0, 0], "rotation": 270, "texture": "#0"}
			}
		},
		{
			"from": [10, 0, 11],
			"to": [10, 15, 12],
			"rotation": {"angle": 0, "axis": "y", "origin": [10, 6, 11]},
			"faces": {
				"north": {"uv": [0, 0, 0, 3.75], "texture": "#0"},
				"east": {"uv": [4.25, 10.25, 4.5, 14], "texture": "#0"},
				"south": {"uv": [0, 0, 0, 3.75], "texture": "#0"},
				"west": {"uv": [4.5, 10.25, 4.75, 14], "texture": "#0"},
				"up": {"uv": [0.25, 0, 0, 0], "rotation": 90, "texture": "#0"},
				"down": {"uv": [0.25, 0, 0, 0], "rotation": 270, "texture": "#0"}
			}
		},
		{
			"from": [12, 12, 13],
			"to": [12, 18, 14],
			"rotation": {"angle": -22.5, "axis": "z", "origin": [12, 12, 13]},
			"faces": {
				"north": {"uv": [0, 0, 0, 1.5], "texture": "#0"},
				"east": {"uv": [6.75, 10.5, 7, 12], "texture": "#0"},
				"south": {"uv": [0, 0, 0, 1.5], "texture": "#0"},
				"west": {"uv": [7, 10.5, 7.25, 12], "texture": "#0"},
				"up": {"uv": [0.25, 0, 0, 0], "rotation": 90, "texture": "#0"},
				"down": {"uv": [0.25, 0, 0, 0], "rotation": 270, "texture": "#0"}
			}
		},
		{
			"from": [10, 15, 11],
			"to": [10, 21, 12],
			"rotation": {"angle": -22.5, "axis": "z", "origin": [10, 15, 11]},
			"faces": {
				"north": {"uv": [0, 0, 0, 1.5], "texture": "#0"},
				"east": {"uv": [7.25, 10.5, 7.5, 12], "texture": "#0"},
				"south": {"uv": [0, 0, 0, 1.5], "texture": "#0"},
				"west": {"uv": [7.5, 10.75, 7.75, 12.25], "texture": "#0"},
				"up": {"uv": [0.25, 0, 0, 0], "rotation": 90, "texture": "#0"},
				"down": {"uv": [0.25, 0, 0, 0], "rotation": 270, "texture": "#0"}
			}
		},
		{
			"from": [10, 6, 11],
			"to": [10, 12, 12],
			"rotation": {"angle": -22.5, "axis": "z", "origin": [10, 6, 11]},
			"faces": {
				"north": {"uv": [0, 0, 0, 1.5], "texture": "#0"},
				"east": {"uv": [7.75, 10.75, 8, 12.25], "texture": "#0"},
				"south": {"uv": [0, 0, 0, 1.5], "texture": "#0"},
				"west": {"uv": [8, 10.75, 8.25, 12.25], "texture": "#0"},
				"up": {"uv": [0.25, 0, 0, 0], "rotation": 90, "texture": "#0"},
				"down": {"uv": [0.25, 0, 0, 0], "rotation": 270, "texture": "#0"}
			}
		},
		{
			"from": [14.2961, 17.54328, 7],
			"to": [29.2961, 17.54328, 20],
			"rotation": {"angle": 22.5, "axis": "z", "origin": [14.2961, 17.54328, 13]},
			"faces": {
				"north": {"uv": [0, 0, 3.75, 0], "texture": "#0"},
				"east": {"uv": [0, 0, 3.25, 0], "texture": "#0"},
				"south": {"uv": [0, 0, 3.75, 0], "texture": "#0"},
				"west": {"uv": [0, 0, 3.25, 0], "texture": "#0"},
				"up": {"uv": [10.75, 3.75, 7.5, 0], "rotation": 90, "texture": "#0"},
				"down": {"uv": [10.75, 0, 7.5, 3.75], "rotation": 270, "texture": "#0"}
			}
		},
		{
			"from": [12.2961, 20.54328, 5],
			"to": [29.2961, 20.54328, 18],
			"rotation": {"angle": 45, "axis": "z", "origin": [12.2961, 20.54328, 11]},
			"faces": {
				"north": {"uv": [0, 0, 4.25, 0], "texture": "#0"},
				"east": {"uv": [0, 0, 3.25, 0], "texture": "#0"},
				"south": {"uv": [0, 0, 4.25, 0], "texture": "#0"},
				"west": {"uv": [0, 0, 3.25, 0], "texture": "#0"},
				"up": {"uv": [7.5, 8.5, 4.25, 4.25], "rotation": 90, "texture": "#0"},
				"down": {"uv": [7.5, 4.25, 4.25, 8.5], "rotation": 270, "texture": "#0"}
			}
		},
		{
			"from": [12.2961, 11.54328, 8],
			"to": [20.2961, 11.54328, 15],
			"rotation": {"angle": -22.5, "axis": "z", "origin": [12.2961, 11.54328, 11]},
			"faces": {
				"north": {"uv": [0, 0, 2, 0], "texture": "#0"},
				"east": {"uv": [0, 0, 1.75, 0], "texture": "#0"},
				"south": {"uv": [0, 0, 2, 0], "texture": "#0"},
				"west": {"uv": [0, 0, 1.75, 0], "texture": "#0"},
				"up": {"uv": [7.5, 10.5, 5.75, 8.5], "rotation": 90, "texture": "#0"},
				"down": {"uv": [7.5, 8.5, 5.75, 10.5], "rotation": 270, "texture": "#0"}
			}
		}
	],
	"groups": [
		{
			"name": "group",
			"origin": [3.7039, 8.54328, 8],
			"children": [0, 1, 2, 3, 4, 5, 6, 7]
		},
		{
			"name": "group",
			"origin": [3.7039, 8.54328, 8],
			"children": [8, 9, 10, 11, 12, 13, 14, 15]
		},
		{
			"name": "group",
			"origin": [3.7039, 8.54328, 8],
			"children": [16, 17, 18, 19, 20, 21, 22, 23]
		}
	]
}