{
	"credit": " (C)ArtsByKev, https://youtube.com/c/artsbykev & https://twitter.com/artsbykev - Using Blockbench",
	"texture_size": [64, 64],
	"textures": {
		"1": "artsbykev_var/textures/bamboo_leaves"
	},
	"elements": [
		{
			"from": [-11.77817, 16.124, 6.77817],
			"to": [-0.77817, 16.124, 26.77817],
			"rotation": {"angle": 45, "axis": "y", "origin": [-0.77817, 16.124, 16.77817]},
			"faces": {
				"north": {"uv": [0, 0, 2.75, 0], "texture": "#1"},
				"east": {"uv": [0, 0, 5, 0], "texture": "#1"},
				"south": {"uv": [0, 0, 2.75, 0], "texture": "#1"},
				"west": {"uv": [0, 0, 5, 0], "texture": "#1"},
				"up": {"uv": [11, 10, 5.5, 0], "texture": "#1"},
				"down": {"uv": [11, 0, 5.5, 10], "texture": "#1"}
			}
		},
		{
			"from": [-2.5, -2.04695, 20.16235],
			"to": [19.5, 9.7907, 20.16235],
			"rotation": {"angle": -45, "axis": "x", "origin": [8.5, 9.7907, 20.16235]},
			"faces": {
				"north": {"uv": [11, 10, 5.5, 0], "rotation": 270, "texture": "#1"},
				"east": {"uv": [2.75, 0, 0, 0], "rotation": 270, "texture": "#1"},
				"south": {"uv": [11, 0, 5.5, 10], "rotation": 270, "texture": "#1"},
				"west": {"uv": [2.75, 0, 0, 0], "rotation": 90, "texture": "#1"},
				"up": {"uv": [5, 0, 0, 0], "rotation": 180, "texture": "#1"},
				"down": {"uv": [5, 0, 0, 0], "texture": "#1"}
			}
		},
		{
			"from": [18.66235, -8.04695, -2],
			"to": [18.66235, 3.7907, 20],
			"rotation": {"angle": 45, "axis": "z", "origin": [18.66235, 3.7907, 9]},
			"faces": {
				"north": {"uv": [2.75, 0, 0, 0], "rotation": 270, "texture": "#1"},
				"east": {"uv": [11, 0, 5.5, 10], "rotation": 270, "texture": "#1"},
				"south": {"uv": [2.75, 0, 0, 0], "rotation": 90, "texture": "#1"},
				"west": {"uv": [11, 10, 5.5, 0], "rotation": 270, "texture": "#1"},
				"up": {"uv": [5, 0, 0, 0], "rotation": 90, "texture": "#1"},
				"down": {"uv": [5, 0, 0, 0], "rotation": 90, "texture": "#1"}
			}
		},
		{
			"from": [-3.5, -5.04695, -4.16235],
			"to": [16.5, 6.7907, -4.16235],
			"rotation": {"angle": 45, "axis": "x", "origin": [6.5, 6.7907, -4.16235]},
			"faces": {
				"north": {"uv": [11, 0, 5.5, 10], "rotation": 270, "texture": "#1"},
				"east": {"uv": [2.75, 0, 0, 0], "rotation": 90, "texture": "#1"},
				"south": {"uv": [11, 10, 5.5, 0], "rotation": 270, "texture": "#1"},
				"west": {"uv": [2.75, 0, 0, 0], "rotation": 270, "texture": "#1"},
				"up": {"uv": [5, 0, 0, 0], "texture": "#1"},
				"down": {"uv": [5, 0, 0, 0], "rotation": 180, "texture": "#1"}
			}
		},
		{
			"from": [19.16229, 11.88956, -2.25],
			"to": [32, 11.88956, 18.75],
			"rotation": {"angle": -45, "axis": "z", "origin": [19.16229, 11.88956, 8.75]},
			"faces": {
				"north": {"uv": [0, 0, 2.75, 0], "texture": "#1"},
				"east": {"uv": [0, 0, 5, 0], "texture": "#1"},
				"south": {"uv": [0, 0, 2.75, 0], "texture": "#1"},
				"west": {"uv": [0, 0, 5, 0], "texture": "#1"},
				"up": {"uv": [11, 10, 5.5, 0], "rotation": 180, "texture": "#1"},
				"down": {"uv": [11, 0, 5.5, 10], "rotation": 180, "texture": "#1"}
			}
		},
		{
			"from": [-3, 16.375, -15.08771],
			"to": [18, 16.375, -2.25],
			"rotation": {"angle": -22.5, "axis": "x", "origin": [8, 16.375, -2.25]},
			"faces": {
				"north": {"uv": [0, 0, 5, 0], "texture": "#1"},
				"east": {"uv": [0, 0, 2.75, 0], "texture": "#1"},
				"south": {"uv": [0, 0, 5, 0], "texture": "#1"},
				"west": {"uv": [0, 0, 2.75, 0], "texture": "#1"},
				"up": {"uv": [11, 10, 5.5, 0], "rotation": 90, "texture": "#1"},
				"down": {"uv": [11, 0, 5.5, 10], "rotation": 270, "texture": "#1"}
			}
		},
		{
			"from": [-10.39104, 4.93853, -2],
			"to": [-2.39104, 4.93853, 17],
			"rotation": {"angle": 45, "axis": "z", "origin": [-2.39104, 4.93853, 8]},
			"faces": {
				"north": {"uv": [0, 0, 2.75, 0], "texture": "#1"},
				"east": {"uv": [0, 0, 5, 0], "texture": "#1"},
				"south": {"uv": [0, 0, 2.75, 0], "texture": "#1"},
				"west": {"uv": [0, 0, 5, 0], "texture": "#1"},
				"up": {"uv": [11, 10, 5.5, 0], "texture": "#1"},
				"down": {"uv": [11, 0, 5.5, 10], "texture": "#1"}
			}
		},
		{
			"from": [-4, 16.125, -1],
			"to": [7, 16.125, 19],
			"rotation": {"angle": 45, "axis": "y", "origin": [7, 16.125, 9]},
			"faces": {
				"north": {"uv": [0, 0, 2.75, 0], "texture": "#1"},
				"east": {"uv": [0, 0, 5, 0], "texture": "#1"},
				"south": {"uv": [0, 0, 2.75, 0], "texture": "#1"},
				"west": {"uv": [0, 0, 5, 0], "texture": "#1"},
				"up": {"uv": [5.5, 10, 0, 0], "texture": "#1"},
				"down": {"uv": [5.5, 0, 0, 10], "texture": "#1"}
			}
		},
		{
			"from": [-2.5, 14, 9],
			"to": [19.5, 14, 21],
			"rotation": {"angle": 22.5, "axis": "x", "origin": [8.5, 14, 10]},
			"faces": {
				"north": {"uv": [5, 0, 0, 0], "texture": "#1"},
				"east": {"uv": [2.75, 0, 0, 0], "texture": "#1"},
				"south": {"uv": [5, 0, 0, 0], "texture": "#1"},
				"west": {"uv": [2.75, 0, 0, 0], "texture": "#1"},
				"up": {"uv": [5.5, 0, 0, 10], "rotation": 270, "texture": "#1"},
				"down": {"uv": [5.5, 10, 0, 0], "rotation": 90, "texture": "#1"}
			}
		},
		{
			"from": [7.5, 8, -2],
			"to": [19.5, 8, 20],
			"rotation": {"angle": -22.5, "axis": "z", "origin": [8.5, 8, 9]},
			"faces": {
				"north": {"uv": [2.75, 0, 0, 0], "texture": "#1"},
				"east": {"uv": [5, 0, 0, 0], "texture": "#1"},
				"south": {"uv": [2.75, 0, 0, 0], "texture": "#1"},
				"west": {"uv": [5, 0, 0, 0], "texture": "#1"},
				"up": {"uv": [5.5, 0, 0, 10], "rotation": 180, "texture": "#1"},
				"down": {"uv": [5.5, 10, 0, 0], "rotation": 180, "texture": "#1"}
			}
		},
		{
			"from": [-3.5, 11, -5],
			"to": [16.5, 11, 7],
			"rotation": {"angle": -22.5, "axis": "x", "origin": [6.5, 11, 6]},
			"faces": {
				"north": {"uv": [5, 0, 0, 0], "texture": "#1"},
				"east": {"uv": [2.75, 0, 0, 0], "texture": "#1"},
				"south": {"uv": [5, 0, 0, 0], "texture": "#1"},
				"west": {"uv": [2.75, 0, 0, 0], "texture": "#1"},
				"up": {"uv": [5.5, 0, 0, 10], "rotation": 90, "texture": "#1"},
				"down": {"uv": [5.5, 10, 0, 0], "rotation": 270, "texture": "#1"}
			}
		},
		{
			"from": [8, 16.1, -2.25],
			"to": [20, 16.1, 18.75],
			"rotation": {"angle": -22.5, "axis": "z", "origin": [9, 16.1, 8.75]},
			"faces": {
				"north": {"uv": [0, 0, 2.75, 0], "texture": "#1"},
				"east": {"uv": [0, 0, 5, 0], "texture": "#1"},
				"south": {"uv": [0, 0, 2.75, 0], "texture": "#1"},
				"west": {"uv": [0, 0, 5, 0], "texture": "#1"},
				"up": {"uv": [5.5, 10, 0, 0], "rotation": 180, "texture": "#1"},
				"down": {"uv": [5.5, 0, 0, 10], "rotation": 180, "texture": "#1"}
			}
		},
		{
			"from": [-3, 16.375, -2.25],
			"to": [18, 16.375, 9.75],
			"rotation": {"angle": 0, "axis": "x", "origin": [8, 16.375, 8.75]},
			"faces": {
				"north": {"uv": [0, 0, 5, 0], "texture": "#1"},
				"east": {"uv": [0, 0, 2.75, 0], "texture": "#1"},
				"south": {"uv": [0, 0, 5, 0], "texture": "#1"},
				"west": {"uv": [0, 0, 2.75, 0], "texture": "#1"},
				"up": {"uv": [5.5, 10, 0, 0], "rotation": 90, "texture": "#1"},
				"down": {"uv": [5.5, 0, 0, 10], "rotation": 270, "texture": "#1"}
			}
		},
		{
			"from": [-3, 8, -0.5],
			"to": [6, 8, 17],
			"rotation": {"angle": 22.5, "axis": "z", "origin": [5, 8, 9]},
			"faces": {
				"north": {"uv": [0, 0, 2.75, 0], "texture": "#1"},
				"east": {"uv": [0, 0, 5, 0], "texture": "#1"},
				"south": {"uv": [0, 0, 2.75, 0], "texture": "#1"},
				"west": {"uv": [0, 0, 5, 0], "texture": "#1"},
				"up": {"uv": [5.5, 10, 0, 0], "texture": "#1"},
				"down": {"uv": [5.5, 0, 0, 10], "texture": "#1"}
			}
		}
	]
}