{
	"credit": " (C)ArtsByKev, https://youtube.com/c/artsbykev & https://twitter.com/artsbykev - Using Blockbench",
	"texture_size": [64, 64],
	"textures": {
		"1": "artsbykev_var/textures/bamboo_leaves"
	},
	"elements": [
		{
			"from": [-3.5, -5.04695, 20.16235],
			"to": [18.5, 6.7907, 20.16235],
			"rotation": {"angle": -22.5, "axis": "x", "origin": [7.5, 6.7907, 20.16235]},
			"faces": {
				"north": {"uv": [11, 0, 5.5, 10], "rotation": 270, "texture": "#1"},
				"east": {"uv": [0, 0, 2.75, 0], "rotation": 270, "texture": "#1"},
				"south": {"uv": [11, 10, 5.5, 0], "rotation": 270, "texture": "#1"},
				"west": {"uv": [0, 0, 2.75, 0], "rotation": 90, "texture": "#1"},
				"up": {"uv": [0, 0, 5, 0], "rotation": 180, "texture": "#1"},
				"down": {"uv": [0, 0, 5, 0], "texture": "#1"}
			}
		},
		{
			"from": [-3.5, 11.7907, 20.16235],
			"to": [18.5, 11.7907, 32],
			"rotation": {"angle": 45, "axis": "x", "origin": [7.5, 11.7907, 20.16235]},
			"faces": {
				"north": {"uv": [0, 0, 5, 0], "texture": "#1"},
				"east": {"uv": [0, 0, 2.75, 0], "texture": "#1"},
				"south": {"uv": [0, 0, 5, 0], "texture": "#1"},
				"west": {"uv": [0, 0, 2.75, 0], "texture": "#1"},
				"up": {"uv": [11, 10, 5.5, 0], "rotation": 270, "texture": "#1"},
				"down": {"uv": [11, 0, 5.5, 10], "rotation": 90, "texture": "#1"}
			}
		},
		{
			"from": [-2.5, 7.7907, -16],
			"to": [17.5, 7.7907, -4.16235],
			"rotation": {"angle": -45, "axis": "x", "origin": [7.5, 7.7907, -4.16235]},
			"faces": {
				"north": {"uv": [0, 0, 5, 0], "texture": "#1"},
				"east": {"uv": [0, 0, 2.75, 0], "texture": "#1"},
				"south": {"uv": [0, 0, 5, 0], "texture": "#1"},
				"west": {"uv": [0, 0, 2.75, 0], "texture": "#1"},
				"up": {"uv": [11, 10, 5.5, 0], "rotation": 90, "texture": "#1"},
				"down": {"uv": [11, 0, 5.5, 10], "rotation": 270, "texture": "#1"}
			}
		},
		{
			"from": [19.16229, 9.78956, -2.25],
			"to": [32, 9.78956, 18.75],
			"rotation": {"angle": -45, "axis": "z", "origin": [19.16229, 9.78956, 8.75]},
			"faces": {
				"north": {"uv": [0, 0, 2.75, 0], "texture": "#1"},
				"east": {"uv": [0, 0, 5, 0], "texture": "#1"},
				"south": {"uv": [0, 0, 2.75, 0], "texture": "#1"},
				"west": {"uv": [0, 0, 5, 0], "texture": "#1"},
				"up": {"uv": [11, 10, 5.5, 0], "rotation": 180, "texture": "#1"},
				"down": {"uv": [11, 0, 5.5, 10], "rotation": 180, "texture": "#1"}
			}
		},
		{
			"from": [-15.99962, 15.99908, -5],
			"to": [-4.99962, 15.99908, 19],
			"rotation": {"angle": 22.5, "axis": "z", "origin": [-4.99962, 15.99908, 7]},
			"faces": {
				"north": {"uv": [0, 0, 2.75, 0], "texture": "#1"},
				"east": {"uv": [0, 0, 5, 0], "texture": "#1"},
				"south": {"uv": [0, 0, 2.75, 0], "texture": "#1"},
				"west": {"uv": [0, 0, 5, 0], "texture": "#1"},
				"up": {"uv": [11, 10, 5.5, 0], "texture": "#1"},
				"down": {"uv": [11, 0, 5.5, 10], "texture": "#1"}
			}
		},
		{
			"from": [-12.77817, 23.77817, -3.5],
			"to": [-1.77817, 23.77817, 20.5],
			"rotation": {"angle": -22.5, "axis": "z", "origin": [-1.77817, 23.77817, 8.5]},
			"faces": {
				"north": {"uv": [0, 0, 2.75, 0], "texture": "#1"},
				"east": {"uv": [0, 0, 5, 0], "texture": "#1"},
				"south": {"uv": [0, 0, 2.75, 0], "texture": "#1"},
				"west": {"uv": [0, 0, 5, 0], "texture": "#1"},
				"up": {"uv": [11, 10, 5.5, 0], "texture": "#1"},
				"down": {"uv": [11, 0, 5.5, 10], "texture": "#1"}
			}
		},
		{
			"from": [-4.5, 23.77817, -12.77817],
			"to": [19.5, 23.77817, -1.77817],
			"rotation": {"angle": -22.5, "axis": "x", "origin": [7.5, 23.77817, -1.77817]},
			"faces": {
				"north": {"uv": [0, 0, 5, 0], "texture": "#1"},
				"east": {"uv": [0, 0, 2.75, 0], "texture": "#1"},
				"south": {"uv": [0, 0, 5, 0], "texture": "#1"},
				"west": {"uv": [0, 0, 2.75, 0], "texture": "#1"},
				"up": {"uv": [11, 10, 5.5, 0], "rotation": 90, "texture": "#1"},
				"down": {"uv": [11, 0, 5.5, 10], "rotation": 270, "texture": "#1"}
			}
		},
		{
			"from": [19.16229, 20.21044, -4.5],
			"to": [30.16229, 20.21044, 19.5],
			"rotation": {"angle": -22.5, "axis": "z", "origin": [19.16229, 20.21044, 7.5]},
			"faces": {
				"north": {"uv": [0, 0, 2.75, 0], "texture": "#1"},
				"east": {"uv": [0, 0, 5, 0], "texture": "#1"},
				"south": {"uv": [0, 0, 2.75, 0], "texture": "#1"},
				"west": {"uv": [0, 0, 5, 0], "texture": "#1"},
				"up": {"uv": [11, 10, 5.5, 0], "rotation": 180, "texture": "#1"},
				"down": {"uv": [11, 0, 5.5, 10], "rotation": 180, "texture": "#1"}
			}
		},
		{
			"from": [-3.5, 11, 9],
			"to": [18.5, 11, 21],
			"rotation": {"angle": 22.5, "axis": "x", "origin": [7.5, 11, 10]},
			"faces": {
				"north": {"uv": [0, 0, 5, 0], "texture": "#1"},
				"east": {"uv": [0, 0, 2.75, 0], "texture": "#1"},
				"south": {"uv": [0, 0, 5, 0], "texture": "#1"},
				"west": {"uv": [0, 0, 2.75, 0], "texture": "#1"},
				"up": {"uv": [5.5, 10, 0, 0], "rotation": 270, "texture": "#1"},
				"down": {"uv": [5.5, 0, 0, 10], "rotation": 90, "texture": "#1"}
			}
		},
		{
			"from": [-3.5, 16, 9],
			"to": [18.5, 16, 21],
			"rotation": {"angle": 22.5, "axis": "x", "origin": [7.5, 16, 10]},
			"faces": {
				"north": {"uv": [0, 0, 5, 0], "texture": "#1"},
				"east": {"uv": [0, 0, 2.75, 0], "texture": "#1"},
				"south": {"uv": [0, 0, 5, 0], "texture": "#1"},
				"west": {"uv": [0, 0, 2.75, 0], "texture": "#1"},
				"up": {"uv": [5.5, 10, 0, 0], "rotation": 270, "texture": "#1"},
				"down": {"uv": [5.5, 0, 0, 10], "rotation": 90, "texture": "#1"}
			}
		},
		{
			"from": [-2.5, 12, -5],
			"to": [17.5, 12, 7],
			"rotation": {"angle": -22.5, "axis": "x", "origin": [7.5, 12, 6]},
			"faces": {
				"north": {"uv": [0, 0, 5, 0], "texture": "#1"},
				"east": {"uv": [0, 0, 2.75, 0], "texture": "#1"},
				"south": {"uv": [0, 0, 5, 0], "texture": "#1"},
				"west": {"uv": [0, 0, 2.75, 0], "texture": "#1"},
				"up": {"uv": [5.5, 10, 0, 0], "rotation": 90, "texture": "#1"},
				"down": {"uv": [5.5, 0, 0, 10], "rotation": 270, "texture": "#1"}
			}
		},
		{
			"from": [8, 14, -2.25],
			"to": [20, 14, 18.75],
			"rotation": {"angle": -22.5, "axis": "z", "origin": [9, 14, 8.75]},
			"faces": {
				"north": {"uv": [0, 0, 2.75, 0], "texture": "#1"},
				"east": {"uv": [0, 0, 5, 0], "texture": "#1"},
				"south": {"uv": [0, 0, 2.75, 0], "texture": "#1"},
				"west": {"uv": [0, 0, 5, 0], "texture": "#1"},
				"up": {"uv": [5.5, 10, 0, 0], "rotation": 180, "texture": "#1"},
				"down": {"uv": [5.5, 0, 0, 10], "rotation": 180, "texture": "#1"}
			}
		},
		{
			"from": [-5, 16, -3.5],
			"to": [7, 16, 19],
			"rotation": {"angle": 0, "axis": "z", "origin": [6, 16, 8]},
			"faces": {
				"north": {"uv": [0, 0, 2.75, 0], "texture": "#1"},
				"east": {"uv": [0, 0, 5, 0], "texture": "#1"},
				"south": {"uv": [0, 0, 2.75, 0], "texture": "#1"},
				"west": {"uv": [0, 0, 5, 0], "texture": "#1"},
				"up": {"uv": [5.5, 10, 0, 0], "texture": "#1"},
				"down": {"uv": [5.5, 0, 0, 10], "texture": "#1"}
			}
		},
		{
			"from": [-5, 16, -3.5],
			"to": [7, 16, 19],
			"rotation": {"angle": -45, "axis": "z", "origin": [6, 16, 8]},
			"faces": {
				"north": {"uv": [0, 0, 2.75, 0], "texture": "#1"},
				"east": {"uv": [0, 0, 5, 0], "texture": "#1"},
				"south": {"uv": [0, 0, 2.75, 0], "texture": "#1"},
				"west": {"uv": [0, 0, 5, 0], "texture": "#1"},
				"up": {"uv": [5.5, 10, 0, 0], "texture": "#1"},
				"down": {"uv": [5.5, 0, 0, 10], "texture": "#1"}
			}
		},
		{
			"from": [-3, 16, -5],
			"to": [19.5, 16, 7],
			"rotation": {"angle": 45, "axis": "x", "origin": [8, 16, 6]},
			"faces": {
				"north": {"uv": [0, 0, 5, 0], "texture": "#1"},
				"east": {"uv": [0, 0, 2.75, 0], "texture": "#1"},
				"south": {"uv": [0, 0, 5, 0], "texture": "#1"},
				"west": {"uv": [0, 0, 2.75, 0], "texture": "#1"},
				"up": {"uv": [5.5, 10, 0, 0], "rotation": 90, "texture": "#1"},
				"down": {"uv": [5.5, 0, 0, 10], "rotation": 270, "texture": "#1"}
			}
		},
		{
			"from": [8, 16, -3],
			"to": [20, 16, 19.5],
			"rotation": {"angle": 22.5, "axis": "z", "origin": [9, 16, 8]},
			"faces": {
				"north": {"uv": [0, 0, 2.75, 0], "texture": "#1"},
				"east": {"uv": [0, 0, 5, 0], "texture": "#1"},
				"south": {"uv": [0, 0, 2.75, 0], "texture": "#1"},
				"west": {"uv": [0, 0, 5, 0], "texture": "#1"},
				"up": {"uv": [5.5, 10, 0, 0], "rotation": 180, "texture": "#1"},
				"down": {"uv": [5.5, 0, 0, 10], "rotation": 180, "texture": "#1"}
			}
		}
	]
}