{
	"credit": "Made with Blockbench",
	"texture_size": [64, 64],
	"textures": {
		"0": "artsbykev_var/textures/bamboo",
		"particle": "artsbykev_var/textures/bamboo"
	},
	"elements": [
		{
			"from": [7, 0, 6],
			"to": [9, 16, 7],
			"faces": {
				"north": {"uv": [2.5, 6, 3, 10], "texture": "#0"},
				"east": {"uv": [7.5, 7.5, 7.75, 11.5], "texture": "#0"},
				"south": {"uv": [6.5, 6.5, 7, 10.5], "texture": "#0"},
				"west": {"uv": [7.5, 0, 7.75, 4], "texture": "#0"},
				"up": {"uv": [3.5, 2.75, 3, 2.5], "texture": "#0"},
				"down": {"uv": [3.5, 2.75, 3, 3], "texture": "#0"}
			}
		},
		{
			"from": [7, 0, 9],
			"to": [9, 16, 10],
			"rotation": {"angle": 0, "axis": "y", "origin": [8, 8, 11]},
			"faces": {
				"north": {"uv": [7, 7, 7.5, 11], "texture": "#0"},
				"east": {"uv": [7.75, 7.75, 8, 11.75], "texture": "#0"},
				"south": {"uv": [7, 0, 7.5, 4], "texture": "#0"},
				"west": {"uv": [7.75, 0, 8, 4], "texture": "#0"},
				"up": {"uv": [4, 1.25, 3.5, 1], "texture": "#0"},
				"down": {"uv": [4, 1.25, 3.5, 1.5], "texture": "#0"}
			}
		},
		{
			"from": [6, 0, 7],
			"to": [10, 16, 9],
			"faces": {
				"north": {"uv": [0, 0, 1, 4], "texture": "#0"},
				"east": {"uv": [3, 7, 3.5, 11], "texture": "#0"},
				"south": {"uv": [1, 1, 2, 5], "texture": "#0"},
				"west": {"uv": [3.5, 7, 4, 11], "texture": "#0"},
				"up": {"uv": [3, 1.5, 2, 1], "texture": "#0"},
				"down": {"uv": [3, 1.5, 2, 2], "texture": "#0"}
			}
		},
		{
			"from": [-1.4, 0, 8],
			"to": [8.6, 10, 8],
			"rotation": {"angle": 22.5, "axis": "y", "origin": [8.6, 2, 8]},
			"faces": {
				"north": {"uv": [8.125, 5.875, 10.625, 8], "texture": "#0"},
				"east": {"uv": [5.75, 5.75, 5.75, 9.75], "texture": "#0"},
				"south": {"uv": [8.125, 9.75, 10.625, 12], "texture": "#0"},
				"west": {"uv": [5.5, 0, 5.5, 4], "texture": "#0"},
				"up": {"uv": [3.25, 1.75, 3, 1], "rotation": 180, "texture": "#0"},
				"down": {"uv": [3.25, 1.75, 3, 2.5], "rotation": 180, "texture": "#0"}
			}
		}
	],
	"display": {}
}