{
	"credit": " (C)ArtsByKev, https://youtube.com/c/artsbykev & https://twitter.com/artsbykev - Using Blockbench",
	"texture_size": [64, 64],
	"textures": {
		"1": "artsbykev_var/textures/bamboo_leaves"
	},
	"elements": [
		{
			"from": [-0.5, 11.7907, 19.16235],
			"to": [18.5, 11.7907, 29],
			"rotation": {"angle": 45, "axis": "x", "origin": [10.5, 11.7907, 19.16235]},
			"faces": {
				"north": {"uv": [5, 0, 0, 0], "texture": "#1"},
				"east": {"uv": [2.75, 0, 0, 0], "texture": "#1"},
				"south": {"uv": [5, 0, 0, 0], "texture": "#1"},
				"west": {"uv": [2.75, 0, 0, 0], "texture": "#1"},
				"up": {"uv": [11, 0, 5.5, 10], "rotation": 270, "texture": "#1"},
				"down": {"uv": [11, 10, 5.5, 0], "rotation": 90, "texture": "#1"}
			}
		},
		{
			"from": [-1.5, 12.93853, -9.47869],
			"to": [18.5, 12.93853, -0.64104],
			"rotation": {"angle": -45, "axis": "x", "origin": [8.5, 12.93853, -0.64104]},
			"faces": {
				"north": {"uv": [5, 0, 0, 0], "texture": "#1"},
				"east": {"uv": [2.75, 0, 0, 0], "texture": "#1"},
				"south": {"uv": [5, 0, 0, 0], "texture": "#1"},
				"west": {"uv": [2.75, 0, 0, 0], "texture": "#1"},
				"up": {"uv": [11, 0, 5.5, 10], "rotation": 90, "texture": "#1"},
				"down": {"uv": [11, 10, 5.5, 0], "rotation": 270, "texture": "#1"}
			}
		},
		{
			"from": [-7.72869, 19.06047, -3.25],
			"to": [1.10896, 19.06047, 16.75],
			"rotation": {"angle": 22.5, "axis": "z", "origin": [1.10896, 19.06047, 6.75]},
			"faces": {
				"north": {"uv": [2.75, 0, 0, 0], "texture": "#1"},
				"east": {"uv": [5, 0, 0, 0], "texture": "#1"},
				"south": {"uv": [2.75, 0, 0, 0], "texture": "#1"},
				"west": {"uv": [5, 0, 0, 0], "texture": "#1"},
				"up": {"uv": [11, 0, 5.5, 10], "texture": "#1"},
				"down": {"uv": [11, 10, 5.5, 0], "texture": "#1"}
			}
		},
		{
			"from": [16.89104, 5.93853, -2],
			"to": [24.89104, 5.93853, 17],
			"rotation": {"angle": -45, "axis": "z", "origin": [16.89104, 5.93853, 8]},
			"faces": {
				"north": {"uv": [2.75, 0, 0, 0], "texture": "#1"},
				"east": {"uv": [5, 0, 0, 0], "texture": "#1"},
				"south": {"uv": [2.75, 0, 0, 0], "texture": "#1"},
				"west": {"uv": [5, 0, 0, 0], "texture": "#1"},
				"up": {"uv": [5.5, 10, 11, 0], "texture": "#1"},
				"down": {"uv": [5.5, 0, 11, 10], "texture": "#1"}
			}
		},
		{
			"from": [-0.5, 16, 8],
			"to": [18.5, 16, 20],
			"rotation": {"angle": 22.5, "axis": "x", "origin": [10.5, 16, 9]},
			"faces": {
				"north": {"uv": [5, 0, 0, 0], "texture": "#1"},
				"east": {"uv": [2.75, 0, 0, 0], "texture": "#1"},
				"south": {"uv": [5, 0, 0, 0], "texture": "#1"},
				"west": {"uv": [2.75, 0, 0, 0], "texture": "#1"},
				"up": {"uv": [5.5, 0, 0, 10], "rotation": 270, "texture": "#1"},
				"down": {"uv": [5.5, 10, 0, 0], "rotation": 90, "texture": "#1"}
			}
		},
		{
			"from": [-1.5, 16, -1.25],
			"to": [18.5, 16, 7.75],
			"rotation": {"angle": -22.5, "axis": "x", "origin": [8.5, 16, 6.75]},
			"faces": {
				"north": {"uv": [5, 0, 0, 0], "texture": "#1"},
				"east": {"uv": [2.75, 0, 0, 0], "texture": "#1"},
				"south": {"uv": [5, 0, 0, 0], "texture": "#1"},
				"west": {"uv": [2.75, 0, 0, 0], "texture": "#1"},
				"up": {"uv": [5.5, 0, 0, 10], "rotation": 90, "texture": "#1"},
				"down": {"uv": [5.5, 10, 0, 0], "rotation": 270, "texture": "#1"}
			}
		},
		{
			"from": [0.5, 16, -3.25],
			"to": [9.5, 16, 16.75],
			"rotation": {"angle": -22.5, "axis": "z", "origin": [8.5, 16, 6.75]},
			"faces": {
				"north": {"uv": [2.75, 0, 0, 0], "texture": "#1"},
				"east": {"uv": [5, 0, 0, 0], "texture": "#1"},
				"south": {"uv": [2.75, 0, 0, 0], "texture": "#1"},
				"west": {"uv": [5, 0, 0, 0], "texture": "#1"},
				"up": {"uv": [5.5, 0, 0, 10], "texture": "#1"},
				"down": {"uv": [5.5, 10, 0, 0], "texture": "#1"}
			}
		},
		{
			"from": [8.5, 9, -0.5],
			"to": [17.5, 9, 17],
			"rotation": {"angle": -22.5, "axis": "z", "origin": [9.5, 9, 9]},
			"faces": {
				"north": {"uv": [2.75, 0, 0, 0], "texture": "#1"},
				"east": {"uv": [5, 0, 0, 0], "texture": "#1"},
				"south": {"uv": [2.75, 0, 0, 0], "texture": "#1"},
				"west": {"uv": [5, 0, 0, 0], "texture": "#1"},
				"up": {"uv": [0, 10, 5.5, 0], "texture": "#1"},
				"down": {"uv": [0, 0, 5.5, 10], "texture": "#1"}
			}
		}
	]
}