{
	"credit": " (C)ArtsByKev, https://youtube.com/c/artsbykev & https://twitter.com/artsbykev - Using Blockbench",
	"texture_size": [64, 64],
	"textures": {
		"1": "artsbykev_var/textures/bamboo_leaves"
	},
	"elements": [
		{
			"from": [-2.5, 9, 21],
			"to": [17.5, 9, 32],
			"rotation": {"angle": 22.5, "axis": "x", "origin": [7.5, 9, 21]},
			"faces": {
				"north": {"uv": [0, 0, 5, 0], "texture": "#1"},
				"east": {"uv": [0, 0, 2.75, 0], "texture": "#1"},
				"south": {"uv": [0, 0, 5, 0], "texture": "#1"},
				"west": {"uv": [0, 0, 2.75, 0], "texture": "#1"},
				"up": {"uv": [11, 10, 5.5, 0], "rotation": 270, "texture": "#1"},
				"down": {"uv": [11, 0, 5.5, 10], "rotation": 90, "texture": "#1"}
			}
		},
		{
			"from": [-2.5, 5.79141, -14.16306],
			"to": [17.5, 5.79141, -3.16306],
			"rotation": {"angle": -45, "axis": "x", "origin": [7.5, 5.79141, -3.16306]},
			"faces": {
				"north": {"uv": [0, 0, 5, 0], "texture": "#1"},
				"east": {"uv": [0, 0, 2.75, 0], "texture": "#1"},
				"south": {"uv": [0, 0, 5, 0], "texture": "#1"},
				"west": {"uv": [0, 0, 2.75, 0], "texture": "#1"},
				"up": {"uv": [11, 10, 5.5, 0], "rotation": 90, "texture": "#1"},
				"down": {"uv": [11, 0, 5.5, 10], "rotation": 270, "texture": "#1"}
			}
		},
		{
			"from": [-2.5, 16, -15],
			"to": [17.5, 16, -4],
			"rotation": {"angle": -22.5, "axis": "x", "origin": [7.5, 16, -4]},
			"faces": {
				"north": {"uv": [0, 0, 5, 0], "texture": "#1"},
				"east": {"uv": [0, 0, 2.75, 0], "texture": "#1"},
				"south": {"uv": [0, 0, 5, 0], "texture": "#1"},
				"west": {"uv": [0, 0, 2.75, 0], "texture": "#1"},
				"up": {"uv": [11, 10, 5.5, 0], "rotation": 90, "texture": "#1"},
				"down": {"uv": [11, 0, 5.5, 10], "rotation": 270, "texture": "#1"}
			}
		},
		{
			"from": [20.16229, 14.20859, -2],
			"to": [31.16229, 14.20859, 18],
			"rotation": {"angle": -22.5, "axis": "z", "origin": [20.16229, 14.20859, 8]},
			"faces": {
				"north": {"uv": [0, 0, 2.75, 0], "texture": "#1"},
				"east": {"uv": [0, 0, 5, 0], "texture": "#1"},
				"south": {"uv": [0, 0, 2.75, 0], "texture": "#1"},
				"west": {"uv": [0, 0, 5, 0], "texture": "#1"},
				"up": {"uv": [11, 10, 5.5, 0], "rotation": 180, "texture": "#1"},
				"down": {"uv": [11, 0, 5.5, 10], "rotation": 180, "texture": "#1"}
			}
		},
		{
			"from": [13.2099, 26.16175, -2],
			"to": [24.2099, 26.16175, 18],
			"rotation": {"angle": 45, "axis": "z", "origin": [13.2099, 26.16175, 8]},
			"faces": {
				"north": {"uv": [0, 0, 2.75, 0], "texture": "#1"},
				"east": {"uv": [0, 0, 5, 0], "texture": "#1"},
				"south": {"uv": [0, 0, 2.75, 0], "texture": "#1"},
				"west": {"uv": [0, 0, 5, 0], "texture": "#1"},
				"up": {"uv": [11, 10, 5.5, 0], "rotation": 180, "texture": "#1"},
				"down": {"uv": [11, 0, 5.5, 10], "rotation": 180, "texture": "#1"}
			}
		},
		{
			"from": [17.77817, 23.77817, -2],
			"to": [28.77817, 23.77817, 18],
			"rotation": {"angle": 22.5, "axis": "z", "origin": [17.77817, 23.77817, 8]},
			"faces": {
				"north": {"uv": [0, 0, 2.75, 0], "texture": "#1"},
				"east": {"uv": [0, 0, 5, 0], "texture": "#1"},
				"south": {"uv": [0, 0, 2.75, 0], "texture": "#1"},
				"west": {"uv": [0, 0, 5, 0], "texture": "#1"},
				"up": {"uv": [11, 10, 5.5, 0], "rotation": 180, "texture": "#1"},
				"down": {"uv": [11, 0, 5.5, 10], "rotation": 180, "texture": "#1"}
			}
		},
		{
			"from": [-2, 23.77817, 17.77817],
			"to": [18, 23.77817, 28.77817],
			"rotation": {"angle": 0, "axis": "x", "origin": [8, 23.77817, 17.77817]},
			"faces": {
				"north": {"uv": [0, 0, 5, 0], "texture": "#1"},
				"east": {"uv": [0, 0, 2.75, 0], "texture": "#1"},
				"south": {"uv": [0, 0, 5, 0], "texture": "#1"},
				"west": {"uv": [0, 0, 2.75, 0], "texture": "#1"},
				"up": {"uv": [11, 10, 5.5, 0], "rotation": 270, "texture": "#1"},
				"down": {"uv": [11, 0, 5.5, 10], "rotation": 90, "texture": "#1"}
			}
		},
		{
			"from": [-15.16235, 9.7907, -2],
			"to": [-4.16235, 9.7907, 18],
			"rotation": {"angle": 45, "axis": "z", "origin": [-4.16235, 9.7907, 8]},
			"faces": {
				"north": {"uv": [0, 0, 2.75, 0], "texture": "#1"},
				"east": {"uv": [0, 0, 5, 0], "texture": "#1"},
				"south": {"uv": [0, 0, 2.75, 0], "texture": "#1"},
				"west": {"uv": [0, 0, 5, 0], "texture": "#1"},
				"up": {"uv": [11, 10, 5.5, 0], "texture": "#1"},
				"down": {"uv": [11, 0, 5.5, 10], "texture": "#1"}
			}
		},
		{
			"from": [-15.16267, 20.20952, -2],
			"to": [-4.16267, 20.20952, 18],
			"rotation": {"angle": 22.5, "axis": "z", "origin": [-4.16267, 20.20952, 8]},
			"faces": {
				"north": {"uv": [0, 0, 2.75, 0], "texture": "#1"},
				"east": {"uv": [0, 0, 5, 0], "texture": "#1"},
				"south": {"uv": [0, 0, 2.75, 0], "texture": "#1"},
				"west": {"uv": [0, 0, 5, 0], "texture": "#1"},
				"up": {"uv": [11, 10, 5.5, 0], "texture": "#1"},
				"down": {"uv": [11, 0, 5.5, 10], "texture": "#1"}
			}
		},
		{
			"from": [-2.5, 9, 10],
			"to": [17.5, 9, 21],
			"rotation": {"angle": 0, "axis": "y", "origin": [7.5, 9, 10]},
			"faces": {
				"north": {"uv": [0, 0, 5, 0], "texture": "#1"},
				"east": {"uv": [0, 0, 2.75, 0], "texture": "#1"},
				"south": {"uv": [0, 0, 5, 0], "texture": "#1"},
				"west": {"uv": [0, 0, 2.75, 0], "texture": "#1"},
				"up": {"uv": [5.5, 10, 0, 0], "rotation": 270, "texture": "#1"},
				"down": {"uv": [5.5, 0, 0, 10], "rotation": 90, "texture": "#1"}
			}
		},
		{
			"from": [-2.5, 10, -4],
			"to": [17.5, 10, 7],
			"rotation": {"angle": -22.5, "axis": "x", "origin": [7.5, 10, 7]},
			"faces": {
				"north": {"uv": [0, 0, 5, 0], "texture": "#1"},
				"east": {"uv": [0, 0, 2.75, 0], "texture": "#1"},
				"south": {"uv": [0, 0, 5, 0], "texture": "#1"},
				"west": {"uv": [0, 0, 2.75, 0], "texture": "#1"},
				"up": {"uv": [5.5, 10, 0, 0], "rotation": 90, "texture": "#1"},
				"down": {"uv": [5.5, 0, 0, 10], "rotation": 270, "texture": "#1"}
			}
		},
		{
			"from": [-2.5, 16, -4],
			"to": [17.5, 16, 7],
			"rotation": {"angle": 0, "axis": "y", "origin": [7.5, 16, 7]},
			"faces": {
				"north": {"uv": [0, 0, 5, 0], "texture": "#1"},
				"east": {"uv": [0, 0, 2.75, 0], "texture": "#1"},
				"south": {"uv": [0, 0, 5, 0], "texture": "#1"},
				"west": {"uv": [0, 0, 2.75, 0], "texture": "#1"},
				"up": {"uv": [5.5, 10, 0, 0], "rotation": 90, "texture": "#1"},
				"down": {"uv": [5.5, 0, 0, 10], "rotation": 270, "texture": "#1"}
			}
		},
		{
			"from": [10, 10, -2],
			"to": [21, 10, 18],
			"rotation": {"angle": 22.5, "axis": "z", "origin": [10, 10, 8]},
			"faces": {
				"north": {"uv": [0, 0, 2.75, 0], "texture": "#1"},
				"east": {"uv": [0, 0, 5, 0], "texture": "#1"},
				"south": {"uv": [0, 0, 2.75, 0], "texture": "#1"},
				"west": {"uv": [0, 0, 5, 0], "texture": "#1"},
				"up": {"uv": [5.5, 10, 0, 0], "rotation": 180, "texture": "#1"},
				"down": {"uv": [5.5, 0, 0, 10], "rotation": 180, "texture": "#1"}
			}
		},
		{
			"from": [9, 16, -2],
			"to": [9, 27, 18],
			"rotation": {"angle": -22.5, "axis": "z", "origin": [9, 16, 8]},
			"faces": {
				"north": {"uv": [0, 0, 2.75, 0], "rotation": 90, "texture": "#1"},
				"east": {"uv": [5.5, 0, 0, 10], "rotation": 90, "texture": "#1"},
				"south": {"uv": [0, 0, 2.75, 0], "rotation": 270, "texture": "#1"},
				"west": {"uv": [5.5, 10, 0, 0], "rotation": 90, "texture": "#1"},
				"up": {"uv": [0, 0, 5, 0], "rotation": 270, "texture": "#1"},
				"down": {"uv": [0, 0, 5, 0], "rotation": 270, "texture": "#1"}
			}
		},
		{
			"from": [10, 16, -2],
			"to": [21, 16, 18],
			"rotation": {"angle": 45, "axis": "z", "origin": [10, 16, 8]},
			"faces": {
				"north": {"uv": [0, 0, 2.75, 0], "texture": "#1"},
				"east": {"uv": [0, 0, 5, 0], "texture": "#1"},
				"south": {"uv": [0, 0, 2.75, 0], "texture": "#1"},
				"west": {"uv": [0, 0, 5, 0], "texture": "#1"},
				"up": {"uv": [5.5, 10, 0, 0], "rotation": 180, "texture": "#1"},
				"down": {"uv": [5.5, 0, 0, 10], "rotation": 180, "texture": "#1"}
			}
		},
		{
			"from": [-2, 16, 10],
			"to": [18, 16, 21],
			"rotation": {"angle": -45, "axis": "x", "origin": [8, 16, 10]},
			"faces": {
				"north": {"uv": [0, 0, 5, 0], "texture": "#1"},
				"east": {"uv": [0, 0, 2.75, 0], "texture": "#1"},
				"south": {"uv": [0, 0, 5, 0], "texture": "#1"},
				"west": {"uv": [0, 0, 2.75, 0], "texture": "#1"},
				"up": {"uv": [5.5, 10, 0, 0], "rotation": 270, "texture": "#1"},
				"down": {"uv": [5.5, 0, 0, 10], "rotation": 90, "texture": "#1"}
			}
		},
		{
			"from": [-5, 14, -2],
			"to": [6, 14, 18],
			"rotation": {"angle": 22.5, "axis": "z", "origin": [6, 14, 8]},
			"faces": {
				"north": {"uv": [0, 0, 2.75, 0], "texture": "#1"},
				"east": {"uv": [0, 0, 5, 0], "texture": "#1"},
				"south": {"uv": [0, 0, 2.75, 0], "texture": "#1"},
				"west": {"uv": [0, 0, 5, 0], "texture": "#1"},
				"up": {"uv": [5.5, 10, 0, 0], "texture": "#1"},
				"down": {"uv": [5.5, 0, 0, 10], "texture": "#1"}
			}
		},
		{
			"from": [-5, 16, -2],
			"to": [6, 16, 18],
			"rotation": {"angle": -22.5, "axis": "z", "origin": [6, 16, 8]},
			"faces": {
				"north": {"uv": [0, 0, 2.75, 0], "texture": "#1"},
				"east": {"uv": [0, 0, 5, 0], "texture": "#1"},
				"south": {"uv": [0, 0, 2.75, 0], "texture": "#1"},
				"west": {"uv": [0, 0, 5, 0], "texture": "#1"},
				"up": {"uv": [5.5, 10, 0, 0], "texture": "#1"},
				"down": {"uv": [5.5, 0, 0, 10], "texture": "#1"}
			}
		}
	]
}