{
	"credit": " (C)ArtsByKev, https://youtube.com/c/artsbykev & https://twitter.com/artsbykev - Using Blockbench",
	"texture_size": [64, 64],
	"textures": {
		"1": "artsbykev_var/textures/bamboo_leaves"
	},
	"elements": [
		{
			"from": [1.56147, 16, -9.47869],
			"to": [19.56147, 16, -0.64104],
			"rotation": {"angle": -22.5, "axis": "y", "origin": [11.56147, 16, -0.64104]},
			"faces": {
				"north": {"uv": [5, 0, 0, 0], "texture": "#1"},
				"east": {"uv": [2.75, 0, 0, 0], "texture": "#1"},
				"south": {"uv": [5, 0, 0, 0], "texture": "#1"},
				"west": {"uv": [2.75, 0, 0, 0], "texture": "#1"},
				"up": {"uv": [11, 0, 5.5, 10], "rotation": 90, "texture": "#1"},
				"down": {"uv": [11, 10, 5.5, 0], "rotation": 270, "texture": "#1"}
			}
		},
		{
			"from": [-2.94729, 9, 17.81701],
			"to": [10.05271, 9, 25.81701],
			"rotation": {"angle": -22.5, "axis": "y", "origin": [4.05271, 9, 17.81701]},
			"faces": {
				"north": {"uv": [0, 0, 5, 0], "texture": "#1"},
				"east": {"uv": [0, 0, 2.75, 0], "texture": "#1"},
				"south": {"uv": [0, 0, 5, 0], "texture": "#1"},
				"west": {"uv": [0, 0, 2.75, 0], "texture": "#1"},
				"up": {"uv": [11, 10, 5.5, 0], "rotation": 270, "texture": "#1"},
				"down": {"uv": [11, 0, 5.5, 10], "rotation": 90, "texture": "#1"}
			}
		},
		{
			"from": [-8.89104, 19.06147, 2],
			"to": [-0.89104, 19.06147, 15],
			"rotation": {"angle": 22.5, "axis": "z", "origin": [-0.89104, 19.06147, 9]},
			"faces": {
				"north": {"uv": [0, 0, 2.75, 0], "texture": "#1"},
				"east": {"uv": [0, 0, 5, 0], "texture": "#1"},
				"south": {"uv": [0, 0, 2.75, 0], "texture": "#1"},
				"west": {"uv": [0, 0, 5, 0], "texture": "#1"},
				"up": {"uv": [11, 10, 5.5, 0], "texture": "#1"},
				"down": {"uv": [11, 0, 5.5, 10], "texture": "#1"}
			}
		},
		{
			"from": [16.10896, 19.06147, 2],
			"to": [24.10896, 19.06147, 15],
			"rotation": {"angle": -22.5, "axis": "z", "origin": [16.10896, 19.06147, 8]},
			"faces": {
				"north": {"uv": [0, 0, 2.75, 0], "texture": "#1"},
				"east": {"uv": [0, 0, 5, 0], "texture": "#1"},
				"south": {"uv": [0, 0, 2.75, 0], "texture": "#1"},
				"west": {"uv": [0, 0, 5, 0], "texture": "#1"},
				"up": {"uv": [11, 10, 5.5, 0], "rotation": 180, "texture": "#1"},
				"down": {"uv": [11, 0, 5.5, 10], "rotation": 180, "texture": "#1"}
			}
		},
		{
			"from": [-1.5, 16, -1.25],
			"to": [16.5, 16, 7.75],
			"rotation": {"angle": -22.5, "axis": "y", "origin": [8.5, 16, 6.75]},
			"faces": {
				"north": {"uv": [5, 0, 0, 0], "texture": "#1"},
				"east": {"uv": [2.75, 0, 0, 0], "texture": "#1"},
				"south": {"uv": [5, 0, 0, 0], "texture": "#1"},
				"west": {"uv": [2.75, 0, 0, 0], "texture": "#1"},
				"up": {"uv": [5.5, 0, 0, 10], "rotation": 90, "texture": "#1"},
				"down": {"uv": [5.5, 10, 0, 0], "rotation": 270, "texture": "#1"}
			}
		},
		{
			"from": [0, 9, 10],
			"to": [13.5, 9, 19],
			"rotation": {"angle": -22.5, "axis": "y", "origin": [8.5, 9, 11]},
			"faces": {
				"north": {"uv": [0, 0, 5, 0], "texture": "#1"},
				"east": {"uv": [0, 0, 2.75, 0], "texture": "#1"},
				"south": {"uv": [0, 0, 5, 0], "texture": "#1"},
				"west": {"uv": [0, 0, 2.75, 0], "texture": "#1"},
				"up": {"uv": [5.5, 10, 0, 0], "rotation": 270, "texture": "#1"},
				"down": {"uv": [5.5, 0, 0, 10], "rotation": 90, "texture": "#1"}
			}
		},
		{
			"from": [-1.5, 16, 1.5],
			"to": [7.5, 16, 15],
			"rotation": {"angle": -22.5, "axis": "z", "origin": [6.5, 16, 10]},
			"faces": {
				"north": {"uv": [0, 0, 2.75, 0], "texture": "#1"},
				"east": {"uv": [0, 0, 5, 0], "texture": "#1"},
				"south": {"uv": [0, 0, 2.75, 0], "texture": "#1"},
				"west": {"uv": [0, 0, 5, 0], "texture": "#1"},
				"up": {"uv": [5.5, 10, 0, 0], "texture": "#1"},
				"down": {"uv": [5.5, 0, 0, 10], "texture": "#1"}
			}
		},
		{
			"from": [7.71793, 16, 2],
			"to": [16.71793, 16, 15.5],
			"rotation": {"angle": 22.5, "axis": "z", "origin": [8.71793, 16, 7]},
			"faces": {
				"north": {"uv": [0, 0, 2.75, 0], "texture": "#1"},
				"east": {"uv": [0, 0, 5, 0], "texture": "#1"},
				"south": {"uv": [0, 0, 2.75, 0], "texture": "#1"},
				"west": {"uv": [0, 0, 5, 0], "texture": "#1"},
				"up": {"uv": [5.5, 10, 0, 0], "rotation": 180, "texture": "#1"},
				"down": {"uv": [5.5, 0, 0, 10], "rotation": 180, "texture": "#1"}
			}
		}
	]
}