{
	"credit": " (C)ArtsByKev, https://youtube.com/c/artsbykev & https://twitter.com/artsbykev - Using Blockbench",
	"ambientocclusion": false,
	"texture_size": [64, 64],
	"textures": {
		"0": "artsbykev_var/textures/bank_sign",
		"particle": "artsbykev_var/textures/bank_sign"
	},
	"elements": [
		{
			"from": [-2.5, 2, 12.75],
			"to": [18.5, 14, 12.75],
			"rotation": {"angle": 0, "axis": "y", "origin": [-1.85, 1.75, 11.75]},
			"faces": {
				"north": {"uv": [0, 0, 5.5, 3], "texture": "#0"},
				"east": {"uv": [0, 0, 0, 3], "texture": "#0"},
				"south": {"uv": [0, 3, 5.5, 6], "texture": "#0"},
				"west": {"uv": [0, 0, 0, 3], "texture": "#0"},
				"up": {"uv": [5.5, 0, 0, 0], "texture": "#0"},
				"down": {"uv": [5.5, 0, 0, 0], "texture": "#0"}
			}
		},
		{
			"from": [18.41421, 2.41421, 12],
			"to": [19.41421, 13.41421, 13],
			"rotation": {"angle": 0, "axis": "y", "origin": [18.41421, 2.41421, 12]},
			"faces": {
				"north": {"uv": [5.5, 1, 5.75, 3.75], "texture": "#0"},
				"east": {"uv": [5.5, 3.75, 5.75, 6.5], "texture": "#0"},
				"south": {"uv": [5.75, 1, 6, 3.75], "texture": "#0"},
				"west": {"uv": [5.75, 3.75, 6, 6.5], "texture": "#0"},
				"up": {"uv": [3.25, 6.25, 3, 6], "texture": "#0"},
				"down": {"uv": [6.25, 3, 6, 3.25], "texture": "#0"}
			}
		},
		{
			"from": [-3.41421, 2.41421, 12],
			"to": [-2.41421, 13.41421, 13],
			"rotation": {"angle": 0, "axis": "y", "origin": [-2.41421, 2.41421, 12]},
			"faces": {
				"north": {"uv": [5.75, 1, 5.5, 3.75], "texture": "#0"},
				"east": {"uv": [6, 3.75, 5.75, 6.5], "texture": "#0"},
				"south": {"uv": [6, 1, 5.75, 3.75], "texture": "#0"},
				"west": {"uv": [5.75, 3.75, 5.5, 6.5], "texture": "#0"},
				"up": {"uv": [3, 6.25, 3.25, 6], "texture": "#0"},
				"down": {"uv": [6, 3, 6.25, 3.25], "texture": "#0"}
			}
		},
		{
			"from": [-2, 1, 12],
			"to": [18, 2, 13],
			"rotation": {"angle": 0, "axis": "y", "origin": [18.41421, 2.41421, 12]},
			"faces": {
				"north": {"uv": [5.5, 0, 10.5, 0.25], "texture": "#0"},
				"east": {"uv": [3.25, 6, 3.5, 6.25], "texture": "#0"},
				"south": {"uv": [5.5, 0.25, 10.5, 0.5], "texture": "#0"},
				"west": {"uv": [6, 3.25, 6.25, 3.5], "texture": "#0"},
				"up": {"uv": [10.5, 0.75, 5.5, 0.5], "texture": "#0"},
				"down": {"uv": [10.5, 0.75, 5.5, 1], "texture": "#0"}
			}
		},
		{
			"from": [-2, 13.85, 12],
			"to": [18, 14.85, 13],
			"rotation": {"angle": 0, "axis": "y", "origin": [18.41421, 13.43579, 12]},
			"faces": {
				"north": {"uv": [5.5, 0.25, 10.5, 0], "texture": "#0"},
				"east": {"uv": [3.25, 6.25, 3.5, 6], "texture": "#0"},
				"south": {"uv": [5.5, 0.5, 10.5, 0.25], "texture": "#0"},
				"west": {"uv": [6, 3.5, 6.25, 3.25], "texture": "#0"},
				"up": {"uv": [10.5, 1, 5.5, 0.75], "texture": "#0"},
				"down": {"uv": [10.5, 0.5, 5.5, 0.75], "texture": "#0"}
			}
		},
		{
			"from": [15, 1, 13],
			"to": [16, 2, 16],
			"rotation": {"angle": 0, "axis": "y", "origin": [16.41421, 2.41421, 13]},
			"faces": {
				"north": {"uv": [6, 2.25, 6.25, 2.5], "texture": "#0"},
				"east": {"uv": [0, 6, 0.75, 6.25], "texture": "#0"},
				"south": {"uv": [6, 2.5, 6.25, 2.75], "texture": "#0"},
				"west": {"uv": [0.75, 6, 1.5, 6.25], "texture": "#0"},
				"up": {"uv": [6.25, 1.75, 6, 1], "texture": "#0"},
				"down": {"uv": [1.75, 6, 1.5, 6.75], "texture": "#0"}
			}
		},
		{
			"from": [15, 13.85, 13],
			"to": [16, 14.85, 16],
			"rotation": {"angle": 0, "axis": "y", "origin": [16.41421, 15.26421, 13]},
			"faces": {
				"north": {"uv": [6, 2.25, 6.25, 2.5], "texture": "#0"},
				"east": {"uv": [0, 6, 0.75, 6.25], "texture": "#0"},
				"south": {"uv": [6, 2.5, 6.25, 2.75], "texture": "#0"},
				"west": {"uv": [0.75, 6, 1.5, 6.25], "texture": "#0"},
				"up": {"uv": [6.25, 1.75, 6, 1], "texture": "#0"},
				"down": {"uv": [1.75, 6, 1.5, 6.75], "texture": "#0"}
			}
		},
		{
			"from": [0, 1, 13],
			"to": [1, 2, 16],
			"rotation": {"angle": 0, "axis": "y", "origin": [1.41421, 2.41421, 13]},
			"faces": {
				"north": {"uv": [6, 2.25, 6.25, 2.5], "texture": "#0"},
				"east": {"uv": [0, 6, 0.75, 6.25], "texture": "#0"},
				"south": {"uv": [6, 2.5, 6.25, 2.75], "texture": "#0"},
				"west": {"uv": [0.75, 6, 1.5, 6.25], "texture": "#0"},
				"up": {"uv": [6.25, 1.75, 6, 1], "texture": "#0"},
				"down": {"uv": [1.75, 6, 1.5, 6.75], "texture": "#0"}
			}
		},
		{
			"from": [0, 13.85, 13],
			"to": [1, 14.85, 16],
			"rotation": {"angle": 0, "axis": "y", "origin": [1.41421, 15.26421, 13]},
			"faces": {
				"north": {"uv": [6, 2.25, 6.25, 2.5], "texture": "#0"},
				"east": {"uv": [0, 6, 0.75, 6.25], "texture": "#0"},
				"south": {"uv": [6, 2.5, 6.25, 2.75], "texture": "#0"},
				"west": {"uv": [0.75, 6, 1.5, 6.25], "texture": "#0"},
				"up": {"uv": [6.25, 1.75, 6, 1], "texture": "#0"},
				"down": {"uv": [1.75, 6, 1.5, 6.75], "texture": "#0"}
			}
		},
		{
			"from": [17.99, 0.99, 11.99],
			"to": [20.01, 2.01, 13.01],
			"rotation": {"angle": 45, "axis": "z", "origin": [18, 1, 12]},
			"faces": {
				"north": {"uv": [1.75, 6, 2.25, 6.25], "texture": "#0"},
				"east": {"uv": [2.75, 6, 3, 6.25], "texture": "#0"},
				"south": {"uv": [6, 1.75, 6.5, 2], "texture": "#0"},
				"west": {"uv": [6, 2.75, 6.25, 3], "texture": "#0"},
				"up": {"uv": [6.5, 2.25, 6, 2], "texture": "#0"},
				"down": {"uv": [2.75, 6, 2.25, 6.25], "texture": "#0"}
			}
		},
		{
			"from": [-4.01, 0.99, 11.99],
			"to": [-1.99, 2.01, 13.01],
			"rotation": {"angle": -45, "axis": "z", "origin": [-2, 1, 12]},
			"faces": {
				"north": {"uv": [2.25, 6, 1.75, 6.25], "texture": "#0"},
				"east": {"uv": [6.25, 2.75, 6, 3], "texture": "#0"},
				"south": {"uv": [6.5, 1.75, 6, 2], "texture": "#0"},
				"west": {"uv": [3, 6, 2.75, 6.25], "texture": "#0"},
				"up": {"uv": [6, 2.25, 6.5, 2], "texture": "#0"},
				"down": {"uv": [2.25, 6, 2.75, 6.25], "texture": "#0"}
			}
		},
		{
			"from": [17.99, 13.84, 11.99],
			"to": [20.01, 14.86, 13.01],
			"rotation": {"angle": -45, "axis": "z", "origin": [18, 14.85, 12]},
			"faces": {
				"north": {"uv": [1.75, 6.25, 2.25, 6], "texture": "#0"},
				"east": {"uv": [2.75, 6.25, 3, 6], "texture": "#0"},
				"south": {"uv": [6, 2, 6.5, 1.75], "texture": "#0"},
				"west": {"uv": [6, 3, 6.25, 2.75], "texture": "#0"},
				"up": {"uv": [2.75, 6.25, 2.25, 6], "texture": "#0"},
				"down": {"uv": [6.5, 2, 6, 2.25], "texture": "#0"}
			}
		},
		{
			"from": [-4.01, 13.84, 11.99],
			"to": [-1.99, 14.86, 13.01],
			"rotation": {"angle": 45, "axis": "z", "origin": [-2, 14.85, 12]},
			"faces": {
				"north": {"uv": [2.25, 6.25, 1.75, 6], "texture": "#0"},
				"east": {"uv": [6.25, 3, 6, 2.75], "texture": "#0"},
				"south": {"uv": [6.5, 2, 6, 1.75], "texture": "#0"},
				"west": {"uv": [3, 6.25, 2.75, 6], "texture": "#0"},
				"up": {"uv": [2.25, 6.25, 2.75, 6], "texture": "#0"},
				"down": {"uv": [6, 2, 6.5, 2.25], "texture": "#0"}
			}
		}
	],
	"display": {}
}