{
	"credit": "Made with Blockbench",
	"textures": {
		"0": "artsbykev_var/textures/bracier_flame",
		"1": "artsbykev_var/textures/hotness",
		"2": "artsbykev_var/textures/bbq",
		"particle": "bracier_flame"
	},
	"elements": [
		{
			"name": "flames",
			"from": [3, 4, 2],
			"to": [11, 11, 2],
			"rotation": {"angle": 0, "axis": "y", "origin": [7, 4, 2]},
			"faces": {
				"north": {"uv": [0, 0, 5.5, 7], "texture": "#0"},
				"east": {"uv": [0, 0, 0, 7], "texture": "#0"},
				"south": {"uv": [0, 0, 5.5, 7], "texture": "#0"},
				"west": {"uv": [0, 0, 0, 7], "texture": "#0"},
				"up": {"uv": [0, 0, 8, 0], "texture": "#0"},
				"down": {"uv": [0, 0, 8, 0], "texture": "#0"}
			}
		},
		{
			"name": "flames",
			"from": [3, 4, 3],
			"to": [11, 11, 3],
			"rotation": {"angle": -45, "axis": "y", "origin": [7, 4, 3]},
			"faces": {
				"north": {"uv": [0, 0, 5.5, 7], "texture": "#0"},
				"east": {"uv": [0, 0, 0, 7], "texture": "#0"},
				"south": {"uv": [0, 0, 5.5, 7], "texture": "#0"},
				"west": {"uv": [0, 0, 0, 7], "texture": "#0"},
				"up": {"uv": [0, 0, 8, 0], "texture": "#0"},
				"down": {"uv": [0, 0, 8, 0], "texture": "#0"}
			}
		},
		{
			"name": "flames",
			"from": [9, 4, 8],
			"to": [17, 11, 8],
			"rotation": {"angle": -45, "axis": "y", "origin": [13, 4, 8]},
			"faces": {
				"north": {"uv": [0, 0, 5.5, 7], "texture": "#0"},
				"east": {"uv": [0, 0, 0, 7], "texture": "#0"},
				"south": {"uv": [0, 0, 5.5, 7], "texture": "#0"},
				"west": {"uv": [0, 0, 0, 7], "texture": "#0"},
				"up": {"uv": [0, 0, 8, 0], "texture": "#0"},
				"down": {"uv": [0, 0, 8, 0], "texture": "#0"}
			}
		},
		{
			"name": "flames",
			"from": [13, 4, 4],
			"to": [13, 11, 12],
			"rotation": {"angle": 0, "axis": "y", "origin": [13, 4, 8]},
			"faces": {
				"north": {"uv": [0, 0, 0, 7], "texture": "#0"},
				"east": {"uv": [0, 0, 5.5, 7], "texture": "#0"},
				"south": {"uv": [0, 0, 0, 7], "texture": "#0"},
				"west": {"uv": [0, 0, 5.5, 7], "texture": "#0"},
				"up": {"uv": [0, 0, 8, 0], "rotation": 90, "texture": "#0"},
				"down": {"uv": [0, 0, 8, 0], "rotation": 270, "texture": "#0"}
			}
		},
		{
			"name": "flames",
			"from": [11, 6, 7],
			"to": [11, 13, 15],
			"rotation": {"angle": 0, "axis": "y", "origin": [11, 6, 11]},
			"faces": {
				"north": {"uv": [0, 0, 0, 7], "texture": "#0"},
				"east": {"uv": [0, 0, 5.5, 7], "texture": "#0"},
				"south": {"uv": [0, 0, 0, 7], "texture": "#0"},
				"west": {"uv": [0, 0, 5.5, 7], "texture": "#0"},
				"up": {"uv": [0, 0, 8, 0], "rotation": 90, "texture": "#0"},
				"down": {"uv": [0, 0, 8, 0], "rotation": 270, "texture": "#0"}
			}
		},
		{
			"name": "flames",
			"from": [5, 6, 11],
			"to": [13, 13, 11],
			"rotation": {"angle": 0, "axis": "y", "origin": [9, 6, 11]},
			"faces": {
				"north": {"uv": [0, 0, 5.5, 7], "texture": "#0"},
				"east": {"uv": [0, 0, 0, 7], "texture": "#0"},
				"south": {"uv": [0, 0, 5.5, 7], "texture": "#0"},
				"west": {"uv": [0, 0, 0, 7], "texture": "#0"},
				"up": {"uv": [0, 0, 8, 0], "rotation": 180, "texture": "#0"},
				"down": {"uv": [0, 0, 8, 0], "rotation": 180, "texture": "#0"}
			}
		},
		{
			"name": "flames",
			"from": [3, 3, 9],
			"to": [14, 13, 9],
			"rotation": {"angle": 0, "axis": "y", "origin": [7, 3, 9]},
			"faces": {
				"north": {"uv": [0, 0, 5.5, 7], "texture": "#0"},
				"east": {"uv": [0, 0, 0, 7], "texture": "#0"},
				"south": {"uv": [0, 0, 5.5, 7], "texture": "#0"},
				"west": {"uv": [0, 0, 0, 7], "texture": "#0"},
				"up": {"uv": [0, 0, 8, 0], "rotation": 180, "texture": "#0"},
				"down": {"uv": [0, 0, 8, 0], "rotation": 180, "texture": "#0"}
			}
		},
		{
			"name": "flames",
			"from": [4, 4, 6],
			"to": [4, 13, 16],
			"rotation": {"angle": 22.5, "axis": "y", "origin": [4, 4, 8]},
			"faces": {
				"north": {"uv": [0, 0, 0, 7], "texture": "#0"},
				"east": {"uv": [0, 0, 5.5, 7], "texture": "#0"},
				"south": {"uv": [0, 0, 0, 7], "texture": "#0"},
				"west": {"uv": [0, 0, 5.5, 7], "texture": "#0"},
				"up": {"uv": [0, 0, 8, 0], "rotation": 90, "texture": "#0"},
				"down": {"uv": [0, 0, 8, 0], "rotation": 270, "texture": "#0"}
			}
		},
		{
			"name": "flames",
			"from": [6, 4, 3],
			"to": [6, 15, 16],
			"rotation": {"angle": -22.5, "axis": "y", "origin": [6, 4, 8]},
			"faces": {
				"north": {"uv": [0, 0, 0, 7], "texture": "#0"},
				"east": {"uv": [0, 0, 5.5, 7], "texture": "#0"},
				"south": {"uv": [0, 0, 0, 7], "texture": "#0"},
				"west": {"uv": [0, 0, 5.5, 7], "texture": "#0"},
				"up": {"uv": [0, 0, 8, 0], "rotation": 90, "texture": "#0"},
				"down": {"uv": [0, 0, 8, 0], "rotation": 270, "texture": "#0"}
			}
		},
		{
			"name": "flames",
			"from": [3, 4, 0],
			"to": [3, 15, 12],
			"rotation": {"angle": -22.5, "axis": "y", "origin": [3, 4, 4]},
			"faces": {
				"north": {"uv": [0, 0, 0, 7], "texture": "#0"},
				"east": {"uv": [0, 0, 5.5, 7], "texture": "#0"},
				"south": {"uv": [0, 0, 0, 7], "texture": "#0"},
				"west": {"uv": [0, 0, 5.5, 7], "texture": "#0"},
				"up": {"uv": [0, 0, 8, 0], "rotation": 90, "texture": "#0"},
				"down": {"uv": [0, 0, 8, 0], "rotation": 270, "texture": "#0"}
			}
		},
		{
			"name": "flames",
			"from": [4, 8, 4],
			"to": [12, 13, 4],
			"rotation": {"angle": 22.5, "axis": "y", "origin": [8, 8, 4]},
			"faces": {
				"north": {"uv": [0, 0, 5.5, 7], "texture": "#0"},
				"east": {"uv": [0, 0, 0, 7], "texture": "#0"},
				"south": {"uv": [0, 0, 5.5, 7], "texture": "#0"},
				"west": {"uv": [0, 0, 0, 7], "texture": "#0"},
				"up": {"uv": [0, 0, 8, 0], "texture": "#0"},
				"down": {"uv": [0, 0, 8, 0], "texture": "#0"}
			}
		},
		{
			"name": "flames",
			"from": [4, 8, 10],
			"to": [10, 15, 10],
			"rotation": {"angle": 0, "axis": "y", "origin": [8, 8, 10]},
			"faces": {
				"north": {"uv": [0, 0, 5.5, 7], "texture": "#0"},
				"east": {"uv": [0, 0, 0, 7], "texture": "#0"},
				"south": {"uv": [0, 0, 5.5, 7], "texture": "#0"},
				"west": {"uv": [0, 0, 0, 7], "texture": "#0"},
				"up": {"uv": [0, 0, 8, 0], "rotation": 180, "texture": "#0"},
				"down": {"uv": [0, 0, 8, 0], "rotation": 180, "texture": "#0"}
			}
		},
		{
			"name": "logs",
			"from": [10, 4, 1],
			"to": [13, 6, 15],
			"faces": {
				"north": {"uv": [12, 8, 16, 12], "texture": "#0"},
				"east": {"uv": [12, 12, 16, 16], "texture": "#0"},
				"south": {"uv": [12, 8, 16, 12], "texture": "#0"},
				"west": {"uv": [12, 12, 16, 16], "texture": "#0"},
				"up": {"uv": [12, 12, 16, 16], "texture": "#0"},
				"down": {"uv": [12, 12, 16, 16], "texture": "#0"}
			}
		},
		{
			"name": "logs",
			"from": [5, 4, 3],
			"to": [7, 6, 17],
			"rotation": {"angle": 22.5, "axis": "y", "origin": [2, 8, 11]},
			"faces": {
				"north": {"uv": [12, 8, 16, 12], "texture": "#0"},
				"east": {"uv": [12, 12, 16, 16], "texture": "#0"},
				"south": {"uv": [12, 8, 16, 12], "texture": "#0"},
				"west": {"uv": [12, 12, 16, 16], "texture": "#0"},
				"up": {"uv": [12, 12, 16, 16], "texture": "#0"},
				"down": {"uv": [12, 12, 16, 16], "texture": "#0"}
			}
		},
		{
			"name": "logs",
			"from": [4, 6, 5],
			"to": [15, 8, 8],
			"rotation": {"angle": 22.5, "axis": "y", "origin": [3, 8, 10]},
			"faces": {
				"north": {"uv": [0, 12, 12, 16], "texture": "#0"},
				"east": {"uv": [12, 8, 16, 12], "texture": "#0"},
				"south": {"uv": [0, 12, 12, 16], "texture": "#0"},
				"west": {"uv": [12, 8, 16, 12], "texture": "#0"},
				"up": {"uv": [0, 12, 12, 16], "texture": "#0"},
				"down": {"uv": [0, 12, 12, 16], "texture": "#0"}
			}
		},
		{
			"name": "logs",
			"from": [3, 6, 9],
			"to": [14, 8, 11],
			"rotation": {"angle": 0, "axis": "y", "origin": [2, 8, 14]},
			"faces": {
				"north": {"uv": [0, 12, 12, 16], "texture": "#0"},
				"east": {"uv": [12, 8, 16, 12], "texture": "#0"},
				"south": {"uv": [0, 12, 12, 16], "texture": "#0"},
				"west": {"uv": [12, 8, 16, 12], "texture": "#0"},
				"up": {"uv": [0, 12, 12, 16], "texture": "#0"},
				"down": {"uv": [0, 12, 12, 16], "texture": "#0"}
			}
		},
		{
			"name": "frame",
			"from": [0, 0, 0],
			"to": [16, 4, 16],
			"faces": {
				"north": {"uv": [0, 0, 8, 2], "texture": "#2"},
				"east": {"uv": [0, 0, 8, 2], "texture": "#2"},
				"south": {"uv": [0, 0, 8, 2], "texture": "#2"},
				"west": {"uv": [0, 0, 8, 2], "texture": "#2"},
				"up": {"uv": [0, 0, 16, 16], "texture": "#1"},
				"down": {"uv": [0, 8, 8, 16], "texture": "#2"}
			}
		},
		{
			"name": "frame",
			"from": [0, 4, 14],
			"to": [2, 16, 16],
			"rotation": {"angle": 0, "axis": "y", "origin": [8, 10, 8]},
			"faces": {
				"north": {"uv": [16, 0, 15, 6], "texture": "#2"},
				"east": {"uv": [16, 0, 15, 6], "texture": "#2"},
				"south": {"uv": [16, 0, 15, 6], "texture": "#2"},
				"west": {"uv": [16, 0, 15, 6], "texture": "#2"},
				"up": {"uv": [14.5, 1, 13.5, 2], "texture": "#2"},
				"down": {"uv": [15, 0, 14, 1], "texture": "#2"}
			}
		},
		{
			"name": "frame",
			"from": [14, 4, 14],
			"to": [16, 16, 16],
			"rotation": {"angle": 0, "axis": "y", "origin": [8, 10, 8]},
			"faces": {
				"north": {"uv": [16, 0, 15, 6], "texture": "#2"},
				"east": {"uv": [16, 0, 15, 6], "texture": "#2"},
				"south": {"uv": [16, 0, 15, 6], "texture": "#2"},
				"west": {"uv": [16, 0, 15, 6], "texture": "#2"},
				"up": {"uv": [14.5, 1, 13.5, 2], "texture": "#2"},
				"down": {"uv": [15, 0, 14, 1], "texture": "#2"}
			}
		},
		{
			"name": "frame",
			"from": [14, 4, 0],
			"to": [16, 16, 2],
			"rotation": {"angle": 0, "axis": "y", "origin": [8, 10, 8]},
			"faces": {
				"north": {"uv": [16, 0, 15, 6], "texture": "#2"},
				"east": {"uv": [16, 0, 15, 6], "texture": "#2"},
				"south": {"uv": [16, 0, 15, 6], "texture": "#2"},
				"west": {"uv": [16, 0, 15, 6], "texture": "#2"},
				"up": {"uv": [14.5, 1, 13.5, 2], "texture": "#2"},
				"down": {"uv": [15, 0, 14, 1], "texture": "#2"}
			}
		},
		{
			"name": "frame",
			"from": [0, 4, 0],
			"to": [2, 16, 2],
			"rotation": {"angle": 0, "axis": "y", "origin": [8, 10, 8]},
			"faces": {
				"north": {"uv": [16, 0, 15, 6], "texture": "#2"},
				"east": {"uv": [16, 0, 15, 6], "texture": "#2"},
				"south": {"uv": [16, 0, 15, 6], "texture": "#2"},
				"west": {"uv": [16, 0, 15, 6], "texture": "#2"},
				"up": {"uv": [14.5, 1, 13.5, 2], "texture": "#2"},
				"down": {"uv": [15, 0, 14, 1], "texture": "#2"}
			}
		},
		{
			"name": "frame",
			"from": [0, 14, 0],
			"to": [16, 15, 16],
			"faces": {
				"north": {"uv": [8, 7.5, 16, 8], "texture": "#2"},
				"east": {"uv": [8, 7.5, 16, 8], "texture": "#2"},
				"south": {"uv": [8, 7.5, 16, 8], "texture": "#2"},
				"west": {"uv": [8, 7.5, 16, 8], "texture": "#2"},
				"up": {"uv": [8, 8, 16, 16], "texture": "#2"},
				"down": {"uv": [8, 8, 16, 16], "texture": "#2"}
			}
		}
	]
}