{
	"credit": "Made with Blockbench",
	"texture_size": [32, 32],
	"textures": {
		"0": "artsbykev_var/textures/bracier_flame",
		"1": "artsbykev_var/textures/bracier",
		"particle": "artsbykev_var/textures/bracier_flame"
	},
	"elements": [
		{
			"from": [7, 2, 6],
			"to": [9, 9, 10],
			"rotation": {"angle": 0, "axis": "y", "origin": [8, 1, 8]},
			"faces": {
				"north": {"uv": [2, 5, 3, 8.5], "texture": "#1"},
				"east": {"uv": [0, 5, 2, 8.5], "texture": "#1"},
				"south": {"uv": [5, 5, 6, 8.5], "texture": "#1"},
				"west": {"uv": [3, 5, 5, 8.5], "texture": "#1"},
				"up": {"uv": [3, 5, 2, 3], "texture": "#1"},
				"down": {"uv": [4, 3, 3, 5], "texture": "#1"}
			}
		},
		{
			"from": [6, 2, 7],
			"to": [10, 9, 9],
			"rotation": {"angle": 0, "axis": "y", "origin": [8, 1, 8]},
			"faces": {
				"north": {"uv": [1, 9.5, 3, 13], "texture": "#1"},
				"east": {"uv": [0, 9.5, 1, 13], "texture": "#1"},
				"south": {"uv": [4, 9.5, 6, 13], "texture": "#1"},
				"west": {"uv": [3, 9.5, 4, 13], "texture": "#1"},
				"up": {"uv": [3, 9.5, 1, 8.5], "texture": "#1"},
				"down": {"uv": [5, 8.5, 3, 9.5], "texture": "#1"}
			}
		},
		{
			"from": [6, 9, 6],
			"to": [10, 10, 10],
			"rotation": {"angle": 0, "axis": "y", "origin": [8, 9, 8]},
			"faces": {
				"north": {"uv": [8, 10.5, 10, 11], "texture": "#1"},
				"east": {"uv": [6, 10.5, 8, 11], "texture": "#1"},
				"south": {"uv": [12, 10.5, 14, 11], "texture": "#1"},
				"west": {"uv": [10, 10.5, 12, 11], "texture": "#1"},
				"up": {"uv": [10, 10.5, 8, 8.5], "texture": "#1"},
				"down": {"uv": [12, 8.5, 10, 10.5], "texture": "#1"}
			}
		},
		{
			"from": [6, 1, 6],
			"to": [10, 2, 10],
			"rotation": {"angle": 0, "axis": "y", "origin": [8, 1, 8]},
			"faces": {
				"north": {"uv": [8, 8, 10, 8.5], "texture": "#1"},
				"east": {"uv": [6, 8, 8, 8.5], "texture": "#1"},
				"south": {"uv": [12, 8, 14, 8.5], "texture": "#1"},
				"west": {"uv": [10, 8, 12, 8.5], "texture": "#1"},
				"up": {"uv": [10, 8, 8, 6], "texture": "#1"},
				"down": {"uv": [12, 8.5, 10, 10.5], "texture": "#1"}
			}
		},
		{
			"from": [5.5, 0, 5.5],
			"to": [10.5, 1, 10.5],
			"rotation": {"angle": 0, "axis": "y", "origin": [7.5, 0, 8.5]},
			"faces": {
				"north": {"uv": [2.5, 2.5, 5, 3], "texture": "#1"},
				"east": {"uv": [0, 2.5, 2.5, 3], "texture": "#1"},
				"south": {"uv": [7.5, 2.5, 10, 3], "texture": "#1"},
				"west": {"uv": [5, 2.5, 7.5, 3], "texture": "#1"},
				"up": {"uv": [5, 2.5, 2.5, 0], "texture": "#1"},
				"down": {"uv": [7.5, 0, 5, 2.5], "texture": "#1"}
			}
		},
		{
			"from": [6, 10, 5],
			"to": [10, 11, 6],
			"rotation": {"angle": 0, "axis": "y", "origin": [8, 10, 8]},
			"faces": {
				"north": {"uv": [8, 1.5, 10, 2], "texture": "#1"},
				"east": {"uv": [7.5, 1.5, 8, 2], "texture": "#1"},
				"south": {"uv": [10.5, 1.5, 12.5, 2], "texture": "#1"},
				"west": {"uv": [10, 1.5, 10.5, 2], "texture": "#1"},
				"up": {"uv": [10, 1.5, 8, 1], "texture": "#1"},
				"down": {"uv": [12, 1, 10, 1.5], "texture": "#1"}
			}
		},
		{
			"from": [6, 10, 10],
			"to": [10, 11, 11],
			"rotation": {"angle": 0, "axis": "y", "origin": [8, 12, 10.5]},
			"faces": {
				"north": {"uv": [10.5, 1.5, 12.5, 2], "texture": "#1"},
				"east": {"uv": [10, 1.5, 10.5, 2], "texture": "#1"},
				"south": {"uv": [8, 1.5, 10, 2], "texture": "#1"},
				"west": {"uv": [7.5, 1.5, 8, 2], "texture": "#1"},
				"up": {"uv": [10, 1.5, 8, 1], "rotation": 180, "texture": "#1"},
				"down": {"uv": [12, 1, 10, 1.5], "rotation": 180, "texture": "#1"}
			}
		},
		{
			"from": [6, 13, 5],
			"to": [10, 14, 6],
			"rotation": {"angle": 0, "axis": "y", "origin": [8, 13, 8]},
			"faces": {
				"north": {"uv": [8, 0.5, 10, 1], "texture": "#1"},
				"east": {"uv": [7.5, 0.5, 8, 1], "texture": "#1"},
				"south": {"uv": [10.5, 0.5, 12.5, 1], "texture": "#1"},
				"west": {"uv": [10, 0.5, 10.5, 1], "texture": "#1"},
				"up": {"uv": [10, 0.5, 8, 0], "texture": "#1"},
				"down": {"uv": [12, 0, 10, 0.5], "texture": "#1"}
			}
		},
		{
			"from": [6, 13, 10],
			"to": [10, 14, 11],
			"rotation": {"angle": 0, "axis": "y", "origin": [8, 12, 10.5]},
			"faces": {
				"north": {"uv": [10.5, 0.5, 12.5, 1], "texture": "#1"},
				"east": {"uv": [10, 0.5, 10.5, 1], "texture": "#1"},
				"south": {"uv": [8, 0.5, 10, 1], "texture": "#1"},
				"west": {"uv": [7.5, 0.5, 8, 1], "texture": "#1"},
				"up": {"uv": [10, 0.5, 8, 0], "rotation": 180, "texture": "#1"},
				"down": {"uv": [12, 0, 10, 0.5], "rotation": 180, "texture": "#1"}
			}
		},
		{
			"from": [5, 10, 6],
			"to": [6, 11, 10],
			"rotation": {"angle": 0, "axis": "y", "origin": [8, 10, 8]},
			"faces": {
				"north": {"uv": [8, 5.5, 8.5, 6], "texture": "#1"},
				"east": {"uv": [6, 5.5, 8, 6], "texture": "#1"},
				"south": {"uv": [10.5, 5.5, 11, 6], "texture": "#1"},
				"west": {"uv": [8.5, 5.5, 10.5, 6], "texture": "#1"},
				"up": {"uv": [9.5, 5, 9, 3], "texture": "#1"},
				"down": {"uv": [10, 3, 9.5, 5], "texture": "#1"}
			}
		},
		{
			"from": [10, 10, 6],
			"to": [11, 11, 10],
			"rotation": {"angle": 0, "axis": "y", "origin": [8, 10, 8]},
			"faces": {
				"north": {"uv": [8.5, 5.5, 8, 6], "texture": "#1"},
				"east": {"uv": [10.5, 5.5, 8.5, 6], "texture": "#1"},
				"south": {"uv": [11, 5.5, 10.5, 6], "texture": "#1"},
				"west": {"uv": [8, 5.5, 6, 6], "texture": "#1"},
				"up": {"uv": [9, 5, 9.5, 3], "texture": "#1"},
				"down": {"uv": [9.5, 3, 10, 5], "texture": "#1"}
			}
		},
		{
			"from": [5, 13, 6],
			"to": [6, 14, 10],
			"rotation": {"angle": 0, "axis": "y", "origin": [8, 13, 8]},
			"faces": {
				"north": {"uv": [8, 5, 8.5, 5.5], "texture": "#1"},
				"east": {"uv": [6, 5, 8, 5.5], "texture": "#1"},
				"south": {"uv": [10.5, 5, 11, 5.5], "texture": "#1"},
				"west": {"uv": [8.5, 5, 10.5, 5.5], "texture": "#1"},
				"up": {"uv": [8.5, 5, 8, 3], "texture": "#1"},
				"down": {"uv": [9, 3, 8.5, 5], "texture": "#1"}
			}
		},
		{
			"from": [10, 13, 6],
			"to": [11, 14, 10],
			"rotation": {"angle": 0, "axis": "y", "origin": [8, 13, 8]},
			"faces": {
				"north": {"uv": [8.5, 5, 8, 5.5], "texture": "#1"},
				"east": {"uv": [10.5, 5, 8.5, 5.5], "texture": "#1"},
				"south": {"uv": [11, 5, 10.5, 5.5], "texture": "#1"},
				"west": {"uv": [8, 5, 6, 5.5], "texture": "#1"},
				"up": {"uv": [8, 5, 8.5, 3], "texture": "#1"},
				"down": {"uv": [8.5, 3, 9, 5], "texture": "#1"}
			}
		},
		{
			"from": [6, 11, 6],
			"to": [6, 13, 10],
			"rotation": {"angle": 0, "axis": "y", "origin": [6, 12, 8]},
			"faces": {
				"north": {"uv": [6, 3, 6, 4], "texture": "#1"},
				"east": {"uv": [4, 3, 6, 4], "texture": "#1"},
				"south": {"uv": [8, 3, 8, 4], "texture": "#1"},
				"west": {"uv": [6, 3, 8, 4], "texture": "#1"},
				"up": {"uv": [6, 3, 6, 1], "texture": "#1"},
				"down": {"uv": [6, 1, 6, 3], "texture": "#1"}
			}
		},
		{
			"from": [10, 11, 6],
			"to": [10, 13, 10],
			"rotation": {"angle": 0, "axis": "y", "origin": [10, 12, 8]},
			"faces": {
				"north": {"uv": [6, 3, 6, 4], "texture": "#1"},
				"east": {"uv": [8, 3, 6, 4], "texture": "#1"},
				"south": {"uv": [8, 3, 8, 4], "texture": "#1"},
				"west": {"uv": [6, 3, 4, 4], "texture": "#1"},
				"up": {"uv": [6, 3, 6, 1], "texture": "#1"},
				"down": {"uv": [6, 1, 6, 3], "texture": "#1"}
			}
		},
		{
			"from": [6, 11, 6],
			"to": [10, 13, 6],
			"rotation": {"angle": 0, "axis": "y", "origin": [8, 12, 6]},
			"faces": {
				"north": {"uv": [4, 4, 6, 5], "texture": "#1"},
				"east": {"uv": [4, 4, 4, 5], "texture": "#1"},
				"south": {"uv": [6, 4, 8, 5], "texture": "#1"},
				"west": {"uv": [6, 4, 6, 5], "texture": "#1"},
				"up": {"uv": [6, 4, 4, 4], "texture": "#1"},
				"down": {"uv": [8, 4, 6, 4], "texture": "#1"}
			}
		},
		{
			"from": [6, 11, 10],
			"to": [10, 13, 10],
			"rotation": {"angle": 0, "axis": "y", "origin": [8, 12, 10]},
			"faces": {
				"north": {"uv": [6, 4, 8, 5], "texture": "#1"},
				"east": {"uv": [6, 4, 6, 5], "texture": "#1"},
				"south": {"uv": [4, 4, 6, 5], "texture": "#1"},
				"west": {"uv": [4, 4, 4, 5], "texture": "#1"},
				"up": {"uv": [6, 4, 4, 4], "rotation": 180, "texture": "#1"},
				"down": {"uv": [8, 4, 6, 4], "rotation": 180, "texture": "#1"}
			}
		},
		{
			"name": "ash",
			"from": [6, 10.25, 6],
			"to": [10, 10.25, 10],
			"rotation": {"angle": 0, "axis": "y", "origin": [8, 9.25, 8]},
			"faces": {
				"north": {"uv": [14, 0, 16, 0], "texture": "#0"},
				"east": {"uv": [12.5, 0, 16, 0], "texture": "#0"},
				"south": {"uv": [14, 0, 16, 0], "texture": "#0"},
				"west": {"uv": [14, 0, 16, 0], "texture": "#0"},
				"up": {"uv": [12, 12, 16, 16], "texture": "#0"},
				"down": {"uv": [12, 0, 16, 4], "texture": "#0"}
			}
		},
		{
			"name": "flame",
			"from": [5.5, 9, 8],
			"to": [10.5, 16, 8],
			"rotation": {"angle": -45, "axis": "y", "origin": [8, 16, 8]},
			"faces": {
				"north": {"uv": [0, 0, 5, 7], "texture": "#0"},
				"east": {"uv": [16, 0, 16, 3.5], "texture": "#0"},
				"south": {"uv": [0, 0, 5, 7], "texture": "#0"},
				"west": {"uv": [16, 0, 16, 3.5], "texture": "#0"},
				"up": {"uv": [16, 0, 13.5, 0], "texture": "#0"},
				"down": {"uv": [16, 0, 13.5, 0], "texture": "#0"}
			}
		},
		{
			"name": "flame",
			"from": [5.5, 9, 8],
			"to": [10.5, 16, 8],
			"rotation": {"angle": 45, "axis": "y", "origin": [8, 16, 8]},
			"faces": {
				"north": {"uv": [0, 0, 5, 7], "texture": "#0"},
				"east": {"uv": [16, 0, 16, 3.5], "texture": "#0"},
				"south": {"uv": [0, 0, 5, 7], "texture": "#0"},
				"west": {"uv": [16, 0, 16, 3.5], "texture": "#0"},
				"up": {"uv": [16, 0, 13.5, 0], "texture": "#0"},
				"down": {"uv": [16, 0, 13.5, 0], "texture": "#0"}
			}
		}
	],
	"display": {
		"thirdperson_righthand": {
			"rotation": [21.75, 0, 0],
			"translation": [0, 1, 0.75],
			"scale": [0.8, 0.8, 0.8]
		},
		"thirdperson_lefthand": {
			"rotation": [21.75, 0, 0],
			"translation": [0, 1, 0.75],
			"scale": [0.8, 0.8, 0.8]
		},
		"firstperson_righthand": {
			"rotation": [6.75, 0, 10.75],
			"translation": [0, 3.25, -0.25]
		},
		"firstperson_lefthand": {
			"rotation": [6.75, 0, 10.75],
			"translation": [0, 3.25, -0.25]
		},
		"ground": {
			"translation": [0, 6.5, 0]
		},
		"gui": {
			"rotation": [0, 32.25, 23.25],
			"translation": [-0.25, 1, 0]
		},
		"head": {
			"translation": [0, 5.25, 0]
		},
		"fixed": {
			"rotation": [-44.75, 0, 0],
			"translation": [0, 2.5, -6.5],
			"scale": [1.8, 1.8, 1.8]
		}
	}
}