{
	"credit": " (C)ArtsByKev, https://youtube.com/c/artsbykev & https://twitter.com/artsbykev - Using Blockbench",
	"ambientocclusion": false,
	"texture_size": [64, 64],
	"textures": {
		"0": "artsbykev_var/textures/bush",
		"particle": "artsbykev_var/textures/bush"
	},
	"elements": [
		{
			"name": "bush",
			"from": [-4.38406, 7, 3.69878],
			"to": [11.61594, 23, 3.69878],
			"rotation": {"angle": 45, "axis": "y", "origin": [8, 17, 7.8]},
			"faces": {
				"north": {"uv": [5.5, 5.5, 9.5, 9.5], "texture": "#0"},
				"east": {"uv": [5.5, 5.5, 5.5, 9.5], "texture": "#0"},
				"south": {"uv": [9.5, 5.5, 13.5, 9.5], "texture": "#0"},
				"west": {"uv": [9.5, 5.5, 9.5, 9.5], "texture": "#0"},
				"up": {"uv": [9.5, 5.5, 5.5, 5.5], "texture": "#0"},
				"down": {"uv": [13.5, 5.5, 9.5, 5.5], "texture": "#0"}
			}
		},
		{
			"name": "bush",
			"from": [4.80833, 8, 11.47696],
			"to": [20.80833, 24, 11.47696],
			"rotation": {"angle": 45, "axis": "y", "origin": [8, 17, 7.8]},
			"faces": {
				"north": {"uv": [5.5, 5.5, 9.5, 9.5], "texture": "#0"},
				"east": {"uv": [5.5, 5.5, 5.5, 9.5], "texture": "#0"},
				"south": {"uv": [9.5, 5.5, 13.5, 9.5], "texture": "#0"},
				"west": {"uv": [9.5, 5.5, 9.5, 9.5], "texture": "#0"},
				"up": {"uv": [9.5, 5.5, 5.5, 5.5], "texture": "#0"},
				"down": {"uv": [13.5, 5.5, 9.5, 5.5], "texture": "#0"}
			}
		},
		{
			"name": "bush",
			"from": [-0.14142, 12, 7.94142],
			"to": [15.85858, 28, 7.94142],
			"rotation": {"angle": 45, "axis": "y", "origin": [8, 17, 7.8]},
			"faces": {
				"north": {"uv": [5.5, 5.5, 9.5, 9.5], "texture": "#0"},
				"east": {"uv": [5.5, 5.5, 5.5, 9.5], "texture": "#0"},
				"south": {"uv": [9.5, 5.5, 13.5, 9.5], "texture": "#0"},
				"west": {"uv": [9.5, 5.5, 9.5, 9.5], "texture": "#0"},
				"up": {"uv": [9.5, 5.5, 5.5, 5.5], "texture": "#0"},
				"down": {"uv": [13.5, 5.5, 9.5, 5.5], "texture": "#0"}
			}
		},
		{
			"name": "bush",
			"from": [6.51543, 10, 3.03457],
			"to": [22.51543, 26, 3.03457],
			"rotation": {"angle": 45, "axis": "y", "origin": [9, 17, 8.55]},
			"faces": {
				"north": {"uv": [5.5, 5.5, 9.5, 9.5], "texture": "#0"},
				"east": {"uv": [5.5, 5.5, 5.5, 9.5], "texture": "#0"},
				"south": {"uv": [9.5, 5.5, 13.5, 9.5], "texture": "#0"},
				"west": {"uv": [9.5, 5.5, 9.5, 9.5], "texture": "#0"},
				"up": {"uv": [9.5, 5.5, 5.5, 5.5], "texture": "#0"},
				"down": {"uv": [13.5, 5.5, 9.5, 5.5], "texture": "#0"}
			}
		},
		{
			"name": "bush",
			"from": [-7.79828, 8, 11.84828],
			"to": [8.20172, 24, 11.84828],
			"rotation": {"angle": 45, "axis": "y", "origin": [6, 17, 6.05]},
			"faces": {
				"north": {"uv": [5.5, 5.5, 9.5, 9.5], "texture": "#0"},
				"east": {"uv": [5.5, 5.5, 5.5, 9.5], "texture": "#0"},
				"south": {"uv": [9.5, 5.5, 13.5, 9.5], "texture": "#0"},
				"west": {"uv": [9.5, 5.5, 9.5, 9.5], "texture": "#0"},
				"up": {"uv": [9.5, 5.5, 5.5, 5.5], "texture": "#0"},
				"down": {"uv": [13.5, 5.5, 9.5, 5.5], "texture": "#0"}
			}
		},
		{
			"name": "bush",
			"from": [-0.20172, 18, 5.84828],
			"to": [15.79828, 18, 21.84828],
			"rotation": {"angle": 45, "axis": "x", "origin": [7.79828, 18, 13.84828]},
			"faces": {
				"north": {"uv": [9.5, 5.5, 5.5, 5.5], "rotation": 180, "texture": "#0"},
				"east": {"uv": [5.5, 5.5, 5.5, 9.5], "rotation": 90, "texture": "#0"},
				"south": {"uv": [13.5, 5.5, 9.5, 5.5], "texture": "#0"},
				"west": {"uv": [9.5, 5.5, 9.5, 9.5], "rotation": 270, "texture": "#0"},
				"up": {"uv": [9.5, 5.5, 13.5, 9.5], "texture": "#0"},
				"down": {"uv": [5.5, 5.5, 9.5, 9.5], "rotation": 180, "texture": "#0"}
			}
		},
		{
			"name": "bush",
			"from": [-6.20172, 18, -0.15172],
			"to": [9.79828, 18, 15.84828],
			"rotation": {"angle": 45, "axis": "z", "origin": [1.79828, 18, 7.84828]},
			"faces": {
				"north": {"uv": [9.5, 5.5, 9.5, 9.5], "rotation": 270, "texture": "#0"},
				"east": {"uv": [9.5, 5.5, 5.5, 5.5], "rotation": 180, "texture": "#0"},
				"south": {"uv": [5.5, 5.5, 5.5, 9.5], "rotation": 90, "texture": "#0"},
				"west": {"uv": [13.5, 5.5, 9.5, 5.5], "texture": "#0"},
				"up": {"uv": [9.5, 5.5, 13.5, 9.5], "rotation": 90, "texture": "#0"},
				"down": {"uv": [5.5, 5.5, 9.5, 9.5], "rotation": 90, "texture": "#0"}
			}
		},
		{
			"name": "bush",
			"from": [-0.20172, 18, -7.84828],
			"to": [15.79828, 18, 8.15172],
			"rotation": {"angle": -45, "axis": "x", "origin": [7.79828, 18, 0.15172]},
			"faces": {
				"north": {"uv": [9.5, 5.5, 13.5, 5.5], "texture": "#0"},
				"east": {"uv": [5.5, 9.5, 5.5, 5.5], "rotation": 90, "texture": "#0"},
				"south": {"uv": [5.5, 5.5, 9.5, 5.5], "rotation": 180, "texture": "#0"},
				"west": {"uv": [9.5, 9.5, 9.5, 5.5], "rotation": 270, "texture": "#0"},
				"up": {"uv": [9.5, 9.5, 13.5, 5.5], "texture": "#0"},
				"down": {"uv": [5.5, 9.5, 9.5, 5.5], "rotation": 180, "texture": "#0"}
			}
		},
		{
			"name": "bush",
			"from": [7.49483, 18, -0.15172],
			"to": [23.49483, 18, 15.84828],
			"rotation": {"angle": -45, "axis": "z", "origin": [15.49483, 18, 7.84828]},
			"faces": {
				"north": {"uv": [9.5, 9.5, 9.5, 5.5], "rotation": 270, "texture": "#0"},
				"east": {"uv": [9.5, 5.5, 13.5, 5.5], "texture": "#0"},
				"south": {"uv": [5.5, 9.5, 5.5, 5.5], "rotation": 90, "texture": "#0"},
				"west": {"uv": [5.5, 5.5, 9.5, 5.5], "rotation": 180, "texture": "#0"},
				"up": {"uv": [9.5, 9.5, 13.5, 5.5], "rotation": 90, "texture": "#0"},
				"down": {"uv": [5.5, 9.5, 9.5, 5.5], "rotation": 90, "texture": "#0"}
			}
		},
		{
			"name": "bush",
			"from": [-3.10122, 7, 11.18406],
			"to": [12.89878, 23, 11.18406],
			"rotation": {"angle": -45, "axis": "y", "origin": [9, 17, 6.8]},
			"faces": {
				"north": {"uv": [5.5, 5.5, 9.5, 9.5], "texture": "#0"},
				"east": {"uv": [5.5, 5.5, 5.5, 9.5], "texture": "#0"},
				"south": {"uv": [9.5, 5.5, 13.5, 9.5], "texture": "#0"},
				"west": {"uv": [9.5, 5.5, 9.5, 9.5], "texture": "#0"},
				"up": {"uv": [9.5, 5.5, 5.5, 5.5], "texture": "#0"},
				"down": {"uv": [13.5, 5.5, 9.5, 5.5], "texture": "#0"}
			}
		},
		{
			"name": "bush",
			"from": [3.67696, 8, 4.99167],
			"to": [19.67696, 24, 4.99167],
			"rotation": {"angle": -45, "axis": "y", "origin": [8, 17, 9.8]},
			"faces": {
				"north": {"uv": [5.5, 5.5, 9.5, 9.5], "texture": "#0"},
				"east": {"uv": [5.5, 5.5, 5.5, 9.5], "texture": "#0"},
				"south": {"uv": [9.5, 5.5, 13.5, 9.5], "texture": "#0"},
				"west": {"uv": [9.5, 5.5, 9.5, 9.5], "texture": "#0"},
				"up": {"uv": [9.5, 5.5, 5.5, 5.5], "texture": "#0"},
				"down": {"uv": [13.5, 5.5, 9.5, 5.5], "texture": "#0"}
			}
		},
		{
			"name": "bush",
			"from": [0.14142, 12, 7.94142],
			"to": [16.14142, 28, 7.94142],
			"rotation": {"angle": -45, "axis": "y", "origin": [8, 17, 7.8]},
			"faces": {
				"north": {"uv": [5.5, 5.5, 9.5, 9.5], "texture": "#0"},
				"east": {"uv": [5.5, 5.5, 5.5, 9.5], "texture": "#0"},
				"south": {"uv": [9.5, 5.5, 13.5, 9.5], "texture": "#0"},
				"west": {"uv": [9.5, 5.5, 9.5, 9.5], "texture": "#0"},
				"up": {"uv": [9.5, 5.5, 5.5, 5.5], "texture": "#0"},
				"down": {"uv": [13.5, 5.5, 9.5, 5.5], "texture": "#0"}
			}
		},
		{
			"name": "bush",
			"from": [-6.51543, 10, 3.03457],
			"to": [9.48457, 26, 3.03457],
			"rotation": {"angle": -45, "axis": "y", "origin": [7, 17, 8.55]},
			"faces": {
				"north": {"uv": [5.5, 5.5, 9.5, 9.5], "texture": "#0"},
				"east": {"uv": [5.5, 5.5, 5.5, 9.5], "texture": "#0"},
				"south": {"uv": [9.5, 5.5, 13.5, 9.5], "texture": "#0"},
				"west": {"uv": [9.5, 5.5, 9.5, 9.5], "texture": "#0"},
				"up": {"uv": [9.5, 5.5, 5.5, 5.5], "texture": "#0"},
				"down": {"uv": [13.5, 5.5, 9.5, 5.5], "texture": "#0"}
			}
		},
		{
			"name": "bush",
			"from": [6.79828, 8, 11.84828],
			"to": [22.79828, 24, 11.84828],
			"rotation": {"angle": -45, "axis": "y", "origin": [9, 17, 6.05]},
			"faces": {
				"north": {"uv": [5.5, 5.5, 9.5, 9.5], "texture": "#0"},
				"east": {"uv": [5.5, 5.5, 5.5, 9.5], "texture": "#0"},
				"south": {"uv": [9.5, 5.5, 13.5, 9.5], "texture": "#0"},
				"west": {"uv": [9.5, 5.5, 9.5, 9.5], "texture": "#0"},
				"up": {"uv": [9.5, 5.5, 5.5, 5.5], "texture": "#0"},
				"down": {"uv": [13.5, 5.5, 9.5, 5.5], "texture": "#0"}
			}
		},
		{
			"name": "stem",
			"from": [8.25, 3, 2],
			"to": [8.25, 22, 8],
			"rotation": {"angle": -22.5, "axis": "x", "origin": [8.75, 3, 7.5]},
			"faces": {
				"north": {"uv": [1.5, 7.75, 1.5, 12.5], "texture": "#0"},
				"east": {"uv": [0, 7.75, 1.5, 12.5], "texture": "#0"},
				"south": {"uv": [3, 7.75, 3, 12.5], "texture": "#0"},
				"west": {"uv": [1.5, 7.75, 3, 12.5], "texture": "#0"},
				"up": {"uv": [1.5, 7.75, 1.5, 6.25], "texture": "#0"},
				"down": {"uv": [1.5, 6.25, 1.5, 7.75], "texture": "#0"}
			}
		},
		{
			"name": "stem",
			"from": [2.25, 3, 7.5],
			"to": [13.25, 22, 7.5],
			"rotation": {"angle": -22.5, "axis": "x", "origin": [8.75, 3, 7.5]},
			"faces": {
				"north": {"uv": [0, 2.75, 2.75, 7.5], "texture": "#0"},
				"east": {"uv": [0, 2.75, 0, 7.5], "texture": "#0"},
				"south": {"uv": [2.75, 2.75, 5.5, 7.5], "texture": "#0"},
				"west": {"uv": [2.75, 2.75, 2.75, 7.5], "texture": "#0"},
				"up": {"uv": [2.75, 2.75, 0, 2.75], "texture": "#0"},
				"down": {"uv": [5.5, 2.75, 2.75, 2.75], "texture": "#0"}
			}
		},
		{
			"name": "stem",
			"from": [8.5, 3, 8],
			"to": [14.5, 22, 8],
			"shade": false,
			"rotation": {"angle": -22.5, "axis": "z", "origin": [8, 3, 8]},
			"faces": {
				"north": {"uv": [1.5, 7.5, 0, 12.25], "texture": "#0"},
				"east": {"uv": [1.5, 7.5, 1.5, 12.25], "texture": "#0"},
				"south": {"uv": [3, 7.5, 1.5, 12.25], "texture": "#0"},
				"west": {"uv": [0, 7.5, 0, 12.25], "texture": "#0"},
				"up": {"uv": [0, 7.5, 1.5, 7.5], "texture": "#0"},
				"down": {"uv": [1.5, 7.5, 3, 7.5], "texture": "#0"}
			}
		},
		{
			"name": "stem",
			"from": [7, 0, 7],
			"to": [9, 3, 9],
			"rotation": {"angle": 0, "axis": "y", "origin": [8, 8, 8]},
			"faces": {
				"north": {"uv": [0.5, 0.5, 1, 1.25], "texture": "#0"},
				"east": {"uv": [0, 0.5, 0.5, 1.25], "texture": "#0"},
				"south": {"uv": [1.5, 0.5, 2, 1.25], "texture": "#0"},
				"west": {"uv": [1, 0.5, 1.5, 1.25], "texture": "#0"},
				"up": {"uv": [1, 0.5, 0.5, 0], "texture": "#0"},
				"down": {"uv": [1.5, 0, 1, 0.5], "texture": "#0"}
			}
		},
		{
			"name": "stem",
			"from": [7.5, 3, 2.5],
			"to": [7.5, 22, 13.5],
			"rotation": {"angle": 22.5, "axis": "z", "origin": [8, 3, 8]},
			"faces": {
				"north": {"uv": [2.75, 2.75, 2.75, 7.5], "texture": "#0"},
				"east": {"uv": [0, 2.75, 2.75, 7.5], "texture": "#0"},
				"south": {"uv": [5.5, 2.75, 5.5, 7.5], "texture": "#0"},
				"west": {"uv": [2.75, 2.75, 5.5, 7.5], "texture": "#0"},
				"up": {"uv": [2.75, 2.75, 2.75, 0], "texture": "#0"},
				"down": {"uv": [2.75, 0, 2.75, 2.75], "texture": "#0"}
			}
		},
		{
			"name": "stem",
			"from": [2.25, 3, 8.5],
			"to": [13.25, 22, 8.5],
			"rotation": {"angle": 22.5, "axis": "x", "origin": [8.75, 3, 7.5]},
			"faces": {
				"north": {"uv": [0, 2.75, 2.75, 7.5], "texture": "#0"},
				"east": {"uv": [0, 2.75, 0, 7.5], "texture": "#0"},
				"south": {"uv": [2.75, 2.75, 5.5, 7.5], "texture": "#0"},
				"west": {"uv": [2.75, 2.75, 2.75, 7.5], "texture": "#0"},
				"up": {"uv": [2.75, 2.75, 0, 2.75], "texture": "#0"},
				"down": {"uv": [5.5, 2.75, 2.75, 2.75], "texture": "#0"}
			}
		},
		{
			"name": "stem",
			"from": [1.5, 3, 8],
			"to": [7.5, 22, 8],
			"rotation": {"angle": 22.5, "axis": "z", "origin": [8, 3, 8]},
			"faces": {
				"north": {"uv": [0, 7.5, 1.5, 12.25], "texture": "#0"},
				"east": {"uv": [0, 7.5, 0, 12.25], "texture": "#0"},
				"south": {"uv": [1.5, 7.5, 3, 12.25], "texture": "#0"},
				"west": {"uv": [1.5, 7.5, 1.5, 12.25], "texture": "#0"},
				"up": {"uv": [1.5, 7.5, 0, 7.5], "texture": "#0"},
				"down": {"uv": [3, 7.5, 1.5, 7.5], "texture": "#0"}
			}
		},
		{
			"name": "stem",
			"from": [8.5, 3, 2.5],
			"to": [8.5, 22, 13.5],
			"rotation": {"angle": -22.5, "axis": "z", "origin": [8, 3, 8]},
			"faces": {
				"north": {"uv": [2.75, 2.75, 2.75, 7.5], "texture": "#0"},
				"east": {"uv": [0, 2.75, 2.75, 7.5], "texture": "#0"},
				"south": {"uv": [5.5, 2.75, 5.5, 7.5], "texture": "#0"},
				"west": {"uv": [2.75, 2.75, 5.5, 7.5], "texture": "#0"},
				"up": {"uv": [2.75, 2.75, 2.75, 0], "texture": "#0"},
				"down": {"uv": [2.75, 0, 2.75, 2.75], "texture": "#0"}
			}
		},
		{
			"name": "stem",
			"from": [8.25, 3, 8],
			"to": [8.25, 22, 14],
			"rotation": {"angle": 22.5, "axis": "x", "origin": [8.75, 3, 7.5]},
			"faces": {
				"north": {"uv": [1.5, 7.75, 1.5, 12.5], "texture": "#0"},
				"east": {"uv": [1.5, 7.75, 3, 12.5], "texture": "#0"},
				"south": {"uv": [3, 7.75, 3, 12.5], "texture": "#0"},
				"west": {"uv": [0, 7.5, 1.5, 12.25], "texture": "#0"},
				"up": {"uv": [1.5, 7.75, 1.5, 6.25], "texture": "#0"},
				"down": {"uv": [1.5, 6.25, 1.5, 7.75], "texture": "#0"}
			}
		}
	]
}