{
	"credit": " (C)ArtsByKev, https://youtube.com/c/artsbykev & https://twitter.com/artsbykev - Using Blockbench",
	"ambientocclusion": false,
	"texture_size": [64, 64],
	"textures": {
		"0": "artsbykev_var/textures/bush",
		"particle": "artsbykev_var/textures/bush"
	},
	"elements": [
		{
			"name": "bush",
			"from": [-4.38406, 9, 3.69878],
			"to": [11.61594, 25, 3.69878],
			"rotation": {"angle": 45, "axis": "y", "origin": [8, 19, 7.8]},
			"faces": {
				"north": {"uv": [5.5, 5.5, 9.5, 9.5], "texture": "#0"},
				"east": {"uv": [5.5, 5.5, 5.5, 9.5], "texture": "#0"},
				"south": {"uv": [9.5, 5.5, 13.5, 9.5], "texture": "#0"},
				"west": {"uv": [9.5, 5.5, 9.5, 9.5], "texture": "#0"},
				"up": {"uv": [9.5, 5.5, 5.5, 5.5], "texture": "#0"},
				"down": {"uv": [13.5, 5.5, 9.5, 5.5], "texture": "#0"}
			}
		},
		{
			"name": "bush",
			"from": [4.80833, 10, 11.47696],
			"to": [20.80833, 26, 11.47696],
			"rotation": {"angle": 45, "axis": "y", "origin": [8, 19, 7.8]},
			"faces": {
				"north": {"uv": [5.5, 5.5, 9.5, 9.5], "texture": "#0"},
				"east": {"uv": [5.5, 5.5, 5.5, 9.5], "texture": "#0"},
				"south": {"uv": [9.5, 5.5, 13.5, 9.5], "texture": "#0"},
				"west": {"uv": [9.5, 5.5, 9.5, 9.5], "texture": "#0"},
				"up": {"uv": [9.5, 5.5, 5.5, 5.5], "texture": "#0"},
				"down": {"uv": [13.5, 5.5, 9.5, 5.5], "texture": "#0"}
			}
		},
		{
			"name": "bush",
			"from": [-0.14142, 15, 6.94142],
			"to": [15.85858, 31, 6.94142],
			"rotation": {"angle": 22.5, "axis": "y", "origin": [8, 20, 6.8]},
			"faces": {
				"north": {"uv": [5.5, 5.5, 9.5, 9.5], "texture": "#0"},
				"east": {"uv": [5.5, 5.5, 5.5, 9.5], "texture": "#0"},
				"south": {"uv": [9.5, 5.5, 13.5, 9.5], "texture": "#0"},
				"west": {"uv": [9.5, 5.5, 9.5, 9.5], "texture": "#0"},
				"up": {"uv": [9.5, 5.5, 5.5, 5.5], "texture": "#0"},
				"down": {"uv": [13.5, 5.5, 9.5, 5.5], "texture": "#0"}
			}
		},
		{
			"name": "bush",
			"from": [6.51543, 12, 3.03457],
			"to": [22.51543, 28, 3.03457],
			"rotation": {"angle": 45, "axis": "y", "origin": [9, 19, 8.55]},
			"faces": {
				"north": {"uv": [5.5, 5.5, 9.5, 9.5], "texture": "#0"},
				"east": {"uv": [5.5, 5.5, 5.5, 9.5], "texture": "#0"},
				"south": {"uv": [9.5, 5.5, 13.5, 9.5], "texture": "#0"},
				"west": {"uv": [9.5, 5.5, 9.5, 9.5], "texture": "#0"},
				"up": {"uv": [9.5, 5.5, 5.5, 5.5], "texture": "#0"},
				"down": {"uv": [13.5, 5.5, 9.5, 5.5], "texture": "#0"}
			}
		},
		{
			"name": "bush",
			"from": [-7.79828, 10, 11.84828],
			"to": [8.20172, 26, 11.84828],
			"rotation": {"angle": 45, "axis": "y", "origin": [6, 19, 6.05]},
			"faces": {
				"north": {"uv": [5.5, 5.5, 9.5, 9.5], "texture": "#0"},
				"east": {"uv": [5.5, 5.5, 5.5, 9.5], "texture": "#0"},
				"south": {"uv": [9.5, 5.5, 13.5, 9.5], "texture": "#0"},
				"west": {"uv": [9.5, 5.5, 9.5, 9.5], "texture": "#0"},
				"up": {"uv": [9.5, 5.5, 5.5, 5.5], "texture": "#0"},
				"down": {"uv": [13.5, 5.5, 9.5, 5.5], "texture": "#0"}
			}
		},
		{
			"name": "bush",
			"from": [-0.20172, 19, 5.84828],
			"to": [15.79828, 19, 21.84828],
			"rotation": {"angle": 45, "axis": "x", "origin": [7.79828, 19, 13.84828]},
			"faces": {
				"north": {"uv": [9.5, 5.5, 5.5, 5.5], "rotation": 180, "texture": "#0"},
				"east": {"uv": [5.5, 5.5, 5.5, 9.5], "rotation": 90, "texture": "#0"},
				"south": {"uv": [13.5, 5.5, 9.5, 5.5], "texture": "#0"},
				"west": {"uv": [9.5, 5.5, 9.5, 9.5], "rotation": 270, "texture": "#0"},
				"up": {"uv": [9.5, 5.5, 13.5, 9.5], "texture": "#0"},
				"down": {"uv": [5.5, 5.5, 9.5, 9.5], "rotation": 180, "texture": "#0"}
			}
		},
		{
			"name": "bush",
			"from": [-6.20172, 19, -0.15172],
			"to": [9.79828, 19, 15.84828],
			"rotation": {"angle": 45, "axis": "z", "origin": [1.79828, 19, 7.84828]},
			"faces": {
				"north": {"uv": [9.5, 5.5, 9.5, 9.5], "rotation": 270, "texture": "#0"},
				"east": {"uv": [9.5, 5.5, 5.5, 5.5], "rotation": 180, "texture": "#0"},
				"south": {"uv": [5.5, 5.5, 5.5, 9.5], "rotation": 90, "texture": "#0"},
				"west": {"uv": [13.5, 5.5, 9.5, 5.5], "texture": "#0"},
				"up": {"uv": [9.5, 5.5, 13.5, 9.5], "rotation": 90, "texture": "#0"},
				"down": {"uv": [5.5, 5.5, 9.5, 9.5], "rotation": 90, "texture": "#0"}
			}
		},
		{
			"name": "bush",
			"from": [-0.20172, 20, -7.84828],
			"to": [15.79828, 20, 8.15172],
			"rotation": {"angle": -45, "axis": "x", "origin": [7.79828, 20, 0.15172]},
			"faces": {
				"north": {"uv": [9.5, 5.5, 13.5, 5.5], "texture": "#0"},
				"east": {"uv": [5.5, 9.5, 5.5, 5.5], "rotation": 90, "texture": "#0"},
				"south": {"uv": [5.5, 5.5, 9.5, 5.5], "rotation": 180, "texture": "#0"},
				"west": {"uv": [9.5, 9.5, 9.5, 5.5], "rotation": 270, "texture": "#0"},
				"up": {"uv": [9.5, 9.5, 13.5, 5.5], "texture": "#0"},
				"down": {"uv": [5.5, 9.5, 9.5, 5.5], "rotation": 180, "texture": "#0"}
			}
		},
		{
			"name": "bush",
			"from": [7.49483, 19, -0.15172],
			"to": [23.49483, 19, 15.84828],
			"rotation": {"angle": -45, "axis": "z", "origin": [15.49483, 19, 7.84828]},
			"faces": {
				"north": {"uv": [9.5, 9.5, 9.5, 5.5], "rotation": 270, "texture": "#0"},
				"east": {"uv": [9.5, 5.5, 13.5, 5.5], "texture": "#0"},
				"south": {"uv": [5.5, 9.5, 5.5, 5.5], "rotation": 90, "texture": "#0"},
				"west": {"uv": [5.5, 5.5, 9.5, 5.5], "rotation": 180, "texture": "#0"},
				"up": {"uv": [9.5, 9.5, 13.5, 5.5], "rotation": 90, "texture": "#0"},
				"down": {"uv": [5.5, 9.5, 9.5, 5.5], "rotation": 90, "texture": "#0"}
			}
		},
		{
			"name": "bush",
			"from": [4.49483, 25, -0.15172],
			"to": [20.49483, 25, 15.84828],
			"rotation": {"angle": -22.5, "axis": "z", "origin": [12.49483, 25, 7.84828]},
			"faces": {
				"north": {"uv": [9.5, 9.5, 9.5, 5.5], "rotation": 270, "texture": "#0"},
				"east": {"uv": [9.5, 5.5, 13.5, 5.5], "texture": "#0"},
				"south": {"uv": [5.5, 9.5, 5.5, 5.5], "rotation": 90, "texture": "#0"},
				"west": {"uv": [5.5, 5.5, 9.5, 5.5], "rotation": 180, "texture": "#0"},
				"up": {"uv": [9.5, 9.5, 13.5, 5.5], "rotation": 90, "texture": "#0"},
				"down": {"uv": [5.5, 9.5, 9.5, 5.5], "rotation": 90, "texture": "#0"}
			}
		},
		{
			"name": "bush",
			"from": [0.50517, 25, 3.83793],
			"to": [16.50517, 25, 19.83793],
			"rotation": {"angle": 22.5, "axis": "x", "origin": [8.50517, 25, 11.83793]},
			"faces": {
				"north": {"uv": [5.5, 5.5, 9.5, 5.5], "rotation": 180, "texture": "#0"},
				"east": {"uv": [9.5, 9.5, 9.5, 5.5], "rotation": 270, "texture": "#0"},
				"south": {"uv": [9.5, 5.5, 13.5, 5.5], "texture": "#0"},
				"west": {"uv": [5.5, 9.5, 5.5, 5.5], "rotation": 90, "texture": "#0"},
				"up": {"uv": [9.5, 9.5, 13.5, 5.5], "rotation": 180, "texture": "#0"},
				"down": {"uv": [5.5, 9.5, 9.5, 5.5], "texture": "#0"}
			}
		},
		{
			"name": "bush",
			"from": [-4.49483, 25, -0.15172],
			"to": [11.50517, 25, 15.84828],
			"rotation": {"angle": 22.5, "axis": "z", "origin": [3.50517, 25, 7.84828]},
			"faces": {
				"north": {"uv": [9.5, 5.5, 9.5, 9.5], "rotation": 270, "texture": "#0"},
				"east": {"uv": [9.5, 5.5, 5.5, 5.5], "rotation": 180, "texture": "#0"},
				"south": {"uv": [5.5, 5.5, 5.5, 9.5], "rotation": 90, "texture": "#0"},
				"west": {"uv": [13.5, 5.5, 9.5, 5.5], "texture": "#0"},
				"up": {"uv": [9.5, 5.5, 13.5, 9.5], "rotation": 90, "texture": "#0"},
				"down": {"uv": [5.5, 5.5, 9.5, 9.5], "rotation": 90, "texture": "#0"}
			}
		},
		{
			"name": "bush",
			"from": [0.50517, 25, -5.15172],
			"to": [16.50517, 25, 10.84828],
			"rotation": {"angle": -22.5, "axis": "x", "origin": [8.50517, 25, 2.84828]},
			"faces": {
				"north": {"uv": [13.5, 5.5, 9.5, 5.5], "texture": "#0"},
				"east": {"uv": [9.5, 5.5, 9.5, 9.5], "rotation": 270, "texture": "#0"},
				"south": {"uv": [9.5, 5.5, 5.5, 5.5], "rotation": 180, "texture": "#0"},
				"west": {"uv": [5.5, 5.5, 5.5, 9.5], "rotation": 90, "texture": "#0"},
				"up": {"uv": [9.5, 5.5, 13.5, 9.5], "rotation": 180, "texture": "#0"},
				"down": {"uv": [5.5, 5.5, 9.5, 9.5], "texture": "#0"}
			}
		},
		{
			"name": "bush",
			"from": [-3.10122, 9, 11.18406],
			"to": [12.89878, 25, 11.18406],
			"rotation": {"angle": -45, "axis": "y", "origin": [9, 19, 6.8]},
			"faces": {
				"north": {"uv": [5.5, 5.5, 9.5, 9.5], "texture": "#0"},
				"east": {"uv": [5.5, 5.5, 5.5, 9.5], "texture": "#0"},
				"south": {"uv": [9.5, 5.5, 13.5, 9.5], "texture": "#0"},
				"west": {"uv": [9.5, 5.5, 9.5, 9.5], "texture": "#0"},
				"up": {"uv": [9.5, 5.5, 5.5, 5.5], "texture": "#0"},
				"down": {"uv": [13.5, 5.5, 9.5, 5.5], "texture": "#0"}
			}
		},
		{
			"name": "bush",
			"from": [3.67696, 10, 4.99167],
			"to": [19.67696, 26, 4.99167],
			"rotation": {"angle": -45, "axis": "y", "origin": [8, 19, 9.8]},
			"faces": {
				"north": {"uv": [5.5, 5.5, 9.5, 9.5], "texture": "#0"},
				"east": {"uv": [5.5, 5.5, 5.5, 9.5], "texture": "#0"},
				"south": {"uv": [9.5, 5.5, 13.5, 9.5], "texture": "#0"},
				"west": {"uv": [9.5, 5.5, 9.5, 9.5], "texture": "#0"},
				"up": {"uv": [9.5, 5.5, 5.5, 5.5], "texture": "#0"},
				"down": {"uv": [13.5, 5.5, 9.5, 5.5], "texture": "#0"}
			}
		},
		{
			"name": "bush",
			"from": [7.85858, 15, -1.05858],
			"to": [7.85858, 31, 14.94142],
			"rotation": {"angle": 22.5, "axis": "y", "origin": [8, 20, 6.8]},
			"faces": {
				"north": {"uv": [9.5, 5.5, 9.5, 9.5], "texture": "#0"},
				"east": {"uv": [5.5, 5.5, 9.5, 9.5], "texture": "#0"},
				"south": {"uv": [5.5, 5.5, 5.5, 9.5], "texture": "#0"},
				"west": {"uv": [9.5, 5.5, 13.5, 9.5], "texture": "#0"},
				"up": {"uv": [9.5, 5.5, 5.5, 5.5], "rotation": 90, "texture": "#0"},
				"down": {"uv": [13.5, 5.5, 9.5, 5.5], "rotation": 270, "texture": "#0"}
			}
		},
		{
			"name": "bush",
			"from": [-6.51543, 12, 3.03457],
			"to": [9.48457, 28, 3.03457],
			"rotation": {"angle": -45, "axis": "y", "origin": [7, 19, 8.55]},
			"faces": {
				"north": {"uv": [5.5, 5.5, 9.5, 9.5], "texture": "#0"},
				"east": {"uv": [5.5, 5.5, 5.5, 9.5], "texture": "#0"},
				"south": {"uv": [9.5, 5.5, 13.5, 9.5], "texture": "#0"},
				"west": {"uv": [9.5, 5.5, 9.5, 9.5], "texture": "#0"},
				"up": {"uv": [9.5, 5.5, 5.5, 5.5], "texture": "#0"},
				"down": {"uv": [13.5, 5.5, 9.5, 5.5], "texture": "#0"}
			}
		},
		{
			"name": "bush",
			"from": [6.79828, 10, 11.84828],
			"to": [22.79828, 26, 11.84828],
			"rotation": {"angle": -45, "axis": "y", "origin": [9, 19, 6.05]},
			"faces": {
				"north": {"uv": [5.5, 5.5, 9.5, 9.5], "texture": "#0"},
				"east": {"uv": [5.5, 5.5, 5.5, 9.5], "texture": "#0"},
				"south": {"uv": [9.5, 5.5, 13.5, 9.5], "texture": "#0"},
				"west": {"uv": [9.5, 5.5, 9.5, 9.5], "texture": "#0"},
				"up": {"uv": [9.5, 5.5, 5.5, 5.5], "texture": "#0"},
				"down": {"uv": [13.5, 5.5, 9.5, 5.5], "texture": "#0"}
			}
		},
		{
			"name": "stem",
			"from": [8.25, 2, 2],
			"to": [8.25, 21, 8],
			"rotation": {"angle": -22.5, "axis": "x", "origin": [8.75, 2, 7.5]},
			"faces": {
				"north": {"uv": [1.5, 7.75, 1.5, 12.5], "texture": "#0"},
				"east": {"uv": [0, 7.75, 1.5, 12.5], "texture": "#0"},
				"south": {"uv": [3, 7.75, 3, 12.5], "texture": "#0"},
				"west": {"uv": [1.5, 7.75, 3, 12.5], "texture": "#0"},
				"up": {"uv": [1.5, 7.75, 1.5, 6.25], "texture": "#0"},
				"down": {"uv": [1.5, 6.25, 1.5, 7.75], "texture": "#0"}
			}
		},
		{
			"name": "stem",
			"from": [2.25, 2, 7.5],
			"to": [13.25, 21, 7.5],
			"rotation": {"angle": -22.5, "axis": "x", "origin": [8.75, 2, 7.5]},
			"faces": {
				"north": {"uv": [0, 2.75, 2.75, 7.5], "texture": "#0"},
				"east": {"uv": [0, 2.75, 0, 7.5], "texture": "#0"},
				"south": {"uv": [2.75, 2.75, 5.5, 7.5], "texture": "#0"},
				"west": {"uv": [2.75, 2.75, 2.75, 7.5], "texture": "#0"},
				"up": {"uv": [2.75, 2.75, 0, 2.75], "texture": "#0"},
				"down": {"uv": [5.5, 2.75, 2.75, 2.75], "texture": "#0"}
			}
		},
		{
			"name": "stem",
			"from": [8.5, 3, 8],
			"to": [14.5, 22, 8],
			"shade": false,
			"rotation": {"angle": -22.5, "axis": "z", "origin": [8, 3, 8]},
			"faces": {
				"north": {"uv": [1.5, 7.5, 0, 12.25], "texture": "#0"},
				"east": {"uv": [1.5, 7.5, 1.5, 12.25], "texture": "#0"},
				"south": {"uv": [3, 7.5, 1.5, 12.25], "texture": "#0"},
				"west": {"uv": [0, 7.5, 0, 12.25], "texture": "#0"},
				"up": {"uv": [0, 7.5, 1.5, 7.5], "texture": "#0"},
				"down": {"uv": [1.5, 7.5, 3, 7.5], "texture": "#0"}
			}
		},
		{
			"name": "stem",
			"from": [7, 0, 7],
			"to": [9, 3, 9],
			"rotation": {"angle": 0, "axis": "y", "origin": [8, 8, 8]},
			"faces": {
				"north": {"uv": [0.5, 0.5, 1, 1.25], "texture": "#0"},
				"east": {"uv": [0, 0.5, 0.5, 1.25], "texture": "#0"},
				"south": {"uv": [1.5, 0.5, 2, 1.25], "texture": "#0"},
				"west": {"uv": [1, 0.5, 1.5, 1.25], "texture": "#0"},
				"up": {"uv": [1, 0.5, 0.5, 0], "texture": "#0"},
				"down": {"uv": [1.5, 0, 1, 0.5], "texture": "#0"}
			}
		},
		{
			"name": "stem",
			"from": [7.5, 1, 2.5],
			"to": [7.5, 20, 13.5],
			"rotation": {"angle": 22.5, "axis": "z", "origin": [8, 1, 8]},
			"faces": {
				"north": {"uv": [2.75, 2.75, 2.75, 7.5], "texture": "#0"},
				"east": {"uv": [0, 2.75, 2.75, 7.5], "texture": "#0"},
				"south": {"uv": [5.5, 2.75, 5.5, 7.5], "texture": "#0"},
				"west": {"uv": [2.75, 2.75, 5.5, 7.5], "texture": "#0"},
				"up": {"uv": [2.75, 2.75, 2.75, 0], "texture": "#0"},
				"down": {"uv": [2.75, 0, 2.75, 2.75], "texture": "#0"}
			}
		},
		{
			"name": "stem",
			"from": [2.25, 3, 8.5],
			"to": [13.25, 22, 8.5],
			"rotation": {"angle": 22.5, "axis": "x", "origin": [8.75, 3, 7.5]},
			"faces": {
				"north": {"uv": [0, 2.75, 2.75, 7.5], "texture": "#0"},
				"east": {"uv": [0, 2.75, 0, 7.5], "texture": "#0"},
				"south": {"uv": [2.75, 2.75, 5.5, 7.5], "texture": "#0"},
				"west": {"uv": [2.75, 2.75, 2.75, 7.5], "texture": "#0"},
				"up": {"uv": [2.75, 2.75, 0, 2.75], "texture": "#0"},
				"down": {"uv": [5.5, 2.75, 2.75, 2.75], "texture": "#0"}
			}
		},
		{
			"name": "stem",
			"from": [1.5, 3, 8],
			"to": [7.5, 22, 8],
			"rotation": {"angle": 22.5, "axis": "z", "origin": [8, 3, 8]},
			"faces": {
				"north": {"uv": [0, 7.5, 1.5, 12.25], "texture": "#0"},
				"east": {"uv": [0, 7.5, 0, 12.25], "texture": "#0"},
				"south": {"uv": [1.5, 7.5, 3, 12.25], "texture": "#0"},
				"west": {"uv": [1.5, 7.5, 1.5, 12.25], "texture": "#0"},
				"up": {"uv": [1.5, 7.5, 0, 7.5], "texture": "#0"},
				"down": {"uv": [3, 7.5, 1.5, 7.5], "texture": "#0"}
			}
		},
		{
			"name": "stem",
			"from": [8.5, 2, 2.5],
			"to": [8.5, 21, 13.5],
			"rotation": {"angle": -22.5, "axis": "z", "origin": [8, 2, 8]},
			"faces": {
				"north": {"uv": [2.75, 2.75, 2.75, 7.5], "texture": "#0"},
				"east": {"uv": [0, 2.75, 2.75, 7.5], "texture": "#0"},
				"south": {"uv": [5.5, 2.75, 5.5, 7.5], "texture": "#0"},
				"west": {"uv": [2.75, 2.75, 5.5, 7.5], "texture": "#0"},
				"up": {"uv": [2.75, 2.75, 2.75, 0], "texture": "#0"},
				"down": {"uv": [2.75, 0, 2.75, 2.75], "texture": "#0"}
			}
		},
		{
			"name": "stem",
			"from": [8.25, 2, 8],
			"to": [8.25, 21, 14],
			"rotation": {"angle": 22.5, "axis": "x", "origin": [8.75, 2, 7.5]},
			"faces": {
				"north": {"uv": [1.5, 7.75, 1.5, 12.5], "texture": "#0"},
				"east": {"uv": [1.5, 7.75, 3, 12.5], "texture": "#0"},
				"south": {"uv": [3, 7.75, 3, 12.5], "texture": "#0"},
				"west": {"uv": [0, 7.5, 1.5, 12.25], "texture": "#0"},
				"up": {"uv": [1.5, 7.75, 1.5, 6.25], "texture": "#0"},
				"down": {"uv": [1.5, 6.25, 1.5, 7.75], "texture": "#0"}
			}
		}
	]
}