{
	"credit": " (C)ArtsByKev, https://youtube.com/c/artsbykev & https://twitter.com/artsbykev - Using Blockbench",
	"ambientocclusion": false,
	"texture_size": [64, 64],
	"textures": {
		"0": "artsbykev_var/textures/bush",
		"particle": "artsbykev_var/textures/bush"
	},
	"elements": [
		{
			"name": "bush",
			"from": [-2.38406, 5, 5.69878],
			"to": [13.61594, 21, 5.69878],
			"rotation": {"angle": 45, "axis": "y", "origin": [10, 15, 9.8]},
			"faces": {
				"north": {"uv": [5.5, 5.5, 9.5, 9.5], "texture": "#0"},
				"east": {"uv": [5.5, 5.5, 5.5, 9.5], "texture": "#0"},
				"south": {"uv": [9.5, 5.5, 13.5, 9.5], "texture": "#0"},
				"west": {"uv": [9.5, 5.5, 9.5, 9.5], "texture": "#0"},
				"up": {"uv": [9.5, 5.5, 5.5, 5.5], "texture": "#0"},
				"down": {"uv": [13.5, 5.5, 9.5, 5.5], "texture": "#0"}
			}
		},
		{
			"name": "bush",
			"from": [6.80833, 6, 13.47696],
			"to": [22.80833, 22, 13.47696],
			"rotation": {"angle": 45, "axis": "y", "origin": [10, 15, 9.8]},
			"faces": {
				"north": {"uv": [5.5, 5.5, 9.5, 9.5], "texture": "#0"},
				"east": {"uv": [5.5, 5.5, 5.5, 9.5], "texture": "#0"},
				"south": {"uv": [9.5, 5.5, 13.5, 9.5], "texture": "#0"},
				"west": {"uv": [9.5, 5.5, 9.5, 9.5], "texture": "#0"},
				"up": {"uv": [9.5, 5.5, 5.5, 5.5], "texture": "#0"},
				"down": {"uv": [13.5, 5.5, 9.5, 5.5], "texture": "#0"}
			}
		},
		{
			"name": "bush",
			"from": [1.85858, 10, 9.94142],
			"to": [17.85858, 26, 9.94142],
			"rotation": {"angle": 45, "axis": "y", "origin": [10, 15, 9.8]},
			"faces": {
				"north": {"uv": [5.5, 5.5, 9.5, 9.5], "texture": "#0"},
				"east": {"uv": [5.5, 5.5, 5.5, 9.5], "texture": "#0"},
				"south": {"uv": [9.5, 5.5, 13.5, 9.5], "texture": "#0"},
				"west": {"uv": [9.5, 5.5, 9.5, 9.5], "texture": "#0"},
				"up": {"uv": [9.5, 5.5, 5.5, 5.5], "texture": "#0"},
				"down": {"uv": [13.5, 5.5, 9.5, 5.5], "texture": "#0"}
			}
		},
		{
			"name": "bush",
			"from": [8.51543, 8, 5.03457],
			"to": [24.51543, 24, 5.03457],
			"rotation": {"angle": 45, "axis": "y", "origin": [11, 15, 10.55]},
			"faces": {
				"north": {"uv": [5.5, 5.5, 9.5, 9.5], "texture": "#0"},
				"east": {"uv": [5.5, 5.5, 5.5, 9.5], "texture": "#0"},
				"south": {"uv": [9.5, 5.5, 13.5, 9.5], "texture": "#0"},
				"west": {"uv": [9.5, 5.5, 9.5, 9.5], "texture": "#0"},
				"up": {"uv": [9.5, 5.5, 5.5, 5.5], "texture": "#0"},
				"down": {"uv": [13.5, 5.5, 9.5, 5.5], "texture": "#0"}
			}
		},
		{
			"name": "bush",
			"from": [-5.79828, 6, 13.84828],
			"to": [10.20172, 22, 13.84828],
			"rotation": {"angle": 45, "axis": "y", "origin": [8, 15, 8.05]},
			"faces": {
				"north": {"uv": [5.5, 5.5, 9.5, 9.5], "texture": "#0"},
				"east": {"uv": [5.5, 5.5, 5.5, 9.5], "texture": "#0"},
				"south": {"uv": [9.5, 5.5, 13.5, 9.5], "texture": "#0"},
				"west": {"uv": [9.5, 5.5, 9.5, 9.5], "texture": "#0"},
				"up": {"uv": [9.5, 5.5, 5.5, 5.5], "texture": "#0"},
				"down": {"uv": [13.5, 5.5, 9.5, 5.5], "texture": "#0"}
			}
		},
		{
			"name": "bush",
			"from": [1.79828, 16, 7.84828],
			"to": [17.79828, 16, 23.84828],
			"rotation": {"angle": 45, "axis": "x", "origin": [9.79828, 16, 15.84828]},
			"faces": {
				"north": {"uv": [9.5, 5.5, 5.5, 5.5], "rotation": 180, "texture": "#0"},
				"east": {"uv": [5.5, 5.5, 5.5, 9.5], "rotation": 90, "texture": "#0"},
				"south": {"uv": [13.5, 5.5, 9.5, 5.5], "texture": "#0"},
				"west": {"uv": [9.5, 5.5, 9.5, 9.5], "rotation": 270, "texture": "#0"},
				"up": {"uv": [9.5, 5.5, 13.5, 9.5], "texture": "#0"},
				"down": {"uv": [5.5, 5.5, 9.5, 9.5], "rotation": 180, "texture": "#0"}
			}
		},
		{
			"name": "bush",
			"from": [-4.20172, 16, 1.84828],
			"to": [11.79828, 16, 17.84828],
			"rotation": {"angle": 45, "axis": "z", "origin": [3.79828, 16, 9.84828]},
			"faces": {
				"north": {"uv": [9.5, 5.5, 9.5, 9.5], "rotation": 270, "texture": "#0"},
				"east": {"uv": [9.5, 5.5, 5.5, 5.5], "rotation": 180, "texture": "#0"},
				"south": {"uv": [5.5, 5.5, 5.5, 9.5], "rotation": 90, "texture": "#0"},
				"west": {"uv": [13.5, 5.5, 9.5, 5.5], "texture": "#0"},
				"up": {"uv": [9.5, 5.5, 13.5, 9.5], "rotation": 90, "texture": "#0"},
				"down": {"uv": [5.5, 5.5, 9.5, 9.5], "rotation": 90, "texture": "#0"}
			}
		},
		{
			"name": "bush",
			"from": [3.79828, 19, -5.84828],
			"to": [19.79828, 19, 10.15172],
			"rotation": {"angle": -45, "axis": "x", "origin": [11.79828, 19, 2.15172]},
			"faces": {
				"north": {"uv": [9.5, 5.5, 13.5, 5.5], "texture": "#0"},
				"east": {"uv": [5.5, 9.5, 5.5, 5.5], "rotation": 90, "texture": "#0"},
				"south": {"uv": [5.5, 5.5, 9.5, 5.5], "rotation": 180, "texture": "#0"},
				"west": {"uv": [9.5, 9.5, 9.5, 5.5], "rotation": 270, "texture": "#0"},
				"up": {"uv": [9.5, 9.5, 13.5, 5.5], "texture": "#0"},
				"down": {"uv": [5.5, 9.5, 9.5, 5.5], "rotation": 180, "texture": "#0"}
			}
		},
		{
			"name": "bush",
			"from": [9.49483, 16, 1.84828],
			"to": [25.49483, 16, 17.84828],
			"rotation": {"angle": -45, "axis": "z", "origin": [17.49483, 16, 9.84828]},
			"faces": {
				"north": {"uv": [9.5, 9.5, 9.5, 5.5], "rotation": 270, "texture": "#0"},
				"east": {"uv": [9.5, 5.5, 13.5, 5.5], "texture": "#0"},
				"south": {"uv": [5.5, 9.5, 5.5, 5.5], "rotation": 90, "texture": "#0"},
				"west": {"uv": [5.5, 5.5, 9.5, 5.5], "rotation": 180, "texture": "#0"},
				"up": {"uv": [9.5, 9.5, 13.5, 5.5], "rotation": 90, "texture": "#0"},
				"down": {"uv": [5.5, 9.5, 9.5, 5.5], "rotation": 90, "texture": "#0"}
			}
		},
		{
			"name": "bush",
			"from": [-1.10122, 5, 13.18406],
			"to": [14.89878, 21, 13.18406],
			"rotation": {"angle": -45, "axis": "y", "origin": [11, 15, 8.8]},
			"faces": {
				"north": {"uv": [5.5, 5.5, 9.5, 9.5], "texture": "#0"},
				"east": {"uv": [5.5, 5.5, 5.5, 9.5], "texture": "#0"},
				"south": {"uv": [9.5, 5.5, 13.5, 9.5], "texture": "#0"},
				"west": {"uv": [9.5, 5.5, 9.5, 9.5], "texture": "#0"},
				"up": {"uv": [9.5, 5.5, 5.5, 5.5], "texture": "#0"},
				"down": {"uv": [13.5, 5.5, 9.5, 5.5], "texture": "#0"}
			}
		},
		{
			"name": "bush",
			"from": [5.67696, 6, 6.99167],
			"to": [21.67696, 22, 6.99167],
			"rotation": {"angle": -45, "axis": "y", "origin": [10, 15, 11.8]},
			"faces": {
				"north": {"uv": [5.5, 5.5, 9.5, 9.5], "texture": "#0"},
				"east": {"uv": [5.5, 5.5, 5.5, 9.5], "texture": "#0"},
				"south": {"uv": [9.5, 5.5, 13.5, 9.5], "texture": "#0"},
				"west": {"uv": [9.5, 5.5, 9.5, 9.5], "texture": "#0"},
				"up": {"uv": [9.5, 5.5, 5.5, 5.5], "texture": "#0"},
				"down": {"uv": [13.5, 5.5, 9.5, 5.5], "texture": "#0"}
			}
		},
		{
			"name": "bush",
			"from": [2.14142, 10, 9.94142],
			"to": [18.14142, 26, 9.94142],
			"rotation": {"angle": -45, "axis": "y", "origin": [10, 15, 9.8]},
			"faces": {
				"north": {"uv": [5.5, 5.5, 9.5, 9.5], "texture": "#0"},
				"east": {"uv": [5.5, 5.5, 5.5, 9.5], "texture": "#0"},
				"south": {"uv": [9.5, 5.5, 13.5, 9.5], "texture": "#0"},
				"west": {"uv": [9.5, 5.5, 9.5, 9.5], "texture": "#0"},
				"up": {"uv": [9.5, 5.5, 5.5, 5.5], "texture": "#0"},
				"down": {"uv": [13.5, 5.5, 9.5, 5.5], "texture": "#0"}
			}
		},
		{
			"name": "bush",
			"from": [-4.51543, 8, 5.03457],
			"to": [11.48457, 24, 5.03457],
			"rotation": {"angle": -45, "axis": "y", "origin": [9, 15, 10.55]},
			"faces": {
				"north": {"uv": [5.5, 5.5, 9.5, 9.5], "texture": "#0"},
				"east": {"uv": [5.5, 5.5, 5.5, 9.5], "texture": "#0"},
				"south": {"uv": [9.5, 5.5, 13.5, 9.5], "texture": "#0"},
				"west": {"uv": [9.5, 5.5, 9.5, 9.5], "texture": "#0"},
				"up": {"uv": [9.5, 5.5, 5.5, 5.5], "texture": "#0"},
				"down": {"uv": [13.5, 5.5, 9.5, 5.5], "texture": "#0"}
			}
		},
		{
			"name": "bush",
			"from": [8.79828, 8, 13.84828],
			"to": [24.79828, 24, 13.84828],
			"rotation": {"angle": -45, "axis": "y", "origin": [11, 17, 8.05]},
			"faces": {
				"north": {"uv": [5.5, 5.5, 9.5, 9.5], "texture": "#0"},
				"east": {"uv": [5.5, 5.5, 5.5, 9.5], "texture": "#0"},
				"south": {"uv": [9.5, 5.5, 13.5, 9.5], "texture": "#0"},
				"west": {"uv": [9.5, 5.5, 9.5, 9.5], "texture": "#0"},
				"up": {"uv": [9.5, 5.5, 5.5, 5.5], "texture": "#0"},
				"down": {"uv": [13.5, 5.5, 9.5, 5.5], "texture": "#0"}
			}
		},
		{
			"name": "stem",
			"from": [10.25, 2, 4],
			"to": [10.25, 21, 10],
			"rotation": {"angle": -22.5, "axis": "x", "origin": [10.75, 2, 9.5]},
			"faces": {
				"north": {"uv": [1.5, 7.75, 1.5, 12.5], "texture": "#0"},
				"east": {"uv": [0, 7.75, 1.5, 12.5], "texture": "#0"},
				"south": {"uv": [3, 7.75, 3, 12.5], "texture": "#0"},
				"west": {"uv": [1.5, 7.75, 3, 12.5], "texture": "#0"},
				"up": {"uv": [1.5, 7.75, 1.5, 6.25], "texture": "#0"},
				"down": {"uv": [1.5, 6.25, 1.5, 7.75], "texture": "#0"}
			}
		},
		{
			"name": "stem",
			"from": [4.25, 2, 9.5],
			"to": [15.25, 21, 9.5],
			"rotation": {"angle": -22.5, "axis": "x", "origin": [10.75, 2, 9.5]},
			"faces": {
				"north": {"uv": [0, 2.75, 2.75, 7.5], "texture": "#0"},
				"east": {"uv": [0, 2.75, 0, 7.5], "texture": "#0"},
				"south": {"uv": [2.75, 2.75, 5.5, 7.5], "texture": "#0"},
				"west": {"uv": [2.75, 2.75, 2.75, 7.5], "texture": "#0"},
				"up": {"uv": [2.75, 2.75, 0, 2.75], "texture": "#0"},
				"down": {"uv": [5.5, 2.75, 2.75, 2.75], "texture": "#0"}
			}
		},
		{
			"name": "stem",
			"from": [10.5, 2, 10],
			"to": [16.5, 21, 10],
			"shade": false,
			"rotation": {"angle": -22.5, "axis": "z", "origin": [10, 2, 10]},
			"faces": {
				"north": {"uv": [1.5, 7.5, 0, 12.25], "texture": "#0"},
				"east": {"uv": [1.5, 7.5, 1.5, 12.25], "texture": "#0"},
				"south": {"uv": [3, 7.5, 1.5, 12.25], "texture": "#0"},
				"west": {"uv": [0, 7.5, 0, 12.25], "texture": "#0"},
				"up": {"uv": [0, 7.5, 1.5, 7.5], "texture": "#0"},
				"down": {"uv": [1.5, 7.5, 3, 7.5], "texture": "#0"}
			}
		},
		{
			"name": "stem",
			"from": [9, 0, 9],
			"to": [11, 3, 11],
			"rotation": {"angle": 0, "axis": "y", "origin": [10, 8, 10]},
			"faces": {
				"north": {"uv": [0.5, 0.5, 1, 1.25], "texture": "#0"},
				"east": {"uv": [0, 0.5, 0.5, 1.25], "texture": "#0"},
				"south": {"uv": [1.5, 0.5, 2, 1.25], "texture": "#0"},
				"west": {"uv": [1, 0.5, 1.5, 1.25], "texture": "#0"},
				"up": {"uv": [1, 0.5, 0.5, 0], "texture": "#0"},
				"down": {"uv": [1.5, 0, 1, 0.5], "texture": "#0"}
			}
		},
		{
			"name": "stem",
			"from": [9.5, 2, 4.5],
			"to": [9.5, 21, 15.5],
			"rotation": {"angle": 22.5, "axis": "z", "origin": [10, 2, 10]},
			"faces": {
				"north": {"uv": [2.75, 2.75, 2.75, 7.5], "texture": "#0"},
				"east": {"uv": [0, 2.75, 2.75, 7.5], "texture": "#0"},
				"south": {"uv": [5.5, 2.75, 5.5, 7.5], "texture": "#0"},
				"west": {"uv": [2.75, 2.75, 5.5, 7.5], "texture": "#0"},
				"up": {"uv": [2.75, 2.75, 2.75, 0], "texture": "#0"},
				"down": {"uv": [2.75, 0, 2.75, 2.75], "texture": "#0"}
			}
		},
		{
			"name": "stem",
			"from": [4.25, 2, 10.5],
			"to": [15.25, 21, 10.5],
			"rotation": {"angle": 22.5, "axis": "x", "origin": [10.75, 2, 9.5]},
			"faces": {
				"north": {"uv": [0, 2.75, 2.75, 7.5], "texture": "#0"},
				"east": {"uv": [0, 2.75, 0, 7.5], "texture": "#0"},
				"south": {"uv": [2.75, 2.75, 5.5, 7.5], "texture": "#0"},
				"west": {"uv": [2.75, 2.75, 2.75, 7.5], "texture": "#0"},
				"up": {"uv": [2.75, 2.75, 0, 2.75], "texture": "#0"},
				"down": {"uv": [5.5, 2.75, 2.75, 2.75], "texture": "#0"}
			}
		},
		{
			"name": "stem",
			"from": [3.5, 2, 10],
			"to": [9.5, 21, 10],
			"rotation": {"angle": 22.5, "axis": "z", "origin": [10, 2, 10]},
			"faces": {
				"north": {"uv": [0, 7.5, 1.5, 12.25], "texture": "#0"},
				"east": {"uv": [0, 7.5, 0, 12.25], "texture": "#0"},
				"south": {"uv": [1.5, 7.5, 3, 12.25], "texture": "#0"},
				"west": {"uv": [1.5, 7.5, 1.5, 12.25], "texture": "#0"},
				"up": {"uv": [1.5, 7.5, 0, 7.5], "texture": "#0"},
				"down": {"uv": [3, 7.5, 1.5, 7.5], "texture": "#0"}
			}
		},
		{
			"name": "stem",
			"from": [10.5, 2, 4.5],
			"to": [10.5, 21, 15.5],
			"rotation": {"angle": -22.5, "axis": "z", "origin": [10, 2, 10]},
			"faces": {
				"north": {"uv": [2.75, 2.75, 2.75, 7.5], "texture": "#0"},
				"east": {"uv": [0, 2.75, 2.75, 7.5], "texture": "#0"},
				"south": {"uv": [5.5, 2.75, 5.5, 7.5], "texture": "#0"},
				"west": {"uv": [2.75, 2.75, 5.5, 7.5], "texture": "#0"},
				"up": {"uv": [2.75, 2.75, 2.75, 0], "texture": "#0"},
				"down": {"uv": [2.75, 0, 2.75, 2.75], "texture": "#0"}
			}
		},
		{
			"name": "stem",
			"from": [10.25, 2, 10],
			"to": [10.25, 21, 16],
			"rotation": {"angle": 22.5, "axis": "x", "origin": [10.75, 2, 9.5]},
			"faces": {
				"north": {"uv": [1.5, 7.75, 1.5, 12.5], "texture": "#0"},
				"east": {"uv": [1.5, 7.75, 3, 12.5], "texture": "#0"},
				"south": {"uv": [3, 7.75, 3, 12.5], "texture": "#0"},
				"west": {"uv": [0, 7.5, 1.5, 12.25], "texture": "#0"},
				"up": {"uv": [1.5, 7.75, 1.5, 6.25], "texture": "#0"},
				"down": {"uv": [1.5, 6.25, 1.5, 7.75], "texture": "#0"}
			}
		},
		{
			"name": "bush",
			"from": [-7.38406, 9.5, 0.69878],
			"to": [8.61594, 25.5, 0.69878],
			"rotation": {"angle": 45, "axis": "y", "origin": [5, 19.5, 4.8]},
			"faces": {
				"north": {"uv": [5.5, 5.5, 9.5, 9.5], "texture": "#0"},
				"east": {"uv": [5.5, 5.5, 5.5, 9.5], "texture": "#0"},
				"south": {"uv": [9.5, 5.5, 13.5, 9.5], "texture": "#0"},
				"west": {"uv": [9.5, 5.5, 9.5, 9.5], "texture": "#0"},
				"up": {"uv": [9.5, 5.5, 5.5, 5.5], "texture": "#0"},
				"down": {"uv": [13.5, 5.5, 9.5, 5.5], "texture": "#0"}
			}
		},
		{
			"name": "bush",
			"from": [1.80833, 10.5, 8.47696],
			"to": [17.80833, 26.5, 8.47696],
			"rotation": {"angle": 45, "axis": "y", "origin": [5, 19.5, 4.8]},
			"faces": {
				"north": {"uv": [5.5, 5.5, 9.5, 9.5], "texture": "#0"},
				"east": {"uv": [5.5, 5.5, 5.5, 9.5], "texture": "#0"},
				"south": {"uv": [9.5, 5.5, 13.5, 9.5], "texture": "#0"},
				"west": {"uv": [9.5, 5.5, 9.5, 9.5], "texture": "#0"},
				"up": {"uv": [9.5, 5.5, 5.5, 5.5], "texture": "#0"},
				"down": {"uv": [13.5, 5.5, 9.5, 5.5], "texture": "#0"}
			}
		},
		{
			"name": "bush",
			"from": [-3.14142, 13.5, 4.94142],
			"to": [12.85858, 29.5, 4.94142],
			"rotation": {"angle": 45, "axis": "y", "origin": [5, 18.5, 4.8]},
			"faces": {
				"north": {"uv": [5.5, 5.5, 9.5, 9.5], "texture": "#0"},
				"east": {"uv": [5.5, 5.5, 5.5, 9.5], "texture": "#0"},
				"south": {"uv": [9.5, 5.5, 13.5, 9.5], "texture": "#0"},
				"west": {"uv": [9.5, 5.5, 9.5, 9.5], "texture": "#0"},
				"up": {"uv": [9.5, 5.5, 5.5, 5.5], "texture": "#0"},
				"down": {"uv": [13.5, 5.5, 9.5, 5.5], "texture": "#0"}
			}
		},
		{
			"name": "bush",
			"from": [3.51543, 12.5, 0.03457],
			"to": [19.51543, 28.5, 0.03457],
			"rotation": {"angle": 45, "axis": "y", "origin": [6, 19.5, 5.55]},
			"faces": {
				"north": {"uv": [5.5, 5.5, 9.5, 9.5], "texture": "#0"},
				"east": {"uv": [5.5, 5.5, 5.5, 9.5], "texture": "#0"},
				"south": {"uv": [9.5, 5.5, 13.5, 9.5], "texture": "#0"},
				"west": {"uv": [9.5, 5.5, 9.5, 9.5], "texture": "#0"},
				"up": {"uv": [9.5, 5.5, 5.5, 5.5], "texture": "#0"},
				"down": {"uv": [13.5, 5.5, 9.5, 5.5], "texture": "#0"}
			}
		},
		{
			"name": "bush",
			"from": [-10.79828, 9.5, 8.84828],
			"to": [5.20172, 25.5, 8.84828],
			"rotation": {"angle": 45, "axis": "y", "origin": [3, 18.5, 3.05]},
			"faces": {
				"north": {"uv": [5.5, 5.5, 9.5, 9.5], "texture": "#0"},
				"east": {"uv": [5.5, 5.5, 5.5, 9.5], "texture": "#0"},
				"south": {"uv": [9.5, 5.5, 13.5, 9.5], "texture": "#0"},
				"west": {"uv": [9.5, 5.5, 9.5, 9.5], "texture": "#0"},
				"up": {"uv": [9.5, 5.5, 5.5, 5.5], "texture": "#0"},
				"down": {"uv": [13.5, 5.5, 9.5, 5.5], "texture": "#0"}
			}
		},
		{
			"name": "bush",
			"from": [-3.20172, 19.5, 2.84828],
			"to": [12.79828, 19.5, 18.84828],
			"rotation": {"angle": 45, "axis": "x", "origin": [4.79828, 19.5, 10.84828]},
			"faces": {
				"north": {"uv": [9.5, 5.5, 5.5, 5.5], "rotation": 180, "texture": "#0"},
				"east": {"uv": [5.5, 5.5, 5.5, 9.5], "rotation": 90, "texture": "#0"},
				"south": {"uv": [13.5, 5.5, 9.5, 5.5], "texture": "#0"},
				"west": {"uv": [9.5, 5.5, 9.5, 9.5], "rotation": 270, "texture": "#0"},
				"up": {"uv": [9.5, 5.5, 13.5, 9.5], "texture": "#0"},
				"down": {"uv": [5.5, 5.5, 9.5, 9.5], "rotation": 180, "texture": "#0"}
			}
		},
		{
			"name": "bush",
			"from": [-9.20172, 19.5, -3.15172],
			"to": [6.79828, 19.5, 12.84828],
			"rotation": {"angle": 45, "axis": "z", "origin": [-1.20172, 19.5, 4.84828]},
			"faces": {
				"north": {"uv": [9.5, 5.5, 9.5, 9.5], "rotation": 270, "texture": "#0"},
				"east": {"uv": [9.5, 5.5, 5.5, 5.5], "rotation": 180, "texture": "#0"},
				"south": {"uv": [5.5, 5.5, 5.5, 9.5], "rotation": 90, "texture": "#0"},
				"west": {"uv": [13.5, 5.5, 9.5, 5.5], "texture": "#0"},
				"up": {"uv": [9.5, 5.5, 13.5, 9.5], "rotation": 90, "texture": "#0"},
				"down": {"uv": [5.5, 5.5, 9.5, 9.5], "rotation": 90, "texture": "#0"}
			}
		},
		{
			"name": "bush",
			"from": [-3.20172, 19.5, -10.84828],
			"to": [12.79828, 19.5, 5.15172],
			"rotation": {"angle": -45, "axis": "x", "origin": [4.79828, 19.5, -2.84828]},
			"faces": {
				"north": {"uv": [9.5, 5.5, 13.5, 5.5], "texture": "#0"},
				"east": {"uv": [5.5, 9.5, 5.5, 5.5], "rotation": 90, "texture": "#0"},
				"south": {"uv": [5.5, 5.5, 9.5, 5.5], "rotation": 180, "texture": "#0"},
				"west": {"uv": [9.5, 9.5, 9.5, 5.5], "rotation": 270, "texture": "#0"},
				"up": {"uv": [9.5, 9.5, 13.5, 5.5], "texture": "#0"},
				"down": {"uv": [5.5, 9.5, 9.5, 5.5], "rotation": 180, "texture": "#0"}
			}
		},
		{
			"name": "bush",
			"from": [4.49483, 22.5, -3.15172],
			"to": [20.49483, 22.5, 12.84828],
			"rotation": {"angle": -45, "axis": "z", "origin": [12.49483, 22.5, 4.84828]},
			"faces": {
				"north": {"uv": [9.5, 9.5, 9.5, 5.5], "rotation": 270, "texture": "#0"},
				"east": {"uv": [9.5, 5.5, 13.5, 5.5], "texture": "#0"},
				"south": {"uv": [5.5, 9.5, 5.5, 5.5], "rotation": 90, "texture": "#0"},
				"west": {"uv": [5.5, 5.5, 9.5, 5.5], "rotation": 180, "texture": "#0"},
				"up": {"uv": [9.5, 9.5, 13.5, 5.5], "rotation": 90, "texture": "#0"},
				"down": {"uv": [5.5, 9.5, 9.5, 5.5], "rotation": 90, "texture": "#0"}
			}
		},
		{
			"name": "bush",
			"from": [-6.10122, 8.5, 8.18406],
			"to": [9.89878, 24.5, 8.18406],
			"rotation": {"angle": -45, "axis": "y", "origin": [6, 18.5, 3.8]},
			"faces": {
				"north": {"uv": [5.5, 5.5, 9.5, 9.5], "texture": "#0"},
				"east": {"uv": [5.5, 5.5, 5.5, 9.5], "texture": "#0"},
				"south": {"uv": [9.5, 5.5, 13.5, 9.5], "texture": "#0"},
				"west": {"uv": [9.5, 5.5, 9.5, 9.5], "texture": "#0"},
				"up": {"uv": [9.5, 5.5, 5.5, 5.5], "texture": "#0"},
				"down": {"uv": [13.5, 5.5, 9.5, 5.5], "texture": "#0"}
			}
		},
		{
			"name": "bush",
			"from": [0.67696, 9.5, 1.99167],
			"to": [16.67696, 25.5, 1.99167],
			"rotation": {"angle": -45, "axis": "y", "origin": [5, 18.5, 6.8]},
			"faces": {
				"north": {"uv": [5.5, 5.5, 9.5, 9.5], "texture": "#0"},
				"east": {"uv": [5.5, 5.5, 5.5, 9.5], "texture": "#0"},
				"south": {"uv": [9.5, 5.5, 13.5, 9.5], "texture": "#0"},
				"west": {"uv": [9.5, 5.5, 9.5, 9.5], "texture": "#0"},
				"up": {"uv": [9.5, 5.5, 5.5, 5.5], "texture": "#0"},
				"down": {"uv": [13.5, 5.5, 9.5, 5.5], "texture": "#0"}
			}
		},
		{
			"name": "bush",
			"from": [-2.85858, 14.5, 4.94142],
			"to": [13.14142, 30.5, 4.94142],
			"rotation": {"angle": -45, "axis": "y", "origin": [5, 19.5, 4.8]},
			"faces": {
				"north": {"uv": [5.5, 5.5, 9.5, 9.5], "texture": "#0"},
				"east": {"uv": [5.5, 5.5, 5.5, 9.5], "texture": "#0"},
				"south": {"uv": [9.5, 5.5, 13.5, 9.5], "texture": "#0"},
				"west": {"uv": [9.5, 5.5, 9.5, 9.5], "texture": "#0"},
				"up": {"uv": [9.5, 5.5, 5.5, 5.5], "texture": "#0"},
				"down": {"uv": [13.5, 5.5, 9.5, 5.5], "texture": "#0"}
			}
		},
		{
			"name": "bush",
			"from": [-9.51543, 12.5, 0.03457],
			"to": [6.48457, 28.5, 0.03457],
			"rotation": {"angle": -45, "axis": "y", "origin": [4, 19.5, 5.55]},
			"faces": {
				"north": {"uv": [5.5, 5.5, 9.5, 9.5], "texture": "#0"},
				"east": {"uv": [5.5, 5.5, 5.5, 9.5], "texture": "#0"},
				"south": {"uv": [9.5, 5.5, 13.5, 9.5], "texture": "#0"},
				"west": {"uv": [9.5, 5.5, 9.5, 9.5], "texture": "#0"},
				"up": {"uv": [9.5, 5.5, 5.5, 5.5], "texture": "#0"},
				"down": {"uv": [13.5, 5.5, 9.5, 5.5], "texture": "#0"}
			}
		},
		{
			"name": "bush",
			"from": [3.79828, 11.5, 8.84828],
			"to": [19.79828, 27.5, 8.84828],
			"rotation": {"angle": -45, "axis": "y", "origin": [6, 20.5, 3.05]},
			"faces": {
				"north": {"uv": [5.5, 5.5, 9.5, 9.5], "texture": "#0"},
				"east": {"uv": [5.5, 5.5, 5.5, 9.5], "texture": "#0"},
				"south": {"uv": [9.5, 5.5, 13.5, 9.5], "texture": "#0"},
				"west": {"uv": [9.5, 5.5, 9.5, 9.5], "texture": "#0"},
				"up": {"uv": [9.5, 5.5, 5.5, 5.5], "texture": "#0"},
				"down": {"uv": [13.5, 5.5, 9.5, 5.5], "texture": "#0"}
			}
		},
		{
			"name": "stem",
			"from": [5.25, 2.5, -1],
			"to": [5.25, 21.5, 5],
			"rotation": {"angle": -22.5, "axis": "x", "origin": [5.75, 2.5, 4.5]},
			"faces": {
				"north": {"uv": [1.5, 7.75, 1.5, 12.5], "texture": "#0"},
				"east": {"uv": [0, 7.75, 1.5, 12.5], "texture": "#0"},
				"south": {"uv": [3, 7.75, 3, 12.5], "texture": "#0"},
				"west": {"uv": [1.5, 7.75, 3, 12.5], "texture": "#0"},
				"up": {"uv": [1.5, 7.75, 1.5, 6.25], "texture": "#0"},
				"down": {"uv": [1.5, 6.25, 1.5, 7.75], "texture": "#0"}
			}
		},
		{
			"name": "stem",
			"from": [-0.75, 2.5, 4.5],
			"to": [10.25, 21.5, 4.5],
			"rotation": {"angle": -22.5, "axis": "x", "origin": [5.75, 2.5, 4.5]},
			"faces": {
				"north": {"uv": [0, 2.75, 2.75, 7.5], "texture": "#0"},
				"east": {"uv": [0, 2.75, 0, 7.5], "texture": "#0"},
				"south": {"uv": [2.75, 2.75, 5.5, 7.5], "texture": "#0"},
				"west": {"uv": [2.75, 2.75, 2.75, 7.5], "texture": "#0"},
				"up": {"uv": [2.75, 2.75, 0, 2.75], "texture": "#0"},
				"down": {"uv": [5.5, 2.75, 2.75, 2.75], "texture": "#0"}
			}
		},
		{
			"name": "stem",
			"from": [5.5, 2.5, 5],
			"to": [11.5, 21.5, 5],
			"shade": false,
			"rotation": {"angle": -22.5, "axis": "z", "origin": [5, 2.5, 5]},
			"faces": {
				"north": {"uv": [1.5, 7.5, 0, 12.25], "texture": "#0"},
				"east": {"uv": [1.5, 7.5, 1.5, 12.25], "texture": "#0"},
				"south": {"uv": [3, 7.5, 1.5, 12.25], "texture": "#0"},
				"west": {"uv": [0, 7.5, 0, 12.25], "texture": "#0"},
				"up": {"uv": [0, 7.5, 1.5, 7.5], "texture": "#0"},
				"down": {"uv": [1.5, 7.5, 3, 7.5], "texture": "#0"}
			}
		},
		{
			"name": "stem",
			"from": [4, 0, 4],
			"to": [6, 3, 6],
			"rotation": {"angle": 0, "axis": "y", "origin": [5, 8, 5]},
			"faces": {
				"north": {"uv": [0.5, 0.5, 1, 1.25], "texture": "#0"},
				"east": {"uv": [0, 0.5, 0.5, 1.25], "texture": "#0"},
				"south": {"uv": [1.5, 0.5, 2, 1.25], "texture": "#0"},
				"west": {"uv": [1, 0.5, 1.5, 1.25], "texture": "#0"},
				"up": {"uv": [1, 0.5, 0.5, 0], "texture": "#0"},
				"down": {"uv": [1.5, 0, 1, 0.5], "texture": "#0"}
			}
		},
		{
			"name": "stem",
			"from": [4.5, 2.5, -0.5],
			"to": [4.5, 21.5, 10.5],
			"rotation": {"angle": 22.5, "axis": "z", "origin": [5, 2.5, 5]},
			"faces": {
				"north": {"uv": [2.75, 2.75, 2.75, 7.5], "texture": "#0"},
				"east": {"uv": [0, 2.75, 2.75, 7.5], "texture": "#0"},
				"south": {"uv": [5.5, 2.75, 5.5, 7.5], "texture": "#0"},
				"west": {"uv": [2.75, 2.75, 5.5, 7.5], "texture": "#0"},
				"up": {"uv": [2.75, 2.75, 2.75, 0], "texture": "#0"},
				"down": {"uv": [2.75, 0, 2.75, 2.75], "texture": "#0"}
			}
		},
		{
			"name": "stem",
			"from": [-0.75, 2.5, 5.5],
			"to": [10.25, 21.5, 5.5],
			"rotation": {"angle": 22.5, "axis": "x", "origin": [5.75, 2.5, 4.5]},
			"faces": {
				"north": {"uv": [0, 2.75, 2.75, 7.5], "texture": "#0"},
				"east": {"uv": [0, 2.75, 0, 7.5], "texture": "#0"},
				"south": {"uv": [2.75, 2.75, 5.5, 7.5], "texture": "#0"},
				"west": {"uv": [2.75, 2.75, 2.75, 7.5], "texture": "#0"},
				"up": {"uv": [2.75, 2.75, 0, 2.75], "texture": "#0"},
				"down": {"uv": [5.5, 2.75, 2.75, 2.75], "texture": "#0"}
			}
		},
		{
			"name": "stem",
			"from": [-1.5, 2.5, 5],
			"to": [4.5, 21.5, 5],
			"rotation": {"angle": 22.5, "axis": "z", "origin": [5, 2.5, 5]},
			"faces": {
				"north": {"uv": [0, 7.5, 1.5, 12.25], "texture": "#0"},
				"east": {"uv": [0, 7.5, 0, 12.25], "texture": "#0"},
				"south": {"uv": [1.5, 7.5, 3, 12.25], "texture": "#0"},
				"west": {"uv": [1.5, 7.5, 1.5, 12.25], "texture": "#0"},
				"up": {"uv": [1.5, 7.5, 0, 7.5], "texture": "#0"},
				"down": {"uv": [3, 7.5, 1.5, 7.5], "texture": "#0"}
			}
		},
		{
			"name": "stem",
			"from": [5.5, 2.5, -0.5],
			"to": [5.5, 21.5, 10.5],
			"rotation": {"angle": -22.5, "axis": "z", "origin": [5, 2.5, 5]},
			"faces": {
				"north": {"uv": [2.75, 2.75, 2.75, 7.5], "texture": "#0"},
				"east": {"uv": [0, 2.75, 2.75, 7.5], "texture": "#0"},
				"south": {"uv": [5.5, 2.75, 5.5, 7.5], "texture": "#0"},
				"west": {"uv": [2.75, 2.75, 5.5, 7.5], "texture": "#0"},
				"up": {"uv": [2.75, 2.75, 2.75, 0], "texture": "#0"},
				"down": {"uv": [2.75, 0, 2.75, 2.75], "texture": "#0"}
			}
		},
		{
			"name": "stem",
			"from": [5.25, 2.5, 5],
			"to": [5.25, 21.5, 11],
			"rotation": {"angle": 22.5, "axis": "x", "origin": [5.75, 2.5, 4.5]},
			"faces": {
				"north": {"uv": [1.5, 7.75, 1.5, 12.5], "texture": "#0"},
				"east": {"uv": [1.5, 7.75, 3, 12.5], "texture": "#0"},
				"south": {"uv": [3, 7.75, 3, 12.5], "texture": "#0"},
				"west": {"uv": [0, 7.5, 1.5, 12.25], "texture": "#0"},
				"up": {"uv": [1.5, 7.75, 1.5, 6.25], "texture": "#0"},
				"down": {"uv": [1.5, 6.25, 1.5, 7.75], "texture": "#0"}
			}
		}
	]
}