{
	"credit": "Designed by Kevin *ArtsByKev* www.twitter.com/artsbykev, Made with Blockbench",
		"ambientocclusion": false,
	"textures": {
		"0": "block/dark_prismarine",
		"particle": "block/dark_prismarine"
	},
	"elements": [
		{
			"from": [0, 0, 0],
			"to": [16, 8, 16],
			"faces": {
				"north": {"uv": [0, 0, 16, 8], "texture": "#0"},
				"east": {"uv": [0, 8, 16, 16], "texture": "#0"},
				"south": {"uv": [0, 8, 16, 16], "texture": "#0"},
				"west": {"uv": [0, 8, 16, 16], "texture": "#0"},
				"up": {"uv": [0, 0, 16, 16], "texture": "#0"},
				"down": {"uv": [0, 0, 16, 16], "texture": "#0"}
			}
		},
		{
			"from": [8, 8, 8],
			"to": [16, 16, 16],
			"rotation": {"angle": 0, "axis": "y", "origin": [8, 16, 8]},
			"faces": {
				"north": {"uv": [0, 0, 8, 8], "texture": "#0"},
				"east": {"uv": [0, 0, 8, 8], "texture": "#0"},
				"south": {"uv": [8, 0, 16, 8], "texture": "#0"},
				"west": {"uv": [0, 0, 8, 8], "texture": "#0"},
				"up": {"uv": [0, 0, 8, 8], "texture": "#0"},
				"down": {"uv": [0, 0, 16, 8], "texture": "#0"}
			}
		},
		{
			"from": [2, 8, 2],
			"to": [16, 11, 8],
			"rotation": {"angle": 0, "axis": "y", "origin": [8, 11, 2]},
			"faces": {
				"north": {"uv": [0, 5, 16, 8], "texture": "#0"},
				"east": {"uv": [0, 3, 6, 6], "texture": "#0"},
				"south": {"uv": [0, 0, 16, 3], "texture": "#0"},
				"west": {"uv": [2, 5, 8, 8], "texture": "#0"},
				"up": {"uv": [0, 2, 16, 8], "texture": "#0"},
				"down": {"uv": [0, 0, 16, 6], "texture": "#0"}
			}
		},
		{
			"from": [2, 8, 8],
			"to": [8, 11, 16],
			"rotation": {"angle": 0, "axis": "y", "origin": [8, 11, 10]},
			"faces": {
				"north": {"uv": [0, 5, 16, 8], "texture": "#0"},
				"east": {"uv": [0, 3, 6, 6], "texture": "#0"},
				"south": {"uv": [2, 5, 8, 8], "texture": "#0"},
				"west": {"uv": [8, 5, 16, 8], "texture": "#0"},
				"up": {"uv": [4, 8, 10, 16], "texture": "#0"},
				"down": {"uv": [0, 0, 16, 6], "texture": "#0"}
			}
		},
		{
			"from": [0, 0, -6],
			"to": [16, 3, 0],
			"rotation": {"angle": 0, "axis": "y", "origin": [8, 3, -6]},
			"faces": {
				"north": {"uv": [0, 13, 16, 16], "texture": "#0"},
				"east": {"uv": [0, 13, 6, 16], "texture": "#0"},
				"south": {"uv": [0, 0, 16, 3], "texture": "#0"},
				"west": {"uv": [2, 13, 8, 16], "texture": "#0"},
				"up": {"uv": [0, 0, 16, 6], "texture": "#0"},
				"down": {"uv": [0, 0, 16, 6], "texture": "#0"}
			}
		},
		{
			"from": [-6, 0, -6],
			"to": [0, 3, 0],
			"rotation": {"angle": 0, "axis": "y", "origin": [2, 3, -6]},
			"faces": {
				"north": {"uv": [10, 0, 16, 3], "texture": "#0"},
				"east": {"uv": [0, 13, 6, 16], "texture": "#0"},
				"south": {"uv": [0, 0, 16, 3], "texture": "#0"},
				"west": {"uv": [10, 13, 16, 16], "texture": "#0"},
				"up": {"uv": [0, 0, 6, 6], "texture": "#0"},
				"down": {"uv": [10, 0, 16, 6], "texture": "#0"}
			}
		},
		{
			"from": [-6, 0, 0],
			"to": [0, 3, 16],
			"rotation": {"angle": 0, "axis": "y", "origin": [8, 3, 0]},
			"faces": {
				"north": {"uv": [0, 0, 16, 3], "texture": "#0"},
				"east": {"uv": [0, 13, 6, 16], "texture": "#0"},
				"south": {"uv": [0, 0, 6, 3], "texture": "#0"},
				"west": {"uv": [0, 13, 16, 16], "texture": "#0"},
				"up": {"uv": [0, 0, 6, 16], "texture": "#0"},
				"down": {"uv": [10, 0, 16, 16], "texture": "#0"}
			}
		},
		{
			"from": [5, 11, 5],
			"to": [16, 14, 8],
			"rotation": {"angle": 0, "axis": "y", "origin": [8, 14, 5]},
			"faces": {
				"north": {"uv": [0, 3, 11, 6], "texture": "#0"},
				"east": {"uv": [0, 2, 3, 5], "texture": "#0"},
				"south": {"uv": [0, 0, 16, 3], "texture": "#0"},
				"west": {"uv": [5, 2, 8, 5], "texture": "#0"},
				"up": {"uv": [0, 6, 11, 9], "texture": "#0"},
				"down": {"uv": [0, 0, 16, 3], "texture": "#0"}
			}
		},
		{
			"from": [5, 11, 8],
			"to": [8, 14, 16],
			"rotation": {"angle": 0, "axis": "y", "origin": [8, 14, 13]},
			"faces": {
				"north": {"uv": [0, 3, 16, 6], "texture": "#0"},
				"east": {"uv": [0, 2, 3, 5], "texture": "#0"},
				"south": {"uv": [5, 2, 8, 5], "texture": "#0"},
				"west": {"uv": [8, 2, 16, 5], "texture": "#0"},
				"up": {"uv": [8, 0, 11, 7], "texture": "#0"},
				"down": {"uv": [0, 0, 16, 3], "texture": "#0"}
			}
		},
		{
			"from": [0, 3, -3],
			"to": [16, 6, 0],
			"rotation": {"angle": 0, "axis": "y", "origin": [8, 6, -3]},
			"faces": {
				"north": {"uv": [0, 10, 16, 13], "texture": "#0"},
				"east": {"uv": [0, 10, 3, 13], "texture": "#0"},
				"south": {"uv": [0, 0, 16, 3], "texture": "#0"},
				"west": {"uv": [0, 10, 3, 13], "texture": "#0"},
				"up": {"uv": [0, 3, 16, 6], "texture": "#0"},
				"down": {"uv": [0, 0, 16, 3], "texture": "#0"}
			}
		},
		{
			"from": [-3, 3, 0],
			"to": [0, 6, 16],
			"rotation": {"angle": 0, "axis": "y", "origin": [8, 6, 0]},
			"faces": {
				"north": {"uv": [13, 10, 16, 13], "texture": "#0"},
				"east": {"uv": [0, 10, 3, 13], "texture": "#0"},
				"south": {"uv": [0, 8, 3, 11], "texture": "#0"},
				"west": {"uv": [0, 10, 16, 13], "texture": "#0"},
				"up": {"uv": [5, 0, 8, 16], "texture": "#0"},
				"down": {"uv": [0, 0, 16, 3], "texture": "#0"}
			}
		},
		{
			"from": [-3, 3, -3],
			"to": [0, 6, 0],
			"rotation": {"angle": 0, "axis": "y", "origin": [8, 6, -3]},
			"faces": {
				"north": {"uv": [0, 10, 3, 13], "texture": "#0"},
				"east": {"uv": [0, 10, 3, 13], "texture": "#0"},
				"south": {"uv": [0, 8, 3, 11], "texture": "#0"},
				"west": {"uv": [0, 10, 3, 13], "texture": "#0"},
				"up": {"uv": [5, 0, 8, 3], "texture": "#0"},
				"down": {"uv": [0, 0, 16, 3], "texture": "#0"}
			}
		}
	]
}