{
	"credit": "Designed by Kevin *ArtsByKev* www.twitter.com/artsbykev, Made with Blockbench",
		"ambientocclusion": false,
	"textures": {
		"0": "block/dark_prismarine",
		"particle": "block/dark_prismarine"
	},
	"elements": [
		{
			"from": [0, 0, 0],
			"to": [16, 8, 16],
			"faces": {
				"north": {"uv": [0, 8, 16, 16], "texture": "#0"},
				"east": {"uv": [0, 8, 16, 16], "texture": "#0"},
				"south": {"uv": [0, 8, 16, 16], "texture": "#0"},
				"west": {"uv": [0, 0, 16, 8], "texture": "#0"},
				"up": {"uv": [0, 0, 16, 16], "rotation": 270, "texture": "#0"},
				"down": {"uv": [0, 0, 16, 16], "rotation": 90, "texture": "#0"}
			}
		},
		{
			"from": [8, 8, 0],
			"to": [16, 16, 16],
			"rotation": {"angle": 0, "axis": "y", "origin": [8, 16, 8]},
			"faces": {
				"north": {"uv": [0, 0, 8, 8], "texture": "#0"},
				"east": {"uv": [0, 0, 16, 8], "texture": "#0"},
				"south": {"uv": [0, 0, 8, 8], "texture": "#0"},
				"west": {"uv": [0, 0, 16, 8], "texture": "#0"},
				"up": {"uv": [0, 8, 16, 16], "rotation": 270, "texture": "#0"},
				"down": {"uv": [0, 0, 16, 8], "rotation": 90, "texture": "#0"}
			}
		},
		{
			"from": [2, 8, 0],
			"to": [8, 11, 16],
			"rotation": {"angle": 0, "axis": "y", "origin": [2, 11, 8]},
			"faces": {
				"north": {"uv": [0, 3, 6, 6], "texture": "#0"},
				"east": {"uv": [0, 0, 16, 3], "texture": "#0"},
				"south": {"uv": [2, 5, 8, 8], "texture": "#0"},
				"west": {"uv": [0, 5, 16, 8], "texture": "#0"},
				"up": {"uv": [0, 2, 16, 8], "rotation": 270, "texture": "#0"},
				"down": {"uv": [0, 0, 16, 6], "rotation": 90, "texture": "#0"}
			}
		},
		{
			"from": [-6, 0, 0],
			"to": [0, 3, 16],
			"rotation": {"angle": 0, "axis": "y", "origin": [-6, 3, 8]},
			"faces": {
				"north": {"uv": [0, 13, 6, 16], "texture": "#0"},
				"east": {"uv": [0, 0, 16, 3], "texture": "#0"},
				"south": {"uv": [2, 13, 8, 16], "texture": "#0"},
				"west": {"uv": [0, 0, 16, 3], "texture": "#0"},
				"up": {"uv": [0, 10, 16, 16], "rotation": 270, "texture": "#0"},
				"down": {"uv": [0, 0, 16, 6], "rotation": 90, "texture": "#0"}
			}
		},
		{
			"from": [5, 11, 0],
			"to": [8, 14, 16],
			"rotation": {"angle": 0, "axis": "y", "origin": [5, 14, 8]},
			"faces": {
				"north": {"uv": [0, 2, 3, 5], "texture": "#0"},
				"east": {"uv": [0, 0, 16, 3], "texture": "#0"},
				"south": {"uv": [5, 2, 8, 5], "texture": "#0"},
				"west": {"uv": [0, 3, 16, 6], "texture": "#0"},
				"up": {"uv": [0, 5, 16, 8], "rotation": 270, "texture": "#0"},
				"down": {"uv": [0, 0, 16, 3], "rotation": 90, "texture": "#0"}
			}
		},
		{
			"from": [-3, 3, 0],
			"to": [0, 6, 16],
			"rotation": {"angle": 0, "axis": "y", "origin": [-3, 6, 8]},
			"faces": {
				"north": {"uv": [0, 10, 3, 13], "texture": "#0"},
				"east": {"uv": [0, 0, 16, 3], "texture": "#0"},
				"south": {"uv": [5, 10, 8, 13], "texture": "#0"},
				"west": {"uv": [0, 0, 16, 3], "texture": "#0"},
				"up": {"uv": [0, 13, 16, 16], "rotation": 270, "texture": "#0"},
				"down": {"uv": [0, 0, 16, 3], "rotation": 90, "texture": "#0"}
			}
		}
	]
}