{
	"credit": "Designed by Kevin *ArtsByKev* www.twitter.com/artsbykev, Made with Blockbench",
	"ambientocclusion": false,
	"textures": {
		"0": "artsbykev_var/textures/flower_c",
		"particle": "artsbykev_var/textures/flower_c"
	},
	"elements": [
		{
			"from": [5, 0, 7],
			"to": [5, 4, 8],
			"rotation": {"angle": 22.5, "axis": "z", "origin": [5, 0, 8]},
			"faces": {
				"north": {"uv": [3, 3, 3, 7], "texture": "#0"},
				"east": {"uv": [2, 3, 3, 7], "texture": "#0"},
				"south": {"uv": [4, 3, 4, 7], "texture": "#0"},
				"west": {"uv": [3, 3, 4, 7], "texture": "#0"},
				"up": {"uv": [3, 3, 3, 2], "texture": "#0"},
				"down": {"uv": [3, 2, 3, 3], "texture": "#0"}
			}
		},
		{
			"from": [8, 0, 5],
			"to": [8, 7, 6],
			"rotation": {"angle": -22.5, "axis": "z", "origin": [8, 0, 6]},
			"faces": {
				"north": {"uv": [1, 1, 1, 8], "texture": "#0"},
				"east": {"uv": [0, 1, 1, 8], "texture": "#0"},
				"south": {"uv": [2, 1, 2, 8], "texture": "#0"},
				"west": {"uv": [1, 1, 2, 8], "texture": "#0"},
				"up": {"uv": [1, 1, 1, 0], "texture": "#0"},
				"down": {"uv": [1, 0, 1, 1], "texture": "#0"}
			}
		},
		{
			"from": [9.75, 6.5, 4.5],
			"to": [11.75, 6.5, 6.5],
			"rotation": {"angle": 0, "axis": "z", "origin": [10.75, 6.5, 5.5]},
			"faces": {
				"north": {"uv": [2, 12, 4, 12], "texture": "#0"},
				"east": {"uv": [0, 12, 2, 12], "texture": "#0"},
				"south": {"uv": [6, 12, 8, 12], "texture": "#0"},
				"west": {"uv": [4, 12, 6, 12], "texture": "#0"},
				"up": {"uv": [4, 12, 2, 10], "texture": "#0"},
				"down": {"uv": [6, 10, 4, 12], "texture": "#0"}
			}
		},
		{
			"from": [4.75, 4.6, 11.75],
			"to": [6.75, 4.6, 13.75],
			"rotation": {"angle": 0, "axis": "z", "origin": [5.75, 4.6, 12.75]},
			"faces": {
				"north": {"uv": [2, 12, 4, 12], "texture": "#0"},
				"east": {"uv": [0, 12, 2, 12], "texture": "#0"},
				"south": {"uv": [6, 12, 8, 12], "texture": "#0"},
				"west": {"uv": [4, 12, 6, 12], "texture": "#0"},
				"up": {"uv": [4, 12, 2, 10], "texture": "#0"},
				"down": {"uv": [6, 10, 4, 12], "texture": "#0"}
			}
		},
		{
			"from": [2.5, 3.7, 6.5],
			"to": [4.5, 3.7, 8.5],
			"rotation": {"angle": 0, "axis": "z", "origin": [3.5, 3.7, 7.5]},
			"faces": {
				"north": {"uv": [2, 12, 4, 12], "texture": "#0"},
				"east": {"uv": [0, 12, 2, 12], "texture": "#0"},
				"south": {"uv": [6, 12, 8, 12], "texture": "#0"},
				"west": {"uv": [4, 12, 6, 12], "texture": "#0"},
				"up": {"uv": [4, 12, 2, 10], "texture": "#0"},
				"down": {"uv": [6, 10, 4, 12], "texture": "#0"}
			}
		},
		{
			"from": [11.75, 6.5, 3.5],
			"to": [11.75, 8.5, 7.5],
			"rotation": {"angle": -45, "axis": "z", "origin": [11.75, 6.5, 5.5]},
			"faces": {
				"north": {"uv": [4, 8, 4, 10], "texture": "#0"},
				"east": {"uv": [0, 8, 4, 10], "texture": "#0"},
				"south": {"uv": [8, 8, 8, 10], "texture": "#0"},
				"west": {"uv": [4, 8, 8, 10], "texture": "#0"},
				"up": {"uv": [4, 8, 4, 4], "texture": "#0"},
				"down": {"uv": [4, 4, 4, 8], "texture": "#0"}
			}
		},
		{
			"from": [6.75, 4.6, 10.75],
			"to": [6.75, 6.6, 14.75],
			"rotation": {"angle": -45, "axis": "z", "origin": [6.75, 4.6, 12.75]},
			"faces": {
				"north": {"uv": [4, 8, 4, 10], "texture": "#0"},
				"east": {"uv": [0, 8, 4, 10], "texture": "#0"},
				"south": {"uv": [8, 8, 8, 10], "texture": "#0"},
				"west": {"uv": [4, 8, 8, 10], "texture": "#0"},
				"up": {"uv": [4, 8, 4, 4], "texture": "#0"},
				"down": {"uv": [4, 4, 4, 8], "texture": "#0"}
			}
		},
		{
			"from": [4.5, 3.7, 5.5],
			"to": [4.5, 5.7, 9.5],
			"rotation": {"angle": -45, "axis": "z", "origin": [4.5, 3.7, 7.5]},
			"faces": {
				"north": {"uv": [4, 8, 4, 10], "texture": "#0"},
				"east": {"uv": [0, 8, 4, 10], "texture": "#0"},
				"south": {"uv": [8, 8, 8, 10], "texture": "#0"},
				"west": {"uv": [4, 8, 8, 10], "texture": "#0"},
				"up": {"uv": [4, 8, 4, 4], "texture": "#0"},
				"down": {"uv": [4, 4, 4, 8], "texture": "#0"}
			}
		},
		{
			"from": [9.75, 6.5, 3.5],
			"to": [9.75, 8.5, 7.5],
			"rotation": {"angle": 45, "axis": "z", "origin": [9.75, 6.5, 5.5]},
			"faces": {
				"north": {"uv": [12, 8, 12, 10], "texture": "#0"},
				"east": {"uv": [8, 8, 12, 10], "texture": "#0"},
				"south": {"uv": [16, 8, 16, 10], "texture": "#0"},
				"west": {"uv": [12, 8, 16, 10], "texture": "#0"},
				"up": {"uv": [12, 8, 12, 4], "texture": "#0"},
				"down": {"uv": [12, 4, 12, 8], "texture": "#0"}
			}
		},
		{
			"from": [4.75, 4.6, 10.75],
			"to": [4.75, 6.6, 14.75],
			"rotation": {"angle": 45, "axis": "z", "origin": [4.75, 4.6, 12.75]},
			"faces": {
				"north": {"uv": [12, 8, 12, 10], "texture": "#0"},
				"east": {"uv": [8, 8, 12, 10], "texture": "#0"},
				"south": {"uv": [16, 8, 16, 10], "texture": "#0"},
				"west": {"uv": [12, 8, 16, 10], "texture": "#0"},
				"up": {"uv": [12, 8, 12, 4], "texture": "#0"},
				"down": {"uv": [12, 4, 12, 8], "texture": "#0"}
			}
		},
		{
			"from": [2.5, 3.7, 5.5],
			"to": [2.5, 5.7, 9.5],
			"rotation": {"angle": 45, "axis": "z", "origin": [2.5, 3.7, 7.5]},
			"faces": {
				"north": {"uv": [12, 8, 12, 10], "texture": "#0"},
				"east": {"uv": [8, 8, 12, 10], "texture": "#0"},
				"south": {"uv": [16, 8, 16, 10], "texture": "#0"},
				"west": {"uv": [12, 8, 16, 10], "texture": "#0"},
				"up": {"uv": [12, 8, 12, 4], "texture": "#0"},
				"down": {"uv": [12, 4, 12, 8], "texture": "#0"}
			}
		},
		{
			"from": [8.75, 6.5, 6.5],
			"to": [12.75, 8.5, 6.5],
			"rotation": {"angle": 45, "axis": "x", "origin": [10.75, 6.5, 6.5]},
			"faces": {
				"north": {"uv": [8, 8, 12, 10], "texture": "#0"},
				"east": {"uv": [8, 8, 8, 10], "texture": "#0"},
				"south": {"uv": [12, 8, 16, 10], "texture": "#0"},
				"west": {"uv": [12, 8, 12, 10], "texture": "#0"},
				"up": {"uv": [12, 8, 8, 8], "texture": "#0"},
				"down": {"uv": [16, 8, 12, 8], "texture": "#0"}
			}
		},
		{
			"from": [3.75, 4.6, 13.75],
			"to": [7.75, 6.6, 13.75],
			"rotation": {"angle": 45, "axis": "x", "origin": [5.75, 4.6, 13.75]},
			"faces": {
				"north": {"uv": [8, 8, 12, 10], "texture": "#0"},
				"east": {"uv": [8, 8, 8, 10], "texture": "#0"},
				"south": {"uv": [12, 8, 16, 10], "texture": "#0"},
				"west": {"uv": [12, 8, 12, 10], "texture": "#0"},
				"up": {"uv": [12, 8, 8, 8], "texture": "#0"},
				"down": {"uv": [16, 8, 12, 8], "texture": "#0"}
			}
		},
		{
			"from": [1.5, 3.7, 8.5],
			"to": [5.5, 5.7, 8.5],
			"rotation": {"angle": 45, "axis": "x", "origin": [3.5, 3.7, 8.5]},
			"faces": {
				"north": {"uv": [8, 8, 12, 10], "texture": "#0"},
				"east": {"uv": [8, 8, 8, 10], "texture": "#0"},
				"south": {"uv": [12, 8, 16, 10], "texture": "#0"},
				"west": {"uv": [12, 8, 12, 10], "texture": "#0"},
				"up": {"uv": [12, 8, 8, 8], "texture": "#0"},
				"down": {"uv": [16, 8, 12, 8], "texture": "#0"}
			}
		},
		{
			"from": [8.75, 6.5, 4.5],
			"to": [12.75, 8.5, 4.5],
			"rotation": {"angle": -45, "axis": "x", "origin": [10.75, 6.5, 4.5]},
			"faces": {
				"north": {"uv": [0, 8, 4, 10], "texture": "#0"},
				"east": {"uv": [0, 8, 0, 10], "texture": "#0"},
				"south": {"uv": [4, 8, 8, 10], "texture": "#0"},
				"west": {"uv": [4, 8, 4, 10], "texture": "#0"},
				"up": {"uv": [4, 8, 0, 8], "texture": "#0"},
				"down": {"uv": [8, 8, 4, 8], "texture": "#0"}
			}
		},
		{
			"from": [3.75, 4.6, 11.75],
			"to": [7.75, 6.6, 11.75],
			"rotation": {"angle": -45, "axis": "x", "origin": [5.75, 4.6, 11.75]},
			"faces": {
				"north": {"uv": [0, 8, 4, 10], "texture": "#0"},
				"east": {"uv": [0, 8, 0, 10], "texture": "#0"},
				"south": {"uv": [4, 8, 8, 10], "texture": "#0"},
				"west": {"uv": [4, 8, 4, 10], "texture": "#0"},
				"up": {"uv": [4, 8, 0, 8], "texture": "#0"},
				"down": {"uv": [8, 8, 4, 8], "texture": "#0"}
			}
		},
		{
			"from": [1.5, 3.7, 6.5],
			"to": [5.5, 5.7, 6.5],
			"rotation": {"angle": -45, "axis": "x", "origin": [3.5, 3.7, 6.5]},
			"faces": {
				"north": {"uv": [0, 8, 4, 10], "texture": "#0"},
				"east": {"uv": [0, 8, 0, 10], "texture": "#0"},
				"south": {"uv": [4, 8, 8, 10], "texture": "#0"},
				"west": {"uv": [4, 8, 4, 10], "texture": "#0"},
				"up": {"uv": [4, 8, 0, 8], "texture": "#0"},
				"down": {"uv": [8, 8, 4, 8], "texture": "#0"}
			}
		},
		{
			"from": [7.75, 4, 3.25],
			"to": [11.75, 4, 7.25],
			"rotation": {"angle": 0, "axis": "y", "origin": [9.75, 4, 5.25]},
			"faces": {
				"north": {"uv": [4, 8, 8, 8], "texture": "#0"},
				"east": {"uv": [0, 8, 4, 8], "texture": "#0"},
				"south": {"uv": [12, 8, 16, 8], "texture": "#0"},
				"west": {"uv": [8, 8, 12, 8], "texture": "#0"},
				"up": {"uv": [8, 8, 4, 4], "texture": "#0"},
				"down": {"uv": [12, 4, 8, 8], "texture": "#0"}
			}
		},
		{
			"from": [2.25, 2.25, 5.5],
			"to": [6.25, 2.25, 9.5],
			"rotation": {"angle": 0, "axis": "y", "origin": [4.25, 2.25, 7.5]},
			"faces": {
				"north": {"uv": [4, 4, 8, 4], "texture": "#0"},
				"east": {"uv": [0, 4, 4, 4], "texture": "#0"},
				"south": {"uv": [12, 4, 16, 4], "texture": "#0"},
				"west": {"uv": [8, 4, 12, 4], "texture": "#0"},
				"up": {"uv": [8, 4, 4, 0], "texture": "#0"},
				"down": {"uv": [12, 0, 8, 4], "texture": "#0"}
			}
		},
		{
			"from": [4.5, 3.25, 10.25],
			"to": [8.5, 3.25, 14.25],
			"rotation": {"angle": 0, "axis": "y", "origin": [6.5, 3.25, 12.25]},
			"faces": {
				"north": {"uv": [4, 4, 8, 4], "texture": "#0"},
				"east": {"uv": [0, 4, 4, 4], "texture": "#0"},
				"south": {"uv": [12, 4, 16, 4], "texture": "#0"},
				"west": {"uv": [8, 4, 12, 4], "texture": "#0"},
				"up": {"uv": [8, 4, 4, 0], "texture": "#0"},
				"down": {"uv": [12, 0, 8, 4], "texture": "#0"}
			}
		},
		{
			"from": [6, 0, 11],
			"to": [7, 5, 11],
			"rotation": {"angle": 22.5, "axis": "x", "origin": [6, 0, 11]},
			"faces": {
				"north": {"uv": [0, 10, 1, 15], "texture": "#0"},
				"east": {"uv": [0, 10, 0, 15], "texture": "#0"},
				"south": {"uv": [1, 10, 2, 15], "texture": "#0"},
				"west": {"uv": [1, 10, 1, 15], "texture": "#0"},
				"up": {"uv": [1, 10, 0, 10], "texture": "#0"},
				"down": {"uv": [2, 10, 1, 10], "texture": "#0"}
			}
		}
	]
}