{
	"credit": "Designed by Kevin *ArtsByKev* www.twitter.com/artsbykev, Made with Blockbench",
	"ambientocclusion": false,
	"textures": {
		"0": "artsbykev_var/textures/flower_a",
		"particle": "artsbykev_var/textures/flower_a"
	},
	"elements": [
		{
			"from": [3, 0, 7],
			"to": [10, 7, 7],
			"rotation": {"angle": 22.5, "axis": "x", "origin": [10, 0, 7]},
			"faces": {
				"north": {"uv": [0, 0, 7, 7], "texture": "#0"},
				"east": {"uv": [0, 0, 0, 7], "texture": "#0"},
				"south": {"uv": [7, 0, 14, 7], "texture": "#0"},
				"west": {"uv": [7, 0, 7, 7], "texture": "#0"},
				"up": {"uv": [7, 0, 0, 0], "texture": "#0"},
				"down": {"uv": [14, 0, 7, 0], "texture": "#0"}
			}
		},
		{
			"from": [6, 0, 6],
			"to": [11, 5, 6],
			"rotation": {"angle": -45, "axis": "x", "origin": [13, 0, 6]},
			"faces": {
				"north": {"uv": [0, 2, 5, 7], "texture": "#0"},
				"east": {"uv": [0, 0, 0, 5], "texture": "#0"},
				"south": {"uv": [9, 2, 14, 7], "texture": "#0"},
				"west": {"uv": [5, 0, 5, 5], "texture": "#0"},
				"up": {"uv": [5, 0, 0, 0], "texture": "#0"},
				"down": {"uv": [10, 0, 5, 0], "texture": "#0"}
			}
		},
		{
			"from": [7, 0, 8],
			"to": [12, 5, 8],
			"rotation": {"angle": 45, "axis": "x", "origin": [5, 0, 8]},
			"faces": {
				"north": {"uv": [5, 2, 0, 7], "texture": "#0"},
				"east": {"uv": [5, 0, 5, 5], "texture": "#0"},
				"south": {"uv": [14, 2, 9, 7], "texture": "#0"},
				"west": {"uv": [0, 0, 0, 5], "texture": "#0"},
				"up": {"uv": [0, 0, 5, 0], "texture": "#0"},
				"down": {"uv": [5, 0, 10, 0], "texture": "#0"}
			}
		},
		{
			"from": [2.25, 6.25, 8.5],
			"to": [5.25, 6.25, 10.5],
			"rotation": {"angle": -22.5, "axis": "z", "origin": [5.25, 6.25, 9.5]},
			"faces": {
				"north": {"uv": [7, 9, 10, 9], "texture": "#0"},
				"east": {"uv": [5, 9, 7, 9], "texture": "#0"},
				"south": {"uv": [12, 9, 15, 9], "texture": "#0"},
				"west": {"uv": [10, 9, 12, 9], "texture": "#0"},
				"up": {"uv": [10, 9, 7, 7], "texture": "#0"},
				"down": {"uv": [13, 7, 10, 9], "texture": "#0"}
			}
		},
		{
			"from": [0.25, 2.25, 6.75],
			"to": [3.25, 2.25, 8.75],
			"rotation": {"angle": 22.5, "axis": "z", "origin": [3.25, 2.25, 7.75]},
			"faces": {
				"north": {"uv": [7, 9, 10, 9], "texture": "#0"},
				"east": {"uv": [5, 9, 7, 9], "texture": "#0"},
				"south": {"uv": [12, 9, 15, 9], "texture": "#0"},
				"west": {"uv": [10, 9, 12, 9], "texture": "#0"},
				"up": {"uv": [10, 9, 7, 7], "texture": "#0"},
				"down": {"uv": [13, 7, 10, 9], "texture": "#0"}
			}
		},
		{
			"from": [7, 2, 10],
			"to": [9, 2, 13],
			"rotation": {"angle": 22.5, "axis": "x", "origin": [8, 2, 10]},
			"faces": {
				"north": {"uv": [3, 10, 5, 10], "texture": "#0"},
				"east": {"uv": [0, 10, 3, 10], "texture": "#0"},
				"south": {"uv": [8, 10, 10, 10], "texture": "#0"},
				"west": {"uv": [5, 10, 8, 10], "texture": "#0"},
				"up": {"uv": [5, 10, 3, 7], "texture": "#0"},
				"down": {"uv": [7, 7, 5, 10], "texture": "#0"}
			}
		},
		{
			"from": [11.75, 3.25, 10.5],
			"to": [14.75, 3.25, 12.5],
			"rotation": {"angle": 22.5, "axis": "z", "origin": [11.75, 3.25, 11.5]},
			"faces": {
				"north": {"uv": [0, 10, 3, 10], "texture": "#0"},
				"east": {"uv": [8, 10, 10, 10], "texture": "#0"},
				"south": {"uv": [5, 10, 8, 10], "texture": "#0"},
				"west": {"uv": [3, 10, 5, 10], "texture": "#0"},
				"up": {"uv": [5, 10, 3, 7], "rotation": 270, "texture": "#0"},
				"down": {"uv": [7, 7, 5, 10], "rotation": 90, "texture": "#0"}
			}
		},
		{
			"from": [9.25, 6.25, 8.5],
			"to": [12.25, 6.25, 10.5],
			"rotation": {"angle": -22.5, "axis": "z", "origin": [9.25, 6.25, 9.5]},
			"faces": {
				"north": {"uv": [0, 10, 3, 10], "texture": "#0"},
				"east": {"uv": [8, 10, 10, 10], "texture": "#0"},
				"south": {"uv": [5, 10, 8, 10], "texture": "#0"},
				"west": {"uv": [3, 10, 5, 10], "texture": "#0"},
				"up": {"uv": [5, 10, 3, 7], "rotation": 270, "texture": "#0"},
				"down": {"uv": [7, 7, 5, 10], "rotation": 90, "texture": "#0"}
			}
		},
		{
			"from": [9, 2, 4],
			"to": [11, 2, 7],
			"rotation": {"angle": 22.5, "axis": "y", "origin": [10, 2, 4]},
			"faces": {
				"north": {"uv": [3, 10, 5, 10], "texture": "#0"},
				"east": {"uv": [0, 10, 3, 10], "texture": "#0"},
				"south": {"uv": [8, 10, 10, 10], "texture": "#0"},
				"west": {"uv": [5, 10, 8, 10], "texture": "#0"},
				"up": {"uv": [5, 10, 3, 7], "texture": "#0"},
				"down": {"uv": [7, 7, 5, 10], "texture": "#0"}
			}
		},
		{
			"from": [3.5, 3.5, 2],
			"to": [6.5, 3.5, 4],
			"rotation": {"angle": -45, "axis": "y", "origin": [6.5, 3.5, 3]},
			"faces": {
				"north": {"uv": [5, 10, 8, 10], "texture": "#0"},
				"east": {"uv": [3, 10, 5, 10], "texture": "#0"},
				"south": {"uv": [0, 10, 3, 10], "texture": "#0"},
				"west": {"uv": [8, 10, 10, 10], "texture": "#0"},
				"up": {"uv": [5, 10, 3, 7], "rotation": 90, "texture": "#0"},
				"down": {"uv": [7, 7, 5, 10], "rotation": 270, "texture": "#0"}
			}
		},
		{
			"name": "flower",
			"from": [6, 3.75, 2.5],
			"to": [8, 5.75, 2.5],
			"rotation": {"angle": -45, "axis": "x", "origin": [7, 3.75, 2.5]},
			"faces": {
				"north": {"uv": [0, 10, 2, 12], "texture": "#0"},
				"east": {"uv": [0, 10, 0, 12], "texture": "#0"},
				"south": {"uv": [2, 10, 4, 12], "texture": "#0"},
				"west": {"uv": [2, 10, 2, 12], "texture": "#0"},
				"up": {"uv": [2, 10, 0, 10], "texture": "#0"},
				"down": {"uv": [4, 10, 2, 10], "texture": "#0"}
			}
		},
		{
			"name": "flower",
			"from": [6.75, 5.75, 9.25],
			"to": [8.75, 7.75, 9.25],
			"rotation": {"angle": -45, "axis": "x", "origin": [7.75, 5.75, 9.25]},
			"faces": {
				"north": {"uv": [0, 10, 2, 12], "texture": "#0"},
				"east": {"uv": [0, 10, 0, 12], "texture": "#0"},
				"south": {"uv": [2, 10, 4, 12], "texture": "#0"},
				"west": {"uv": [2, 10, 2, 12], "texture": "#0"},
				"up": {"uv": [2, 10, 0, 10], "texture": "#0"},
				"down": {"uv": [4, 10, 2, 10], "texture": "#0"}
			}
		},
		{
			"name": "flower",
			"from": [2, 2.25, 7.25],
			"to": [4, 4.25, 7.25],
			"rotation": {"angle": -45, "axis": "x", "origin": [3, 2.25, 7.25]},
			"faces": {
				"north": {"uv": [0, 10, 2, 12], "texture": "#0"},
				"east": {"uv": [0, 10, 0, 12], "texture": "#0"},
				"south": {"uv": [2, 10, 4, 12], "texture": "#0"},
				"west": {"uv": [2, 10, 2, 12], "texture": "#0"},
				"up": {"uv": [2, 10, 0, 10], "texture": "#0"},
				"down": {"uv": [4, 10, 2, 10], "texture": "#0"}
			}
		},
		{
			"name": "flower",
			"from": [9, 3.5, 11.5],
			"to": [11, 5.5, 11.5],
			"rotation": {"angle": -45, "axis": "x", "origin": [10, 3.5, 11.5]},
			"faces": {
				"north": {"uv": [0, 10, 2, 12], "texture": "#0"},
				"east": {"uv": [0, 10, 0, 12], "texture": "#0"},
				"south": {"uv": [2, 10, 4, 12], "texture": "#0"},
				"west": {"uv": [2, 10, 2, 12], "texture": "#0"},
				"up": {"uv": [2, 10, 0, 10], "texture": "#0"},
				"down": {"uv": [4, 10, 2, 10], "texture": "#0"}
			}
		},
		{
			"name": "flower",
			"from": [6, 3.75, 2.5],
			"to": [8, 5.75, 2.5],
			"rotation": {"angle": 45, "axis": "x", "origin": [7, 3.75, 2.5]},
			"faces": {
				"north": {"uv": [0, 10, 2, 12], "texture": "#0"},
				"east": {"uv": [0, 10, 0, 12], "texture": "#0"},
				"south": {"uv": [2, 10, 4, 12], "texture": "#0"},
				"west": {"uv": [2, 10, 2, 12], "texture": "#0"},
				"up": {"uv": [2, 10, 0, 10], "texture": "#0"},
				"down": {"uv": [4, 10, 2, 10], "texture": "#0"}
			}
		},
		{
			"name": "flower",
			"from": [6.75, 5.75, 9.25],
			"to": [8.75, 7.75, 9.25],
			"rotation": {"angle": 45, "axis": "x", "origin": [7.75, 5.75, 9.25]},
			"faces": {
				"north": {"uv": [0, 10, 2, 12], "texture": "#0"},
				"east": {"uv": [0, 10, 0, 12], "texture": "#0"},
				"south": {"uv": [2, 10, 4, 12], "texture": "#0"},
				"west": {"uv": [2, 10, 2, 12], "texture": "#0"},
				"up": {"uv": [2, 10, 0, 10], "texture": "#0"},
				"down": {"uv": [4, 10, 2, 10], "texture": "#0"}
			}
		},
		{
			"name": "flower",
			"from": [2, 2.25, 7.25],
			"to": [4, 4.25, 7.25],
			"rotation": {"angle": 45, "axis": "x", "origin": [3, 2.25, 7.25]},
			"faces": {
				"north": {"uv": [0, 10, 2, 12], "texture": "#0"},
				"east": {"uv": [0, 10, 0, 12], "texture": "#0"},
				"south": {"uv": [2, 10, 4, 12], "texture": "#0"},
				"west": {"uv": [2, 10, 2, 12], "texture": "#0"},
				"up": {"uv": [2, 10, 0, 10], "texture": "#0"},
				"down": {"uv": [4, 10, 2, 10], "texture": "#0"}
			}
		},
		{
			"name": "flower",
			"from": [9, 3.5, 11.5],
			"to": [11, 5.5, 11.5],
			"rotation": {"angle": 45, "axis": "x", "origin": [10, 3.5, 11.5]},
			"faces": {
				"north": {"uv": [0, 10, 2, 12], "texture": "#0"},
				"east": {"uv": [0, 10, 0, 12], "texture": "#0"},
				"south": {"uv": [2, 10, 4, 12], "texture": "#0"},
				"west": {"uv": [2, 10, 2, 12], "texture": "#0"},
				"up": {"uv": [2, 10, 0, 10], "texture": "#0"},
				"down": {"uv": [4, 10, 2, 10], "texture": "#0"}
			}
		},
		{
			"name": "flower",
			"from": [7, 3.75, 1.5],
			"to": [7, 5.75, 3.5],
			"rotation": {"angle": 45, "axis": "z", "origin": [7, 3.75, 2.5]},
			"faces": {
				"north": {"uv": [9, 9, 9, 11], "texture": "#0"},
				"east": {"uv": [7, 9, 9, 11], "texture": "#0"},
				"south": {"uv": [11, 9, 11, 11], "texture": "#0"},
				"west": {"uv": [9, 9, 11, 11], "texture": "#0"},
				"up": {"uv": [9, 9, 9, 7], "texture": "#0"},
				"down": {"uv": [9, 7, 9, 9], "texture": "#0"}
			}
		},
		{
			"name": "flower",
			"from": [7.75, 5.75, 8.25],
			"to": [7.75, 7.75, 10.25],
			"rotation": {"angle": 45, "axis": "z", "origin": [7.75, 5.75, 9.25]},
			"faces": {
				"north": {"uv": [9, 9, 9, 11], "texture": "#0"},
				"east": {"uv": [7, 9, 9, 11], "texture": "#0"},
				"south": {"uv": [11, 9, 11, 11], "texture": "#0"},
				"west": {"uv": [9, 9, 11, 11], "texture": "#0"},
				"up": {"uv": [9, 9, 9, 7], "texture": "#0"},
				"down": {"uv": [9, 7, 9, 9], "texture": "#0"}
			}
		},
		{
			"name": "flower",
			"from": [3, 2.25, 6.25],
			"to": [3, 4.25, 8.25],
			"rotation": {"angle": 45, "axis": "z", "origin": [3, 2.25, 7.25]},
			"faces": {
				"north": {"uv": [9, 9, 9, 11], "texture": "#0"},
				"east": {"uv": [7, 9, 9, 11], "texture": "#0"},
				"south": {"uv": [11, 9, 11, 11], "texture": "#0"},
				"west": {"uv": [9, 9, 11, 11], "texture": "#0"},
				"up": {"uv": [9, 9, 9, 7], "texture": "#0"},
				"down": {"uv": [9, 7, 9, 9], "texture": "#0"}
			}
		},
		{
			"name": "flower",
			"from": [10, 3.5, 10.5],
			"to": [10, 5.5, 12.5],
			"rotation": {"angle": 45, "axis": "z", "origin": [10, 3.5, 11.5]},
			"faces": {
				"north": {"uv": [9, 9, 9, 11], "texture": "#0"},
				"east": {"uv": [7, 9, 9, 11], "texture": "#0"},
				"south": {"uv": [11, 9, 11, 11], "texture": "#0"},
				"west": {"uv": [9, 9, 11, 11], "texture": "#0"},
				"up": {"uv": [9, 9, 9, 7], "texture": "#0"},
				"down": {"uv": [9, 7, 9, 9], "texture": "#0"}
			}
		},
		{
			"name": "flower",
			"from": [7, 3.75, 1.5],
			"to": [7, 5.75, 3.5],
			"rotation": {"angle": -45, "axis": "z", "origin": [7, 3.75, 2.5]},
			"faces": {
				"north": {"uv": [9, 9, 9, 11], "texture": "#0"},
				"east": {"uv": [7, 9, 9, 11], "texture": "#0"},
				"south": {"uv": [11, 9, 11, 11], "texture": "#0"},
				"west": {"uv": [9, 9, 11, 11], "texture": "#0"},
				"up": {"uv": [9, 9, 9, 7], "texture": "#0"},
				"down": {"uv": [9, 7, 9, 9], "texture": "#0"}
			}
		},
		{
			"name": "flower",
			"from": [7.75, 5.75, 8.25],
			"to": [7.75, 7.75, 10.25],
			"rotation": {"angle": -45, "axis": "z", "origin": [7.75, 5.75, 9.25]},
			"faces": {
				"north": {"uv": [9, 9, 9, 11], "texture": "#0"},
				"east": {"uv": [7, 9, 9, 11], "texture": "#0"},
				"south": {"uv": [11, 9, 11, 11], "texture": "#0"},
				"west": {"uv": [9, 9, 11, 11], "texture": "#0"},
				"up": {"uv": [9, 9, 9, 7], "texture": "#0"},
				"down": {"uv": [9, 7, 9, 9], "texture": "#0"}
			}
		},
		{
			"name": "flower",
			"from": [3, 2.25, 6.25],
			"to": [3, 4.25, 8.25],
			"rotation": {"angle": -45, "axis": "z", "origin": [3, 2.25, 7.25]},
			"faces": {
				"north": {"uv": [9, 9, 9, 11], "texture": "#0"},
				"east": {"uv": [7, 9, 9, 11], "texture": "#0"},
				"south": {"uv": [11, 9, 11, 11], "texture": "#0"},
				"west": {"uv": [9, 9, 11, 11], "texture": "#0"},
				"up": {"uv": [9, 9, 9, 7], "texture": "#0"},
				"down": {"uv": [9, 7, 9, 9], "texture": "#0"}
			}
		},
		{
			"name": "flower",
			"from": [10, 3.5, 10.5],
			"to": [10, 5.5, 12.5],
			"rotation": {"angle": -45, "axis": "z", "origin": [10, 3.5, 11.5]},
			"faces": {
				"north": {"uv": [9, 9, 9, 11], "texture": "#0"},
				"east": {"uv": [7, 9, 9, 11], "texture": "#0"},
				"south": {"uv": [11, 9, 11, 11], "texture": "#0"},
				"west": {"uv": [9, 9, 11, 11], "texture": "#0"},
				"up": {"uv": [9, 9, 9, 7], "texture": "#0"},
				"down": {"uv": [9, 7, 9, 9], "texture": "#0"}
			}
		}
	]
}