{
	"credit": "Designed by Kevin *ArtsByKev* www.twitter.com/artsbykev, Made with Blockbench",
	"ambientocclusion": false,
	"textures": {
		"0": "artsbykev_var/textures/flower_c",
		"particle": "artsbykev_var/textures/flower_c"
	},
	"elements": [
		{
			"from": [6, 0, 9],
			"to": [6, 4, 10],
			"rotation": {"angle": 45, "axis": "z", "origin": [6, 0, 10]},
			"faces": {
				"north": {"uv": [3, 3, 3, 7], "texture": "#0"},
				"east": {"uv": [2, 3, 3, 7], "texture": "#0"},
				"south": {"uv": [4, 3, 4, 7], "texture": "#0"},
				"west": {"uv": [3, 3, 4, 7], "texture": "#0"},
				"up": {"uv": [3, 3, 3, 2], "texture": "#0"},
				"down": {"uv": [3, 2, 3, 3], "texture": "#0"}
			}
		},
		{
			"from": [9, 0, 7],
			"to": [9, 7, 8],
			"rotation": {"angle": -45, "axis": "z", "origin": [9, 0, 8]},
			"faces": {
				"north": {"uv": [1, 1, 1, 8], "texture": "#0"},
				"east": {"uv": [0, 1, 1, 8], "texture": "#0"},
				"south": {"uv": [2, 1, 2, 8], "texture": "#0"},
				"west": {"uv": [1, 1, 2, 8], "texture": "#0"},
				"up": {"uv": [1, 1, 1, 0], "texture": "#0"},
				"down": {"uv": [1, 0, 1, 1], "texture": "#0"}
			}
		},
		{
			"from": [10, 0, 11],
			"to": [10, 7, 12],
			"rotation": {"angle": 22.5, "axis": "z", "origin": [10, 0, 12]},
			"faces": {
				"north": {"uv": [1, 1, 1, 8], "texture": "#0"},
				"east": {"uv": [0, 1, 1, 8], "texture": "#0"},
				"south": {"uv": [2, 1, 2, 8], "texture": "#0"},
				"west": {"uv": [1, 1, 2, 8], "texture": "#0"},
				"up": {"uv": [1, 1, 1, 0], "texture": "#0"},
				"down": {"uv": [1, 0, 1, 1], "texture": "#0"}
			}
		},
		{
			"from": [5.5, 3.6, 1.5],
			"to": [7.5, 3.6, 3.5],
			"rotation": {"angle": 0, "axis": "y", "origin": [6.5, 3.6, 2.5]},
			"faces": {
				"north": {"uv": [2, 12, 4, 12], "texture": "#0"},
				"east": {"uv": [0, 12, 2, 12], "texture": "#0"},
				"south": {"uv": [6, 12, 8, 12], "texture": "#0"},
				"west": {"uv": [4, 12, 6, 12], "texture": "#0"},
				"up": {"uv": [4, 12, 2, 10], "texture": "#0"},
				"down": {"uv": [6, 10, 4, 12], "texture": "#0"}
			}
		},
		{
			"from": [6.3, 6.5, 10.5],
			"to": [8.3, 6.5, 12.5],
			"rotation": {"angle": 0, "axis": "y", "origin": [7.3, 6.5, 11.5]},
			"faces": {
				"north": {"uv": [2, 12, 4, 12], "texture": "#0"},
				"east": {"uv": [0, 12, 2, 12], "texture": "#0"},
				"south": {"uv": [6, 12, 8, 12], "texture": "#0"},
				"west": {"uv": [4, 12, 6, 12], "texture": "#0"},
				"up": {"uv": [4, 12, 2, 10], "texture": "#0"},
				"down": {"uv": [6, 10, 4, 12], "texture": "#0"}
			}
		},
		{
			"from": [12.95, 5, 6.5],
			"to": [14.95, 5, 8.5],
			"rotation": {"angle": 0, "axis": "y", "origin": [13.95, 5, 7.5]},
			"faces": {
				"north": {"uv": [2, 12, 4, 12], "texture": "#0"},
				"east": {"uv": [0, 12, 2, 12], "texture": "#0"},
				"south": {"uv": [6, 12, 8, 12], "texture": "#0"},
				"west": {"uv": [4, 12, 6, 12], "texture": "#0"},
				"up": {"uv": [4, 12, 2, 10], "texture": "#0"},
				"down": {"uv": [6, 10, 4, 12], "texture": "#0"}
			}
		},
		{
			"from": [2.2, 2.85, 8.5],
			"to": [4.2, 2.85, 10.5],
			"rotation": {"angle": 0, "axis": "y", "origin": [3.2, 2.85, 9.5]},
			"faces": {
				"north": {"uv": [2, 12, 4, 12], "texture": "#0"},
				"east": {"uv": [0, 12, 2, 12], "texture": "#0"},
				"south": {"uv": [6, 12, 8, 12], "texture": "#0"},
				"west": {"uv": [4, 12, 6, 12], "texture": "#0"},
				"up": {"uv": [4, 12, 2, 10], "texture": "#0"},
				"down": {"uv": [6, 10, 4, 12], "texture": "#0"}
			}
		},
		{
			"from": [7.5, 3.6, 0.5],
			"to": [7.5, 5.6, 4.5],
			"rotation": {"angle": -45, "axis": "z", "origin": [7.5, 3.6, 2.5]},
			"faces": {
				"north": {"uv": [4, 8, 4, 10], "texture": "#0"},
				"east": {"uv": [0, 8, 4, 10], "texture": "#0"},
				"south": {"uv": [8, 8, 8, 10], "texture": "#0"},
				"west": {"uv": [4, 8, 8, 10], "texture": "#0"},
				"up": {"uv": [4, 8, 4, 4], "texture": "#0"},
				"down": {"uv": [4, 4, 4, 8], "texture": "#0"}
			}
		},
		{
			"from": [8.3, 6.5, 9.5],
			"to": [8.3, 8.5, 13.5],
			"rotation": {"angle": -45, "axis": "z", "origin": [8.3, 6.5, 11.5]},
			"faces": {
				"north": {"uv": [4, 8, 4, 10], "texture": "#0"},
				"east": {"uv": [0, 8, 4, 10], "texture": "#0"},
				"south": {"uv": [8, 8, 8, 10], "texture": "#0"},
				"west": {"uv": [4, 8, 8, 10], "texture": "#0"},
				"up": {"uv": [4, 8, 4, 4], "texture": "#0"},
				"down": {"uv": [4, 4, 4, 8], "texture": "#0"}
			}
		},
		{
			"from": [14.95, 5, 5.5],
			"to": [14.95, 7, 9.5],
			"rotation": {"angle": -45, "axis": "z", "origin": [14.95, 5, 7.5]},
			"faces": {
				"north": {"uv": [4, 8, 4, 10], "texture": "#0"},
				"east": {"uv": [0, 8, 4, 10], "texture": "#0"},
				"south": {"uv": [8, 8, 8, 10], "texture": "#0"},
				"west": {"uv": [4, 8, 8, 10], "texture": "#0"},
				"up": {"uv": [4, 8, 4, 4], "texture": "#0"},
				"down": {"uv": [4, 4, 4, 8], "texture": "#0"}
			}
		},
		{
			"from": [4.2, 2.85, 7.5],
			"to": [4.2, 4.85, 11.5],
			"rotation": {"angle": -45, "axis": "z", "origin": [4.2, 2.85, 9.5]},
			"faces": {
				"north": {"uv": [4, 8, 4, 10], "texture": "#0"},
				"east": {"uv": [0, 8, 4, 10], "texture": "#0"},
				"south": {"uv": [8, 8, 8, 10], "texture": "#0"},
				"west": {"uv": [4, 8, 8, 10], "texture": "#0"},
				"up": {"uv": [4, 8, 4, 4], "texture": "#0"},
				"down": {"uv": [4, 4, 4, 8], "texture": "#0"}
			}
		},
		{
			"from": [5.5, 3.6, 0.5],
			"to": [5.5, 5.6, 4.5],
			"rotation": {"angle": 45, "axis": "z", "origin": [5.5, 3.6, 2.5]},
			"faces": {
				"north": {"uv": [12, 8, 12, 10], "texture": "#0"},
				"east": {"uv": [8, 8, 12, 10], "texture": "#0"},
				"south": {"uv": [16, 8, 16, 10], "texture": "#0"},
				"west": {"uv": [12, 8, 16, 10], "texture": "#0"},
				"up": {"uv": [12, 8, 12, 4], "texture": "#0"},
				"down": {"uv": [12, 4, 12, 8], "texture": "#0"}
			}
		},
		{
			"from": [6.3, 6.5, 9.5],
			"to": [6.3, 8.5, 13.5],
			"rotation": {"angle": 45, "axis": "z", "origin": [6.3, 6.5, 11.5]},
			"faces": {
				"north": {"uv": [12, 8, 12, 10], "texture": "#0"},
				"east": {"uv": [8, 8, 12, 10], "texture": "#0"},
				"south": {"uv": [16, 8, 16, 10], "texture": "#0"},
				"west": {"uv": [12, 8, 16, 10], "texture": "#0"},
				"up": {"uv": [12, 8, 12, 4], "texture": "#0"},
				"down": {"uv": [12, 4, 12, 8], "texture": "#0"}
			}
		},
		{
			"from": [12.95, 5, 5.5],
			"to": [12.95, 7, 9.5],
			"rotation": {"angle": 45, "axis": "z", "origin": [12.95, 5, 7.5]},
			"faces": {
				"north": {"uv": [12, 8, 12, 10], "texture": "#0"},
				"east": {"uv": [8, 8, 12, 10], "texture": "#0"},
				"south": {"uv": [16, 8, 16, 10], "texture": "#0"},
				"west": {"uv": [12, 8, 16, 10], "texture": "#0"},
				"up": {"uv": [12, 8, 12, 4], "texture": "#0"},
				"down": {"uv": [12, 4, 12, 8], "texture": "#0"}
			}
		},
		{
			"from": [2.2, 2.85, 7.5],
			"to": [2.2, 4.85, 11.5],
			"rotation": {"angle": 45, "axis": "z", "origin": [2.2, 2.85, 9.5]},
			"faces": {
				"north": {"uv": [12, 8, 12, 10], "texture": "#0"},
				"east": {"uv": [8, 8, 12, 10], "texture": "#0"},
				"south": {"uv": [16, 8, 16, 10], "texture": "#0"},
				"west": {"uv": [12, 8, 16, 10], "texture": "#0"},
				"up": {"uv": [12, 8, 12, 4], "texture": "#0"},
				"down": {"uv": [12, 4, 12, 8], "texture": "#0"}
			}
		},
		{
			"from": [4.5, 3.6, 3.5],
			"to": [8.5, 5.6, 3.5],
			"rotation": {"angle": 45, "axis": "x", "origin": [6.5, 3.6, 3.5]},
			"faces": {
				"north": {"uv": [8, 8, 12, 10], "texture": "#0"},
				"east": {"uv": [8, 8, 8, 10], "texture": "#0"},
				"south": {"uv": [12, 8, 16, 10], "texture": "#0"},
				"west": {"uv": [12, 8, 12, 10], "texture": "#0"},
				"up": {"uv": [12, 8, 8, 8], "texture": "#0"},
				"down": {"uv": [16, 8, 12, 8], "texture": "#0"}
			}
		},
		{
			"from": [5.3, 6.5, 12.5],
			"to": [9.3, 8.5, 12.5],
			"rotation": {"angle": 45, "axis": "x", "origin": [7.3, 6.5, 12.5]},
			"faces": {
				"north": {"uv": [8, 8, 12, 10], "texture": "#0"},
				"east": {"uv": [8, 8, 8, 10], "texture": "#0"},
				"south": {"uv": [12, 8, 16, 10], "texture": "#0"},
				"west": {"uv": [12, 8, 12, 10], "texture": "#0"},
				"up": {"uv": [12, 8, 8, 8], "texture": "#0"},
				"down": {"uv": [16, 8, 12, 8], "texture": "#0"}
			}
		},
		{
			"from": [11.95, 5, 8.5],
			"to": [15.95, 7, 8.5],
			"rotation": {"angle": 45, "axis": "x", "origin": [13.95, 5, 8.5]},
			"faces": {
				"north": {"uv": [8, 8, 12, 10], "texture": "#0"},
				"east": {"uv": [8, 8, 8, 10], "texture": "#0"},
				"south": {"uv": [12, 8, 16, 10], "texture": "#0"},
				"west": {"uv": [12, 8, 12, 10], "texture": "#0"},
				"up": {"uv": [12, 8, 8, 8], "texture": "#0"},
				"down": {"uv": [16, 8, 12, 8], "texture": "#0"}
			}
		},
		{
			"from": [1.2, 2.85, 10.5],
			"to": [5.2, 4.85, 10.5],
			"rotation": {"angle": 45, "axis": "x", "origin": [3.2, 2.85, 10.5]},
			"faces": {
				"north": {"uv": [8, 8, 12, 10], "texture": "#0"},
				"east": {"uv": [8, 8, 8, 10], "texture": "#0"},
				"south": {"uv": [12, 8, 16, 10], "texture": "#0"},
				"west": {"uv": [12, 8, 12, 10], "texture": "#0"},
				"up": {"uv": [12, 8, 8, 8], "texture": "#0"},
				"down": {"uv": [16, 8, 12, 8], "texture": "#0"}
			}
		},
		{
			"from": [4.5, 3.6, 1.5],
			"to": [8.5, 5.6, 1.5],
			"rotation": {"angle": -45, "axis": "x", "origin": [6.5, 3.6, 1.5]},
			"faces": {
				"north": {"uv": [0, 8, 4, 10], "texture": "#0"},
				"east": {"uv": [0, 8, 0, 10], "texture": "#0"},
				"south": {"uv": [4, 8, 8, 10], "texture": "#0"},
				"west": {"uv": [4, 8, 4, 10], "texture": "#0"},
				"up": {"uv": [4, 8, 0, 8], "texture": "#0"},
				"down": {"uv": [8, 8, 4, 8], "texture": "#0"}
			}
		},
		{
			"from": [5.3, 6.5, 10.5],
			"to": [9.3, 8.5, 10.5],
			"rotation": {"angle": -45, "axis": "x", "origin": [7.3, 6.5, 10.5]},
			"faces": {
				"north": {"uv": [0, 8, 4, 10], "texture": "#0"},
				"east": {"uv": [0, 8, 0, 10], "texture": "#0"},
				"south": {"uv": [4, 8, 8, 10], "texture": "#0"},
				"west": {"uv": [4, 8, 4, 10], "texture": "#0"},
				"up": {"uv": [4, 8, 0, 8], "texture": "#0"},
				"down": {"uv": [8, 8, 4, 8], "texture": "#0"}
			}
		},
		{
			"from": [11.95, 5, 6.5],
			"to": [15.95, 7, 6.5],
			"rotation": {"angle": -45, "axis": "x", "origin": [13.95, 5, 6.5]},
			"faces": {
				"north": {"uv": [0, 8, 4, 10], "texture": "#0"},
				"east": {"uv": [0, 8, 0, 10], "texture": "#0"},
				"south": {"uv": [4, 8, 8, 10], "texture": "#0"},
				"west": {"uv": [4, 8, 4, 10], "texture": "#0"},
				"up": {"uv": [4, 8, 0, 8], "texture": "#0"},
				"down": {"uv": [8, 8, 4, 8], "texture": "#0"}
			}
		},
		{
			"from": [1.2, 2.85, 8.5],
			"to": [5.2, 4.85, 8.5],
			"rotation": {"angle": -45, "axis": "x", "origin": [3.2, 2.85, 8.5]},
			"faces": {
				"north": {"uv": [0, 8, 4, 10], "texture": "#0"},
				"east": {"uv": [0, 8, 0, 10], "texture": "#0"},
				"south": {"uv": [4, 8, 8, 10], "texture": "#0"},
				"west": {"uv": [4, 8, 4, 10], "texture": "#0"},
				"up": {"uv": [4, 8, 0, 8], "texture": "#0"},
				"down": {"uv": [8, 8, 4, 8], "texture": "#0"}
			}
		},
		{
			"from": [10, 3, 5.5],
			"to": [14, 3, 9.5],
			"rotation": {"angle": 0, "axis": "y", "origin": [12, 3, 7.5]},
			"faces": {
				"north": {"uv": [4, 8, 8, 8], "texture": "#0"},
				"east": {"uv": [0, 8, 4, 8], "texture": "#0"},
				"south": {"uv": [12, 8, 16, 8], "texture": "#0"},
				"west": {"uv": [8, 8, 12, 8], "texture": "#0"},
				"up": {"uv": [8, 8, 4, 4], "texture": "#0"},
				"down": {"uv": [12, 4, 8, 8], "texture": "#0"}
			}
		},
		{
			"from": [6, 5, 9.5],
			"to": [10, 5, 13.5],
			"rotation": {"angle": 0, "axis": "y", "origin": [8, 5, 11.5]},
			"faces": {
				"north": {"uv": [4, 8, 8, 8], "texture": "#0"},
				"east": {"uv": [0, 8, 4, 8], "texture": "#0"},
				"south": {"uv": [12, 8, 16, 8], "texture": "#0"},
				"west": {"uv": [8, 8, 12, 8], "texture": "#0"},
				"up": {"uv": [8, 8, 4, 4], "texture": "#0"},
				"down": {"uv": [12, 4, 8, 8], "texture": "#0"}
			}
		},
		{
			"from": [4.5, 2, 2],
			"to": [8.5, 2, 6],
			"rotation": {"angle": 0, "axis": "y", "origin": [6.5, 2, 4]},
			"faces": {
				"north": {"uv": [4, 4, 8, 4], "texture": "#0"},
				"east": {"uv": [0, 4, 4, 4], "texture": "#0"},
				"south": {"uv": [12, 4, 16, 4], "texture": "#0"},
				"west": {"uv": [8, 4, 12, 4], "texture": "#0"},
				"up": {"uv": [8, 4, 4, 0], "texture": "#0"},
				"down": {"uv": [12, 0, 8, 4], "texture": "#0"}
			}
		},
		{
			"from": [2, 2, 7.5],
			"to": [6, 2, 11.5],
			"rotation": {"angle": 0, "axis": "y", "origin": [4, 2, 9.5]},
			"faces": {
				"north": {"uv": [4, 4, 8, 4], "texture": "#0"},
				"east": {"uv": [0, 4, 4, 4], "texture": "#0"},
				"south": {"uv": [12, 4, 16, 4], "texture": "#0"},
				"west": {"uv": [8, 4, 12, 4], "texture": "#0"},
				"up": {"uv": [8, 4, 4, 0], "texture": "#0"},
				"down": {"uv": [12, 0, 8, 4], "texture": "#0"}
			}
		},
		{
			"from": [6, 0, 6],
			"to": [7, 5, 6],
			"rotation": {"angle": -45, "axis": "x", "origin": [6, 0, 6]},
			"faces": {
				"north": {"uv": [0, 10, 1, 15], "texture": "#0"},
				"east": {"uv": [0, 10, 0, 15], "texture": "#0"},
				"south": {"uv": [1, 10, 2, 15], "texture": "#0"},
				"west": {"uv": [1, 10, 1, 15], "texture": "#0"},
				"up": {"uv": [1, 10, 0, 10], "texture": "#0"},
				"down": {"uv": [2, 10, 1, 10], "texture": "#0"}
			}
		}
	]
}