{
	"credit": "Designed by Kevin *ArtsByKev* www.twitter.com/artsbykev, Made with Blockbench",
	"ambientocclusion": false,
	"textures": {
		"0": "artsbykev_var/textures/flower_a",
		"particle": "artsbykev_var/textures/flower_a"
	},
	"elements": [
		{
			"from": [4, 0, 5],
			"to": [11, 7, 5],
			"rotation": {"angle": 45, "axis": "x", "origin": [11, 0, 5]},
			"faces": {
				"north": {"uv": [0, 0, 7, 7], "texture": "#0"},
				"east": {"uv": [0, 0, 0, 7], "texture": "#0"},
				"south": {"uv": [7, 0, 14, 7], "texture": "#0"},
				"west": {"uv": [7, 0, 7, 7], "texture": "#0"},
				"up": {"uv": [7, 0, 0, 0], "texture": "#0"},
				"down": {"uv": [14, 0, 7, 0], "texture": "#0"}
			}
		},
		{
			"from": [7, 2, 6],
			"to": [10, 2, 8],
			"rotation": {"angle": -22.5, "axis": "y", "origin": [10, 2, 7]},
			"faces": {
				"north": {"uv": [7, 9, 10, 9], "texture": "#0"},
				"east": {"uv": [5, 9, 7, 9], "texture": "#0"},
				"south": {"uv": [12, 9, 15, 9], "texture": "#0"},
				"west": {"uv": [10, 9, 12, 9], "texture": "#0"},
				"up": {"uv": [10, 9, 7, 7], "texture": "#0"},
				"down": {"uv": [13, 7, 10, 9], "texture": "#0"}
			}
		},
		{
			"from": [2, 2, 6],
			"to": [5, 2, 8],
			"rotation": {"angle": -22.5, "axis": "y", "origin": [5, 2, 7]},
			"faces": {
				"north": {"uv": [7, 9, 10, 9], "texture": "#0"},
				"east": {"uv": [5, 9, 7, 9], "texture": "#0"},
				"south": {"uv": [12, 9, 15, 9], "texture": "#0"},
				"west": {"uv": [10, 9, 12, 9], "texture": "#0"},
				"up": {"uv": [10, 9, 7, 7], "texture": "#0"},
				"down": {"uv": [13, 7, 10, 9], "texture": "#0"}
			}
		},
		{
			"from": [10, 1, 6],
			"to": [12, 1, 9],
			"rotation": {"angle": 22.5, "axis": "y", "origin": [11, 1, 6]},
			"faces": {
				"north": {"uv": [3, 10, 5, 10], "texture": "#0"},
				"east": {"uv": [0, 10, 3, 10], "texture": "#0"},
				"south": {"uv": [8, 10, 10, 10], "texture": "#0"},
				"west": {"uv": [5, 10, 8, 10], "texture": "#0"},
				"up": {"uv": [5, 10, 3, 7], "texture": "#0"},
				"down": {"uv": [7, 7, 5, 10], "texture": "#0"}
			}
		},
		{
			"from": [5.5, 4.75, 9.5],
			"to": [7.5, 4.75, 12.5],
			"rotation": {"angle": 22.5, "axis": "y", "origin": [6.5, 4.75, 9.5]},
			"faces": {
				"north": {"uv": [3, 10, 5, 10], "texture": "#0"},
				"east": {"uv": [0, 10, 3, 10], "texture": "#0"},
				"south": {"uv": [8, 10, 10, 10], "texture": "#0"},
				"west": {"uv": [5, 10, 8, 10], "texture": "#0"},
				"up": {"uv": [5, 10, 3, 7], "texture": "#0"},
				"down": {"uv": [7, 7, 5, 10], "texture": "#0"}
			}
		},
		{
			"from": [9, 5, 10],
			"to": [11, 7, 10],
			"rotation": {"angle": -45, "axis": "x", "origin": [10, 5, 10]},
			"faces": {
				"north": {"uv": [0, 10, 2, 12], "texture": "#0"},
				"east": {"uv": [0, 10, 0, 12], "texture": "#0"},
				"south": {"uv": [2, 10, 4, 12], "texture": "#0"},
				"west": {"uv": [2, 10, 2, 12], "texture": "#0"},
				"up": {"uv": [2, 10, 0, 10], "texture": "#0"},
				"down": {"uv": [4, 10, 2, 10], "texture": "#0"}
			}
		},
		{
			"from": [4, 4.25, 9.25],
			"to": [6, 6.25, 9.25],
			"rotation": {"angle": -45, "axis": "x", "origin": [5, 4.25, 9.25]},
			"faces": {
				"north": {"uv": [0, 10, 2, 12], "texture": "#0"},
				"east": {"uv": [0, 10, 0, 12], "texture": "#0"},
				"south": {"uv": [2, 10, 4, 12], "texture": "#0"},
				"west": {"uv": [2, 10, 2, 12], "texture": "#0"},
				"up": {"uv": [2, 10, 0, 10], "texture": "#0"},
				"down": {"uv": [4, 10, 2, 10], "texture": "#0"}
			}
		},
		{
			"from": [3, 2.25, 7.25],
			"to": [5, 4.25, 7.25],
			"rotation": {"angle": -45, "axis": "x", "origin": [4, 2.25, 7.25]},
			"faces": {
				"north": {"uv": [0, 10, 2, 12], "texture": "#0"},
				"east": {"uv": [0, 10, 0, 12], "texture": "#0"},
				"south": {"uv": [2, 10, 4, 12], "texture": "#0"},
				"west": {"uv": [2, 10, 2, 12], "texture": "#0"},
				"up": {"uv": [2, 10, 0, 10], "texture": "#0"},
				"down": {"uv": [4, 10, 2, 10], "texture": "#0"}
			}
		},
		{
			"from": [3, 2.25, 7.25],
			"to": [5, 4.25, 7.25],
			"rotation": {"angle": -45, "axis": "x", "origin": [4, 2.25, 7.25]},
			"faces": {
				"north": {"uv": [0, 10, 2, 12], "texture": "#0"},
				"east": {"uv": [0, 10, 0, 12], "texture": "#0"},
				"south": {"uv": [2, 10, 4, 12], "texture": "#0"},
				"west": {"uv": [2, 10, 2, 12], "texture": "#0"},
				"up": {"uv": [2, 10, 0, 10], "texture": "#0"},
				"down": {"uv": [4, 10, 2, 10], "texture": "#0"}
			}
		},
		{
			"from": [9, 5, 10],
			"to": [11, 7, 10],
			"rotation": {"angle": 45, "axis": "x", "origin": [10, 5, 10]},
			"faces": {
				"north": {"uv": [0, 10, 2, 12], "texture": "#0"},
				"east": {"uv": [0, 10, 0, 12], "texture": "#0"},
				"south": {"uv": [2, 10, 4, 12], "texture": "#0"},
				"west": {"uv": [2, 10, 2, 12], "texture": "#0"},
				"up": {"uv": [2, 10, 0, 10], "texture": "#0"},
				"down": {"uv": [4, 10, 2, 10], "texture": "#0"}
			}
		},
		{
			"from": [4, 4.25, 9.25],
			"to": [6, 6.25, 9.25],
			"rotation": {"angle": 45, "axis": "x", "origin": [5, 4.25, 9.25]},
			"faces": {
				"north": {"uv": [0, 10, 2, 12], "texture": "#0"},
				"east": {"uv": [0, 10, 0, 12], "texture": "#0"},
				"south": {"uv": [2, 10, 4, 12], "texture": "#0"},
				"west": {"uv": [2, 10, 2, 12], "texture": "#0"},
				"up": {"uv": [2, 10, 0, 10], "texture": "#0"},
				"down": {"uv": [4, 10, 2, 10], "texture": "#0"}
			}
		},
		{
			"from": [3, 2.25, 7.25],
			"to": [5, 4.25, 7.25],
			"rotation": {"angle": 45, "axis": "x", "origin": [4, 2.25, 7.25]},
			"faces": {
				"north": {"uv": [0, 10, 2, 12], "texture": "#0"},
				"east": {"uv": [0, 10, 0, 12], "texture": "#0"},
				"south": {"uv": [2, 10, 4, 12], "texture": "#0"},
				"west": {"uv": [2, 10, 2, 12], "texture": "#0"},
				"up": {"uv": [2, 10, 0, 10], "texture": "#0"},
				"down": {"uv": [4, 10, 2, 10], "texture": "#0"}
			}
		},
		{
			"from": [3, 2.25, 7.25],
			"to": [5, 4.25, 7.25],
			"rotation": {"angle": 45, "axis": "x", "origin": [4, 2.25, 7.25]},
			"faces": {
				"north": {"uv": [0, 10, 2, 12], "texture": "#0"},
				"east": {"uv": [0, 10, 0, 12], "texture": "#0"},
				"south": {"uv": [2, 10, 4, 12], "texture": "#0"},
				"west": {"uv": [2, 10, 2, 12], "texture": "#0"},
				"up": {"uv": [2, 10, 0, 10], "texture": "#0"},
				"down": {"uv": [4, 10, 2, 10], "texture": "#0"}
			}
		},
		{
			"from": [10, 5, 9],
			"to": [10, 7, 11],
			"rotation": {"angle": 45, "axis": "z", "origin": [10, 5, 10]},
			"faces": {
				"north": {"uv": [9, 9, 9, 11], "texture": "#0"},
				"east": {"uv": [7, 9, 9, 11], "texture": "#0"},
				"south": {"uv": [11, 9, 11, 11], "texture": "#0"},
				"west": {"uv": [9, 9, 11, 11], "texture": "#0"},
				"up": {"uv": [9, 9, 9, 7], "texture": "#0"},
				"down": {"uv": [9, 7, 9, 9], "texture": "#0"}
			}
		},
		{
			"from": [5, 4.25, 8.25],
			"to": [5, 6.25, 10.25],
			"rotation": {"angle": 45, "axis": "z", "origin": [5, 4.25, 9.25]},
			"faces": {
				"north": {"uv": [9, 9, 9, 11], "texture": "#0"},
				"east": {"uv": [7, 9, 9, 11], "texture": "#0"},
				"south": {"uv": [11, 9, 11, 11], "texture": "#0"},
				"west": {"uv": [9, 9, 11, 11], "texture": "#0"},
				"up": {"uv": [9, 9, 9, 7], "texture": "#0"},
				"down": {"uv": [9, 7, 9, 9], "texture": "#0"}
			}
		},
		{
			"from": [4, 2.25, 6.25],
			"to": [4, 4.25, 8.25],
			"rotation": {"angle": 45, "axis": "z", "origin": [4, 2.25, 7.25]},
			"faces": {
				"north": {"uv": [9, 9, 9, 11], "texture": "#0"},
				"east": {"uv": [7, 9, 9, 11], "texture": "#0"},
				"south": {"uv": [11, 9, 11, 11], "texture": "#0"},
				"west": {"uv": [9, 9, 11, 11], "texture": "#0"},
				"up": {"uv": [9, 9, 9, 7], "texture": "#0"},
				"down": {"uv": [9, 7, 9, 9], "texture": "#0"}
			}
		},
		{
			"from": [4, 2.25, 6.25],
			"to": [4, 4.25, 8.25],
			"rotation": {"angle": 45, "axis": "z", "origin": [4, 2.25, 7.25]},
			"faces": {
				"north": {"uv": [9, 9, 9, 11], "texture": "#0"},
				"east": {"uv": [7, 9, 9, 11], "texture": "#0"},
				"south": {"uv": [11, 9, 11, 11], "texture": "#0"},
				"west": {"uv": [9, 9, 11, 11], "texture": "#0"},
				"up": {"uv": [9, 9, 9, 7], "texture": "#0"},
				"down": {"uv": [9, 7, 9, 9], "texture": "#0"}
			}
		},
		{
			"from": [10, 5, 9],
			"to": [10, 7, 11],
			"rotation": {"angle": -45, "axis": "z", "origin": [10, 5, 10]},
			"faces": {
				"north": {"uv": [9, 9, 9, 11], "texture": "#0"},
				"east": {"uv": [7, 9, 9, 11], "texture": "#0"},
				"south": {"uv": [11, 9, 11, 11], "texture": "#0"},
				"west": {"uv": [9, 9, 11, 11], "texture": "#0"},
				"up": {"uv": [9, 9, 9, 7], "texture": "#0"},
				"down": {"uv": [9, 7, 9, 9], "texture": "#0"}
			}
		},
		{
			"from": [5, 4.25, 8.25],
			"to": [5, 6.25, 10.25],
			"rotation": {"angle": -45, "axis": "z", "origin": [5, 4.25, 9.25]},
			"faces": {
				"north": {"uv": [9, 9, 9, 11], "texture": "#0"},
				"east": {"uv": [7, 9, 9, 11], "texture": "#0"},
				"south": {"uv": [11, 9, 11, 11], "texture": "#0"},
				"west": {"uv": [9, 9, 11, 11], "texture": "#0"},
				"up": {"uv": [9, 9, 9, 7], "texture": "#0"},
				"down": {"uv": [9, 7, 9, 9], "texture": "#0"}
			}
		},
		{
			"from": [4, 2.25, 6.25],
			"to": [4, 4.25, 8.25],
			"rotation": {"angle": -45, "axis": "z", "origin": [4, 2.25, 7.25]},
			"faces": {
				"north": {"uv": [9, 9, 9, 11], "texture": "#0"},
				"east": {"uv": [7, 9, 9, 11], "texture": "#0"},
				"south": {"uv": [11, 9, 11, 11], "texture": "#0"},
				"west": {"uv": [9, 9, 11, 11], "texture": "#0"},
				"up": {"uv": [9, 9, 9, 7], "texture": "#0"},
				"down": {"uv": [9, 7, 9, 9], "texture": "#0"}
			}
		},
		{
			"from": [4, 2.25, 6.25],
			"to": [4, 4.25, 8.25],
			"rotation": {"angle": -45, "axis": "z", "origin": [4, 2.25, 7.25]},
			"faces": {
				"north": {"uv": [9, 9, 9, 11], "texture": "#0"},
				"east": {"uv": [7, 9, 9, 11], "texture": "#0"},
				"south": {"uv": [11, 9, 11, 11], "texture": "#0"},
				"west": {"uv": [9, 9, 11, 11], "texture": "#0"},
				"up": {"uv": [9, 9, 9, 7], "texture": "#0"},
				"down": {"uv": [9, 7, 9, 9], "texture": "#0"}
			}
		}
	]
}