{
	"credit": "Designed by Kevin *ArtsByKev* www.twitter.com/artsbykev, Made with Blockbench",
	"ambientocclusion": false,
	"textures": {
		"0": "artsbykev_var/textures/flower_c",
		"particle": "artsbykev_var/textures/flower_c"
	},
	"elements": [
		{
			"from": [8, 0, 2],
			"to": [8, 4, 3],
			"rotation": {"angle": 45, "axis": "z", "origin": [8, 0, 3]},
			"faces": {
				"north": {"uv": [3, 3, 3, 7], "texture": "#0"},
				"east": {"uv": [2, 3, 3, 7], "texture": "#0"},
				"south": {"uv": [4, 3, 4, 7], "texture": "#0"},
				"west": {"uv": [3, 3, 4, 7], "texture": "#0"},
				"up": {"uv": [3, 3, 3, 2], "texture": "#0"},
				"down": {"uv": [3, 2, 3, 3], "texture": "#0"}
			}
		},
		{
			"from": [14, 0, 7],
			"to": [14, 4, 8],
			"rotation": {"angle": -45, "axis": "z", "origin": [14, 0, 8]},
			"faces": {
				"north": {"uv": [3, 3, 3, 7], "texture": "#0"},
				"east": {"uv": [2, 3, 3, 7], "texture": "#0"},
				"south": {"uv": [4, 3, 4, 7], "texture": "#0"},
				"west": {"uv": [3, 3, 4, 7], "texture": "#0"},
				"up": {"uv": [3, 3, 3, 2], "texture": "#0"},
				"down": {"uv": [3, 2, 3, 3], "texture": "#0"}
			}
		},
		{
			"from": [10.67878, 6.46716, 12],
			"to": [10.67878, 10.46716, 13],
			"rotation": {"angle": 45, "axis": "z", "origin": [10.67878, 6.46716, 13]},
			"faces": {
				"north": {"uv": [3, 3, 3, 7], "texture": "#0"},
				"east": {"uv": [2, 3, 3, 7], "texture": "#0"},
				"south": {"uv": [4, 3, 4, 7], "texture": "#0"},
				"west": {"uv": [3, 3, 4, 7], "texture": "#0"},
				"up": {"uv": [3, 3, 3, 2], "texture": "#0"},
				"down": {"uv": [3, 2, 3, 3], "texture": "#0"}
			}
		},
		{
			"from": [8, 0, 12],
			"to": [8, 7, 13],
			"rotation": {"angle": -22.5, "axis": "z", "origin": [8, 0, 13]},
			"faces": {
				"north": {"uv": [1, 1, 1, 8], "texture": "#0"},
				"east": {"uv": [0, 1, 1, 8], "texture": "#0"},
				"south": {"uv": [2, 1, 2, 8], "texture": "#0"},
				"west": {"uv": [1, 1, 2, 8], "texture": "#0"},
				"up": {"uv": [1, 1, 1, 0], "texture": "#0"},
				"down": {"uv": [1, 0, 1, 1], "texture": "#0"}
			}
		},
		{
			"from": [10.67878, 6.46716, 12],
			"to": [10.67878, 13.46716, 13],
			"rotation": {"angle": -45, "axis": "z", "origin": [10.67878, 6.46716, 13]},
			"faces": {
				"north": {"uv": [1, 1, 1, 8], "texture": "#0"},
				"east": {"uv": [0, 1, 1, 8], "texture": "#0"},
				"south": {"uv": [2, 1, 2, 8], "texture": "#0"},
				"west": {"uv": [1, 1, 2, 8], "texture": "#0"},
				"up": {"uv": [1, 1, 1, 0], "texture": "#0"},
				"down": {"uv": [1, 0, 1, 1], "texture": "#0"}
			}
		},
		{
			"from": [9.5, 8.2, -0.5],
			"to": [11.5, 8.2, 1.5],
			"rotation": {"angle": 0, "axis": "y", "origin": [10.5, 8.2, 0.5]},
			"faces": {
				"north": {"uv": [2, 12, 4, 12], "texture": "#0"},
				"east": {"uv": [0, 12, 2, 12], "texture": "#0"},
				"south": {"uv": [6, 12, 8, 12], "texture": "#0"},
				"west": {"uv": [4, 12, 6, 12], "texture": "#0"},
				"up": {"uv": [4, 12, 2, 10], "texture": "#0"},
				"down": {"uv": [6, 10, 4, 12], "texture": "#0"}
			}
		},
		{
			"from": [1.5, 10.2, 4.5],
			"to": [3.5, 10.2, 6.5],
			"rotation": {"angle": 0, "axis": "y", "origin": [2.5, 10.2, 5.5]},
			"faces": {
				"north": {"uv": [2, 12, 4, 12], "texture": "#0"},
				"east": {"uv": [0, 12, 2, 12], "texture": "#0"},
				"south": {"uv": [6, 12, 8, 12], "texture": "#0"},
				"west": {"uv": [4, 12, 6, 12], "texture": "#0"},
				"up": {"uv": [4, 12, 2, 10], "texture": "#0"},
				"down": {"uv": [6, 10, 4, 12], "texture": "#0"}
			}
		},
		{
			"from": [7, 9.3, 11.5],
			"to": [9, 9.3, 13.5],
			"rotation": {"angle": 0, "axis": "y", "origin": [8, 9.3, 12.5]},
			"faces": {
				"north": {"uv": [2, 12, 4, 12], "texture": "#0"},
				"east": {"uv": [0, 12, 2, 12], "texture": "#0"},
				"south": {"uv": [6, 12, 8, 12], "texture": "#0"},
				"west": {"uv": [4, 12, 6, 12], "texture": "#0"},
				"up": {"uv": [4, 12, 2, 10], "texture": "#0"},
				"down": {"uv": [6, 10, 4, 12], "texture": "#0"}
			}
		},
		{
			"from": [14.6, 11.4, 11.5],
			"to": [16.6, 11.4, 13.5],
			"rotation": {"angle": 0, "axis": "y", "origin": [15.6, 11.4, 12.5]},
			"faces": {
				"north": {"uv": [2, 12, 4, 12], "texture": "#0"},
				"east": {"uv": [0, 12, 2, 12], "texture": "#0"},
				"south": {"uv": [6, 12, 8, 12], "texture": "#0"},
				"west": {"uv": [4, 12, 6, 12], "texture": "#0"},
				"up": {"uv": [4, 12, 2, 10], "texture": "#0"},
				"down": {"uv": [6, 10, 4, 12], "texture": "#0"}
			}
		},
		{
			"from": [4.15, 2.825, 1.5],
			"to": [6.15, 2.825, 3.5],
			"rotation": {"angle": 0, "axis": "y", "origin": [5.15, 2.825, 2.5]},
			"faces": {
				"north": {"uv": [2, 12, 4, 12], "texture": "#0"},
				"east": {"uv": [0, 12, 2, 12], "texture": "#0"},
				"south": {"uv": [6, 12, 8, 12], "texture": "#0"},
				"west": {"uv": [4, 12, 6, 12], "texture": "#0"},
				"up": {"uv": [4, 12, 2, 10], "texture": "#0"},
				"down": {"uv": [6, 10, 4, 12], "texture": "#0"}
			}
		},
		{
			"from": [15.9, 2.825, 6.5],
			"to": [17.9, 2.825, 8.5],
			"rotation": {"angle": 0, "axis": "y", "origin": [16.9, 2.825, 7.5]},
			"faces": {
				"north": {"uv": [2, 12, 4, 12], "texture": "#0"},
				"east": {"uv": [0, 12, 2, 12], "texture": "#0"},
				"south": {"uv": [6, 12, 8, 12], "texture": "#0"},
				"west": {"uv": [4, 12, 6, 12], "texture": "#0"},
				"up": {"uv": [4, 12, 2, 10], "texture": "#0"},
				"down": {"uv": [6, 10, 4, 12], "texture": "#0"}
			}
		},
		{
			"from": [9.5, 9.3, 4.95],
			"to": [11.5, 9.3, 6.95],
			"rotation": {"angle": 0, "axis": "y", "origin": [10.5, 9.3, 5.95]},
			"faces": {
				"north": {"uv": [2, 12, 4, 12], "texture": "#0"},
				"east": {"uv": [0, 12, 2, 12], "texture": "#0"},
				"south": {"uv": [6, 12, 8, 12], "texture": "#0"},
				"west": {"uv": [4, 12, 6, 12], "texture": "#0"},
				"up": {"uv": [4, 12, 2, 10], "texture": "#0"},
				"down": {"uv": [6, 10, 4, 12], "texture": "#0"}
			}
		},
		{
			"from": [1.5, 8.2, 9.6],
			"to": [3.5, 8.2, 11.6],
			"rotation": {"angle": 0, "axis": "y", "origin": [2.5, 8.2, 10.6]},
			"faces": {
				"north": {"uv": [2, 12, 4, 12], "texture": "#0"},
				"east": {"uv": [0, 12, 2, 12], "texture": "#0"},
				"south": {"uv": [6, 12, 8, 12], "texture": "#0"},
				"west": {"uv": [4, 12, 6, 12], "texture": "#0"},
				"up": {"uv": [4, 12, 2, 10], "texture": "#0"},
				"down": {"uv": [6, 10, 4, 12], "texture": "#0"}
			}
		},
		{
			"from": [11.5, 8.2, -1.5],
			"to": [11.5, 10.2, 2.5],
			"rotation": {"angle": -45, "axis": "z", "origin": [11.5, 8.2, 0.5]},
			"faces": {
				"north": {"uv": [4, 8, 4, 10], "texture": "#0"},
				"east": {"uv": [0, 8, 4, 10], "texture": "#0"},
				"south": {"uv": [8, 8, 8, 10], "texture": "#0"},
				"west": {"uv": [4, 8, 8, 10], "texture": "#0"},
				"up": {"uv": [4, 8, 4, 4], "texture": "#0"},
				"down": {"uv": [4, 4, 4, 8], "texture": "#0"}
			}
		},
		{
			"from": [3.5, 10.2, 3.5],
			"to": [3.5, 12.2, 7.5],
			"rotation": {"angle": -45, "axis": "z", "origin": [3.5, 10.2, 5.5]},
			"faces": {
				"north": {"uv": [4, 8, 4, 10], "texture": "#0"},
				"east": {"uv": [0, 8, 4, 10], "texture": "#0"},
				"south": {"uv": [8, 8, 8, 10], "texture": "#0"},
				"west": {"uv": [4, 8, 8, 10], "texture": "#0"},
				"up": {"uv": [4, 8, 4, 4], "texture": "#0"},
				"down": {"uv": [4, 4, 4, 8], "texture": "#0"}
			}
		},
		{
			"from": [9, 9.3, 10.5],
			"to": [9, 11.3, 14.5],
			"rotation": {"angle": -45, "axis": "z", "origin": [9, 9.3, 12.5]},
			"faces": {
				"north": {"uv": [4, 8, 4, 10], "texture": "#0"},
				"east": {"uv": [0, 8, 4, 10], "texture": "#0"},
				"south": {"uv": [8, 8, 8, 10], "texture": "#0"},
				"west": {"uv": [4, 8, 8, 10], "texture": "#0"},
				"up": {"uv": [4, 8, 4, 4], "texture": "#0"},
				"down": {"uv": [4, 4, 4, 8], "texture": "#0"}
			}
		},
		{
			"from": [16.6, 11.4, 10.5],
			"to": [16.6, 13.4, 14.5],
			"rotation": {"angle": -45, "axis": "z", "origin": [16.6, 11.4, 12.5]},
			"faces": {
				"north": {"uv": [4, 8, 4, 10], "texture": "#0"},
				"east": {"uv": [0, 8, 4, 10], "texture": "#0"},
				"south": {"uv": [8, 8, 8, 10], "texture": "#0"},
				"west": {"uv": [4, 8, 8, 10], "texture": "#0"},
				"up": {"uv": [4, 8, 4, 4], "texture": "#0"},
				"down": {"uv": [4, 4, 4, 8], "texture": "#0"}
			}
		},
		{
			"from": [6.15, 2.825, 0.5],
			"to": [6.15, 4.825, 4.5],
			"rotation": {"angle": -45, "axis": "z", "origin": [6.15, 2.825, 2.5]},
			"faces": {
				"north": {"uv": [4, 8, 4, 10], "texture": "#0"},
				"east": {"uv": [0, 8, 4, 10], "texture": "#0"},
				"south": {"uv": [8, 8, 8, 10], "texture": "#0"},
				"west": {"uv": [4, 8, 8, 10], "texture": "#0"},
				"up": {"uv": [4, 8, 4, 4], "texture": "#0"},
				"down": {"uv": [4, 4, 4, 8], "texture": "#0"}
			}
		},
		{
			"from": [17.9, 2.825, 5.5],
			"to": [17.9, 4.825, 9.5],
			"rotation": {"angle": -45, "axis": "z", "origin": [17.9, 2.825, 7.5]},
			"faces": {
				"north": {"uv": [4, 8, 4, 10], "texture": "#0"},
				"east": {"uv": [0, 8, 4, 10], "texture": "#0"},
				"south": {"uv": [8, 8, 8, 10], "texture": "#0"},
				"west": {"uv": [4, 8, 8, 10], "texture": "#0"},
				"up": {"uv": [4, 8, 4, 4], "texture": "#0"},
				"down": {"uv": [4, 4, 4, 8], "texture": "#0"}
			}
		},
		{
			"from": [11.5, 9.3, 3.95],
			"to": [11.5, 11.3, 7.95],
			"rotation": {"angle": -45, "axis": "z", "origin": [11.5, 9.3, 5.95]},
			"faces": {
				"north": {"uv": [4, 8, 4, 10], "texture": "#0"},
				"east": {"uv": [0, 8, 4, 10], "texture": "#0"},
				"south": {"uv": [8, 8, 8, 10], "texture": "#0"},
				"west": {"uv": [4, 8, 8, 10], "texture": "#0"},
				"up": {"uv": [4, 8, 4, 4], "texture": "#0"},
				"down": {"uv": [4, 4, 4, 8], "texture": "#0"}
			}
		},
		{
			"from": [3.5, 8.2, 8.6],
			"to": [3.5, 10.2, 12.6],
			"rotation": {"angle": -45, "axis": "z", "origin": [3.5, 8.2, 10.6]},
			"faces": {
				"north": {"uv": [4, 8, 4, 10], "texture": "#0"},
				"east": {"uv": [0, 8, 4, 10], "texture": "#0"},
				"south": {"uv": [8, 8, 8, 10], "texture": "#0"},
				"west": {"uv": [4, 8, 8, 10], "texture": "#0"},
				"up": {"uv": [4, 8, 4, 4], "texture": "#0"},
				"down": {"uv": [4, 4, 4, 8], "texture": "#0"}
			}
		},
		{
			"from": [9.5, 8.2, -1.5],
			"to": [9.5, 10.2, 2.5],
			"rotation": {"angle": 45, "axis": "z", "origin": [9.5, 8.2, 0.5]},
			"faces": {
				"north": {"uv": [12, 8, 12, 10], "texture": "#0"},
				"east": {"uv": [8, 8, 12, 10], "texture": "#0"},
				"south": {"uv": [16, 8, 16, 10], "texture": "#0"},
				"west": {"uv": [12, 8, 16, 10], "texture": "#0"},
				"up": {"uv": [12, 8, 12, 4], "texture": "#0"},
				"down": {"uv": [12, 4, 12, 8], "texture": "#0"}
			}
		},
		{
			"from": [1.5, 10.2, 3.5],
			"to": [1.5, 12.2, 7.5],
			"rotation": {"angle": 45, "axis": "z", "origin": [1.5, 10.2, 5.5]},
			"faces": {
				"north": {"uv": [12, 8, 12, 10], "texture": "#0"},
				"east": {"uv": [8, 8, 12, 10], "texture": "#0"},
				"south": {"uv": [16, 8, 16, 10], "texture": "#0"},
				"west": {"uv": [12, 8, 16, 10], "texture": "#0"},
				"up": {"uv": [12, 8, 12, 4], "texture": "#0"},
				"down": {"uv": [12, 4, 12, 8], "texture": "#0"}
			}
		},
		{
			"from": [7, 9.3, 10.5],
			"to": [7, 11.3, 14.5],
			"rotation": {"angle": 45, "axis": "z", "origin": [7, 9.3, 12.5]},
			"faces": {
				"north": {"uv": [12, 8, 12, 10], "texture": "#0"},
				"east": {"uv": [8, 8, 12, 10], "texture": "#0"},
				"south": {"uv": [16, 8, 16, 10], "texture": "#0"},
				"west": {"uv": [12, 8, 16, 10], "texture": "#0"},
				"up": {"uv": [12, 8, 12, 4], "texture": "#0"},
				"down": {"uv": [12, 4, 12, 8], "texture": "#0"}
			}
		},
		{
			"from": [14.6, 11.4, 10.5],
			"to": [14.6, 13.4, 14.5],
			"rotation": {"angle": 45, "axis": "z", "origin": [14.6, 11.4, 12.5]},
			"faces": {
				"north": {"uv": [12, 8, 12, 10], "texture": "#0"},
				"east": {"uv": [8, 8, 12, 10], "texture": "#0"},
				"south": {"uv": [16, 8, 16, 10], "texture": "#0"},
				"west": {"uv": [12, 8, 16, 10], "texture": "#0"},
				"up": {"uv": [12, 8, 12, 4], "texture": "#0"},
				"down": {"uv": [12, 4, 12, 8], "texture": "#0"}
			}
		},
		{
			"from": [4.15, 2.825, 0.5],
			"to": [4.15, 4.825, 4.5],
			"rotation": {"angle": 45, "axis": "z", "origin": [4.15, 2.825, 2.5]},
			"faces": {
				"north": {"uv": [12, 8, 12, 10], "texture": "#0"},
				"east": {"uv": [8, 8, 12, 10], "texture": "#0"},
				"south": {"uv": [16, 8, 16, 10], "texture": "#0"},
				"west": {"uv": [12, 8, 16, 10], "texture": "#0"},
				"up": {"uv": [12, 8, 12, 4], "texture": "#0"},
				"down": {"uv": [12, 4, 12, 8], "texture": "#0"}
			}
		},
		{
			"from": [15.9, 2.825, 5.5],
			"to": [15.9, 4.825, 9.5],
			"rotation": {"angle": 45, "axis": "z", "origin": [15.9, 2.825, 7.5]},
			"faces": {
				"north": {"uv": [12, 8, 12, 10], "texture": "#0"},
				"east": {"uv": [8, 8, 12, 10], "texture": "#0"},
				"south": {"uv": [16, 8, 16, 10], "texture": "#0"},
				"west": {"uv": [12, 8, 16, 10], "texture": "#0"},
				"up": {"uv": [12, 8, 12, 4], "texture": "#0"},
				"down": {"uv": [12, 4, 12, 8], "texture": "#0"}
			}
		},
		{
			"from": [9.5, 9.3, 3.95],
			"to": [9.5, 11.3, 7.95],
			"rotation": {"angle": 45, "axis": "z", "origin": [9.5, 9.3, 5.95]},
			"faces": {
				"north": {"uv": [12, 8, 12, 10], "texture": "#0"},
				"east": {"uv": [8, 8, 12, 10], "texture": "#0"},
				"south": {"uv": [16, 8, 16, 10], "texture": "#0"},
				"west": {"uv": [12, 8, 16, 10], "texture": "#0"},
				"up": {"uv": [12, 8, 12, 4], "texture": "#0"},
				"down": {"uv": [12, 4, 12, 8], "texture": "#0"}
			}
		},
		{
			"from": [1.5, 8.2, 8.6],
			"to": [1.5, 10.2, 12.6],
			"rotation": {"angle": 45, "axis": "z", "origin": [1.5, 8.2, 10.6]},
			"faces": {
				"north": {"uv": [12, 8, 12, 10], "texture": "#0"},
				"east": {"uv": [8, 8, 12, 10], "texture": "#0"},
				"south": {"uv": [16, 8, 16, 10], "texture": "#0"},
				"west": {"uv": [12, 8, 16, 10], "texture": "#0"},
				"up": {"uv": [12, 8, 12, 4], "texture": "#0"},
				"down": {"uv": [12, 4, 12, 8], "texture": "#0"}
			}
		},
		{
			"from": [8.5, 8.2, 1.5],
			"to": [12.5, 10.2, 1.5],
			"rotation": {"angle": 45, "axis": "x", "origin": [10.5, 8.2, 1.5]},
			"faces": {
				"north": {"uv": [8, 8, 12, 10], "texture": "#0"},
				"east": {"uv": [8, 8, 8, 10], "texture": "#0"},
				"south": {"uv": [12, 8, 16, 10], "texture": "#0"},
				"west": {"uv": [12, 8, 12, 10], "texture": "#0"},
				"up": {"uv": [12, 8, 8, 8], "texture": "#0"},
				"down": {"uv": [16, 8, 12, 8], "texture": "#0"}
			}
		},
		{
			"from": [0.5, 10.2, 6.5],
			"to": [4.5, 12.2, 6.5],
			"rotation": {"angle": 45, "axis": "x", "origin": [2.5, 10.2, 6.5]},
			"faces": {
				"north": {"uv": [8, 8, 12, 10], "texture": "#0"},
				"east": {"uv": [8, 8, 8, 10], "texture": "#0"},
				"south": {"uv": [12, 8, 16, 10], "texture": "#0"},
				"west": {"uv": [12, 8, 12, 10], "texture": "#0"},
				"up": {"uv": [12, 8, 8, 8], "texture": "#0"},
				"down": {"uv": [16, 8, 12, 8], "texture": "#0"}
			}
		},
		{
			"from": [6, 9.3, 13.5],
			"to": [10, 11.3, 13.5],
			"rotation": {"angle": 45, "axis": "x", "origin": [8, 9.3, 13.5]},
			"faces": {
				"north": {"uv": [8, 8, 12, 10], "texture": "#0"},
				"east": {"uv": [8, 8, 8, 10], "texture": "#0"},
				"south": {"uv": [12, 8, 16, 10], "texture": "#0"},
				"west": {"uv": [12, 8, 12, 10], "texture": "#0"},
				"up": {"uv": [12, 8, 8, 8], "texture": "#0"},
				"down": {"uv": [16, 8, 12, 8], "texture": "#0"}
			}
		},
		{
			"from": [13.6, 11.4, 13.5],
			"to": [17.6, 13.4, 13.5],
			"rotation": {"angle": 45, "axis": "x", "origin": [15.6, 11.4, 13.5]},
			"faces": {
				"north": {"uv": [8, 8, 12, 10], "texture": "#0"},
				"east": {"uv": [8, 8, 8, 10], "texture": "#0"},
				"south": {"uv": [12, 8, 16, 10], "texture": "#0"},
				"west": {"uv": [12, 8, 12, 10], "texture": "#0"},
				"up": {"uv": [12, 8, 8, 8], "texture": "#0"},
				"down": {"uv": [16, 8, 12, 8], "texture": "#0"}
			}
		},
		{
			"from": [3.15, 2.825, 3.5],
			"to": [7.15, 4.825, 3.5],
			"rotation": {"angle": 45, "axis": "x", "origin": [5.15, 2.825, 3.5]},
			"faces": {
				"north": {"uv": [8, 8, 12, 10], "texture": "#0"},
				"east": {"uv": [8, 8, 8, 10], "texture": "#0"},
				"south": {"uv": [12, 8, 16, 10], "texture": "#0"},
				"west": {"uv": [12, 8, 12, 10], "texture": "#0"},
				"up": {"uv": [12, 8, 8, 8], "texture": "#0"},
				"down": {"uv": [16, 8, 12, 8], "texture": "#0"}
			}
		},
		{
			"from": [14.9, 2.825, 8.5],
			"to": [18.9, 4.825, 8.5],
			"rotation": {"angle": 45, "axis": "x", "origin": [16.9, 2.825, 8.5]},
			"faces": {
				"north": {"uv": [8, 8, 12, 10], "texture": "#0"},
				"east": {"uv": [8, 8, 8, 10], "texture": "#0"},
				"south": {"uv": [12, 8, 16, 10], "texture": "#0"},
				"west": {"uv": [12, 8, 12, 10], "texture": "#0"},
				"up": {"uv": [12, 8, 8, 8], "texture": "#0"},
				"down": {"uv": [16, 8, 12, 8], "texture": "#0"}
			}
		},
		{
			"from": [8.5, 9.3, 6.95],
			"to": [12.5, 11.3, 6.95],
			"rotation": {"angle": 45, "axis": "x", "origin": [10.5, 9.3, 6.95]},
			"faces": {
				"north": {"uv": [8, 8, 12, 10], "texture": "#0"},
				"east": {"uv": [8, 8, 8, 10], "texture": "#0"},
				"south": {"uv": [12, 8, 16, 10], "texture": "#0"},
				"west": {"uv": [12, 8, 12, 10], "texture": "#0"},
				"up": {"uv": [12, 8, 8, 8], "texture": "#0"},
				"down": {"uv": [16, 8, 12, 8], "texture": "#0"}
			}
		},
		{
			"from": [0.5, 8.2, 11.6],
			"to": [4.5, 10.2, 11.6],
			"rotation": {"angle": 45, "axis": "x", "origin": [2.5, 8.2, 11.6]},
			"faces": {
				"north": {"uv": [8, 8, 12, 10], "texture": "#0"},
				"east": {"uv": [8, 8, 8, 10], "texture": "#0"},
				"south": {"uv": [12, 8, 16, 10], "texture": "#0"},
				"west": {"uv": [12, 8, 12, 10], "texture": "#0"},
				"up": {"uv": [12, 8, 8, 8], "texture": "#0"},
				"down": {"uv": [16, 8, 12, 8], "texture": "#0"}
			}
		},
		{
			"from": [8.5, 8.2, -0.5],
			"to": [12.5, 10.2, -0.5],
			"rotation": {"angle": -45, "axis": "x", "origin": [10.5, 8.2, -0.5]},
			"faces": {
				"north": {"uv": [0, 8, 4, 10], "texture": "#0"},
				"east": {"uv": [0, 8, 0, 10], "texture": "#0"},
				"south": {"uv": [4, 8, 8, 10], "texture": "#0"},
				"west": {"uv": [4, 8, 4, 10], "texture": "#0"},
				"up": {"uv": [4, 8, 0, 8], "texture": "#0"},
				"down": {"uv": [8, 8, 4, 8], "texture": "#0"}
			}
		},
		{
			"from": [0.5, 10.2, 4.5],
			"to": [4.5, 12.2, 4.5],
			"rotation": {"angle": -45, "axis": "x", "origin": [2.5, 10.2, 4.5]},
			"faces": {
				"north": {"uv": [0, 8, 4, 10], "texture": "#0"},
				"east": {"uv": [0, 8, 0, 10], "texture": "#0"},
				"south": {"uv": [4, 8, 8, 10], "texture": "#0"},
				"west": {"uv": [4, 8, 4, 10], "texture": "#0"},
				"up": {"uv": [4, 8, 0, 8], "texture": "#0"},
				"down": {"uv": [8, 8, 4, 8], "texture": "#0"}
			}
		},
		{
			"from": [6, 9.3, 11.5],
			"to": [10, 11.3, 11.5],
			"rotation": {"angle": -45, "axis": "x", "origin": [8, 9.3, 11.5]},
			"faces": {
				"north": {"uv": [0, 8, 4, 10], "texture": "#0"},
				"east": {"uv": [0, 8, 0, 10], "texture": "#0"},
				"south": {"uv": [4, 8, 8, 10], "texture": "#0"},
				"west": {"uv": [4, 8, 4, 10], "texture": "#0"},
				"up": {"uv": [4, 8, 0, 8], "texture": "#0"},
				"down": {"uv": [8, 8, 4, 8], "texture": "#0"}
			}
		},
		{
			"from": [13.6, 11.4, 11.5],
			"to": [17.6, 13.4, 11.5],
			"rotation": {"angle": -45, "axis": "x", "origin": [15.6, 11.4, 11.5]},
			"faces": {
				"north": {"uv": [0, 8, 4, 10], "texture": "#0"},
				"east": {"uv": [0, 8, 0, 10], "texture": "#0"},
				"south": {"uv": [4, 8, 8, 10], "texture": "#0"},
				"west": {"uv": [4, 8, 4, 10], "texture": "#0"},
				"up": {"uv": [4, 8, 0, 8], "texture": "#0"},
				"down": {"uv": [8, 8, 4, 8], "texture": "#0"}
			}
		},
		{
			"from": [3.15, 2.825, 1.5],
			"to": [7.15, 4.825, 1.5],
			"rotation": {"angle": -45, "axis": "x", "origin": [5.15, 2.825, 1.5]},
			"faces": {
				"north": {"uv": [0, 8, 4, 10], "texture": "#0"},
				"east": {"uv": [0, 8, 0, 10], "texture": "#0"},
				"south": {"uv": [4, 8, 8, 10], "texture": "#0"},
				"west": {"uv": [4, 8, 4, 10], "texture": "#0"},
				"up": {"uv": [4, 8, 0, 8], "texture": "#0"},
				"down": {"uv": [8, 8, 4, 8], "texture": "#0"}
			}
		},
		{
			"from": [14.9, 2.825, 6.5],
			"to": [18.9, 4.825, 6.5],
			"rotation": {"angle": -45, "axis": "x", "origin": [16.9, 2.825, 6.5]},
			"faces": {
				"north": {"uv": [0, 8, 4, 10], "texture": "#0"},
				"east": {"uv": [0, 8, 0, 10], "texture": "#0"},
				"south": {"uv": [4, 8, 8, 10], "texture": "#0"},
				"west": {"uv": [4, 8, 4, 10], "texture": "#0"},
				"up": {"uv": [4, 8, 0, 8], "texture": "#0"},
				"down": {"uv": [8, 8, 4, 8], "texture": "#0"}
			}
		},
		{
			"from": [8.5, 9.3, 4.95],
			"to": [12.5, 11.3, 4.95],
			"rotation": {"angle": -45, "axis": "x", "origin": [10.5, 9.3, 4.95]},
			"faces": {
				"north": {"uv": [0, 8, 4, 10], "texture": "#0"},
				"east": {"uv": [0, 8, 0, 10], "texture": "#0"},
				"south": {"uv": [4, 8, 8, 10], "texture": "#0"},
				"west": {"uv": [4, 8, 4, 10], "texture": "#0"},
				"up": {"uv": [4, 8, 0, 8], "texture": "#0"},
				"down": {"uv": [8, 8, 4, 8], "texture": "#0"}
			}
		},
		{
			"from": [0.5, 8.2, 9.6],
			"to": [4.5, 10.2, 9.6],
			"rotation": {"angle": -45, "axis": "x", "origin": [2.5, 8.2, 9.6]},
			"faces": {
				"north": {"uv": [0, 8, 4, 10], "texture": "#0"},
				"east": {"uv": [0, 8, 0, 10], "texture": "#0"},
				"south": {"uv": [4, 8, 8, 10], "texture": "#0"},
				"west": {"uv": [4, 8, 4, 10], "texture": "#0"},
				"up": {"uv": [4, 8, 0, 8], "texture": "#0"},
				"down": {"uv": [8, 8, 4, 8], "texture": "#0"}
			}
		},
		{
			"from": [10.25, 8, 10.5],
			"to": [14.25, 8, 14.5],
			"rotation": {"angle": 0, "axis": "y", "origin": [12.25, 8, 12.5]},
			"faces": {
				"north": {"uv": [4, 8, 8, 8], "texture": "#0"},
				"east": {"uv": [0, 8, 4, 8], "texture": "#0"},
				"south": {"uv": [12, 8, 16, 8], "texture": "#0"},
				"west": {"uv": [8, 8, 12, 8], "texture": "#0"},
				"up": {"uv": [8, 8, 4, 4], "texture": "#0"},
				"down": {"uv": [12, 4, 8, 8], "texture": "#0"}
			}
		},
		{
			"from": [8.5, 6, 0.65],
			"to": [12.5, 6, 4.65],
			"rotation": {"angle": 0, "axis": "y", "origin": [10.5, 6, 2.65]},
			"faces": {
				"north": {"uv": [4, 8, 8, 8], "texture": "#0"},
				"east": {"uv": [0, 8, 4, 8], "texture": "#0"},
				"south": {"uv": [12, 8, 16, 8], "texture": "#0"},
				"west": {"uv": [8, 8, 12, 8], "texture": "#0"},
				"up": {"uv": [8, 8, 4, 4], "texture": "#0"},
				"down": {"uv": [12, 4, 8, 8], "texture": "#0"}
			}
		},
		{
			"from": [0.5, 8, 5.65],
			"to": [4.5, 8, 9.65],
			"rotation": {"angle": 0, "axis": "y", "origin": [2.5, 8, 7.65]},
			"faces": {
				"north": {"uv": [4, 8, 8, 8], "texture": "#0"},
				"east": {"uv": [0, 8, 4, 8], "texture": "#0"},
				"south": {"uv": [12, 8, 16, 8], "texture": "#0"},
				"west": {"uv": [8, 8, 12, 8], "texture": "#0"},
				"up": {"uv": [8, 8, 4, 4], "texture": "#0"},
				"down": {"uv": [12, 4, 8, 8], "texture": "#0"}
			}
		},
		{
			"from": [7.75, 4, 10.5],
			"to": [11.75, 4, 14.5],
			"rotation": {"angle": 0, "axis": "y", "origin": [9.75, 4, 12.5]},
			"faces": {
				"north": {"uv": [4, 4, 8, 4], "texture": "#0"},
				"east": {"uv": [0, 4, 4, 4], "texture": "#0"},
				"south": {"uv": [12, 4, 16, 4], "texture": "#0"},
				"west": {"uv": [8, 4, 12, 4], "texture": "#0"},
				"up": {"uv": [8, 4, 4, 0], "texture": "#0"},
				"down": {"uv": [12, 0, 8, 4], "texture": "#0"}
			}
		},
		{
			"from": [8.5, 3, 2.5],
			"to": [12.5, 3, 6.5],
			"rotation": {"angle": 0, "axis": "y", "origin": [10.5, 3, 4.5]},
			"faces": {
				"north": {"uv": [4, 4, 8, 4], "texture": "#0"},
				"east": {"uv": [0, 4, 4, 4], "texture": "#0"},
				"south": {"uv": [12, 4, 16, 4], "texture": "#0"},
				"west": {"uv": [8, 4, 12, 4], "texture": "#0"},
				"up": {"uv": [8, 4, 4, 0], "texture": "#0"},
				"down": {"uv": [12, 0, 8, 4], "texture": "#0"}
			}
		},
		{
			"from": [0.5, 3, 5.5],
			"to": [4.5, 3, 9.5],
			"rotation": {"angle": 0, "axis": "y", "origin": [2.5, 3, 7.5]},
			"faces": {
				"north": {"uv": [4, 4, 8, 4], "texture": "#0"},
				"east": {"uv": [0, 4, 4, 4], "texture": "#0"},
				"south": {"uv": [12, 4, 16, 4], "texture": "#0"},
				"west": {"uv": [8, 4, 12, 4], "texture": "#0"},
				"up": {"uv": [8, 4, 4, 0], "texture": "#0"},
				"down": {"uv": [12, 0, 8, 4], "texture": "#0"}
			}
		},
		{
			"from": [10, 0, 6],
			"to": [11, 5, 6],
			"rotation": {"angle": -22.5, "axis": "x", "origin": [10, 0, 6]},
			"faces": {
				"north": {"uv": [0, 10, 1, 15], "texture": "#0"},
				"east": {"uv": [0, 10, 0, 15], "texture": "#0"},
				"south": {"uv": [1, 10, 2, 15], "texture": "#0"},
				"west": {"uv": [1, 10, 1, 15], "texture": "#0"},
				"up": {"uv": [1, 10, 0, 10], "texture": "#0"},
				"down": {"uv": [2, 10, 1, 10], "texture": "#0"}
			}
		},
		{
			"from": [2, 0, 9],
			"to": [3, 5, 9],
			"rotation": {"angle": -22.5, "axis": "x", "origin": [2, 0, 9]},
			"faces": {
				"north": {"uv": [0, 10, 1, 15], "texture": "#0"},
				"east": {"uv": [0, 10, 0, 15], "texture": "#0"},
				"south": {"uv": [1, 10, 2, 15], "texture": "#0"},
				"west": {"uv": [1, 10, 1, 15], "texture": "#0"},
				"up": {"uv": [1, 10, 0, 10], "texture": "#0"},
				"down": {"uv": [2, 10, 1, 10], "texture": "#0"}
			}
		},
		{
			"from": [10, 4.6194, 4.08658],
			"to": [11, 9.6194, 4.08658],
			"rotation": {"angle": -45, "axis": "x", "origin": [10, 4.6194, 4.08658]},
			"faces": {
				"north": {"uv": [0, 10, 1, 15], "texture": "#0"},
				"east": {"uv": [0, 10, 0, 15], "texture": "#0"},
				"south": {"uv": [1, 10, 2, 15], "texture": "#0"},
				"west": {"uv": [1, 10, 1, 15], "texture": "#0"},
				"up": {"uv": [1, 10, 0, 10], "texture": "#0"},
				"down": {"uv": [2, 10, 1, 10], "texture": "#0"}
			}
		},
		{
			"from": [2, 6.6194, 9.08658],
			"to": [3, 11.6194, 9.08658],
			"rotation": {"angle": -45, "axis": "x", "origin": [2, 6.6194, 9.08658]},
			"faces": {
				"north": {"uv": [0, 10, 1, 15], "texture": "#0"},
				"east": {"uv": [0, 10, 0, 15], "texture": "#0"},
				"south": {"uv": [1, 10, 2, 15], "texture": "#0"},
				"west": {"uv": [1, 10, 1, 15], "texture": "#0"},
				"up": {"uv": [1, 10, 0, 10], "texture": "#0"},
				"down": {"uv": [2, 10, 1, 10], "texture": "#0"}
			}
		},
		{
			"from": [10, 4.62049, 4.0868],
			"to": [11, 9.62049, 4.0868],
			"rotation": {"angle": 22.5, "axis": "x", "origin": [10, 4.62049, 4.0868]},
			"faces": {
				"north": {"uv": [0, 10, 1, 15], "texture": "#0"},
				"east": {"uv": [0, 10, 0, 15], "texture": "#0"},
				"south": {"uv": [1, 10, 2, 15], "texture": "#0"},
				"west": {"uv": [1, 10, 1, 15], "texture": "#0"},
				"up": {"uv": [1, 10, 0, 10], "texture": "#0"},
				"down": {"uv": [2, 10, 1, 10], "texture": "#0"}
			}
		},
		{
			"from": [2, 4.62049, 7.0868],
			"to": [3, 9.62049, 7.0868],
			"rotation": {"angle": 45, "axis": "x", "origin": [2, 4.62049, 7.0868]},
			"faces": {
				"north": {"uv": [0, 10, 1, 15], "texture": "#0"},
				"east": {"uv": [0, 10, 0, 15], "texture": "#0"},
				"south": {"uv": [1, 10, 2, 15], "texture": "#0"},
				"west": {"uv": [1, 10, 1, 15], "texture": "#0"},
				"up": {"uv": [1, 10, 0, 10], "texture": "#0"},
				"down": {"uv": [2, 10, 1, 10], "texture": "#0"}
			}
		}
	]
}