{
	"credit": "Designed by Kevin *ArtsByKev* www.twitter.com/artsbykev, Made with Blockbench",
	"ambientocclusion": false,
	"textures": {
		"0": "artsbykev_var/textures/flower_a",
		"particle": "artsbykev_var/textures/flower_a"
	},
	"elements": [
		{
			"from": [2, 0, 8],
			"to": [9, 7, 8],
			"rotation": {"angle": 45, "axis": "x", "origin": [9, 0, 8]},
			"faces": {
				"north": {"uv": [0, 0, 7, 7], "texture": "#0"},
				"east": {"uv": [0, 0, 0, 7], "texture": "#0"},
				"south": {"uv": [7, 0, 14, 7], "texture": "#0"},
				"west": {"uv": [7, 0, 7, 7], "texture": "#0"},
				"up": {"uv": [7, 0, 0, 0], "texture": "#0"},
				"down": {"uv": [14, 0, 7, 0], "texture": "#0"}
			}
		},
		{
			"from": [7, 0, 8],
			"to": [14, 7, 8],
			"shade": false,
			"rotation": {"angle": -45, "axis": "x", "origin": [7, 0, 8]},
			"faces": {
				"north": {"uv": [7, 0, 0, 7], "texture": "#0"},
				"east": {"uv": [7, 0, 7, 7], "texture": "#0"},
				"south": {"uv": [14, 0, 7, 7], "texture": "#0"},
				"west": {"uv": [0, 0, 0, 7], "texture": "#0"},
				"up": {"uv": [0, 0, 7, 0], "texture": "#0"},
				"down": {"uv": [7, 0, 14, 0], "texture": "#0"}
			}
		},
		{
			"from": [5, 2, 5],
			"to": [8, 2, 7],
			"rotation": {"angle": 22.5, "axis": "z", "origin": [8, 2, 6]},
			"faces": {
				"north": {"uv": [7, 9, 10, 9], "texture": "#0"},
				"east": {"uv": [5, 9, 7, 9], "texture": "#0"},
				"south": {"uv": [12, 9, 15, 9], "texture": "#0"},
				"west": {"uv": [10, 9, 12, 9], "texture": "#0"},
				"up": {"uv": [10, 9, 7, 7], "texture": "#0"},
				"down": {"uv": [13, 7, 10, 9], "texture": "#0"}
			}
		},
		{
			"from": [0, 2, 9],
			"to": [3, 2, 11],
			"rotation": {"angle": -22.5, "axis": "y", "origin": [3, 2, 10]},
			"faces": {
				"north": {"uv": [7, 9, 10, 9], "texture": "#0"},
				"east": {"uv": [5, 9, 7, 9], "texture": "#0"},
				"south": {"uv": [12, 9, 15, 9], "texture": "#0"},
				"west": {"uv": [10, 9, 12, 9], "texture": "#0"},
				"up": {"uv": [10, 9, 7, 7], "texture": "#0"},
				"down": {"uv": [13, 7, 10, 9], "texture": "#0"}
			}
		},
		{
			"from": [2, 4, 11],
			"to": [5, 4, 13],
			"rotation": {"angle": -22.5, "axis": "z", "origin": [5, 4, 12]},
			"faces": {
				"north": {"uv": [7, 9, 10, 9], "texture": "#0"},
				"east": {"uv": [5, 9, 7, 9], "texture": "#0"},
				"south": {"uv": [12, 9, 15, 9], "texture": "#0"},
				"west": {"uv": [10, 9, 12, 9], "texture": "#0"},
				"up": {"uv": [10, 9, 7, 7], "texture": "#0"},
				"down": {"uv": [13, 7, 10, 9], "texture": "#0"}
			}
		},
		{
			"from": [6, 4, 12],
			"to": [8, 4, 15],
			"rotation": {"angle": 0, "axis": "y", "origin": [7, 4, 12]},
			"faces": {
				"north": {"uv": [3, 10, 5, 10], "texture": "#0"},
				"east": {"uv": [0, 10, 3, 10], "texture": "#0"},
				"south": {"uv": [8, 10, 10, 10], "texture": "#0"},
				"west": {"uv": [5, 10, 8, 10], "texture": "#0"},
				"up": {"uv": [5, 10, 3, 7], "texture": "#0"},
				"down": {"uv": [7, 7, 5, 10], "texture": "#0"}
			}
		},
		{
			"from": [9, 3, 5],
			"to": [11, 3, 8],
			"rotation": {"angle": 22.5, "axis": "y", "origin": [10, 3, 5]},
			"faces": {
				"north": {"uv": [3, 10, 5, 10], "texture": "#0"},
				"east": {"uv": [0, 10, 3, 10], "texture": "#0"},
				"south": {"uv": [8, 10, 10, 10], "texture": "#0"},
				"west": {"uv": [5, 10, 8, 10], "texture": "#0"},
				"up": {"uv": [5, 10, 3, 7], "texture": "#0"},
				"down": {"uv": [7, 7, 5, 10], "texture": "#0"}
			}
		},
		{
			"from": [7, 2, 9],
			"to": [9, 2, 12],
			"rotation": {"angle": 22.5, "axis": "y", "origin": [8, 2, 9]},
			"faces": {
				"north": {"uv": [3, 10, 5, 10], "texture": "#0"},
				"east": {"uv": [0, 10, 3, 10], "texture": "#0"},
				"south": {"uv": [8, 10, 10, 10], "texture": "#0"},
				"west": {"uv": [5, 10, 8, 10], "texture": "#0"},
				"up": {"uv": [5, 10, 3, 7], "texture": "#0"},
				"down": {"uv": [7, 7, 5, 10], "texture": "#0"}
			}
		},
		{
			"from": [8, 4, 4],
			"to": [10, 4, 7],
			"shade": false,
			"rotation": {"angle": -45, "axis": "x", "origin": [9, 4, 4]},
			"faces": {
				"north": {"uv": [5, 10, 3, 10], "texture": "#0"},
				"east": {"uv": [8, 10, 5, 10], "texture": "#0"},
				"south": {"uv": [10, 10, 8, 10], "texture": "#0"},
				"west": {"uv": [3, 10, 0, 10], "texture": "#0"},
				"up": {"uv": [3, 10, 5, 7], "texture": "#0"},
				"down": {"uv": [5, 7, 7, 10], "texture": "#0"}
			}
		},
		{
			"name": "flower",
			"from": [10.75, 5, 3.25],
			"to": [12.75, 7, 3.25],
			"rotation": {"angle": -45, "axis": "x", "origin": [11.75, 5, 3.25]},
			"faces": {
				"north": {"uv": [0, 10, 2, 12], "texture": "#0"},
				"east": {"uv": [0, 10, 0, 12], "texture": "#0"},
				"south": {"uv": [2, 10, 4, 12], "texture": "#0"},
				"west": {"uv": [2, 10, 2, 12], "texture": "#0"},
				"up": {"uv": [2, 10, 0, 10], "texture": "#0"},
				"down": {"uv": [4, 10, 2, 10], "texture": "#0"}
			}
		},
		{
			"name": "flower",
			"from": [6.25, 4.5, 12.25],
			"to": [8.25, 6.5, 12.25],
			"rotation": {"angle": -45, "axis": "x", "origin": [7.25, 4.5, 12.25]},
			"faces": {
				"north": {"uv": [0, 10, 2, 12], "texture": "#0"},
				"east": {"uv": [0, 10, 0, 12], "texture": "#0"},
				"south": {"uv": [2, 10, 4, 12], "texture": "#0"},
				"west": {"uv": [2, 10, 2, 12], "texture": "#0"},
				"up": {"uv": [2, 10, 0, 10], "texture": "#0"},
				"down": {"uv": [4, 10, 2, 10], "texture": "#0"}
			}
		},
		{
			"name": "flower",
			"from": [6.25, 1.75, 6.5],
			"to": [8.25, 3.75, 6.5],
			"rotation": {"angle": -45, "axis": "x", "origin": [7.25, 1.75, 6.5]},
			"faces": {
				"north": {"uv": [0, 10, 2, 12], "texture": "#0"},
				"east": {"uv": [0, 10, 0, 12], "texture": "#0"},
				"south": {"uv": [2, 10, 4, 12], "texture": "#0"},
				"west": {"uv": [2, 10, 2, 12], "texture": "#0"},
				"up": {"uv": [2, 10, 0, 10], "texture": "#0"},
				"down": {"uv": [4, 10, 2, 10], "texture": "#0"}
			}
		},
		{
			"name": "flower",
			"from": [1.5, 2, 9.5],
			"to": [3.5, 4, 9.5],
			"rotation": {"angle": -45, "axis": "x", "origin": [2.5, 2, 9.5]},
			"faces": {
				"north": {"uv": [0, 10, 2, 12], "texture": "#0"},
				"east": {"uv": [0, 10, 0, 12], "texture": "#0"},
				"south": {"uv": [2, 10, 4, 12], "texture": "#0"},
				"west": {"uv": [2, 10, 2, 12], "texture": "#0"},
				"up": {"uv": [2, 10, 0, 10], "texture": "#0"},
				"down": {"uv": [4, 10, 2, 10], "texture": "#0"}
			}
		},
		{
			"name": "flower",
			"from": [10.75, 5, 3.25],
			"to": [12.75, 7, 3.25],
			"rotation": {"angle": 45, "axis": "x", "origin": [11.75, 5, 3.25]},
			"faces": {
				"north": {"uv": [0, 10, 2, 12], "texture": "#0"},
				"east": {"uv": [0, 10, 0, 12], "texture": "#0"},
				"south": {"uv": [2, 10, 4, 12], "texture": "#0"},
				"west": {"uv": [2, 10, 2, 12], "texture": "#0"},
				"up": {"uv": [2, 10, 0, 10], "texture": "#0"},
				"down": {"uv": [4, 10, 2, 10], "texture": "#0"}
			}
		},
		{
			"name": "flower",
			"from": [6.25, 4.5, 12.25],
			"to": [8.25, 6.5, 12.25],
			"rotation": {"angle": 45, "axis": "x", "origin": [7.25, 4.5, 12.25]},
			"faces": {
				"north": {"uv": [0, 10, 2, 12], "texture": "#0"},
				"east": {"uv": [0, 10, 0, 12], "texture": "#0"},
				"south": {"uv": [2, 10, 4, 12], "texture": "#0"},
				"west": {"uv": [2, 10, 2, 12], "texture": "#0"},
				"up": {"uv": [2, 10, 0, 10], "texture": "#0"},
				"down": {"uv": [4, 10, 2, 10], "texture": "#0"}
			}
		},
		{
			"name": "flower",
			"from": [6.25, 1.75, 6.5],
			"to": [8.25, 3.75, 6.5],
			"rotation": {"angle": 45, "axis": "x", "origin": [7.25, 1.75, 6.5]},
			"faces": {
				"north": {"uv": [0, 10, 2, 12], "texture": "#0"},
				"east": {"uv": [0, 10, 0, 12], "texture": "#0"},
				"south": {"uv": [2, 10, 4, 12], "texture": "#0"},
				"west": {"uv": [2, 10, 2, 12], "texture": "#0"},
				"up": {"uv": [2, 10, 0, 10], "texture": "#0"},
				"down": {"uv": [4, 10, 2, 10], "texture": "#0"}
			}
		},
		{
			"name": "flower",
			"from": [1.5, 2, 9.5],
			"to": [3.5, 4, 9.5],
			"rotation": {"angle": 45, "axis": "x", "origin": [2.5, 2, 9.5]},
			"faces": {
				"north": {"uv": [0, 10, 2, 12], "texture": "#0"},
				"east": {"uv": [0, 10, 0, 12], "texture": "#0"},
				"south": {"uv": [2, 10, 4, 12], "texture": "#0"},
				"west": {"uv": [2, 10, 2, 12], "texture": "#0"},
				"up": {"uv": [2, 10, 0, 10], "texture": "#0"},
				"down": {"uv": [4, 10, 2, 10], "texture": "#0"}
			}
		},
		{
			"name": "flower",
			"from": [11.75, 5, 2.25],
			"to": [11.75, 7, 4.25],
			"rotation": {"angle": 45, "axis": "z", "origin": [11.75, 5, 3.25]},
			"faces": {
				"north": {"uv": [9, 9, 9, 11], "texture": "#0"},
				"east": {"uv": [7, 9, 9, 11], "texture": "#0"},
				"south": {"uv": [11, 9, 11, 11], "texture": "#0"},
				"west": {"uv": [9, 9, 11, 11], "texture": "#0"},
				"up": {"uv": [9, 9, 9, 7], "texture": "#0"},
				"down": {"uv": [9, 7, 9, 9], "texture": "#0"}
			}
		},
		{
			"name": "flower",
			"from": [7.25, 4.5, 11.25],
			"to": [7.25, 6.5, 13.25],
			"rotation": {"angle": 45, "axis": "z", "origin": [7.25, 4.5, 12.25]},
			"faces": {
				"north": {"uv": [9, 9, 9, 11], "texture": "#0"},
				"east": {"uv": [7, 9, 9, 11], "texture": "#0"},
				"south": {"uv": [11, 9, 11, 11], "texture": "#0"},
				"west": {"uv": [9, 9, 11, 11], "texture": "#0"},
				"up": {"uv": [9, 9, 9, 7], "texture": "#0"},
				"down": {"uv": [9, 7, 9, 9], "texture": "#0"}
			}
		},
		{
			"name": "flower",
			"from": [7.25, 1.75, 5.5],
			"to": [7.25, 3.75, 7.5],
			"rotation": {"angle": 45, "axis": "z", "origin": [7.25, 1.75, 6.5]},
			"faces": {
				"north": {"uv": [9, 9, 9, 11], "texture": "#0"},
				"east": {"uv": [7, 9, 9, 11], "texture": "#0"},
				"south": {"uv": [11, 9, 11, 11], "texture": "#0"},
				"west": {"uv": [9, 9, 11, 11], "texture": "#0"},
				"up": {"uv": [9, 9, 9, 7], "texture": "#0"},
				"down": {"uv": [9, 7, 9, 9], "texture": "#0"}
			}
		},
		{
			"name": "flower",
			"from": [2.5, 2, 8.5],
			"to": [2.5, 4, 10.5],
			"rotation": {"angle": 45, "axis": "z", "origin": [2.5, 2, 9.5]},
			"faces": {
				"north": {"uv": [9, 9, 9, 11], "texture": "#0"},
				"east": {"uv": [7, 9, 9, 11], "texture": "#0"},
				"south": {"uv": [11, 9, 11, 11], "texture": "#0"},
				"west": {"uv": [9, 9, 11, 11], "texture": "#0"},
				"up": {"uv": [9, 9, 9, 7], "texture": "#0"},
				"down": {"uv": [9, 7, 9, 9], "texture": "#0"}
			}
		},
		{
			"name": "flower",
			"from": [11.75, 5, 2.25],
			"to": [11.75, 7, 4.25],
			"rotation": {"angle": -45, "axis": "z", "origin": [11.75, 5, 3.25]},
			"faces": {
				"north": {"uv": [9, 9, 9, 11], "texture": "#0"},
				"east": {"uv": [7, 9, 9, 11], "texture": "#0"},
				"south": {"uv": [11, 9, 11, 11], "texture": "#0"},
				"west": {"uv": [9, 9, 11, 11], "texture": "#0"},
				"up": {"uv": [9, 9, 9, 7], "texture": "#0"},
				"down": {"uv": [9, 7, 9, 9], "texture": "#0"}
			}
		},
		{
			"name": "flower",
			"from": [7.25, 4.5, 11.25],
			"to": [7.25, 6.5, 13.25],
			"rotation": {"angle": -45, "axis": "z", "origin": [7.25, 4.5, 12.25]},
			"faces": {
				"north": {"uv": [9, 9, 9, 11], "texture": "#0"},
				"east": {"uv": [7, 9, 9, 11], "texture": "#0"},
				"south": {"uv": [11, 9, 11, 11], "texture": "#0"},
				"west": {"uv": [9, 9, 11, 11], "texture": "#0"},
				"up": {"uv": [9, 9, 9, 7], "texture": "#0"},
				"down": {"uv": [9, 7, 9, 9], "texture": "#0"}
			}
		},
		{
			"name": "flower",
			"from": [7.25, 1.75, 5.5],
			"to": [7.25, 3.75, 7.5],
			"rotation": {"angle": -45, "axis": "z", "origin": [7.25, 1.75, 6.5]},
			"faces": {
				"north": {"uv": [9, 9, 9, 11], "texture": "#0"},
				"east": {"uv": [7, 9, 9, 11], "texture": "#0"},
				"south": {"uv": [11, 9, 11, 11], "texture": "#0"},
				"west": {"uv": [9, 9, 11, 11], "texture": "#0"},
				"up": {"uv": [9, 9, 9, 7], "texture": "#0"},
				"down": {"uv": [9, 7, 9, 9], "texture": "#0"}
			}
		},
		{
			"name": "flower",
			"from": [2.5, 2, 8.5],
			"to": [2.5, 4, 10.5],
			"rotation": {"angle": -45, "axis": "z", "origin": [2.5, 2, 9.5]},
			"faces": {
				"north": {"uv": [9, 9, 9, 11], "texture": "#0"},
				"east": {"uv": [7, 9, 9, 11], "texture": "#0"},
				"south": {"uv": [11, 9, 11, 11], "texture": "#0"},
				"west": {"uv": [9, 9, 11, 11], "texture": "#0"},
				"up": {"uv": [9, 9, 9, 7], "texture": "#0"},
				"down": {"uv": [9, 7, 9, 9], "texture": "#0"}
			}
		}
	]
}