{
	"credit": "Made with Blockbench",
	"texture_size": [32, 32],
	"textures": {
		"4": "artsbykev_var/textures/tiny_grass"
	},
	"elements": [
		{
			"from": [8, 16, -3],
			"to": [8, 8, 19],
			"rotation": {"angle": 45, "axis": "y", "origin": [8, -8, 8]},
			"faces": {
				"north": {"uv": [0.5, 0.5, 1, 1], "texture": "#4"},
				"east": {"uv": [0, 8, 16, 16], "texture": "#4", "cullface": "east"},
				"south": {"uv": [0.5, 0.5, 1, 1], "texture": "#4"},
				"west": {"uv": [0, 8, 16, 16], "texture": "#4", "cullface": "west"},
				"up": {"uv": [0.5, 0.5, 1, 1], "texture": "#4"},
				"down": {"uv": [0.5, 0.5, 1, 1], "texture": "#4"}
			}
		},
		{
			"from": [-3, 16, 8],
			"to": [19, 5, 8],
			"rotation": {"angle": 45, "axis": "y", "origin": [8, -8, 8]},
			"faces": {
				"north": {"uv": [0, 8, 16, 16], "texture": "#4", "cullface": "north"},
				"east": {"uv": [0.5, 0.5, 1, 1], "texture": "#4"},
				"south": {"uv": [0, 8, 16, 16], "texture": "#4", "cullface": "south"},
				"west": {"uv": [0.5, 0.5, 1, 1], "texture": "#4"},
				"up": {"uv": [0.5, 0.5, 1, 1], "rotation": 270, "texture": "#4"},
				"down": {"uv": [0.5, 0.5, 1, 1], "rotation": 90, "texture": "#4"}
			}
		},
		{
			"from": [-3, 16, 0],
			"to": [8, 8, 0],
			"rotation": {"angle": 45, "axis": "y", "origin": [8, -8, 0]},
			"faces": {
				"north": {"uv": [0, 8, 16, 16], "texture": "#4", "cullface": "north"},
				"east": {"uv": [0.5, 0.5, 1, 1], "texture": "#4"},
				"south": {"uv": [0, 8, 16, 16], "texture": "#4", "cullface": "south"},
				"west": {"uv": [0.5, 0.5, 1, 1], "texture": "#4"},
				"up": {"uv": [0.5, 0.5, 1, 1], "rotation": 270, "texture": "#4"},
				"down": {"uv": [0.5, 0.5, 1, 1], "rotation": 90, "texture": "#4"}
			}
		},
		{
			"from": [5, 16, 8],
			"to": [16, 6, 8],
			"rotation": {"angle": -45, "axis": "y", "origin": [16, -8, 8]},
			"faces": {
				"north": {"uv": [0, 8, 16, 16], "texture": "#4", "cullface": "north"},
				"east": {"uv": [0.5, 0.5, 1, 1], "texture": "#4"},
				"south": {"uv": [0, 8, 16, 16], "texture": "#4", "cullface": "south"},
				"west": {"uv": [0.5, 0.5, 1, 1], "texture": "#4"},
				"up": {"uv": [0.5, 0.5, 1, 1], "rotation": 270, "texture": "#4"},
				"down": {"uv": [0.5, 0.5, 1, 1], "rotation": 90, "texture": "#4"}
			}
		},
		{
			"from": [-3, 16, 16],
			"to": [8, 5, 16],
			"rotation": {"angle": -45, "axis": "y", "origin": [8, -8, 16]},
			"faces": {
				"north": {"uv": [0, 8, 16, 16], "texture": "#4"},
				"east": {"uv": [0.5, 0.5, 1, 1], "texture": "#4"},
				"south": {"uv": [0, 8, 16, 16], "texture": "#4", "cullface": "south"},
				"west": {"uv": [0.5, 0.5, 1, 1], "texture": "#4"},
				"up": {"uv": [0.5, 0.5, 1, 1], "rotation": 270, "texture": "#4"},
				"down": {"uv": [0.5, 0.5, 1, 1], "rotation": 90, "texture": "#4"}
			}
		},
		{
			"from": [5, 16, 8],
			"to": [16, 6, 8],
			"rotation": {"angle": 45, "axis": "y", "origin": [16, -8, 8]},
			"faces": {
				"north": {"uv": [0, 8, 16, 16], "texture": "#4", "cullface": "north"},
				"east": {"uv": [0.5, 0.5, 1, 1], "texture": "#4"},
				"south": {"uv": [0, 8, 16, 16], "texture": "#4", "cullface": "south"},
				"west": {"uv": [0.5, 0.5, 1, 1], "texture": "#4"},
				"up": {"uv": [0.5, 0.5, 1, 1], "rotation": 270, "texture": "#4"},
				"down": {"uv": [0.5, 0.5, 1, 1], "rotation": 90, "texture": "#4"}
			}
		}
	],
	"display": {
		"thirdperson_righthand": {
			"rotation": [27, -21, 0],
			"translation": [-1, 0, -1.5],
			"scale": [0.3, 0.3, 0.3]
		},
		"thirdperson_lefthand": {
			"rotation": [27, -21, 0],
			"translation": [-1, 0, -1.5],
			"scale": [0.3, 0.3, 0.3]
		},
		"firstperson_righthand": {
			"rotation": [27, -21, 0],
			"translation": [3.25, 0.75, -1.5],
			"scale": [0.3, 0.3, 0.3]
		},
		"firstperson_lefthand": {
			"rotation": [27, -21, 0],
			"translation": [3.25, 0.75, -1.5],
			"scale": [0.3, 0.3, 0.3]
		},
		"ground": {
			"translation": [0, 4.5, 0],
			"scale": [0.5, 0.5, 0.5]
		},
		"gui": {
			"rotation": [35, -35, 0],
			"scale": [0.5, 0.5, 0.5]
		}
	}
}