{
	"credit": " (C)ArtsByKev, https://youtube.com/c/artsbykev & https://twitter.com/artsbykev - Using Blockbench",
	"ambientocclusion": false,
	"texture_size": [64, 64],
	"textures": {
		"0": "artsbykev_var/textures/jgl_stem_plant",
		"particle": "artsbykev_var/textures/jgl_stem_plant"
	},
	"elements": [
		{
			"from": [8, 4, 8],
			"to": [10, 16, 10],
			"rotation": {"angle": 0, "axis": "y", "origin": [9, 12, 7]},
			"faces": {
				"north": {"uv": [2.5, 4.25, 3, 7.25], "texture": "#0"},
				"east": {"uv": [5, 7.25, 5.5, 10.25], "texture": "#0"},
				"south": {"uv": [5.5, 7.25, 6, 10.25], "texture": "#0"},
				"west": {"uv": [6, 9.25, 6.5, 12.25], "texture": "#0"},
				"up": {"uv": [3.5, 3, 3, 2.5], "texture": "#0"},
				"down": {"uv": [4, 2.5, 3.5, 3], "texture": "#0"}
			}
		},
		{
			"from": [8.5, 16, 8.5],
			"to": [9.5, 22, 9.5],
			"rotation": {"angle": 0, "axis": "y", "origin": [8.5, 24, 7.5]},
			"faces": {
				"north": {"uv": [8, 9.25, 8.25, 10.75], "texture": "#0"},
				"east": {"uv": [8.25, 9.25, 8.5, 10.75], "texture": "#0"},
				"south": {"uv": [9.25, 2.5, 9.5, 4], "texture": "#0"},
				"west": {"uv": [9.5, 2.5, 9.75, 4], "texture": "#0"},
				"up": {"uv": [4.25, 2.75, 4, 2.5], "texture": "#0"},
				"down": {"uv": [4.25, 2.75, 4, 3], "texture": "#0"}
			}
		},
		{
			"from": [7.5, 0, 7.5],
			"to": [10.5, 4, 10.5],
			"rotation": {"angle": 0, "axis": "y", "origin": [9.5, 8, 7.5]},
			"faces": {
				"north": {"uv": [6, 5, 6.75, 6], "texture": "#0"},
				"east": {"uv": [6.75, 5, 7.5, 6], "texture": "#0"},
				"south": {"uv": [7.5, 5, 8.25, 6], "texture": "#0"},
				"west": {"uv": [6.5, 9.25, 7.25, 10.25], "texture": "#0"},
				"up": {"uv": [9.25, 8.5, 8.5, 7.75], "texture": "#0"},
				"down": {"uv": [8, 9.25, 7.25, 10], "texture": "#0"}
			}
		},
		{
			"from": [4, 21, 9],
			"to": [14, 31, 9],
			"rotation": {"angle": 0, "axis": "y", "origin": [9, 21, 7]},
			"faces": {
				"north": {"uv": [6.25, 0, 8.75, 2.5], "texture": "#0"},
				"east": {"uv": [0, 0, 0, 2.5], "texture": "#0"},
				"south": {"uv": [6.25, 0, 8.75, 2.5], "texture": "#0"},
				"west": {"uv": [0, 0, 0, 2.5], "texture": "#0"},
				"up": {"uv": [0, 2.5, 0, 0], "rotation": 90, "texture": "#0"},
				"down": {"uv": [0, 0, 0, 2.5], "rotation": 270, "texture": "#0"}
			}
		},
		{
			"from": [9, 22, 4],
			"to": [9, 32, 14],
			"rotation": {"angle": 0, "axis": "y", "origin": [9, 22, 7]},
			"faces": {
				"north": {"uv": [0, 0, 0, 2.5], "texture": "#0"},
				"east": {"uv": [6.25, 0, 8.75, 2.5], "texture": "#0"},
				"south": {"uv": [0, 0, 0, 2.5], "texture": "#0"},
				"west": {"uv": [6.25, 0, 8.75, 2.5], "texture": "#0"},
				"up": {"uv": [0, 2.5, 0, 0], "texture": "#0"},
				"down": {"uv": [0, 0, 0, 2.5], "texture": "#0"}
			}
		},
		{
			"from": [-5, 7, 4.5],
			"to": [8, 7, 14.5],
			"rotation": {"angle": -45, "axis": "z", "origin": [8, 7, 7.5]},
			"faces": {
				"north": {"uv": [0, 0, 3.25, 0], "texture": "#0"},
				"east": {"uv": [0, 0, 2.5, 0], "texture": "#0"},
				"south": {"uv": [0, 0, 3.25, 0], "texture": "#0"},
				"west": {"uv": [0, 0, 2.5, 0], "texture": "#0"},
				"up": {"uv": [6.25, 2.5, 3, 0], "texture": "#0"},
				"down": {"uv": [6.25, 0, 3, 2.5], "texture": "#0"}
			}
		},
		{
			"from": [8, 4, 2.5],
			"to": [8, 21, 14.5],
			"rotation": {"angle": 45, "axis": "z", "origin": [8, 4, 6.5]},
			"faces": {
				"north": {"uv": [0, 0, 0, 4.25], "texture": "#0"},
				"east": {"uv": [0, 0, 3, 4.25], "texture": "#0"},
				"south": {"uv": [0, 0, 0, 4.25], "texture": "#0"},
				"west": {"uv": [0, 0, 3, 4.25], "texture": "#0"},
				"up": {"uv": [0, 3, 0, 0], "texture": "#0"},
				"down": {"uv": [0, 0, 0, 3], "texture": "#0"}
			}
		},
		{
			"from": [8, 7, 2.5],
			"to": [8, 24, 14.5],
			"rotation": {"angle": 22.5, "axis": "z", "origin": [8, 7, 6.5]},
			"faces": {
				"north": {"uv": [0, 0, 0, 4.25], "texture": "#0"},
				"east": {"uv": [0, 0, 3, 4.25], "texture": "#0"},
				"south": {"uv": [0, 0, 0, 4.25], "texture": "#0"},
				"west": {"uv": [0, 0, 3, 4.25], "texture": "#0"},
				"up": {"uv": [0, 3, 0, 0], "texture": "#0"},
				"down": {"uv": [0, 0, 0, 3], "texture": "#0"}
			}
		},
		{
			"from": [-4, 15, 3.5],
			"to": [8, 15, 13.5],
			"rotation": {"angle": -22.5, "axis": "z", "origin": [8, 15, 6.5]},
			"faces": {
				"north": {"uv": [0, 0, 0, 3], "rotation": 90, "texture": "#0"},
				"east": {"uv": [0, 0, 0, 2.5], "rotation": 270, "texture": "#0"},
				"south": {"uv": [0, 0, 0, 3], "rotation": 270, "texture": "#0"},
				"west": {"uv": [0, 2.5, 0, 0], "rotation": 270, "texture": "#0"},
				"up": {"uv": [2.5, 7.25, 5, 10.25], "rotation": 270, "texture": "#0"},
				"down": {"uv": [2.5, 7.25, 5, 10.25], "rotation": 270, "texture": "#0"}
			}
		},
		{
			"from": [8, 12, 3.5],
			"to": [8, 24, 13.5],
			"rotation": {"angle": 45, "axis": "z", "origin": [8, 12, 6.5]},
			"faces": {
				"north": {"uv": [0, 0, 0, 3], "texture": "#0"},
				"east": {"uv": [2.5, 7.25, 5, 10.25], "texture": "#0"},
				"south": {"uv": [0, 0, 0, 3], "texture": "#0"},
				"west": {"uv": [2.5, 7.25, 5, 10.25], "texture": "#0"},
				"up": {"uv": [0, 2.5, 0, 0], "texture": "#0"},
				"down": {"uv": [0, 0, 0, 2.5], "texture": "#0"}
			}
		},
		{
			"from": [-4.5, 17, 4],
			"to": [8.5, 17, 14],
			"rotation": {"angle": -22.5, "axis": "z", "origin": [8.5, 17, 7]},
			"faces": {
				"north": {"uv": [0, 0, 0, 3.25], "rotation": 90, "texture": "#0"},
				"east": {"uv": [0, 0, 0, 2.5], "rotation": 270, "texture": "#0"},
				"south": {"uv": [0, 0, 0, 3.25], "rotation": 270, "texture": "#0"},
				"west": {"uv": [0, 2.5, 0, 0], "rotation": 270, "texture": "#0"},
				"up": {"uv": [0, 4.25, 2.5, 7.5], "rotation": 270, "texture": "#0"},
				"down": {"uv": [0, 4.25, 2.5, 7.5], "rotation": 270, "texture": "#0"}
			}
		},
		{
			"from": [8.5, 20, 3.5],
			"to": [8.5, 31, 13.5],
			"rotation": {"angle": 45, "axis": "z", "origin": [8.5, 20, 6.5]},
			"faces": {
				"north": {"uv": [0, 0, 0, 2.75], "texture": "#0"},
				"east": {"uv": [8.5, 8.5, 11, 11.25], "texture": "#0"},
				"south": {"uv": [0, 0, 0, 2.75], "texture": "#0"},
				"west": {"uv": [8.5, 8.5, 11, 11.25], "texture": "#0"},
				"up": {"uv": [0, 2.5, 0, 0], "texture": "#0"},
				"down": {"uv": [0, 0, 0, 2.5], "texture": "#0"}
			}
		},
		{
			"from": [8.5, 16, 3.5],
			"to": [8.5, 27, 13.5],
			"rotation": {"angle": 22.5, "axis": "z", "origin": [8.5, 16, 6.5]},
			"faces": {
				"north": {"uv": [0, 0, 0, 2.75], "texture": "#0"},
				"east": {"uv": [8.5, 8.5, 11, 11.25], "texture": "#0"},
				"south": {"uv": [0, 0, 0, 2.75], "texture": "#0"},
				"west": {"uv": [8.5, 8.5, 11, 11.25], "texture": "#0"},
				"up": {"uv": [0, 2.5, 0, 0], "texture": "#0"},
				"down": {"uv": [0, 0, 0, 2.5], "texture": "#0"}
			}
		},
		{
			"from": [3.5, 4, -5],
			"to": [13.5, 4, 8],
			"rotation": {"angle": 45, "axis": "x", "origin": [8.5, 4, 6]},
			"faces": {
				"north": {"uv": [0, 0, 2.5, 0], "texture": "#0"},
				"east": {"uv": [0, 0, 3.25, 0], "texture": "#0"},
				"south": {"uv": [0, 0, 2.5, 0], "texture": "#0"},
				"west": {"uv": [0, 0, 3.25, 0], "texture": "#0"},
				"up": {"uv": [6.25, 2.5, 3, 0], "rotation": 90, "texture": "#0"},
				"down": {"uv": [6.25, 0, 3, 2.5], "rotation": 270, "texture": "#0"}
			}
		},
		{
			"from": [3.5, 8, 8],
			"to": [15.5, 25, 8],
			"rotation": {"angle": -22.5, "axis": "x", "origin": [9.5, 8, 6]},
			"faces": {
				"north": {"uv": [0, 0, 3, 4.25], "texture": "#0"},
				"east": {"uv": [0, 0, 0, 4.25], "texture": "#0"},
				"south": {"uv": [0, 0, 3, 4.25], "texture": "#0"},
				"west": {"uv": [0, 0, 0, 4.25], "texture": "#0"},
				"up": {"uv": [0, 3, 0, 0], "rotation": 90, "texture": "#0"},
				"down": {"uv": [0, 0, 0, 3], "rotation": 270, "texture": "#0"}
			}
		},
		{
			"from": [3.5, 6, 8],
			"to": [15.5, 23, 8],
			"rotation": {"angle": -45, "axis": "x", "origin": [9.5, 6, 6]},
			"faces": {
				"north": {"uv": [0, 0, 3, 4.25], "texture": "#0"},
				"east": {"uv": [0, 0, 0, 4.25], "texture": "#0"},
				"south": {"uv": [0, 0, 3, 4.25], "texture": "#0"},
				"west": {"uv": [0, 0, 0, 4.25], "texture": "#0"},
				"up": {"uv": [0, 3, 0, 0], "rotation": 90, "texture": "#0"},
				"down": {"uv": [0, 0, 0, 3], "rotation": 270, "texture": "#0"}
			}
		},
		{
			"from": [4.5, 14, 8],
			"to": [14.5, 26, 8],
			"rotation": {"angle": -22.5, "axis": "x", "origin": [9.5, 14, 6]},
			"faces": {
				"north": {"uv": [2.5, 7.25, 5, 10.25], "texture": "#0"},
				"east": {"uv": [0, 0, 0, 3], "texture": "#0"},
				"south": {"uv": [2.5, 7.25, 5, 10.25], "texture": "#0"},
				"west": {"uv": [0, 0, 0, 3], "texture": "#0"},
				"up": {"uv": [0, 2.5, 0, 0], "rotation": 90, "texture": "#0"},
				"down": {"uv": [0, 0, 0, 2.5], "rotation": 270, "texture": "#0"}
			}
		},
		{
			"from": [4.5, 11, -4],
			"to": [14.5, 11, 8],
			"rotation": {"angle": 22.5, "axis": "x", "origin": [9.5, 11, 6]},
			"faces": {
				"north": {"uv": [0, 2.5, 0, 0], "rotation": 270, "texture": "#0"},
				"east": {"uv": [0, 0, 0, 3], "rotation": 90, "texture": "#0"},
				"south": {"uv": [0, 0, 0, 2.5], "rotation": 270, "texture": "#0"},
				"west": {"uv": [0, 0, 0, 3], "rotation": 270, "texture": "#0"},
				"up": {"uv": [2.5, 7.25, 5, 10.25], "texture": "#0"},
				"down": {"uv": [2.5, 7.25, 5, 10.25], "rotation": 180, "texture": "#0"}
			}
		},
		{
			"from": [4, 16, 8.5],
			"to": [14, 29, 8.5],
			"rotation": {"angle": -45, "axis": "x", "origin": [9, 16, 6.5]},
			"faces": {
				"north": {"uv": [0, 4.25, 2.5, 7.5], "texture": "#0"},
				"east": {"uv": [0, 0, 0, 3.25], "texture": "#0"},
				"south": {"uv": [0, 4.25, 2.5, 7.5], "texture": "#0"},
				"west": {"uv": [0, 0, 0, 3.25], "texture": "#0"},
				"up": {"uv": [0, 2.5, 0, 0], "rotation": 90, "texture": "#0"},
				"down": {"uv": [0, 0, 0, 2.5], "rotation": 270, "texture": "#0"}
			}
		},
		{
			"from": [4.5, 19, -2.5],
			"to": [14.5, 19, 8.5],
			"rotation": {"angle": 22.5, "axis": "x", "origin": [9.5, 19, 6.5]},
			"faces": {
				"north": {"uv": [0, 2.5, 0, 0], "rotation": 270, "texture": "#0"},
				"east": {"uv": [0, 0, 0, 2.75], "rotation": 90, "texture": "#0"},
				"south": {"uv": [0, 0, 0, 2.5], "rotation": 270, "texture": "#0"},
				"west": {"uv": [0, 0, 0, 2.75], "rotation": 270, "texture": "#0"},
				"up": {"uv": [8.5, 8.5, 11, 11.25], "texture": "#0"},
				"down": {"uv": [8.5, 8.5, 11, 11.25], "rotation": 180, "texture": "#0"}
			}
		},
		{
			"from": [4.5, 15, 8.5],
			"to": [14.5, 26, 8.5],
			"rotation": {"angle": -22.5, "axis": "x", "origin": [9.5, 15, 6.5]},
			"faces": {
				"north": {"uv": [8.5, 8.5, 11, 11.25], "texture": "#0"},
				"east": {"uv": [0, 0, 0, 2.75], "texture": "#0"},
				"south": {"uv": [8.5, 8.5, 11, 11.25], "texture": "#0"},
				"west": {"uv": [0, 0, 0, 2.75], "texture": "#0"},
				"up": {"uv": [0, 2.5, 0, 0], "rotation": 90, "texture": "#0"},
				"down": {"uv": [0, 0, 0, 2.5], "rotation": 270, "texture": "#0"}
			}
		},
		{
			"from": [10, 7, 3.5],
			"to": [23, 7, 13.5],
			"rotation": {"angle": 45, "axis": "z", "origin": [10, 7, 6.5]},
			"faces": {
				"north": {"uv": [0, 0, 3.25, 0], "texture": "#0"},
				"east": {"uv": [0, 0, 2.5, 0], "texture": "#0"},
				"south": {"uv": [0, 0, 3.25, 0], "texture": "#0"},
				"west": {"uv": [0, 0, 2.5, 0], "texture": "#0"},
				"up": {"uv": [6.25, 2.5, 3, 0], "rotation": 180, "texture": "#0"},
				"down": {"uv": [6.25, 0, 3, 2.5], "rotation": 180, "texture": "#0"}
			}
		},
		{
			"from": [10, 9, 3.5],
			"to": [10, 26, 15.5],
			"rotation": {"angle": -22.5, "axis": "z", "origin": [10, 9, 7.5]},
			"faces": {
				"north": {"uv": [0, 0, 0, 4.25], "texture": "#0"},
				"east": {"uv": [0, 0, 3, 4.25], "texture": "#0"},
				"south": {"uv": [0, 0, 0, 4.25], "texture": "#0"},
				"west": {"uv": [0, 0, 3, 4.25], "texture": "#0"},
				"up": {"uv": [0, 3, 0, 0], "rotation": 180, "texture": "#0"},
				"down": {"uv": [0, 0, 0, 3], "rotation": 180, "texture": "#0"}
			}
		},
		{
			"from": [10, 4, 3.5],
			"to": [10, 21, 15.5],
			"rotation": {"angle": -45, "axis": "z", "origin": [10, 4, 7.5]},
			"faces": {
				"north": {"uv": [0, 0, 0, 4.25], "texture": "#0"},
				"east": {"uv": [0, 0, 3, 4.25], "texture": "#0"},
				"south": {"uv": [0, 0, 0, 4.25], "texture": "#0"},
				"west": {"uv": [0, 0, 3, 4.25], "texture": "#0"},
				"up": {"uv": [0, 3, 0, 0], "rotation": 180, "texture": "#0"},
				"down": {"uv": [0, 0, 0, 3], "rotation": 180, "texture": "#0"}
			}
		},
		{
			"from": [10, 15, 4.5],
			"to": [22, 15, 14.5],
			"rotation": {"angle": 22.5, "axis": "z", "origin": [10, 15, 7.5]},
			"faces": {
				"north": {"uv": [0, 0, 0, 3], "rotation": 270, "texture": "#0"},
				"east": {"uv": [0, 2.5, 0, 0], "rotation": 270, "texture": "#0"},
				"south": {"uv": [0, 0, 0, 3], "rotation": 90, "texture": "#0"},
				"west": {"uv": [0, 0, 0, 2.5], "rotation": 270, "texture": "#0"},
				"up": {"uv": [2.5, 7.25, 5, 10.25], "rotation": 90, "texture": "#0"},
				"down": {"uv": [2.5, 7.25, 5, 10.25], "rotation": 90, "texture": "#0"}
			}
		},
		{
			"from": [10, 12, 4.5],
			"to": [10, 24, 14.5],
			"rotation": {"angle": -45, "axis": "z", "origin": [10, 12, 7.5]},
			"faces": {
				"north": {"uv": [0, 0, 0, 3], "texture": "#0"},
				"east": {"uv": [2.5, 7.25, 5, 10.25], "texture": "#0"},
				"south": {"uv": [0, 0, 0, 3], "texture": "#0"},
				"west": {"uv": [2.5, 7.25, 5, 10.25], "texture": "#0"},
				"up": {"uv": [0, 2.5, 0, 0], "rotation": 180, "texture": "#0"},
				"down": {"uv": [0, 0, 0, 2.5], "rotation": 180, "texture": "#0"}
			}
		},
		{
			"from": [9.5, 17, 3.5],
			"to": [22.5, 17, 13.5],
			"rotation": {"angle": 22.5, "axis": "z", "origin": [9.5, 17, 6.5]},
			"faces": {
				"north": {"uv": [0, 0, 0, 3.25], "rotation": 270, "texture": "#0"},
				"east": {"uv": [0, 2.5, 0, 0], "rotation": 270, "texture": "#0"},
				"south": {"uv": [0, 0, 0, 3.25], "rotation": 90, "texture": "#0"},
				"west": {"uv": [0, 0, 0, 2.5], "rotation": 270, "texture": "#0"},
				"up": {"uv": [0, 4.25, 2.5, 7.5], "rotation": 90, "texture": "#0"},
				"down": {"uv": [0, 4.25, 2.5, 7.5], "rotation": 90, "texture": "#0"}
			}
		},
		{
			"from": [9.5, 20, 4.5],
			"to": [9.5, 31, 14.5],
			"rotation": {"angle": -45, "axis": "z", "origin": [9.5, 20, 7.5]},
			"faces": {
				"north": {"uv": [0, 0, 0, 2.75], "texture": "#0"},
				"east": {"uv": [8.5, 8.5, 11, 11.25], "texture": "#0"},
				"south": {"uv": [0, 0, 0, 2.75], "texture": "#0"},
				"west": {"uv": [8.5, 8.5, 11, 11.25], "texture": "#0"},
				"up": {"uv": [0, 2.5, 0, 0], "rotation": 180, "texture": "#0"},
				"down": {"uv": [0, 0, 0, 2.5], "rotation": 180, "texture": "#0"}
			}
		},
		{
			"from": [9.5, 16, 4.5],
			"to": [9.5, 27, 14.5],
			"rotation": {"angle": -22.5, "axis": "z", "origin": [9.5, 16, 7.5]},
			"faces": {
				"north": {"uv": [0, 0, 0, 2.75], "texture": "#0"},
				"east": {"uv": [8.5, 8.5, 11, 11.25], "texture": "#0"},
				"south": {"uv": [0, 0, 0, 2.75], "texture": "#0"},
				"west": {"uv": [8.5, 8.5, 11, 11.25], "texture": "#0"},
				"up": {"uv": [0, 2.5, 0, 0], "rotation": 180, "texture": "#0"},
				"down": {"uv": [0, 0, 0, 2.5], "rotation": 180, "texture": "#0"}
			}
		},
		{
			"from": [4.5, 6, 10],
			"to": [14.5, 6, 23],
			"rotation": {"angle": -45, "axis": "x", "origin": [9.5, 6, 8]},
			"faces": {
				"north": {"uv": [0, 0, 2.5, 0], "texture": "#0"},
				"east": {"uv": [0, 0, 3.25, 0], "texture": "#0"},
				"south": {"uv": [0, 0, 2.5, 0], "texture": "#0"},
				"west": {"uv": [0, 0, 3.25, 0], "texture": "#0"},
				"up": {"uv": [6.25, 2.5, 3, 0], "rotation": 270, "texture": "#0"},
				"down": {"uv": [6.25, 0, 3, 2.5], "rotation": 90, "texture": "#0"}
			}
		},
		{
			"from": [3, 4, 10],
			"to": [15, 21, 10],
			"rotation": {"angle": 45, "axis": "x", "origin": [9, 4, 8]},
			"faces": {
				"north": {"uv": [0, 0, 3, 4.25], "texture": "#0"},
				"east": {"uv": [0, 0, 0, 4.25], "texture": "#0"},
				"south": {"uv": [0, 0, 3, 4.25], "texture": "#0"},
				"west": {"uv": [0, 0, 0, 4.25], "texture": "#0"},
				"up": {"uv": [0, 3, 0, 0], "rotation": 270, "texture": "#0"},
				"down": {"uv": [0, 0, 0, 3], "rotation": 90, "texture": "#0"}
			}
		},
		{
			"from": [3, 6, 10],
			"to": [15, 23, 10],
			"rotation": {"angle": 22.5, "axis": "x", "origin": [9, 6, 8]},
			"faces": {
				"north": {"uv": [0, 0, 3, 4.25], "texture": "#0"},
				"east": {"uv": [0, 0, 0, 4.25], "texture": "#0"},
				"south": {"uv": [0, 0, 3, 4.25], "texture": "#0"},
				"west": {"uv": [0, 0, 0, 4.25], "texture": "#0"},
				"up": {"uv": [0, 3, 0, 0], "rotation": 270, "texture": "#0"},
				"down": {"uv": [0, 0, 0, 3], "rotation": 90, "texture": "#0"}
			}
		},
		{
			"from": [4, 14, 10],
			"to": [14, 26, 10],
			"rotation": {"angle": 22.5, "axis": "x", "origin": [9, 14, 8]},
			"faces": {
				"north": {"uv": [2.5, 7.25, 5, 10.25], "texture": "#0"},
				"east": {"uv": [0, 0, 0, 3], "texture": "#0"},
				"south": {"uv": [2.5, 7.25, 5, 10.25], "texture": "#0"},
				"west": {"uv": [0, 0, 0, 3], "texture": "#0"},
				"up": {"uv": [0, 2.5, 0, 0], "rotation": 270, "texture": "#0"},
				"down": {"uv": [0, 0, 0, 2.5], "rotation": 90, "texture": "#0"}
			}
		},
		{
			"from": [4, 11, 10],
			"to": [14, 11, 22],
			"rotation": {"angle": -22.5, "axis": "x", "origin": [9, 11, 8]},
			"faces": {
				"north": {"uv": [0, 0, 0, 2.5], "rotation": 270, "texture": "#0"},
				"east": {"uv": [0, 0, 0, 3], "rotation": 270, "texture": "#0"},
				"south": {"uv": [0, 2.5, 0, 0], "rotation": 270, "texture": "#0"},
				"west": {"uv": [0, 0, 0, 3], "rotation": 90, "texture": "#0"},
				"up": {"uv": [2.5, 7.25, 5, 10.25], "rotation": 180, "texture": "#0"},
				"down": {"uv": [2.5, 7.25, 5, 10.25], "texture": "#0"}
			}
		},
		{
			"from": [4, 16, 9.5],
			"to": [14, 16, 22.5],
			"rotation": {"angle": -22.5, "axis": "x", "origin": [9, 16, 7.5]},
			"faces": {
				"north": {"uv": [0, 0, 0, 2.5], "rotation": 270, "texture": "#0"},
				"east": {"uv": [0, 0, 0, 3.25], "rotation": 270, "texture": "#0"},
				"south": {"uv": [0, 2.5, 0, 0], "rotation": 270, "texture": "#0"},
				"west": {"uv": [0, 0, 0, 3.25], "rotation": 90, "texture": "#0"},
				"up": {"uv": [0, 4.25, 2.5, 7.5], "rotation": 180, "texture": "#0"},
				"down": {"uv": [0, 4.25, 2.5, 7.5], "texture": "#0"}
			}
		},
		{
			"from": [3.5, 19, 9.5],
			"to": [13.5, 30, 9.5],
			"rotation": {"angle": 45, "axis": "x", "origin": [8.5, 19, 7.5]},
			"faces": {
				"north": {"uv": [8.5, 8.5, 11, 11.25], "texture": "#0"},
				"east": {"uv": [0, 0, 0, 2.75], "texture": "#0"},
				"south": {"uv": [8.5, 8.5, 11, 11.25], "texture": "#0"},
				"west": {"uv": [0, 0, 0, 2.75], "texture": "#0"},
				"up": {"uv": [0, 2.5, 0, 0], "rotation": 270, "texture": "#0"},
				"down": {"uv": [0, 0, 0, 2.5], "rotation": 90, "texture": "#0"}
			}
		},
		{
			"from": [3.5, 15, 9.5],
			"to": [13.5, 26, 9.5],
			"rotation": {"angle": 22.5, "axis": "x", "origin": [8.5, 15, 7.5]},
			"faces": {
				"north": {"uv": [8.5, 8.5, 11, 11.25], "texture": "#0"},
				"east": {"uv": [0, 0, 0, 2.75], "texture": "#0"},
				"south": {"uv": [8.5, 8.5, 11, 11.25], "texture": "#0"},
				"west": {"uv": [0, 0, 0, 2.75], "texture": "#0"},
				"up": {"uv": [0, 2.5, 0, 0], "rotation": 270, "texture": "#0"},
				"down": {"uv": [0, 0, 0, 2.5], "rotation": 90, "texture": "#0"}
			}
		}
	]
}