{
	"credit": "Made by ArtsByKev www.youtube.com/c/artsbykev and www.twitter.com/artsbykev using Blockbench",
	"textures": {
		"0": "block/jungle_planks",
		"1": "block/jungle_planks_bast",
		"particle": "block/jungle_planks"
	},
	"elements": [
		{
			"from": [0, 0, 0],
			"to": [16, 8, 16],
			"faces": {
				"north": {"uv": [0, 0, 16, 8], "texture": "#0"},
				"east": {"uv": [0, 0, 16, 8], "texture": "#0"},
				"south": {"uv": [0, 0, 16, 8], "texture": "#0"},
				"west": {"uv": [0, 0, 16, 8], "texture": "#0"},
				"up": {"uv": [0, 0, 16, 16], "rotation": 270, "texture": "#0"},
				"down": {"uv": [0, 0, 16, 16], "rotation": 90, "texture": "#0"}
			}
		},
		{
			"from": [8, 8, 0],
			"to": [16, 16, 16],
			"rotation": {"angle": 0, "axis": "y", "origin": [8, 16, 8]},
			"faces": {
				"north": {"uv": [0, 0, 8, 8], "texture": "#0"},
				"east": {"uv": [0, 0, 16, 8], "texture": "#0"},
				"south": {"uv": [0, 0, 8, 8], "texture": "#0"},
				"west": {"uv": [0, 0, 16, 8], "texture": "#0"},
				"up": {"uv": [0, 0, 16, 8], "rotation": 270, "texture": "#0"},
				"down": {"uv": [0, 0, 16, 8], "rotation": 90, "texture": "#0"}
			}
		},
		{
			"from": [-3, 16, 0],
			"to": [8, 16, 1],
			"rotation": {"angle": 45, "axis": "z", "origin": [8, 16, 8]},
			"faces": {
				"north": {"uv": [0, 0, 11, 0], "texture": "#1"},
				"east": {"uv": [0, 0, 16, 0], "texture": "#1"},
				"south": {"uv": [0, 0, 11, 0], "texture": "#1"},
				"west": {"uv": [0, 0, 16, 0], "texture": "#1"},
				"up": {"uv": [0, 0, 1, 11], "rotation": 270, "texture": "#1"},
				"down": {"uv": [0, 11, 1, 0], "rotation": 90, "texture": "#1"}
			}
		},
		{
			"from": [-11, 8, 3],
			"to": [0, 8, 4],
			"rotation": {"angle": 45, "axis": "z", "origin": [0, 8, 11]},
			"faces": {
				"north": {"uv": [0, 0, 11, 0], "texture": "#1"},
				"east": {"uv": [0, 0, 16, 0], "texture": "#1"},
				"south": {"uv": [0, 0, 11, 0], "texture": "#1"},
				"west": {"uv": [0, 0, 16, 0], "texture": "#1"},
				"up": {"uv": [0, 0, 1, 11], "rotation": 270, "texture": "#1"},
				"down": {"uv": [0, 11, 1, 0], "rotation": 90, "texture": "#1"}
			}
		},
		{
			"from": [-3, 16, 2],
			"to": [8, 16, 3],
			"rotation": {"angle": 45, "axis": "z", "origin": [8, 16, 10]},
			"faces": {
				"north": {"uv": [0, 0, 11, 0], "texture": "#1"},
				"east": {"uv": [0, 0, 16, 0], "texture": "#1"},
				"south": {"uv": [0, 0, 11, 0], "texture": "#1"},
				"west": {"uv": [0, 0, 16, 0], "texture": "#1"},
				"up": {"uv": [0, 0, 1, 11], "rotation": 270, "texture": "#1"},
				"down": {"uv": [0, 11, 1, 0], "rotation": 90, "texture": "#1"}
			}
		},
		{
			"from": [-11, 8, 7],
			"to": [0, 8, 8],
			"rotation": {"angle": 45, "axis": "z", "origin": [0, 8, 15]},
			"faces": {
				"north": {"uv": [0, 0, 11, 0], "texture": "#1"},
				"east": {"uv": [0, 0, 16, 0], "texture": "#1"},
				"south": {"uv": [0, 0, 11, 0], "texture": "#1"},
				"west": {"uv": [0, 0, 16, 0], "texture": "#1"},
				"up": {"uv": [0, 0, 1, 11], "rotation": 270, "texture": "#1"},
				"down": {"uv": [0, 11, 1, 0], "rotation": 90, "texture": "#1"}
			}
		},
		{
			"from": [-3, 16, 9],
			"to": [8, 16, 10],
			"rotation": {"angle": 45, "axis": "z", "origin": [8, 16, 17]},
			"faces": {
				"north": {"uv": [0, 0, 11, 0], "texture": "#1"},
				"east": {"uv": [0, 0, 16, 0], "texture": "#1"},
				"south": {"uv": [0, 0, 11, 0], "texture": "#1"},
				"west": {"uv": [0, 0, 16, 0], "texture": "#1"},
				"up": {"uv": [0, 0, 1, 11], "rotation": 270, "texture": "#1"},
				"down": {"uv": [0, 11, 1, 0], "rotation": 90, "texture": "#1"}
			}
		},
		{
			"from": [-11, 8, 14],
			"to": [0, 8, 15],
			"rotation": {"angle": 45, "axis": "z", "origin": [0, 8, 22]},
			"faces": {
				"north": {"uv": [0, 0, 11, 0], "texture": "#1"},
				"east": {"uv": [0, 0, 16, 0], "texture": "#1"},
				"south": {"uv": [0, 0, 11, 0], "texture": "#1"},
				"west": {"uv": [0, 0, 16, 0], "texture": "#1"},
				"up": {"uv": [0, 0, 1, 11], "rotation": 270, "texture": "#1"},
				"down": {"uv": [0, 11, 1, 0], "rotation": 90, "texture": "#1"}
			}
		},
		{
			"from": [0, 16, 14],
			"to": [8, 16, 15],
			"rotation": {"angle": 45, "axis": "z", "origin": [8, 16, 22]},
			"faces": {
				"north": {"uv": [0, 0, 11, 0], "texture": "#1"},
				"east": {"uv": [0, 0, 16, 0], "texture": "#1"},
				"south": {"uv": [0, 0, 11, 0], "texture": "#1"},
				"west": {"uv": [0, 0, 16, 0], "texture": "#1"},
				"up": {"uv": [0, 0, 1, 8], "rotation": 270, "texture": "#1"},
				"down": {"uv": [0, 11, 16, 0], "rotation": 90, "texture": "#1"}
			}
		},
		{
			"from": [-8, 6, 11],
			"to": [0, 6, 12],
			"rotation": {"angle": 45, "axis": "z", "origin": [0, 6, 19]},
			"faces": {
				"north": {"uv": [0, 0, 11, 0], "texture": "#1"},
				"east": {"uv": [0, 0, 16, 0], "texture": "#1"},
				"south": {"uv": [0, 0, 11, 0], "texture": "#1"},
				"west": {"uv": [0, 0, 16, 0], "texture": "#1"},
				"up": {"uv": [0, 0, 1, 8], "rotation": 270, "texture": "#1"},
				"down": {"uv": [0, 11, 16, 0], "rotation": 90, "texture": "#1"}
			}
		},
		{
			"from": [0, 14, 1],
			"to": [8, 14, 2],
			"rotation": {"angle": 45, "axis": "z", "origin": [8, 14, 9]},
			"faces": {
				"north": {"uv": [0, 0, 11, 0], "texture": "#1"},
				"east": {"uv": [0, 0, 16, 0], "texture": "#1"},
				"south": {"uv": [0, 0, 11, 0], "texture": "#1"},
				"west": {"uv": [0, 0, 16, 0], "texture": "#1"},
				"up": {"uv": [0, 0, 1, 8], "rotation": 270, "texture": "#1"},
				"down": {"uv": [0, 8, 1, 0], "rotation": 90, "texture": "#1"}
			}
		},
		{
			"from": [-8, 8, 1],
			"to": [0, 8, 2],
			"rotation": {"angle": 45, "axis": "z", "origin": [0, 8, 9]},
			"faces": {
				"north": {"uv": [0, 0, 11, 0], "texture": "#1"},
				"east": {"uv": [0, 0, 16, 0], "texture": "#1"},
				"south": {"uv": [0, 0, 11, 0], "texture": "#1"},
				"west": {"uv": [0, 0, 16, 0], "texture": "#1"},
				"up": {"uv": [0, 0, 1, 8], "rotation": 270, "texture": "#1"},
				"down": {"uv": [0, 8, 1, 0], "rotation": 90, "texture": "#1"}
			}
		},
		{
			"from": [-1, 15, 6],
			"to": [8, 15, 7],
			"rotation": {"angle": 45, "axis": "z", "origin": [8, 15, 14]},
			"faces": {
				"north": {"uv": [0, 0, 9, 0], "texture": "#1"},
				"east": {"uv": [0, 0, 16, 0], "texture": "#1"},
				"south": {"uv": [0, 0, 9, 0], "texture": "#1"},
				"west": {"uv": [0, 0, 16, 0], "texture": "#1"},
				"up": {"uv": [0, 0, 1, 9], "rotation": 270, "texture": "#1"},
				"down": {"uv": [0, 9, 1, 0], "rotation": 90, "texture": "#1"}
			}
		},
		{
			"from": [-9, 7, 5],
			"to": [0, 7, 6],
			"rotation": {"angle": 45, "axis": "z", "origin": [0, 7, 13]},
			"faces": {
				"north": {"uv": [0, 0, 9, 0], "texture": "#1"},
				"east": {"uv": [0, 0, 16, 0], "texture": "#1"},
				"south": {"uv": [0, 0, 9, 0], "texture": "#1"},
				"west": {"uv": [0, 0, 16, 0], "texture": "#1"},
				"up": {"uv": [0, 0, 1, 9], "rotation": 270, "texture": "#1"},
				"down": {"uv": [0, 9, 1, 0], "rotation": 90, "texture": "#1"}
			}
		},
		{
			"from": [-1, 16, 7],
			"to": [8, 16, 8],
			"rotation": {"angle": 45, "axis": "z", "origin": [8, 16, 15]},
			"faces": {
				"north": {"uv": [0, 0, 9, 0], "texture": "#1"},
				"east": {"uv": [0, 0, 16, 0], "texture": "#1"},
				"south": {"uv": [0, 0, 9, 0], "texture": "#1"},
				"west": {"uv": [0, 0, 16, 0], "texture": "#1"},
				"up": {"uv": [0, 0, 1, 9], "rotation": 270, "texture": "#1"},
				"down": {"uv": [0, 9, 1, 0], "rotation": 90, "texture": "#1"}
			}
		},
		{
			"from": [-9, 7, 10],
			"to": [0, 7, 11],
			"rotation": {"angle": 45, "axis": "z", "origin": [0, 7, 18]},
			"faces": {
				"north": {"uv": [0, 0, 9, 0], "texture": "#1"},
				"east": {"uv": [0, 0, 16, 0], "texture": "#1"},
				"south": {"uv": [0, 0, 9, 0], "texture": "#1"},
				"west": {"uv": [0, 0, 16, 0], "texture": "#1"},
				"up": {"uv": [0, 0, 1, 9], "rotation": 270, "texture": "#1"},
				"down": {"uv": [0, 9, 1, 0], "rotation": 90, "texture": "#1"}
			}
		},
		{
			"from": [-1, 15, 12],
			"to": [8, 15, 13],
			"rotation": {"angle": 45, "axis": "z", "origin": [8, 15, 20]},
			"faces": {
				"north": {"uv": [0, 0, 9, 0], "texture": "#1"},
				"east": {"uv": [0, 0, 16, 0], "texture": "#1"},
				"south": {"uv": [0, 0, 9, 0], "texture": "#1"},
				"west": {"uv": [0, 0, 16, 0], "texture": "#1"},
				"up": {"uv": [0, 0, 1, 9], "rotation": 270, "texture": "#1"},
				"down": {"uv": [0, 9, 1, 0], "rotation": 90, "texture": "#1"}
			}
		},
		{
			"from": [-9, 7, 13],
			"to": [0, 7, 14],
			"rotation": {"angle": 45, "axis": "z", "origin": [0, 7, 21]},
			"faces": {
				"north": {"uv": [0, 0, 9, 0], "texture": "#1"},
				"east": {"uv": [0, 0, 16, 0], "texture": "#1"},
				"south": {"uv": [0, 0, 9, 0], "texture": "#1"},
				"west": {"uv": [0, 0, 16, 0], "texture": "#1"},
				"up": {"uv": [0, 0, 1, 9], "rotation": 270, "texture": "#1"},
				"down": {"uv": [0, 9, 1, 0], "rotation": 90, "texture": "#1"}
			}
		},
		{
			"from": [2, 14, 15],
			"to": [8, 14, 16],
			"rotation": {"angle": 45, "axis": "z", "origin": [8, 14, 23]},
			"faces": {
				"north": {"uv": [0, 0, 9, 0], "texture": "#1"},
				"east": {"uv": [0, 0, 16, 0], "texture": "#1"},
				"south": {"uv": [0, 0, 9, 0], "texture": "#1"},
				"west": {"uv": [0, 0, 16, 0], "texture": "#1"},
				"up": {"uv": [0, 0, 1, 6], "rotation": 270, "texture": "#1"},
				"down": {"uv": [0, 9, 16, 0], "rotation": 90, "texture": "#1"}
			}
		},
		{
			"from": [-6, 7, 15],
			"to": [0, 7, 16],
			"rotation": {"angle": 45, "axis": "z", "origin": [0, 7, 23]},
			"faces": {
				"north": {"uv": [0, 0, 9, 0], "texture": "#1"},
				"east": {"uv": [0, 0, 16, 0], "texture": "#1"},
				"south": {"uv": [0, 0, 9, 0], "texture": "#1"},
				"west": {"uv": [0, 0, 16, 0], "texture": "#1"},
				"up": {"uv": [0, 0, 1, 6], "rotation": 270, "texture": "#1"},
				"down": {"uv": [0, 9, 16, 0], "rotation": 90, "texture": "#1"}
			}
		},
		{
			"from": [2, 13, 4],
			"to": [8, 13, 5],
			"rotation": {"angle": 45, "axis": "z", "origin": [8, 13, 12]},
			"faces": {
				"north": {"uv": [0, 0, 9, 0], "texture": "#1"},
				"east": {"uv": [0, 0, 16, 0], "texture": "#1"},
				"south": {"uv": [0, 0, 9, 0], "texture": "#1"},
				"west": {"uv": [0, 0, 16, 0], "texture": "#1"},
				"up": {"uv": [0, 0, 1, 6], "rotation": 270, "texture": "#1"},
				"down": {"uv": [0, 6, 1, 0], "rotation": 90, "texture": "#1"}
			}
		},
		{
			"from": [-6, 6, 0],
			"to": [0, 6, 1],
			"rotation": {"angle": 45, "axis": "z", "origin": [0, 6, 8]},
			"faces": {
				"north": {"uv": [0, 0, 9, 0], "texture": "#1"},
				"east": {"uv": [0, 0, 16, 0], "texture": "#1"},
				"south": {"uv": [0, 0, 9, 0], "texture": "#1"},
				"west": {"uv": [0, 0, 16, 0], "texture": "#1"},
				"up": {"uv": [0, 0, 1, 6], "rotation": 270, "texture": "#1"},
				"down": {"uv": [0, 6, 1, 0], "rotation": 90, "texture": "#1"}
			}
		}
	]
}