{
	"credit": "Made by ArtsByKev www.youtube.com/c/artsbykev and www.twitter.com/artsbykev using Blockbench",
	"texture_size": [64, 64],
	"texture_size": [64, 64],
	"textures": {
		"0": "artsbykev_var/textures/jungle_tree_flower",
		"particle": "artsbykev_var/textures/jungle_tree_flower"
	},
	"elements": [
		{
			"from": [-1, 4.5, 2],
			"to": [5, 4.5, 8],
			"rotation": {"angle": 22.5, "axis": "z", "origin": [5, 4.5, 5]},
			"faces": {
				"north": {"uv": [0, 0, 1.5, 0], "texture": "#0"},
				"east": {"uv": [0, 0, 1.5, 0], "texture": "#0"},
				"south": {"uv": [0, 0, 1.5, 0], "texture": "#0"},
				"west": {"uv": [0, 0, 1.5, 0], "texture": "#0"},
				"up": {"uv": [1.5, 1.5, 0, 0], "texture": "#0"},
				"down": {"uv": [1.5, 1.5, 0, 3], "texture": "#0"}
			}
		},
		{
			"from": [5, 5, 0],
			"to": [11, 5, 6],
			"rotation": {"angle": -22.5, "axis": "x", "origin": [8, 5, 6]},
			"faces": {
				"north": {"uv": [0, 0, 1.5, 0], "texture": "#0"},
				"east": {"uv": [0, 0, 1.5, 0], "texture": "#0"},
				"south": {"uv": [0, 0, 1.5, 0], "texture": "#0"},
				"west": {"uv": [0, 0, 1.5, 0], "texture": "#0"},
				"up": {"uv": [1.5, 7.5, 0, 6], "texture": "#0"},
				"down": {"uv": [3, 6, 1.5, 7.5], "texture": "#0"}
			}
		},
		{
			"from": [5, 4, 5],
			"to": [11, 4, 11],
			"rotation": {"angle": 0, "axis": "x", "origin": [8, 4, 11]},
			"faces": {
				"north": {"uv": [0, 0, 1.5, 0], "texture": "#0"},
				"east": {"uv": [0, 0, 1.5, 0], "texture": "#0"},
				"south": {"uv": [0, 0, 1.5, 0], "texture": "#0"},
				"west": {"uv": [0, 0, 1.5, 0], "texture": "#0"},
				"up": {"uv": [9, 9, 7.5, 7.5], "texture": "#0"},
				"down": {"uv": [9, 0, 7.5, 1.5], "texture": "#0"}
			}
		},
		{
			"from": [4, 5, 9],
			"to": [10, 5, 15],
			"rotation": {"angle": 22.5, "axis": "x", "origin": [7, 5, 9]},
			"faces": {
				"north": {"uv": [0, 0, 1.5, 0], "texture": "#0"},
				"east": {"uv": [0, 0, 1.5, 0], "texture": "#0"},
				"south": {"uv": [0, 0, 1.5, 0], "texture": "#0"},
				"west": {"uv": [0, 0, 1.5, 0], "texture": "#0"},
				"up": {"uv": [7.5, 6, 6, 4.5], "texture": "#0"},
				"down": {"uv": [1.5, 7.5, 0, 9], "texture": "#0"}
			}
		},
		{
			"from": [0, 2.5, 9],
			"to": [6, 2.5, 15],
			"rotation": {"angle": 22.5, "axis": "z", "origin": [6, 2.5, 12]},
			"faces": {
				"north": {"uv": [0, 0, 1.5, 0], "texture": "#0"},
				"east": {"uv": [0, 0, 1.5, 0], "texture": "#0"},
				"south": {"uv": [0, 0, 1.5, 0], "texture": "#0"},
				"west": {"uv": [0, 0, 1.5, 0], "texture": "#0"},
				"up": {"uv": [4.5, 3, 3, 1.5], "texture": "#0"},
				"down": {"uv": [1.5, 4.5, 0, 6], "texture": "#0"}
			}
		},
		{
			"from": [10, 2.5, 9],
			"to": [16, 2.5, 15],
			"rotation": {"angle": -22.5, "axis": "z", "origin": [10, 2.5, 12]},
			"faces": {
				"north": {"uv": [0, 0, 1.5, 0], "texture": "#0"},
				"east": {"uv": [0, 0, 1.5, 0], "texture": "#0"},
				"south": {"uv": [0, 0, 1.5, 0], "texture": "#0"},
				"west": {"uv": [0, 0, 1.5, 0], "texture": "#0"},
				"up": {"uv": [7.5, 3, 6, 1.5], "texture": "#0"},
				"down": {"uv": [7.5, 3, 6, 4.5], "texture": "#0"}
			}
		},
		{
			"from": [-2, 1, 5],
			"to": [4, 1, 11],
			"rotation": {"angle": 0, "axis": "y", "origin": [4, 1, 8]},
			"faces": {
				"north": {"uv": [0, 0, 1.5, 0], "texture": "#0"},
				"east": {"uv": [0, 0, 1.5, 0], "texture": "#0"},
				"south": {"uv": [0, 0, 1.5, 0], "texture": "#0"},
				"west": {"uv": [0, 0, 1.5, 0], "texture": "#0"},
				"up": {"uv": [3, 3, 1.5, 1.5], "texture": "#0"},
				"down": {"uv": [3, 0, 1.5, 1.5], "texture": "#0"}
			}
		},
		{
			"from": [-1, 2.75, -1],
			"to": [5, 2.75, 5],
			"rotation": {"angle": 22.5, "axis": "z", "origin": [5, 2.75, 2]},
			"faces": {
				"north": {"uv": [0, 0, 1.5, 0], "texture": "#0"},
				"east": {"uv": [0, 0, 1.5, 0], "texture": "#0"},
				"south": {"uv": [0, 0, 1.5, 0], "texture": "#0"},
				"west": {"uv": [0, 0, 1.5, 0], "texture": "#0"},
				"up": {"uv": [9, 3, 7.5, 1.5], "texture": "#0"},
				"down": {"uv": [9, 3, 7.5, 4.5], "texture": "#0"}
			}
		},
		{
			"from": [10, 2.75, -2],
			"to": [16, 2.75, 4],
			"rotation": {"angle": -22.5, "axis": "z", "origin": [10, 2.75, 1]},
			"faces": {
				"north": {"uv": [0, 0, 1.5, 0], "texture": "#0"},
				"east": {"uv": [0, 0, 1.5, 0], "texture": "#0"},
				"south": {"uv": [0, 0, 1.5, 0], "texture": "#0"},
				"west": {"uv": [0, 0, 1.5, 0], "texture": "#0"},
				"up": {"uv": [9, 6, 7.5, 4.5], "texture": "#0"},
				"down": {"uv": [9, 6, 7.5, 7.5], "texture": "#0"}
			}
		},
		{
			"from": [12, 1, 5],
			"to": [18, 1, 11],
			"rotation": {"angle": 0, "axis": "y", "origin": [12, 1, 8]},
			"faces": {
				"north": {"uv": [0, 0, 1.5, 0], "texture": "#0"},
				"east": {"uv": [0, 0, 1.5, 0], "texture": "#0"},
				"south": {"uv": [0, 0, 1.5, 0], "texture": "#0"},
				"west": {"uv": [0, 0, 1.5, 0], "texture": "#0"},
				"up": {"uv": [7.5, 7.5, 6, 6], "texture": "#0"},
				"down": {"uv": [7.5, 0, 6, 1.5], "texture": "#0"}
			}
		},
		{
			"from": [4, 2.5, -2],
			"to": [10, 2.5, 4],
			"rotation": {"angle": -22.5, "axis": "x", "origin": [7, 2.5, 4]},
			"faces": {
				"north": {"uv": [0, 0, 1.5, 0], "texture": "#0"},
				"east": {"uv": [0, 0, 1.5, 0], "texture": "#0"},
				"south": {"uv": [0, 0, 1.5, 0], "texture": "#0"},
				"west": {"uv": [0, 0, 1.5, 0], "texture": "#0"},
				"up": {"uv": [3, 6, 1.5, 4.5], "texture": "#0"},
				"down": {"uv": [4.5, 4.5, 3, 6], "texture": "#0"}
			}
		},
		{
			"from": [1, 2.5, 13],
			"to": [7, 2.5, 19],
			"rotation": {"angle": 22.5, "axis": "x", "origin": [4, 2.5, 13]},
			"faces": {
				"north": {"uv": [0, 0, 1.5, 0], "texture": "#0"},
				"east": {"uv": [0, 0, 1.5, 0], "texture": "#0"},
				"south": {"uv": [0, 0, 1.5, 0], "texture": "#0"},
				"west": {"uv": [0, 0, 1.5, 0], "texture": "#0"},
				"up": {"uv": [6, 9, 4.5, 7.5], "texture": "#0"},
				"down": {"uv": [7.5, 7.5, 6, 9], "texture": "#0"}
			}
		},
		{
			"from": [7, 2.5, -1.5],
			"to": [13, 2.5, 4.5],
			"rotation": {"angle": -22.5, "axis": "x", "origin": [10, 2.5, 4.5]},
			"faces": {
				"north": {"uv": [0, 0, 1.5, 0], "texture": "#0"},
				"east": {"uv": [0, 0, 1.5, 0], "texture": "#0"},
				"south": {"uv": [0, 0, 1.5, 0], "texture": "#0"},
				"west": {"uv": [0, 0, 1.5, 0], "texture": "#0"},
				"up": {"uv": [6, 3, 4.5, 1.5], "texture": "#0"},
				"down": {"uv": [6, 3, 4.5, 4.5], "texture": "#0"}
			}
		},
		{
			"from": [6, 2.5, 12.5],
			"to": [12, 2.5, 18.5],
			"rotation": {"angle": 22.5, "axis": "x", "origin": [9, 2.5, 12.5]},
			"faces": {
				"north": {"uv": [0, 0, 1.5, 0], "texture": "#0"},
				"east": {"uv": [0, 0, 1.5, 0], "texture": "#0"},
				"south": {"uv": [0, 0, 1.5, 0], "texture": "#0"},
				"west": {"uv": [0, 0, 1.5, 0], "texture": "#0"},
				"up": {"uv": [3, 9, 1.5, 7.5], "texture": "#0"},
				"down": {"uv": [4.5, 7.5, 3, 9], "texture": "#0"}
			}
		},
		{
			"from": [0, 4.25, 1],
			"to": [6, 4.25, 7],
			"rotation": {"angle": 45, "axis": "z", "origin": [6, 4.25, 4]},
			"faces": {
				"north": {"uv": [0, 0, 1.5, 0], "texture": "#0"},
				"east": {"uv": [0, 0, 1.5, 0], "texture": "#0"},
				"south": {"uv": [0, 0, 1.5, 0], "texture": "#0"},
				"west": {"uv": [0, 0, 1.5, 0], "texture": "#0"},
				"up": {"uv": [1.5, 4.5, 0, 3], "texture": "#0"},
				"down": {"uv": [3, 3, 1.5, 4.5], "texture": "#0"}
			}
		},
		{
			"from": [11, 5, 3],
			"to": [17, 5, 9],
			"rotation": {"angle": -45, "axis": "z", "origin": [11, 5, 6]},
			"faces": {
				"north": {"uv": [0, 0, 1.5, 0], "texture": "#0"},
				"east": {"uv": [0, 0, 1.5, 0], "texture": "#0"},
				"south": {"uv": [0, 0, 1.5, 0], "texture": "#0"},
				"west": {"uv": [0, 0, 1.5, 0], "texture": "#0"},
				"up": {"uv": [4.5, 7.5, 3, 6], "texture": "#0"},
				"down": {"uv": [6, 6, 4.5, 7.5], "texture": "#0"}
			}
		},
		{
			"from": [-2, 5, 6],
			"to": [4, 5, 12],
			"rotation": {"angle": 45, "axis": "z", "origin": [4, 5, 9]},
			"faces": {
				"north": {"uv": [0, 0, 1.5, 0], "texture": "#0"},
				"east": {"uv": [0, 0, 1.5, 0], "texture": "#0"},
				"south": {"uv": [0, 0, 1.5, 0], "texture": "#0"},
				"west": {"uv": [0, 0, 1.5, 0], "texture": "#0"},
				"up": {"uv": [4.5, 4.5, 3, 3], "texture": "#0"},
				"down": {"uv": [4.5, 0, 3, 1.5], "texture": "#0"}
			}
		},
		{
			"from": [8, 6, 7],
			"to": [14, 6, 13],
			"rotation": {"angle": -45, "axis": "z", "origin": [8, 6, 10]},
			"faces": {
				"north": {"uv": [0, 0, 1.5, 0], "texture": "#0"},
				"east": {"uv": [0, 0, 1.5, 0], "texture": "#0"},
				"south": {"uv": [0, 0, 1.5, 0], "texture": "#0"},
				"west": {"uv": [0, 0, 1.5, 0], "texture": "#0"},
				"up": {"uv": [6, 6, 4.5, 4.5], "texture": "#0"},
				"down": {"uv": [6, 0, 4.5, 1.5], "texture": "#0"}
			}
		}
	]
}