{
	"credit": "Made by ArtsByKev www.youtube.com/c/artsbykev and www.twitter.com/artsbykev using Blockbench",
	"textures": {
		"0": "block/jungle_planks",
		"1": "block/jungle_planks_bast",
		"particle": "block/jungle_planks"
	},
	"elements": [
		{
			"from": [0, 0, 0],
			"to": [16, 8, 16],
			"faces": {
				"north": {"uv": [0, 0, 16, 8], "texture": "#0"},
				"east": {"uv": [0, 0, 16, 8], "texture": "#0"},
				"south": {"uv": [0, 0, 16, 8], "texture": "#0"},
				"west": {"uv": [0, 0, 16, 8], "texture": "#0"},
				"up": {"uv": [0, 0, 16, 16], "texture": "#0"},
				"down": {"uv": [0, 0, 16, 16], "texture": "#0"}
			}
		},
		{
			"from": [8, 8, 0],
			"to": [16, 16, 16],
			"rotation": {"angle": 0, "axis": "y", "origin": [8, 16, 8]},
			"faces": {
				"north": {"uv": [0, 0, 8, 8], "texture": "#0"},
				"east": {"uv": [0, 0, 16, 8], "texture": "#0"},
				"south": {"uv": [0, 0, 8, 8], "texture": "#0"},
				"west": {"uv": [0, 0, 16, 8], "texture": "#0"},
				"up": {"uv": [0, 0, 8, 16], "texture": "#0"},
				"down": {"uv": [0, 0, 8, 16], "texture": "#0"}
			}
		},
		{
			"from": [0, 8, 8],
			"to": [8, 16, 16],
			"rotation": {"angle": 0, "axis": "y", "origin": [0, 16, 8]},
			"faces": {
				"north": {"uv": [0, 0, 8, 8], "texture": "#0"},
				"east": {"uv": [0, 0, 8, 8], "texture": "#0"},
				"south": {"uv": [0, 0, 8, 8], "texture": "#0"},
				"west": {"uv": [0, 0, 8, 8], "texture": "#0"},
				"up": {"uv": [0, 0, 8, 8], "texture": "#0"},
				"down": {"uv": [0, 0, 8, 8], "texture": "#0"}
			}
		},
		{
			"from": [0, 16, -2],
			"to": [1, 16, 8],
			"rotation": {"angle": -45, "axis": "x", "origin": [0, 16, 8]},
			"faces": {
				"north": {"uv": [0, 0, 16, 0], "texture": "#1"},
				"east": {"uv": [0, 0, 11, 0], "texture": "#1"},
				"south": {"uv": [0, 0, 16, 0], "texture": "#1"},
				"west": {"uv": [0, 0, 11, 0], "texture": "#1"},
				"up": {"uv": [0, 0, 1, 10], "texture": "#1"},
				"down": {"uv": [0, 10, 1, 0], "texture": "#1"}
			}
		},
		{
			"from": [4, 16, -3],
			"to": [5, 16, 8],
			"rotation": {"angle": -45, "axis": "x", "origin": [4, 16, 8]},
			"faces": {
				"north": {"uv": [0, 0, 16, 0], "texture": "#1"},
				"east": {"uv": [0, 0, 11, 0], "texture": "#1"},
				"south": {"uv": [0, 0, 16, 0], "texture": "#1"},
				"west": {"uv": [0, 0, 11, 0], "texture": "#1"},
				"up": {"uv": [0, 0, 1, 11], "texture": "#1"},
				"down": {"uv": [0, 11, 1, 0], "texture": "#1"}
			}
		},
		{
			"from": [-3, 16, 1],
			"to": [8, 16, 2],
			"rotation": {"angle": 45, "axis": "z", "origin": [8, 16, 7]},
			"faces": {
				"north": {"uv": [0, 0, 11, 0], "texture": "#1"},
				"east": {"uv": [0, 0, 16, 0], "texture": "#1"},
				"south": {"uv": [0, 0, 11, 0], "texture": "#1"},
				"west": {"uv": [0, 0, 16, 0], "texture": "#1"},
				"up": {"uv": [0, 0, 1, 11], "rotation": 270, "texture": "#1"},
				"down": {"uv": [0, 11, 1, 0], "rotation": 90, "texture": "#1"}
			}
		},
		{
			"from": [-1, 16, 3],
			"to": [8, 16, 4],
			"rotation": {"angle": 45, "axis": "z", "origin": [8, 16, 9]},
			"faces": {
				"north": {"uv": [0, 0, 11, 0], "texture": "#1"},
				"east": {"uv": [0, 0, 16, 0], "texture": "#1"},
				"south": {"uv": [0, 0, 11, 0], "texture": "#1"},
				"west": {"uv": [0, 0, 16, 0], "texture": "#1"},
				"up": {"uv": [0, 0, 1, 9], "rotation": 270, "texture": "#1"},
				"down": {"uv": [0, 11, 16, 0], "rotation": 90, "texture": "#1"}
			}
		},
		{
			"from": [1, 16, 6],
			"to": [8, 16, 7],
			"rotation": {"angle": 45, "axis": "z", "origin": [8, 16, 12]},
			"faces": {
				"north": {"uv": [0, 0, 11, 0], "texture": "#1"},
				"east": {"uv": [0, 0, 16, 0], "texture": "#1"},
				"south": {"uv": [0, 0, 11, 0], "texture": "#1"},
				"west": {"uv": [0, 0, 16, 0], "texture": "#1"},
				"up": {"uv": [0, 0, 1, 7], "rotation": 270, "texture": "#1"},
				"down": {"uv": [0, 11, 16, 0], "rotation": 90, "texture": "#1"}
			}
		},
		{
			"from": [1, 14, 0],
			"to": [2, 14, 8],
			"rotation": {"angle": -45, "axis": "x", "origin": [1, 14, 8]},
			"faces": {
				"north": {"uv": [0, 0, 16, 0], "texture": "#1"},
				"east": {"uv": [0, 0, 9, 0], "texture": "#1"},
				"south": {"uv": [0, 0, 16, 0], "texture": "#1"},
				"west": {"uv": [0, 0, 9, 0], "texture": "#1"},
				"up": {"uv": [0, 0, 1, 8], "texture": "#1"},
				"down": {"uv": [0, 8, 1, 0], "texture": "#1"}
			}
		},
		{
			"from": [3, 14, -1],
			"to": [4, 14, 8],
			"rotation": {"angle": -45, "axis": "x", "origin": [3, 14, 8]},
			"faces": {
				"north": {"uv": [0, 0, 16, 0], "texture": "#1"},
				"east": {"uv": [0, 0, 9, 0], "texture": "#1"},
				"south": {"uv": [0, 0, 16, 0], "texture": "#1"},
				"west": {"uv": [0, 0, 9, 0], "texture": "#1"},
				"up": {"uv": [0, 0, 1, 9], "texture": "#1"},
				"down": {"uv": [0, 9, 1, 0], "texture": "#1"}
			}
		},
		{
			"from": [-1, 14, 0],
			"to": [8, 14, 1],
			"rotation": {"angle": 45, "axis": "z", "origin": [8, 14, 6]},
			"faces": {
				"north": {"uv": [0, 0, 9, 0], "texture": "#1"},
				"east": {"uv": [0, 0, 16, 0], "texture": "#1"},
				"south": {"uv": [0, 0, 9, 0], "texture": "#1"},
				"west": {"uv": [0, 0, 16, 0], "texture": "#1"},
				"up": {"uv": [0, 0, 1, 9], "rotation": 270, "texture": "#1"},
				"down": {"uv": [0, 9, 1, 0], "rotation": 90, "texture": "#1"}
			}
		},
		{
			"from": [1, 13, 3],
			"to": [8, 13, 4],
			"rotation": {"angle": 45, "axis": "z", "origin": [8, 13, 9]},
			"faces": {
				"north": {"uv": [0, 0, 9, 0], "texture": "#1"},
				"east": {"uv": [0, 0, 16, 0], "texture": "#1"},
				"south": {"uv": [0, 0, 9, 0], "texture": "#1"},
				"west": {"uv": [0, 0, 16, 0], "texture": "#1"},
				"up": {"uv": [0, 0, 1, 7], "rotation": 270, "texture": "#1"},
				"down": {"uv": [0, 7, 1, 0], "rotation": 90, "texture": "#1"}
			}
		},
		{
			"from": [3, 12, 6],
			"to": [8, 12, 7],
			"rotation": {"angle": 45, "axis": "z", "origin": [8, 12, 12]},
			"faces": {
				"north": {"uv": [0, 0, 9, 0], "texture": "#1"},
				"east": {"uv": [0, 0, 16, 0], "texture": "#1"},
				"south": {"uv": [0, 0, 9, 0], "texture": "#1"},
				"west": {"uv": [0, 0, 16, 0], "texture": "#1"},
				"up": {"uv": [0, 0, 1, 5], "rotation": 270, "texture": "#1"},
				"down": {"uv": [0, 5, 1, 0], "rotation": 90, "texture": "#1"}
			}
		}
	]
}