{
	"credit": "Made by ArtsByKev www.youtube.com/c/artsbykev and www.twitter.com/artsbykev using Blockbench",
	"texture_size": [64, 64],
	"textures": {
		"0": "artsbykev_var/textures/jungle_vines",
		"particle": "artsbykev_var/textures/jungle_vines"
	},
	"elements": [
		{
			"from": [5, 10, 12],
			"to": [6, 16, 13],
			"rotation": {"angle": 0, "axis": "y", "origin": [13, 8, 13]},
			"faces": {
				"north": {"uv": [9.5, 4.5, 9.75, 6], "texture": "#0"},
				"east": {"uv": [9.5, 6, 9.75, 7.5], "texture": "#0"},
				"south": {"uv": [9.5, 7.5, 9.75, 9], "texture": "#0"},
				"west": {"uv": [4.25, 9.75, 4.5, 11.25], "texture": "#0"},
				"up": {"uv": [10.5, 9.25, 10.25, 9], "texture": "#0"},
				"down": {"uv": [10.5, 9.25, 10.25, 9.5], "texture": "#0"}
			}
		},
		{
			"from": [10, 10, 6],
			"to": [11, 16, 7],
			"rotation": {"angle": 0, "axis": "y", "origin": [18, 8, 7]},
			"faces": {
				"north": {"uv": [9.5, 4.5, 9.75, 6], "texture": "#0"},
				"east": {"uv": [9.5, 6, 9.75, 7.5], "texture": "#0"},
				"south": {"uv": [9.5, 7.5, 9.75, 9], "texture": "#0"},
				"west": {"uv": [4.25, 9.75, 4.5, 11.25], "texture": "#0"},
				"up": {"uv": [10.5, 9.25, 10.25, 9], "texture": "#0"},
				"down": {"uv": [10.5, 9.25, 10.25, 9.5], "texture": "#0"}
			}
		},
		{
			"from": [4, 2, 4],
			"to": [5, 8, 5],
			"rotation": {"angle": 0, "axis": "y", "origin": [12, 0, 5]},
			"faces": {
				"north": {"uv": [9.5, 4.5, 9.75, 6], "texture": "#0"},
				"east": {"uv": [9.5, 6, 9.75, 7.5], "texture": "#0"},
				"south": {"uv": [9.5, 7.5, 9.75, 9], "texture": "#0"},
				"west": {"uv": [4.25, 9.75, 4.5, 11.25], "texture": "#0"},
				"up": {"uv": [10.5, 9.25, 10.25, 9], "texture": "#0"},
				"down": {"uv": [10.5, 9.25, 10.25, 9.5], "texture": "#0"}
			}
		},
		{
			"from": [5.5, 2, 12],
			"to": [6.5, 10, 13],
			"rotation": {"angle": 0, "axis": "y", "origin": [13.5, 0, 13]},
			"faces": {
				"north": {"uv": [8.5, 8.5, 8.75, 10.5], "texture": "#0"},
				"east": {"uv": [8.5, 3, 8.75, 5], "texture": "#0"},
				"south": {"uv": [8.5, 5, 8.75, 7], "texture": "#0"},
				"west": {"uv": [2.5, 8.75, 2.75, 10.75], "texture": "#0"},
				"up": {"uv": [10.5, 9.75, 10.25, 9.5], "texture": "#0"},
				"down": {"uv": [10.5, 9.75, 10.25, 10], "texture": "#0"}
			}
		},
		{
			"from": [10.5, 2, 6],
			"to": [11.5, 10, 7],
			"rotation": {"angle": 0, "axis": "y", "origin": [18.5, 0, 7]},
			"faces": {
				"north": {"uv": [8.5, 8.5, 8.75, 10.5], "texture": "#0"},
				"east": {"uv": [8.5, 3, 8.75, 5], "texture": "#0"},
				"south": {"uv": [8.5, 5, 8.75, 7], "texture": "#0"},
				"west": {"uv": [2.5, 8.75, 2.75, 10.75], "texture": "#0"},
				"up": {"uv": [10.5, 9.75, 10.25, 9.5], "texture": "#0"},
				"down": {"uv": [10.5, 9.75, 10.25, 10], "texture": "#0"}
			}
		},
		{
			"from": [3.75, 8, 4],
			"to": [4.75, 16, 5],
			"rotation": {"angle": 0, "axis": "y", "origin": [11.75, 6, 5]},
			"faces": {
				"north": {"uv": [8.5, 8.5, 8.75, 10.5], "texture": "#0"},
				"east": {"uv": [8.5, 3, 8.75, 5], "texture": "#0"},
				"south": {"uv": [8.5, 5, 8.75, 7], "texture": "#0"},
				"west": {"uv": [2.5, 8.75, 2.75, 10.75], "texture": "#0"},
				"up": {"uv": [10.5, 9.75, 10.25, 9.5], "texture": "#0"},
				"down": {"uv": [10.5, 9.75, 10.25, 10], "texture": "#0"}
			}
		},
		{
			"from": [10.5, -9, 6],
			"to": [11.5, -1, 7],
			"rotation": {"angle": 0, "axis": "y", "origin": [18.5, -11, 7]},
			"faces": {
				"north": {"uv": [8.5, 8.5, 8.75, 10.5], "texture": "#0"},
				"east": {"uv": [8.5, 3, 8.75, 5], "texture": "#0"},
				"south": {"uv": [8.5, 5, 8.75, 7], "texture": "#0"},
				"west": {"uv": [2.5, 8.75, 2.75, 10.75], "texture": "#0"},
				"up": {"uv": [10.5, 9.75, 10.25, 9.5], "texture": "#0"},
				"down": {"uv": [10.5, 9.75, 10.25, 10], "texture": "#0"}
			}
		},
		{
			"from": [5.25, -1, 12],
			"to": [6.25, 2, 13],
			"rotation": {"angle": 0, "axis": "y", "origin": [13.25, -6, 13]},
			"faces": {
				"north": {"uv": [7.25, 3, 7.5, 3.75], "texture": "#0"},
				"east": {"uv": [7.5, 3, 7.75, 3.75], "texture": "#0"},
				"south": {"uv": [7.75, 3, 8, 3.75], "texture": "#0"},
				"west": {"uv": [8, 3, 8.25, 3.75], "texture": "#0"},
				"up": {"uv": [10.5, 10.25, 10.25, 10], "texture": "#0"},
				"down": {"uv": [4.25, 10.5, 4, 10.75], "texture": "#0"}
			}
		},
		{
			"from": [10.25, -1, 6],
			"to": [11.25, 2, 7],
			"rotation": {"angle": 0, "axis": "y", "origin": [18.25, -6, 7]},
			"faces": {
				"north": {"uv": [7.25, 3, 7.5, 3.75], "texture": "#0"},
				"east": {"uv": [7.5, 3, 7.75, 3.75], "texture": "#0"},
				"south": {"uv": [7.75, 3, 8, 3.75], "texture": "#0"},
				"west": {"uv": [8, 3, 8.25, 3.75], "texture": "#0"},
				"up": {"uv": [10.5, 10.25, 10.25, 10], "texture": "#0"},
				"down": {"uv": [4.25, 10.5, 4, 10.75], "texture": "#0"}
			}
		},
		{
			"from": [4.5, 5, 13],
			"to": [7.5, 9, 13],
			"rotation": {"angle": -22.5, "axis": "x", "origin": [6.5, 9, 13]},
			"faces": {
				"north": {"uv": [2.5, 5.5, 3.25, 6.5], "texture": "#0"},
				"east": {"uv": [0, 0, 0, 1], "texture": "#0"},
				"south": {"uv": [3.25, 5.5, 4, 6.5], "texture": "#0"},
				"west": {"uv": [0, 0, 0, 1], "texture": "#0"},
				"up": {"uv": [0.75, 0, 0, 0], "texture": "#0"},
				"down": {"uv": [0.75, 0, 0, 0], "texture": "#0"}
			}
		},
		{
			"from": [2.5, 3, 4],
			"to": [5.5, 7, 4],
			"rotation": {"angle": 22.5, "axis": "x", "origin": [4.5, 7, 4]},
			"faces": {
				"north": {"uv": [4, 5.5, 3.25, 6.5], "texture": "#0"},
				"east": {"uv": [0, 0, 0, 1], "texture": "#0"},
				"south": {"uv": [3.25, 5.5, 2.5, 6.5], "texture": "#0"},
				"west": {"uv": [0, 0, 0, 1], "texture": "#0"},
				"up": {"uv": [0.75, 0, 0, 0], "texture": "#0"},
				"down": {"uv": [0.75, 0, 0, 0], "texture": "#0"}
			}
		},
		{
			"from": [9, -3, 6],
			"to": [12, 1, 6],
			"rotation": {"angle": 22.5, "axis": "x", "origin": [11, 1, 6]},
			"faces": {
				"north": {"uv": [4, 5.5, 3.25, 6.5], "texture": "#0"},
				"east": {"uv": [0, 0, 0, 1], "texture": "#0"},
				"south": {"uv": [3.25, 5.5, 2.5, 6.5], "texture": "#0"},
				"west": {"uv": [0, 0, 0, 1], "texture": "#0"},
				"up": {"uv": [0.75, 0, 0, 0], "texture": "#0"},
				"down": {"uv": [0.75, 0, 0, 0], "texture": "#0"}
			}
		}
	]
}