{
	"credit": "Made by ArtsByKev www.youtube.com/c/artsbykev and www.twitter.com/artsbykev using Blockbench",
	"texture_size": [64, 64],
	"textures": {
		"0": "artsbykev_var/textures/jungle_vines",
		"particle": "artsbykev_var/textures/jungle_vines"
	},
	"elements": [
		{
			"from": [0, 9, 9],
			"to": [1, 16, 10],
			"rotation": {"angle": 0, "axis": "y", "origin": [8, 8, 10]},
			"faces": {
				"north": {"uv": [8.75, 7, 9, 8.75], "texture": "#0"},
				"east": {"uv": [9, 9, 9.25, 10.75], "texture": "#0"},
				"south": {"uv": [9, 3, 9.25, 4.75], "texture": "#0"},
				"west": {"uv": [9, 4.75, 9.25, 6.5], "texture": "#0"},
				"up": {"uv": [8.5, 4.25, 8.25, 4], "texture": "#0"},
				"down": {"uv": [9.25, 8.75, 9, 9], "texture": "#0"}
			}
		},
		{
			"from": [0.5, 10, 2],
			"to": [1.5, 16, 3],
			"rotation": {"angle": 0, "axis": "y", "origin": [8.5, 8, 3]},
			"faces": {
				"north": {"uv": [4.5, 9.75, 4.75, 11.25], "texture": "#0"},
				"east": {"uv": [4.75, 9.75, 5, 11.25], "texture": "#0"},
				"south": {"uv": [5, 9.75, 5.25, 11.25], "texture": "#0"},
				"west": {"uv": [5.25, 9.75, 5.5, 11.25], "texture": "#0"},
				"up": {"uv": [8.75, 10.75, 8.5, 10.5], "texture": "#0"},
				"down": {"uv": [10, 10.5, 9.75, 10.75], "texture": "#0"}
			}
		},
		{
			"from": [15, 7, 9],
			"to": [16, 16, 10],
			"rotation": {"angle": 0, "axis": "y", "origin": [23, 8, 10]},
			"faces": {
				"north": {"uv": [4, 5.5, 4.25, 7.75], "texture": "#0"},
				"east": {"uv": [2.5, 6.5, 2.75, 8.75], "texture": "#0"},
				"south": {"uv": [2.75, 6.5, 3, 8.75], "texture": "#0"},
				"west": {"uv": [3, 6.5, 3.25, 8.75], "texture": "#0"},
				"up": {"uv": [10.5, 8.75, 10.25, 8.5], "texture": "#0"},
				"down": {"uv": [10.5, 8.75, 10.25, 9], "texture": "#0"}
			}
		},
		{
			"from": [14.5, 8, 2],
			"to": [15.5, 16, 3],
			"rotation": {"angle": 0, "axis": "y", "origin": [22.5, 8, 3]},
			"faces": {
				"north": {"uv": [3.75, 8.75, 4, 10.75], "texture": "#0"},
				"east": {"uv": [8.75, 8.75, 9, 10.75], "texture": "#0"},
				"south": {"uv": [8.75, 3, 9, 5], "texture": "#0"},
				"west": {"uv": [8.75, 5, 9, 7], "texture": "#0"},
				"up": {"uv": [10.75, 10, 10.5, 9.75], "texture": "#0"},
				"down": {"uv": [10.75, 10, 10.5, 10.25], "texture": "#0"}
			}
		},
		{
			"from": [5, 10, 11],
			"to": [6, 16, 12],
			"rotation": {"angle": 0, "axis": "y", "origin": [13, 8, 12]},
			"faces": {
				"north": {"uv": [9.5, 4.5, 9.75, 6], "texture": "#0"},
				"east": {"uv": [9.5, 6, 9.75, 7.5], "texture": "#0"},
				"south": {"uv": [9.5, 7.5, 9.75, 9], "texture": "#0"},
				"west": {"uv": [4.25, 9.75, 4.5, 11.25], "texture": "#0"},
				"up": {"uv": [10.5, 9.25, 10.25, 9], "texture": "#0"},
				"down": {"uv": [10.5, 9.25, 10.25, 9.5], "texture": "#0"}
			}
		},
		{
			"from": [5.5, 2, 11],
			"to": [6.5, 10, 12],
			"rotation": {"angle": 0, "axis": "y", "origin": [13.5, 0, 12]},
			"faces": {
				"north": {"uv": [8.5, 8.5, 8.75, 10.5], "texture": "#0"},
				"east": {"uv": [8.5, 3, 8.75, 5], "texture": "#0"},
				"south": {"uv": [8.5, 5, 8.75, 7], "texture": "#0"},
				"west": {"uv": [2.5, 8.75, 2.75, 10.75], "texture": "#0"},
				"up": {"uv": [10.5, 9.75, 10.25, 9.5], "texture": "#0"},
				"down": {"uv": [10.5, 9.75, 10.25, 10], "texture": "#0"}
			}
		},
		{
			"from": [5.25, -1, 11],
			"to": [6.25, 2, 12],
			"rotation": {"angle": 0, "axis": "y", "origin": [13.25, -6, 12]},
			"faces": {
				"north": {"uv": [7.25, 3, 7.5, 3.75], "texture": "#0"},
				"east": {"uv": [7.5, 3, 7.75, 3.75], "texture": "#0"},
				"south": {"uv": [7.75, 3, 8, 3.75], "texture": "#0"},
				"west": {"uv": [8, 3, 8.25, 3.75], "texture": "#0"},
				"up": {"uv": [10.5, 10.25, 10.25, 10], "texture": "#0"},
				"down": {"uv": [4.25, 10.5, 4, 10.75], "texture": "#0"}
			}
		},
		{
			"from": [1, -6, 2],
			"to": [2, -4, 3],
			"rotation": {"angle": 0, "axis": "y", "origin": [9, -12, 3]},
			"faces": {
				"north": {"uv": [10, 5.75, 10.25, 6.25], "texture": "#0"},
				"east": {"uv": [10, 6.25, 10.25, 6.75], "texture": "#0"},
				"south": {"uv": [10, 6.75, 10.25, 7.25], "texture": "#0"},
				"west": {"uv": [10, 7.25, 10.25, 7.75], "texture": "#0"},
				"up": {"uv": [10.75, 10.5, 10.5, 10.25], "texture": "#0"},
				"down": {"uv": [2.75, 10.75, 2.5, 11], "texture": "#0"}
			}
		},
		{
			"from": [0.5, 3, 9],
			"to": [1.5, 9, 10],
			"rotation": {"angle": 0, "axis": "y", "origin": [8.5, -1, 10]},
			"faces": {
				"north": {"uv": [8.5, 7, 8.75, 8.5], "texture": "#0"},
				"east": {"uv": [9.25, 3.5, 9.5, 5], "texture": "#0"},
				"south": {"uv": [9.25, 5, 9.5, 6.5], "texture": "#0"},
				"west": {"uv": [9.25, 6.5, 9.5, 8], "texture": "#0"},
				"up": {"uv": [10.25, 8, 10, 7.75], "texture": "#0"},
				"down": {"uv": [10.25, 8, 10, 8.25], "texture": "#0"}
			}
		},
		{
			"from": [1, 0, 2],
			"to": [2, 6, 3],
			"rotation": {"angle": 0, "axis": "y", "origin": [9, -4, 3]},
			"faces": {
				"north": {"uv": [5.5, 9.75, 5.75, 11.25], "texture": "#0"},
				"east": {"uv": [5.75, 9.75, 6, 11.25], "texture": "#0"},
				"south": {"uv": [6, 9.75, 6.25, 11.25], "texture": "#0"},
				"west": {"uv": [6.25, 9.75, 6.5, 11.25], "texture": "#0"},
				"up": {"uv": [10.25, 10.75, 10, 10.5], "texture": "#0"},
				"down": {"uv": [10.5, 10.5, 10.25, 10.75], "texture": "#0"}
			}
		},
		{
			"from": [0.5, 2, 8],
			"to": [0.5, 6, 11],
			"rotation": {"angle": -22.5, "axis": "z", "origin": [0.5, 6, 10]},
			"faces": {
				"north": {"uv": [0, 0, 0, 1], "texture": "#0"},
				"east": {"uv": [4.25, 3, 5, 4], "texture": "#0"},
				"south": {"uv": [0, 0, 0, 1], "texture": "#0"},
				"west": {"uv": [5, 3, 5.75, 4], "texture": "#0"},
				"up": {"uv": [0, 0.75, 0, 0], "texture": "#0"},
				"down": {"uv": [0, 0, 0, 0.75], "texture": "#0"}
			}
		},
		{
			"from": [15.5, 11, 1],
			"to": [15.5, 15, 4],
			"rotation": {"angle": 22.5, "axis": "z", "origin": [15.5, 15, 3]},
			"faces": {
				"north": {"uv": [0, 0, 0, 1], "texture": "#0"},
				"east": {"uv": [5.75, 3, 5, 4], "texture": "#0"},
				"south": {"uv": [0, 0, 0, 1], "texture": "#0"},
				"west": {"uv": [5, 3, 4.25, 4], "texture": "#0"},
				"up": {"uv": [0, 0.75, 0, 0], "texture": "#0"},
				"down": {"uv": [0, 0, 0, 0.75], "texture": "#0"}
			}
		},
		{
			"from": [1.5, -4, 1],
			"to": [1.5, 0, 4],
			"rotation": {"angle": -22.5, "axis": "z", "origin": [1.5, 0, 2]},
			"faces": {
				"north": {"uv": [0, 0, 0, 1], "texture": "#0"},
				"east": {"uv": [5, 3, 4.25, 4], "texture": "#0"},
				"south": {"uv": [0, 0, 0, 1], "texture": "#0"},
				"west": {"uv": [5.75, 3, 5, 4], "texture": "#0"},
				"up": {"uv": [0, 0, 0, 0.75], "texture": "#0"},
				"down": {"uv": [0, 0.75, 0, 0], "texture": "#0"}
			}
		},
		{
			"from": [4.5, 5, 12],
			"to": [7.5, 9, 12],
			"rotation": {"angle": -22.5, "axis": "x", "origin": [6.5, 9, 12]},
			"faces": {
				"north": {"uv": [2.5, 5.5, 3.25, 6.5], "texture": "#0"},
				"east": {"uv": [0, 0, 0, 1], "texture": "#0"},
				"south": {"uv": [3.25, 5.5, 4, 6.5], "texture": "#0"},
				"west": {"uv": [0, 0, 0, 1], "texture": "#0"},
				"up": {"uv": [0.75, 0, 0, 0], "texture": "#0"},
				"down": {"uv": [0.75, 0, 0, 0], "texture": "#0"}
			}
		},
		{
			"from": [6.5, -1.5, 3],
			"to": [9.5, 2.5, 3],
			"rotation": {"angle": -22.5, "axis": "x", "origin": [7.5, 2.5, 3]},
			"faces": {
				"north": {"uv": [3.25, 5.5, 2.5, 6.5], "texture": "#0"},
				"east": {"uv": [0, 0, 0, 1], "texture": "#0"},
				"south": {"uv": [4, 5.5, 3.25, 6.5], "texture": "#0"},
				"west": {"uv": [0, 0, 0, 1], "texture": "#0"},
				"up": {"uv": [0, 0, 0.75, 0], "texture": "#0"},
				"down": {"uv": [0, 0, 0.75, 0], "texture": "#0"}
			}
		},
		{
			"from": [12.5, 0.5, 2],
			"to": [15.5, 4.5, 2],
			"rotation": {"angle": 22.5, "axis": "x", "origin": [13.5, 4.5, 2]},
			"faces": {
				"north": {"uv": [3.25, 5.5, 4, 6.5], "texture": "#0"},
				"east": {"uv": [0, 0, 0, 1], "texture": "#0"},
				"south": {"uv": [2.5, 5.5, 3.25, 6.5], "texture": "#0"},
				"west": {"uv": [0, 0, 0, 1], "texture": "#0"},
				"up": {"uv": [0, 0, 0.75, 0], "texture": "#0"},
				"down": {"uv": [0, 0, 0.75, 0], "texture": "#0"}
			}
		},
		{
			"from": [13.5, -1, 10],
			"to": [16.5, 3, 10],
			"rotation": {"angle": -22.5, "axis": "x", "origin": [15.5, 3, 10]},
			"faces": {
				"north": {"uv": [2.5, 5.5, 3.25, 6.5], "texture": "#0"},
				"east": {"uv": [0, 0, 0, 1], "texture": "#0"},
				"south": {"uv": [3.25, 5.5, 4, 6.5], "texture": "#0"},
				"west": {"uv": [0, 0, 0, 1], "texture": "#0"},
				"up": {"uv": [0.75, 0, 0, 0], "texture": "#0"},
				"down": {"uv": [0.75, 0, 0, 0], "texture": "#0"}
			}
		},
		{
			"from": [-0.5, 8, 3],
			"to": [2.5, 12, 3],
			"rotation": {"angle": -22.5, "axis": "x", "origin": [0.5, 12, 3]},
			"faces": {
				"north": {"uv": [3.25, 5.5, 2.5, 6.5], "texture": "#0"},
				"east": {"uv": [0, 0, 0, 1], "texture": "#0"},
				"south": {"uv": [4, 5.5, 3.25, 6.5], "texture": "#0"},
				"west": {"uv": [0, 0, 0, 1], "texture": "#0"},
				"up": {"uv": [0, 0, 0.75, 0], "texture": "#0"},
				"down": {"uv": [0, 0, 0.75, 0], "texture": "#0"}
			}
		},
		{
			"from": [-0.5, 11, 2],
			"to": [2.5, 15, 2],
			"rotation": {"angle": 22.5, "axis": "x", "origin": [0.5, 15, 2]},
			"faces": {
				"north": {"uv": [3.25, 5.5, 4, 6.5], "texture": "#0"},
				"east": {"uv": [0, 0, 0, 1], "texture": "#0"},
				"south": {"uv": [2.5, 5.5, 3.25, 6.5], "texture": "#0"},
				"west": {"uv": [0, 0, 0, 1], "texture": "#0"},
				"up": {"uv": [0, 0, 0.75, 0], "texture": "#0"},
				"down": {"uv": [0, 0, 0.75, 0], "texture": "#0"}
			}
		},
		{
			"from": [14.5, 6, 10],
			"to": [16.5, 8, 10],
			"rotation": {"angle": -22.5, "axis": "x", "origin": [15.5, 8, 10]},
			"faces": {
				"north": {"uv": [6.75, 3, 7.25, 3.5], "texture": "#0"},
				"east": {"uv": [0, 0, 0, 0.5], "texture": "#0"},
				"south": {"uv": [6.75, 3.5, 7.25, 4], "texture": "#0"},
				"west": {"uv": [0, 0, 0, 0.5], "texture": "#0"},
				"up": {"uv": [0.5, 0, 0, 0], "texture": "#0"},
				"down": {"uv": [0.5, 0, 0, 0], "texture": "#0"}
			}
		},
		{
			"from": [0.5, 6, 2],
			"to": [2.5, 8, 2],
			"rotation": {"angle": 22.5, "axis": "x", "origin": [1.5, 8, 2]},
			"faces": {
				"north": {"uv": [6.75, 3.5, 7.25, 4], "texture": "#0"},
				"east": {"uv": [0, 0, 0, 0.5], "texture": "#0"},
				"south": {"uv": [6.75, 3, 7.25, 3.5], "texture": "#0"},
				"west": {"uv": [0, 0, 0, 0.5], "texture": "#0"},
				"up": {"uv": [0, 0, 0.5, 0], "texture": "#0"},
				"down": {"uv": [0, 0, 0.5, 0], "texture": "#0"}
			}
		},
		{
			"from": [8.5, -6.5, 10],
			"to": [10.5, -4.5, 10],
			"rotation": {"angle": -22.5, "axis": "x", "origin": [9.5, -4.5, 10]},
			"faces": {
				"north": {"uv": [6.75, 3, 7.25, 3.5], "texture": "#0"},
				"east": {"uv": [0, 0, 0, 0.5], "texture": "#0"},
				"south": {"uv": [6.75, 3.5, 7.25, 4], "texture": "#0"},
				"west": {"uv": [0, 0, 0, 0.5], "texture": "#0"},
				"up": {"uv": [0.5, 0, 0, 0], "texture": "#0"},
				"down": {"uv": [0.5, 0, 0, 0], "texture": "#0"}
			}
		},
		{
			"from": [13.5, -0.5, 9],
			"to": [15.5, 1.5, 9],
			"rotation": {"angle": 22.5, "axis": "x", "origin": [14.5, 1.5, 9]},
			"faces": {
				"north": {"uv": [6.75, 3.5, 7.25, 4], "texture": "#0"},
				"east": {"uv": [0, 0, 0, 0.5], "texture": "#0"},
				"south": {"uv": [6.75, 3, 7.25, 3.5], "texture": "#0"},
				"west": {"uv": [0, 0, 0, 0.5], "texture": "#0"},
				"up": {"uv": [0, 0, 0.5, 0], "texture": "#0"},
				"down": {"uv": [0, 0, 0.5, 0], "texture": "#0"}
			}
		},
		{
			"from": [14.5, 1, 9],
			"to": [15.5, 7, 10],
			"rotation": {"angle": 0, "axis": "y", "origin": [22.5, -3, 10]},
			"faces": {
				"north": {"uv": [9.5, 9.5, 9.75, 11], "texture": "#0"},
				"east": {"uv": [9.5, 0, 9.75, 1.5], "texture": "#0"},
				"south": {"uv": [9.5, 1.5, 9.75, 3], "texture": "#0"},
				"west": {"uv": [9.5, 3, 9.75, 4.5], "texture": "#0"},
				"up": {"uv": [10.5, 4.75, 10.25, 4.5], "texture": "#0"},
				"down": {"uv": [10.5, 4.75, 10.25, 5], "texture": "#0"}
			}
		},
		{
			"from": [1.5, -4, 2],
			"to": [2.5, 0, 3],
			"rotation": {"angle": 0, "axis": "y", "origin": [9.5, -10, 3]},
			"faces": {
				"north": {"uv": [5.75, 3, 6, 4], "texture": "#0"},
				"east": {"uv": [6, 3, 6.25, 4], "texture": "#0"},
				"south": {"uv": [6.25, 3, 6.5, 4], "texture": "#0"},
				"west": {"uv": [6.5, 3, 6.75, 4], "texture": "#0"},
				"up": {"uv": [10.75, 9, 10.5, 8.75], "texture": "#0"},
				"down": {"uv": [10.75, 9, 10.5, 9.25], "texture": "#0"}
			}
		},
		{
			"from": [1, 1, 9],
			"to": [2, 3, 10],
			"rotation": {"angle": 0, "axis": "y", "origin": [9, -5, 10]},
			"faces": {
				"north": {"uv": [8, 3.75, 8.25, 4.25], "texture": "#0"},
				"east": {"uv": [8.25, 3, 8.5, 3.5], "texture": "#0"},
				"south": {"uv": [8.25, 3.5, 8.5, 4], "texture": "#0"},
				"west": {"uv": [9, 8.25, 9.25, 8.75], "texture": "#0"},
				"up": {"uv": [10.25, 8.5, 10, 8.25], "texture": "#0"},
				"down": {"uv": [10.25, 8.5, 10, 8.75], "texture": "#0"}
			}
		},
		{
			"from": [1, 8, 2],
			"to": [2, 10, 3],
			"rotation": {"angle": 0, "axis": "y", "origin": [9, 2, 3]},
			"faces": {
				"north": {"uv": [9.75, 7, 10, 7.5], "texture": "#0"},
				"east": {"uv": [9.75, 7.5, 10, 8], "texture": "#0"},
				"south": {"uv": [9.75, 8, 10, 8.5], "texture": "#0"},
				"west": {"uv": [9.75, 8.5, 10, 9], "texture": "#0"},
				"up": {"uv": [10.75, 10.75, 10.5, 10.5], "texture": "#0"},
				"down": {"uv": [10.75, 0, 10.5, 0.25], "texture": "#0"}
			}
		},
		{
			"from": [14, -1, 9],
			"to": [15, 1, 10],
			"rotation": {"angle": 0, "axis": "y", "origin": [22, -7, 10]},
			"faces": {
				"north": {"uv": [9.75, 3, 10, 3.5], "texture": "#0"},
				"east": {"uv": [9.75, 3.5, 10, 4], "texture": "#0"},
				"south": {"uv": [9.75, 4, 10, 4.5], "texture": "#0"},
				"west": {"uv": [9.75, 4.5, 10, 5], "texture": "#0"},
				"up": {"uv": [10.5, 5.25, 10.25, 5], "texture": "#0"},
				"down": {"uv": [10.5, 5.25, 10.25, 5.5], "texture": "#0"}
			}
		},
		{
			"from": [14, 6, 2],
			"to": [15, 8, 3],
			"rotation": {"angle": 0, "axis": "y", "origin": [22, 0, 3]},
			"faces": {
				"north": {"uv": [10, 3.75, 10.25, 4.25], "texture": "#0"},
				"east": {"uv": [10, 4.25, 10.25, 4.75], "texture": "#0"},
				"south": {"uv": [10, 4.75, 10.25, 5.25], "texture": "#0"},
				"west": {"uv": [10, 5.25, 10.25, 5.75], "texture": "#0"},
				"up": {"uv": [10.75, 9.5, 10.5, 9.25], "texture": "#0"},
				"down": {"uv": [10.75, 9.5, 10.5, 9.75], "texture": "#0"}
			}
		},
		{
			"from": [1.5, -1, 9],
			"to": [2.5, 1, 10],
			"rotation": {"angle": 0, "axis": "y", "origin": [9.5, -7, 10]},
			"faces": {
				"north": {"uv": [9.25, 8, 9.5, 8.5], "texture": "#0"},
				"east": {"uv": [9.25, 8.5, 9.5, 9], "texture": "#0"},
				"south": {"uv": [6.5, 9.75, 6.75, 10.25], "texture": "#0"},
				"west": {"uv": [6.75, 9.75, 7, 10.25], "texture": "#0"},
				"up": {"uv": [10, 10.5, 9.75, 10.25], "texture": "#0"},
				"down": {"uv": [10.25, 10.25, 10, 10.5], "texture": "#0"}
			}
		},
		{
			"from": [1.5, 6, 2],
			"to": [2.5, 8, 3],
			"rotation": {"angle": 0, "axis": "y", "origin": [9.5, 0, 3]},
			"faces": {
				"north": {"uv": [4, 10, 4.25, 10.5], "texture": "#0"},
				"east": {"uv": [7, 10, 7.25, 10.5], "texture": "#0"},
				"south": {"uv": [7.25, 10, 7.5, 10.5], "texture": "#0"},
				"west": {"uv": [7.5, 10, 7.75, 10.5], "texture": "#0"},
				"up": {"uv": [10.75, 0.5, 10.5, 0.25], "texture": "#0"},
				"down": {"uv": [10.75, 0.5, 10.5, 0.75], "texture": "#0"}
			}
		},
		{
			"from": [13, -3, 9],
			"to": [14, -1, 10],
			"rotation": {"angle": 0, "axis": "y", "origin": [21, -9, 10]},
			"faces": {
				"north": {"uv": [9.75, 1, 10, 1.5], "texture": "#0"},
				"east": {"uv": [9.75, 1.5, 10, 2], "texture": "#0"},
				"south": {"uv": [9.75, 2, 10, 2.5], "texture": "#0"},
				"west": {"uv": [9.75, 2.5, 10, 3], "texture": "#0"},
				"up": {"uv": [10.5, 4.25, 10.25, 4], "texture": "#0"},
				"down": {"uv": [10.5, 4.25, 10.25, 4.5], "texture": "#0"}
			}
		},
		{
			"from": [13, 4, 2],
			"to": [14, 6, 3],
			"rotation": {"angle": 0, "axis": "y", "origin": [21, -2, 3]},
			"faces": {
				"north": {"uv": [8.25, 10, 8.5, 10.5], "texture": "#0"},
				"east": {"uv": [10, 2.25, 10.25, 2.75], "texture": "#0"},
				"south": {"uv": [10, 2.75, 10.25, 3.25], "texture": "#0"},
				"west": {"uv": [10, 3.25, 10.25, 3.75], "texture": "#0"},
				"up": {"uv": [10.75, 8.5, 10.5, 8.25], "texture": "#0"},
				"down": {"uv": [10.75, 8.5, 10.5, 8.75], "texture": "#0"}
			}
		},
		{
			"from": [2, -2, 9],
			"to": [3, -1, 10],
			"rotation": {"angle": 0, "axis": "y", "origin": [10, 3, 10]},
			"faces": {
				"north": {"uv": [10, 8.75, 10.25, 9], "texture": "#0"},
				"east": {"uv": [10, 9, 10.25, 9.25], "texture": "#0"},
				"south": {"uv": [6.5, 10.25, 6.75, 10.5], "texture": "#0"},
				"west": {"uv": [6.75, 10.25, 7, 10.5], "texture": "#0"},
				"up": {"uv": [8, 10.5, 7.75, 10.25], "texture": "#0"},
				"down": {"uv": [8.25, 10.25, 8, 10.5], "texture": "#0"}
			}
		},
		{
			"from": [2, 5, 2],
			"to": [3, 6, 3],
			"rotation": {"angle": 0, "axis": "y", "origin": [10, 10, 3]},
			"faces": {
				"north": {"uv": [10.5, 0.75, 10.75, 1], "texture": "#0"},
				"east": {"uv": [10.5, 1, 10.75, 1.25], "texture": "#0"},
				"south": {"uv": [10.5, 1.25, 10.75, 1.5], "texture": "#0"},
				"west": {"uv": [10.5, 1.5, 10.75, 1.75], "texture": "#0"},
				"up": {"uv": [10.75, 2, 10.5, 1.75], "texture": "#0"},
				"down": {"uv": [10.75, 2, 10.5, 2.25], "texture": "#0"}
			}
		},
		{
			"from": [3, -3, 9],
			"to": [4, -2, 10],
			"rotation": {"angle": 0, "axis": "y", "origin": [11, 2, 10]},
			"faces": {
				"north": {"uv": [10.25, 5.5, 10.5, 5.75], "texture": "#0"},
				"east": {"uv": [10.25, 5.75, 10.5, 6], "texture": "#0"},
				"south": {"uv": [10.25, 6, 10.5, 6.25], "texture": "#0"},
				"west": {"uv": [10.25, 6.25, 10.5, 6.5], "texture": "#0"},
				"up": {"uv": [10.5, 6.75, 10.25, 6.5], "texture": "#0"},
				"down": {"uv": [10.5, 6.75, 10.25, 7], "texture": "#0"}
			}
		},
		{
			"from": [3, 4, 2],
			"to": [4, 5, 3],
			"rotation": {"angle": 0, "axis": "y", "origin": [11, 9, 3]},
			"faces": {
				"north": {"uv": [10.5, 2.25, 10.75, 2.5], "texture": "#0"},
				"east": {"uv": [10.5, 2.5, 10.75, 2.75], "texture": "#0"},
				"south": {"uv": [10.5, 2.75, 10.75, 3], "texture": "#0"},
				"west": {"uv": [10.5, 3, 10.75, 3.25], "texture": "#0"},
				"up": {"uv": [10.75, 3.5, 10.5, 3.25], "texture": "#0"},
				"down": {"uv": [10.75, 3.5, 10.5, 3.75], "texture": "#0"}
			}
		},
		{
			"from": [12, -3.75, 9],
			"to": [13, -2.75, 10],
			"rotation": {"angle": 0, "axis": "y", "origin": [20, 1.25, 10]},
			"faces": {
				"north": {"uv": [10.25, 7, 10.5, 7.25], "texture": "#0"},
				"east": {"uv": [10.25, 7.25, 10.5, 7.5], "texture": "#0"},
				"south": {"uv": [10.25, 7.5, 10.5, 7.75], "texture": "#0"},
				"west": {"uv": [10.25, 7.75, 10.5, 8], "texture": "#0"},
				"up": {"uv": [10.5, 8.25, 10.25, 8], "texture": "#0"},
				"down": {"uv": [10.5, 8.25, 10.25, 8.5], "texture": "#0"}
			}
		},
		{
			"from": [12, 3.25, 2],
			"to": [13, 4.25, 3],
			"rotation": {"angle": 0, "axis": "y", "origin": [20, 8.25, 3]},
			"faces": {
				"north": {"uv": [10.5, 6.75, 10.75, 7], "texture": "#0"},
				"east": {"uv": [10.5, 7, 10.75, 7.25], "texture": "#0"},
				"south": {"uv": [10.5, 7.25, 10.75, 7.5], "texture": "#0"},
				"west": {"uv": [10.5, 7.5, 10.75, 7.75], "texture": "#0"},
				"up": {"uv": [10.75, 8, 10.5, 7.75], "texture": "#0"},
				"down": {"uv": [10.75, 8, 10.5, 8.25], "texture": "#0"}
			}
		},
		{
			"from": [4, -4, 9],
			"to": [5, -3, 10],
			"rotation": {"angle": 0, "axis": "y", "origin": [12, 1, 10]},
			"faces": {
				"north": {"uv": [10.25, 10.25, 10.5, 10.5], "texture": "#0"},
				"east": {"uv": [10.25, 0, 10.5, 0.25], "texture": "#0"},
				"south": {"uv": [10.25, 0.25, 10.5, 0.5], "texture": "#0"},
				"west": {"uv": [10.25, 0.5, 10.5, 0.75], "texture": "#0"},
				"up": {"uv": [10.5, 1, 10.25, 0.75], "texture": "#0"},
				"down": {"uv": [10.5, 2.25, 10.25, 2.5], "texture": "#0"}
			}
		},
		{
			"from": [4, 3, 2],
			"to": [5, 4, 3],
			"rotation": {"angle": 0, "axis": "y", "origin": [12, 8, 3]},
			"faces": {
				"north": {"uv": [10.5, 3.75, 10.75, 4], "texture": "#0"},
				"east": {"uv": [10.5, 4, 10.75, 4.25], "texture": "#0"},
				"south": {"uv": [10.5, 4.25, 10.75, 4.5], "texture": "#0"},
				"west": {"uv": [10.5, 4.5, 10.75, 4.75], "texture": "#0"},
				"up": {"uv": [10.75, 5, 10.5, 4.75], "texture": "#0"},
				"down": {"uv": [10.75, 5, 10.5, 5.25], "texture": "#0"}
			}
		},
		{
			"from": [10, -4.5, 9],
			"to": [12, -3.5, 10],
			"rotation": {"angle": 0, "axis": "y", "origin": [18, 0.5, 10]},
			"faces": {
				"north": {"uv": [9.75, 0, 10.25, 0.25], "texture": "#0"},
				"east": {"uv": [10.25, 3.5, 10.5, 3.75], "texture": "#0"},
				"south": {"uv": [9.75, 0.25, 10.25, 0.5], "texture": "#0"},
				"west": {"uv": [10.25, 3.75, 10.5, 4], "texture": "#0"},
				"up": {"uv": [10.25, 0.75, 9.75, 0.5], "texture": "#0"},
				"down": {"uv": [10.25, 0.75, 9.75, 1], "texture": "#0"}
			}
		},
		{
			"from": [10, 2.5, 2],
			"to": [12, 3.5, 3],
			"rotation": {"angle": 0, "axis": "y", "origin": [18, 7.5, 3]},
			"faces": {
				"north": {"uv": [10, 1.25, 10.5, 1.5], "texture": "#0"},
				"east": {"uv": [10.5, 6.25, 10.75, 6.5], "texture": "#0"},
				"south": {"uv": [10, 1.5, 10.5, 1.75], "texture": "#0"},
				"west": {"uv": [10.5, 6.5, 10.75, 6.75], "texture": "#0"},
				"up": {"uv": [10.5, 2, 10, 1.75], "texture": "#0"},
				"down": {"uv": [10.5, 2, 10, 2.25], "texture": "#0"}
			}
		},
		{
			"from": [5, -4.5, 9],
			"to": [7, -3.5, 10],
			"rotation": {"angle": 0, "axis": "y", "origin": [13, 0.5, 10]},
			"faces": {
				"north": {"uv": [7, 9.75, 7.5, 10], "texture": "#0"},
				"east": {"uv": [10.25, 2.5, 10.5, 2.75], "texture": "#0"},
				"south": {"uv": [7.5, 9.75, 8, 10], "texture": "#0"},
				"west": {"uv": [10.25, 2.75, 10.5, 3], "texture": "#0"},
				"up": {"uv": [8.5, 10, 8, 9.75], "texture": "#0"},
				"down": {"uv": [10.25, 9.75, 9.75, 10], "texture": "#0"}
			}
		},
		{
			"from": [5, 2.5, 2],
			"to": [7, 3.5, 3],
			"rotation": {"angle": 0, "axis": "y", "origin": [13, 7.5, 3]},
			"faces": {
				"north": {"uv": [9.75, 9.5, 10.25, 9.75], "texture": "#0"},
				"east": {"uv": [10.5, 5.25, 10.75, 5.5], "texture": "#0"},
				"south": {"uv": [7.75, 10, 8.25, 10.25], "texture": "#0"},
				"west": {"uv": [10.5, 5.5, 10.75, 5.75], "texture": "#0"},
				"up": {"uv": [10.25, 10.25, 9.75, 10], "texture": "#0"},
				"down": {"uv": [10.5, 1, 10, 1.25], "texture": "#0"}
			}
		},
		{
			"from": [7, -5, 9],
			"to": [10, -4, 10],
			"rotation": {"angle": 0, "axis": "y", "origin": [15, 0, 10]},
			"faces": {
				"north": {"uv": [4.25, 4, 5, 4.25], "texture": "#0"},
				"east": {"uv": [10.25, 3, 10.5, 3.25], "texture": "#0"},
				"south": {"uv": [5, 4, 5.75, 4.25], "texture": "#0"},
				"west": {"uv": [10.25, 3.25, 10.5, 3.5], "texture": "#0"},
				"up": {"uv": [6.5, 4.25, 5.75, 4], "texture": "#0"},
				"down": {"uv": [7.25, 4, 6.5, 4.25], "texture": "#0"}
			}
		},
		{
			"from": [7, 2, 2],
			"to": [10, 3, 3],
			"rotation": {"angle": 0, "axis": "y", "origin": [15, 7, 3]},
			"faces": {
				"north": {"uv": [7.25, 3.75, 8, 4], "texture": "#0"},
				"east": {"uv": [10.5, 5.75, 10.75, 6], "texture": "#0"},
				"south": {"uv": [7.25, 4, 8, 4.25], "texture": "#0"},
				"west": {"uv": [10.5, 6, 10.75, 6.25], "texture": "#0"},
				"up": {"uv": [10, 9.25, 9.25, 9], "texture": "#0"},
				"down": {"uv": [10.25, 9.25, 9.5, 9.5], "texture": "#0"}
			}
		}
	]
}