{
	"credit": "Made by ArtsByKev www.youtube.com/c/artsbykev and www.twitter.com/artsbykev using Blockbench",
	"texture_size": [64, 64],
	"textures": {
		"0": "artsbykev_var/textures/jungle_vines",
		"particle": "artsbykev_var/textures/jungle_vines"
	},
	"elements": [
		{
			"from": [1.5, 10, 11],
			"to": [2.5, 16, 12],
			"rotation": {"angle": 0, "axis": "y", "origin": [9.5, 8, 12]},
			"faces": {
				"north": {"uv": [4.5, 9.75, 4.75, 11.25], "texture": "#0"},
				"east": {"uv": [4.75, 9.75, 5, 11.25], "texture": "#0"},
				"south": {"uv": [5, 9.75, 5.25, 11.25], "texture": "#0"},
				"west": {"uv": [5.25, 9.75, 5.5, 11.25], "texture": "#0"},
				"up": {"uv": [8.75, 10.75, 8.5, 10.5], "texture": "#0"},
				"down": {"uv": [10, 10.5, 9.75, 10.75], "texture": "#0"}
			}
		},
		{
			"from": [2, -6, 11],
			"to": [3, -4, 12],
			"rotation": {"angle": 0, "axis": "y", "origin": [10, -12, 12]},
			"faces": {
				"north": {"uv": [10, 5.75, 10.25, 6.25], "texture": "#0"},
				"east": {"uv": [10, 6.25, 10.25, 6.75], "texture": "#0"},
				"south": {"uv": [10, 6.75, 10.25, 7.25], "texture": "#0"},
				"west": {"uv": [10, 7.25, 10.25, 7.75], "texture": "#0"},
				"up": {"uv": [10.75, 10.5, 10.5, 10.25], "texture": "#0"},
				"down": {"uv": [2.75, 10.75, 2.5, 11], "texture": "#0"}
			}
		},
		{
			"from": [12, 10, 11],
			"to": [13, 12, 12],
			"rotation": {"angle": 0, "axis": "y", "origin": [20, 4, 12]},
			"faces": {
				"north": {"uv": [10, 5.75, 10.25, 6.25], "texture": "#0"},
				"east": {"uv": [10, 6.25, 10.25, 6.75], "texture": "#0"},
				"south": {"uv": [10, 6.75, 10.25, 7.25], "texture": "#0"},
				"west": {"uv": [10, 7.25, 10.25, 7.75], "texture": "#0"},
				"up": {"uv": [10.75, 10.5, 10.5, 10.25], "texture": "#0"},
				"down": {"uv": [2.75, 10.75, 2.5, 11], "texture": "#0"}
			}
		},
		{
			"from": [2, 0, 11],
			"to": [3, 6, 12],
			"rotation": {"angle": 0, "axis": "y", "origin": [10, -4, 12]},
			"faces": {
				"north": {"uv": [5.5, 9.75, 5.75, 11.25], "texture": "#0"},
				"east": {"uv": [5.75, 9.75, 6, 11.25], "texture": "#0"},
				"south": {"uv": [6, 9.75, 6.25, 11.25], "texture": "#0"},
				"west": {"uv": [6.25, 9.75, 6.5, 11.25], "texture": "#0"},
				"up": {"uv": [10.25, 10.75, 10, 10.5], "texture": "#0"},
				"down": {"uv": [10.5, 10.5, 10.25, 10.75], "texture": "#0"}
			}
		},
		{
			"from": [2.5, -4, 10],
			"to": [2.5, 0, 13],
			"rotation": {"angle": -22.5, "axis": "z", "origin": [2.5, 0, 11]},
			"faces": {
				"north": {"uv": [0, 0, 0, 1], "texture": "#0"},
				"east": {"uv": [5, 3, 4.25, 4], "texture": "#0"},
				"south": {"uv": [0, 0, 0, 1], "texture": "#0"},
				"west": {"uv": [5.75, 3, 5, 4], "texture": "#0"},
				"up": {"uv": [0, 0, 0, 0.75], "texture": "#0"},
				"down": {"uv": [0, 0.75, 0, 0], "texture": "#0"}
			}
		},
		{
			"from": [0.5, 8, 12],
			"to": [3.5, 12, 12],
			"rotation": {"angle": -22.5, "axis": "x", "origin": [1.5, 12, 12]},
			"faces": {
				"north": {"uv": [3.25, 5.5, 2.5, 6.5], "texture": "#0"},
				"east": {"uv": [0, 0, 0, 1], "texture": "#0"},
				"south": {"uv": [4, 5.5, 3.25, 6.5], "texture": "#0"},
				"west": {"uv": [0, 0, 0, 1], "texture": "#0"},
				"up": {"uv": [0, 0, 0.75, 0], "texture": "#0"},
				"down": {"uv": [0, 0, 0.75, 0], "texture": "#0"}
			}
		},
		{
			"from": [0.5, 11, 11],
			"to": [3.5, 15, 11],
			"rotation": {"angle": 22.5, "axis": "x", "origin": [1.5, 15, 11]},
			"faces": {
				"north": {"uv": [3.25, 5.5, 4, 6.5], "texture": "#0"},
				"east": {"uv": [0, 0, 0, 1], "texture": "#0"},
				"south": {"uv": [2.5, 5.5, 3.25, 6.5], "texture": "#0"},
				"west": {"uv": [0, 0, 0, 1], "texture": "#0"},
				"up": {"uv": [0, 0, 0.75, 0], "texture": "#0"},
				"down": {"uv": [0, 0, 0.75, 0], "texture": "#0"}
			}
		},
		{
			"from": [1.5, 6, 11],
			"to": [3.5, 8, 11],
			"rotation": {"angle": 22.5, "axis": "x", "origin": [2.5, 8, 11]},
			"faces": {
				"north": {"uv": [6.75, 3.5, 7.25, 4], "texture": "#0"},
				"east": {"uv": [0, 0, 0, 0.5], "texture": "#0"},
				"south": {"uv": [6.75, 3, 7.25, 3.5], "texture": "#0"},
				"west": {"uv": [0, 0, 0, 0.5], "texture": "#0"},
				"up": {"uv": [0, 0, 0.5, 0], "texture": "#0"},
				"down": {"uv": [0, 0, 0.5, 0], "texture": "#0"}
			}
		},
		{
			"from": [2.5, -4, 11],
			"to": [3.5, 0, 12],
			"rotation": {"angle": 0, "axis": "y", "origin": [10.5, -10, 12]},
			"faces": {
				"north": {"uv": [5.75, 3, 6, 4], "texture": "#0"},
				"east": {"uv": [6, 3, 6.25, 4], "texture": "#0"},
				"south": {"uv": [6.25, 3, 6.5, 4], "texture": "#0"},
				"west": {"uv": [6.5, 3, 6.75, 4], "texture": "#0"},
				"up": {"uv": [10.75, 9, 10.5, 8.75], "texture": "#0"},
				"down": {"uv": [10.75, 9, 10.5, 9.25], "texture": "#0"}
			}
		},
		{
			"from": [11.5, 12, 11],
			"to": [12.5, 16, 12],
			"rotation": {"angle": 0, "axis": "y", "origin": [19.5, 6, 12]},
			"faces": {
				"north": {"uv": [5.75, 3, 6, 4], "texture": "#0"},
				"east": {"uv": [6, 3, 6.25, 4], "texture": "#0"},
				"south": {"uv": [6.25, 3, 6.5, 4], "texture": "#0"},
				"west": {"uv": [6.5, 3, 6.75, 4], "texture": "#0"},
				"up": {"uv": [10.75, 9, 10.5, 8.75], "texture": "#0"},
				"down": {"uv": [10.75, 9, 10.5, 9.25], "texture": "#0"}
			}
		},
		{
			"from": [2, 8, 11],
			"to": [3, 10, 12],
			"rotation": {"angle": 0, "axis": "y", "origin": [10, 2, 12]},
			"faces": {
				"north": {"uv": [9.75, 7, 10, 7.5], "texture": "#0"},
				"east": {"uv": [9.75, 7.5, 10, 8], "texture": "#0"},
				"south": {"uv": [9.75, 8, 10, 8.5], "texture": "#0"},
				"west": {"uv": [9.75, 8.5, 10, 9], "texture": "#0"},
				"up": {"uv": [10.75, 10.75, 10.5, 10.5], "texture": "#0"},
				"down": {"uv": [10.75, 0, 10.5, 0.25], "texture": "#0"}
			}
		},
		{
			"from": [2.5, 6, 11],
			"to": [3.5, 8, 12],
			"rotation": {"angle": 0, "axis": "y", "origin": [10.5, 0, 12]},
			"faces": {
				"north": {"uv": [9.75, 7, 10, 7.5], "texture": "#0"},
				"east": {"uv": [9.75, 7.5, 10, 8], "texture": "#0"},
				"south": {"uv": [9.75, 8, 10, 8.5], "texture": "#0"},
				"west": {"uv": [9.75, 8.5, 10, 9], "texture": "#0"},
				"up": {"uv": [10.75, 10.75, 10.5, 10.5], "texture": "#0"},
				"down": {"uv": [10.75, 0, 10.5, 0.25], "texture": "#0"}
			}
		}
	]
}