{
	"credit": "Made by ArtsByKev www.youtube.com/c/artsbykev and www.twitter.com/artsbykev using Blockbench",
	"textures": {
		"0": "block/jungle_planks",
		"1": "block/jungle_planks_bast",
		"particle": "block/jungle_planks"
	},
	"elements": [
		{
			"from": [0, 0, 0],
			"to": [16, 8, 16],
			"faces": {
				"north": {"uv": [0, 0, 16, 8], "texture": "#0"},
				"east": {"uv": [0, 0, 16, 8], "texture": "#0"},
				"south": {"uv": [0, 0, 16, 8], "texture": "#0"},
				"west": {"uv": [0, 0, 16, 8], "texture": "#0"},
				"up": {"uv": [0, 0, 16, 16], "texture": "#0"},
				"down": {"uv": [0, 0, 16, 16], "texture": "#0"}
			}
		},
		{
			"from": [8, 8, 8],
			"to": [16, 16, 16],
			"rotation": {"angle": 0, "axis": "y", "origin": [8, 16, 8]},
			"faces": {
				"north": {"uv": [0, 0, 8, 8], "texture": "#0"},
				"east": {"uv": [0, 0, 8, 8], "texture": "#0"},
				"south": {"uv": [0, 0, 8, 8], "texture": "#0"},
				"west": {"uv": [0, 0, 8, 8], "texture": "#0"},
				"up": {"uv": [0, 0, 8, 8], "texture": "#0"},
				"down": {"uv": [0, 0, 8, 8], "texture": "#0"}
			}
		},
		{
			"from": [15, 8, -11],
			"to": [16, 8, 0],
			"rotation": {"angle": -45, "axis": "x", "origin": [8, 8, 0]},
			"faces": {
				"north": {"uv": [0, 0, 16, 0], "texture": "#1"},
				"east": {"uv": [0, 0, 11, 0], "texture": "#1"},
				"south": {"uv": [0, 0, 16, 0], "texture": "#1"},
				"west": {"uv": [0, 0, 11, 0], "texture": "#1"},
				"up": {"uv": [0, 0, 1, 11], "texture": "#1", "cullface": "up"},
				"down": {"uv": [0, 11, 1, 0], "texture": "#1", "cullface": "down"}
			}
		},
		{
			"from": [15, 16, -3],
			"to": [16, 16, 8],
			"rotation": {"angle": -45, "axis": "x", "origin": [8, 16, 8]},
			"faces": {
				"north": {"uv": [0, 0, 16, 0], "texture": "#1"},
				"east": {"uv": [0, 0, 11, 0], "texture": "#1"},
				"south": {"uv": [0, 0, 16, 0], "texture": "#1"},
				"west": {"uv": [0, 0, 11, 0], "texture": "#1"},
				"up": {"uv": [0, 0, 1, 11], "texture": "#1", "cullface": "up"},
				"down": {"uv": [0, 11, 1, 0], "texture": "#1", "cullface": "down"}
			}
		},
		{
			"from": [12, 8, -10],
			"to": [13, 8, 0],
			"rotation": {"angle": -45, "axis": "x", "origin": [5, 8, 0]},
			"faces": {
				"north": {"uv": [0, 0, 16, 0], "texture": "#1"},
				"east": {"uv": [0, 0, 11, 0], "texture": "#1"},
				"south": {"uv": [0, 0, 16, 0], "texture": "#1"},
				"west": {"uv": [0, 0, 11, 0], "texture": "#1"},
				"up": {"uv": [0, 0, 1, 10], "texture": "#1", "cullface": "up"},
				"down": {"uv": [0, 10, 1, 0], "texture": "#1", "cullface": "down"}
			}
		},
		{
			"from": [8, 16, -2],
			"to": [9, 16, 8],
			"rotation": {"angle": -45, "axis": "x", "origin": [1, 16, 8]},
			"faces": {
				"north": {"uv": [0, 0, 16, 0], "texture": "#1"},
				"east": {"uv": [0, 0, 11, 0], "texture": "#1"},
				"south": {"uv": [0, 0, 16, 0], "texture": "#1"},
				"west": {"uv": [0, 0, 11, 0], "texture": "#1"},
				"up": {"uv": [0, 0, 1, 10], "texture": "#1", "cullface": "up"},
				"down": {"uv": [0, 10, 1, 0], "texture": "#1", "cullface": "down"}
			}
		},
		{
			"from": [1, 8, -10],
			"to": [2, 8, 0],
			"rotation": {"angle": -45, "axis": "x", "origin": [-6, 8, 0]},
			"faces": {
				"north": {"uv": [0, 0, 16, 0], "texture": "#1"},
				"east": {"uv": [0, 0, 11, 0], "texture": "#1"},
				"south": {"uv": [0, 0, 16, 0], "texture": "#1"},
				"west": {"uv": [0, 0, 11, 0], "texture": "#1"},
				"up": {"uv": [0, 0, 1, 10], "texture": "#1", "cullface": "up"},
				"down": {"uv": [0, 10, 1, 0], "texture": "#1", "cullface": "down"}
			}
		},
		{
			"from": [8, 8, -11],
			"to": [9, 8, 0],
			"rotation": {"angle": -45, "axis": "x", "origin": [1, 8, 0]},
			"faces": {
				"north": {"uv": [0, 0, 16, 0], "texture": "#1"},
				"east": {"uv": [0, 0, 11, 0], "texture": "#1"},
				"south": {"uv": [0, 0, 16, 0], "texture": "#1"},
				"west": {"uv": [0, 0, 11, 0], "texture": "#1"},
				"up": {"uv": [0, 0, 1, 11], "texture": "#1", "cullface": "up"},
				"down": {"uv": [0, 11, 1, 0], "texture": "#1", "cullface": "down"}
			}
		},
		{
			"from": [11, 16, -3],
			"to": [12, 16, 8],
			"rotation": {"angle": -45, "axis": "x", "origin": [4, 16, 8]},
			"faces": {
				"north": {"uv": [0, 0, 16, 0], "texture": "#1"},
				"east": {"uv": [0, 0, 11, 0], "texture": "#1"},
				"south": {"uv": [0, 0, 16, 0], "texture": "#1"},
				"west": {"uv": [0, 0, 11, 0], "texture": "#1"},
				"up": {"uv": [0, 0, 1, 11], "texture": "#1", "cullface": "up"},
				"down": {"uv": [0, 11, 1, 0], "texture": "#1", "cullface": "down"}
			}
		},
		{
			"from": [3, 8, -9],
			"to": [4, 8, 0],
			"rotation": {"angle": -45, "axis": "x", "origin": [-4, 8, 0]},
			"faces": {
				"north": {"uv": [0, 0, 16, 0], "texture": "#1"},
				"east": {"uv": [0, 0, 11, 0], "texture": "#1"},
				"south": {"uv": [0, 0, 16, 0], "texture": "#1"},
				"west": {"uv": [0, 0, 11, 0], "texture": "#1"},
				"up": {"uv": [0, 0, 1, 9], "texture": "#1", "cullface": "up"},
				"down": {"uv": [0, 9, 1, 0], "texture": "#1", "cullface": "down"}
			}
		},
		{
			"from": [-9, 8, 0],
			"to": [0, 8, 1],
			"rotation": {"angle": 45, "axis": "z", "origin": [0, 8, 8]},
			"faces": {
				"north": {"uv": [0, 0, 11, 0], "texture": "#1"},
				"east": {"uv": [0, 0, 16, 0], "texture": "#1"},
				"south": {"uv": [0, 0, 11, 0], "texture": "#1"},
				"west": {"uv": [0, 0, 16, 0], "texture": "#1"},
				"up": {"uv": [0, 0, 1, 9], "rotation": 270, "texture": "#1", "cullface": "up"},
				"down": {"uv": [0, 9, 1, 0], "rotation": 90, "texture": "#1", "cullface": "down"}
			}
		},
		{
			"from": [-11, 8, 11],
			"to": [0, 8, 12],
			"rotation": {"angle": 45, "axis": "z", "origin": [0, 8, 19]},
			"faces": {
				"north": {"uv": [0, 0, 11, 0], "texture": "#1"},
				"east": {"uv": [0, 0, 16, 0], "texture": "#1"},
				"south": {"uv": [0, 0, 11, 0], "texture": "#1"},
				"west": {"uv": [0, 0, 16, 0], "texture": "#1"},
				"up": {"uv": [0, 0, 1, 11], "rotation": 270, "texture": "#1", "cullface": "up"},
				"down": {"uv": [0, 11, 1, 0], "rotation": 90, "texture": "#1", "cullface": "down"}
			}
		},
		{
			"from": [-3, 16, 8],
			"to": [8, 16, 9],
			"rotation": {"angle": 45, "axis": "z", "origin": [8, 16, 16]},
			"faces": {
				"north": {"uv": [0, 0, 11, 0], "texture": "#1"},
				"east": {"uv": [0, 0, 16, 0], "texture": "#1"},
				"south": {"uv": [0, 0, 11, 0], "texture": "#1"},
				"west": {"uv": [0, 0, 16, 0], "texture": "#1"},
				"up": {"uv": [0, 0, 1, 11], "rotation": 270, "texture": "#1", "cullface": "up"},
				"down": {"uv": [0, 11, 1, 0], "rotation": 90, "texture": "#1", "cullface": "down"}
			}
		},
		{
			"from": [-3, 16, 13],
			"to": [8, 16, 14],
			"rotation": {"angle": 45, "axis": "z", "origin": [8, 16, 21]},
			"faces": {
				"north": {"uv": [0, 0, 11, 0], "texture": "#1"},
				"east": {"uv": [0, 0, 16, 0], "texture": "#1"},
				"south": {"uv": [0, 0, 11, 0], "texture": "#1"},
				"west": {"uv": [0, 0, 16, 0], "texture": "#1"},
				"up": {"uv": [0, 0, 1, 11], "rotation": 270, "texture": "#1", "cullface": "up"},
				"down": {"uv": [0, 11, 1, 0], "rotation": 90, "texture": "#1", "cullface": "down"}
			}
		},
		{
			"from": [-8, 8, 9],
			"to": [0, 8, 10],
			"rotation": {"angle": 45, "axis": "z", "origin": [0, 8, 17]},
			"faces": {
				"north": {"uv": [0, 0, 11, 0], "texture": "#1"},
				"east": {"uv": [0, 0, 16, 0], "texture": "#1"},
				"south": {"uv": [0, 0, 11, 0], "texture": "#1"},
				"west": {"uv": [0, 0, 16, 0], "texture": "#1"},
				"up": {"uv": [0, 0, 1, 8], "rotation": 270, "texture": "#1", "cullface": "up"},
				"down": {"uv": [0, 8, 1, 0], "rotation": 90, "texture": "#1", "cullface": "down"}
			}
		},
		{
			"from": [0, 16, 10],
			"to": [8, 16, 11],
			"rotation": {"angle": 45, "axis": "z", "origin": [8, 16, 18]},
			"faces": {
				"north": {"uv": [0, 0, 11, 0], "texture": "#1"},
				"east": {"uv": [0, 0, 16, 0], "texture": "#1"},
				"south": {"uv": [0, 0, 11, 0], "texture": "#1"},
				"west": {"uv": [0, 0, 16, 0], "texture": "#1"},
				"up": {"uv": [0, 0, 1, 8], "rotation": 270, "texture": "#1", "cullface": "up"},
				"down": {"uv": [0, 8, 1, 0], "rotation": 90, "texture": "#1", "cullface": "down"}
			}
		},
		{
			"from": [-10, 8, 15],
			"to": [0, 8, 16],
			"rotation": {"angle": 45, "axis": "z", "origin": [0, 8, 23]},
			"faces": {
				"north": {"uv": [0, 0, 11, 0], "texture": "#1"},
				"east": {"uv": [0, 0, 16, 0], "texture": "#1"},
				"south": {"uv": [0, 0, 11, 0], "texture": "#1"},
				"west": {"uv": [0, 0, 16, 0], "texture": "#1"},
				"up": {"uv": [0, 0, 1, 10], "rotation": 270, "texture": "#1", "cullface": "up"},
				"down": {"uv": [0, 10, 1, 0], "rotation": 90, "texture": "#1", "cullface": "down"}
			}
		},
		{
			"from": [-2, 16, 15],
			"to": [8, 16, 16],
			"rotation": {"angle": 45, "axis": "z", "origin": [8, 16, 23]},
			"faces": {
				"north": {"uv": [0, 0, 11, 0], "texture": "#1"},
				"east": {"uv": [0, 0, 16, 0], "texture": "#1"},
				"south": {"uv": [0, 0, 11, 0], "texture": "#1"},
				"west": {"uv": [0, 0, 16, 0], "texture": "#1"},
				"up": {"uv": [0, 0, 1, 10], "rotation": 270, "texture": "#1", "cullface": "up"},
				"down": {"uv": [0, 10, 1, 0], "rotation": 90, "texture": "#1", "cullface": "down"}
			}
		},
		{
			"from": [-10, 8, 5],
			"to": [0, 8, 6],
			"rotation": {"angle": 45, "axis": "z", "origin": [0, 8, 13]},
			"faces": {
				"north": {"uv": [0, 0, 11, 0], "texture": "#1"},
				"east": {"uv": [0, 0, 16, 0], "texture": "#1"},
				"south": {"uv": [0, 0, 11, 0], "texture": "#1"},
				"west": {"uv": [0, 0, 16, 0], "texture": "#1"},
				"up": {"uv": [0, 0, 1, 10], "rotation": 270, "texture": "#1", "cullface": "up"},
				"down": {"uv": [0, 10, 1, 0], "rotation": 90, "texture": "#1", "cullface": "down"}
			}
		},
		{
			"from": [-11, 8, 3],
			"to": [0, 8, 4],
			"rotation": {"angle": 45, "axis": "z", "origin": [0, 8, 11]},
			"faces": {
				"north": {"uv": [0, 0, 11, 0], "texture": "#1"},
				"east": {"uv": [0, 0, 16, 0], "texture": "#1"},
				"south": {"uv": [0, 0, 11, 0], "texture": "#1"},
				"west": {"uv": [0, 0, 16, 0], "texture": "#1"},
				"up": {"uv": [0, 0, 1, 11], "rotation": 270, "texture": "#1", "cullface": "up"},
				"down": {"uv": [0, 11, 1, 0], "rotation": 90, "texture": "#1", "cullface": "down"}
			}
		},
		{
			"from": [10, 6.75, -9],
			"to": [11, 6.75, 0],
			"rotation": {"angle": -45, "axis": "x", "origin": [3, 6.75, 0]},
			"faces": {
				"north": {"uv": [0, 0, 16, 0], "texture": "#1"},
				"east": {"uv": [0, 0, 9, 0], "texture": "#1"},
				"south": {"uv": [0, 0, 16, 0], "texture": "#1"},
				"west": {"uv": [0, 0, 9, 0], "texture": "#1"},
				"up": {"uv": [0, 0, 1, 9], "texture": "#1", "cullface": "up"},
				"down": {"uv": [0, 9, 1, 0], "texture": "#1", "cullface": "down"}
			}
		},
		{
			"from": [14, 14.75, -1],
			"to": [15, 14.75, 8],
			"rotation": {"angle": -45, "axis": "x", "origin": [7, 14.75, 8]},
			"faces": {
				"north": {"uv": [0, 0, 16, 0], "texture": "#1"},
				"east": {"uv": [0, 0, 9, 0], "texture": "#1"},
				"south": {"uv": [0, 0, 16, 0], "texture": "#1"},
				"west": {"uv": [0, 0, 9, 0], "texture": "#1"},
				"up": {"uv": [0, 0, 1, 9], "texture": "#1", "cullface": "up"},
				"down": {"uv": [0, 9, 1, 0], "texture": "#1", "cullface": "down"}
			}
		},
		{
			"from": [14, 5.75, -8],
			"to": [15, 5.75, 0],
			"rotation": {"angle": -45, "axis": "x", "origin": [7, 5.75, 0]},
			"faces": {
				"north": {"uv": [0, 0, 16, 0], "texture": "#1"},
				"east": {"uv": [0, 0, 9, 0], "texture": "#1"},
				"south": {"uv": [0, 0, 16, 0], "texture": "#1"},
				"west": {"uv": [0, 0, 9, 0], "texture": "#1"},
				"up": {"uv": [0, 0, 1, 8], "texture": "#1", "cullface": "up"},
				"down": {"uv": [0, 8, 1, 0], "texture": "#1", "cullface": "down"}
			}
		},
		{
			"from": [9, 14.75, 0],
			"to": [10, 14.75, 8],
			"rotation": {"angle": -45, "axis": "x", "origin": [2, 14.75, 8]},
			"faces": {
				"north": {"uv": [0, 0, 16, 0], "texture": "#1"},
				"east": {"uv": [0, 0, 9, 0], "texture": "#1"},
				"south": {"uv": [0, 0, 16, 0], "texture": "#1"},
				"west": {"uv": [0, 0, 9, 0], "texture": "#1"},
				"up": {"uv": [0, 0, 1, 8], "texture": "#1", "cullface": "up"},
				"down": {"uv": [0, 8, 1, 0], "texture": "#1", "cullface": "down"}
			}
		},
		{
			"from": [0, 6.75, -8],
			"to": [1, 6.75, 0],
			"rotation": {"angle": -45, "axis": "x", "origin": [-7, 6.75, 0]},
			"faces": {
				"north": {"uv": [0, 0, 16, 0], "texture": "#1"},
				"east": {"uv": [0, 0, 9, 0], "texture": "#1"},
				"south": {"uv": [0, 0, 16, 0], "texture": "#1"},
				"west": {"uv": [0, 0, 9, 0], "texture": "#1"},
				"up": {"uv": [0, 0, 1, 8], "texture": "#1", "cullface": "up"},
				"down": {"uv": [0, 8, 1, 0], "texture": "#1", "cullface": "down"}
			}
		},
		{
			"from": [6, 6.75, -9],
			"to": [7, 6.75, 0],
			"rotation": {"angle": -45, "axis": "x", "origin": [-1, 6.75, 0]},
			"faces": {
				"north": {"uv": [0, 0, 16, 0], "texture": "#1"},
				"east": {"uv": [0, 0, 9, 0], "texture": "#1"},
				"south": {"uv": [0, 0, 16, 0], "texture": "#1"},
				"west": {"uv": [0, 0, 9, 0], "texture": "#1"},
				"up": {"uv": [0, 0, 1, 9], "texture": "#1", "cullface": "up"},
				"down": {"uv": [0, 9, 1, 0], "texture": "#1", "cullface": "down"}
			}
		},
		{
			"from": [12, 13.75, -1],
			"to": [13, 13.75, 8],
			"rotation": {"angle": -45, "axis": "x", "origin": [5, 13.75, 8]},
			"faces": {
				"north": {"uv": [0, 0, 16, 0], "texture": "#1"},
				"east": {"uv": [0, 0, 9, 0], "texture": "#1"},
				"south": {"uv": [0, 0, 16, 0], "texture": "#1"},
				"west": {"uv": [0, 0, 9, 0], "texture": "#1"},
				"up": {"uv": [0, 0, 1, 9], "texture": "#1", "cullface": "up"},
				"down": {"uv": [0, 9, 1, 0], "texture": "#1", "cullface": "down"}
			}
		},
		{
			"from": [4, 5.75, -7],
			"to": [5, 5.75, 0],
			"rotation": {"angle": -45, "axis": "x", "origin": [-3, 5.75, 0]},
			"faces": {
				"north": {"uv": [0, 0, 16, 0], "texture": "#1"},
				"east": {"uv": [0, 0, 9, 0], "texture": "#1"},
				"south": {"uv": [0, 0, 16, 0], "texture": "#1"},
				"west": {"uv": [0, 0, 9, 0], "texture": "#1"},
				"up": {"uv": [0, 0, 1, 7], "texture": "#1", "cullface": "up"},
				"down": {"uv": [0, 7, 1, 0], "texture": "#1", "cullface": "down"}
			}
		},
		{
			"from": [-7, 5.75, 1],
			"to": [0, 5.75, 2],
			"rotation": {"angle": 45, "axis": "z", "origin": [0, 5.75, 9]},
			"faces": {
				"north": {"uv": [0, 0, 9, 0], "texture": "#1"},
				"east": {"uv": [0, 0, 16, 0], "texture": "#1"},
				"south": {"uv": [0, 0, 9, 0], "texture": "#1"},
				"west": {"uv": [0, 0, 16, 0], "texture": "#1"},
				"up": {"uv": [0, 0, 1, 7], "rotation": 270, "texture": "#1", "cullface": "up"},
				"down": {"uv": [0, 7, 1, 0], "rotation": 90, "texture": "#1", "cullface": "down"}
			}
		},
		{
			"from": [-9, 6.75, 12],
			"to": [0, 6.75, 13],
			"rotation": {"angle": 45, "axis": "z", "origin": [0, 6.75, 20]},
			"faces": {
				"north": {"uv": [0, 0, 9, 0], "texture": "#1"},
				"east": {"uv": [0, 0, 16, 0], "texture": "#1"},
				"south": {"uv": [0, 0, 9, 0], "texture": "#1"},
				"west": {"uv": [0, 0, 16, 0], "texture": "#1"},
				"up": {"uv": [0, 0, 1, 9], "rotation": 270, "texture": "#1", "cullface": "up"},
				"down": {"uv": [0, 9, 1, 0], "rotation": 90, "texture": "#1", "cullface": "down"}
			}
		},
		{
			"from": [-1, 13.75, 9],
			"to": [8, 13.75, 10],
			"rotation": {"angle": 45, "axis": "z", "origin": [8, 13.75, 17]},
			"faces": {
				"north": {"uv": [0, 0, 9, 0], "texture": "#1"},
				"east": {"uv": [0, 0, 16, 0], "texture": "#1"},
				"south": {"uv": [0, 0, 9, 0], "texture": "#1"},
				"west": {"uv": [0, 0, 16, 0], "texture": "#1"},
				"up": {"uv": [0, 0, 1, 9], "rotation": 270, "texture": "#1", "cullface": "up"},
				"down": {"uv": [0, 9, 1, 0], "rotation": 90, "texture": "#1", "cullface": "down"}
			}
		},
		{
			"from": [-1, 14.75, 11],
			"to": [8, 14.75, 12],
			"rotation": {"angle": 45, "axis": "z", "origin": [8, 14.75, 19]},
			"faces": {
				"north": {"uv": [0, 0, 9, 0], "texture": "#1"},
				"east": {"uv": [0, 0, 16, 0], "texture": "#1"},
				"south": {"uv": [0, 0, 9, 0], "texture": "#1"},
				"west": {"uv": [0, 0, 16, 0], "texture": "#1"},
				"up": {"uv": [0, 0, 1, 9], "rotation": 270, "texture": "#1", "cullface": "up"},
				"down": {"uv": [0, 9, 1, 0], "rotation": 90, "texture": "#1", "cullface": "down"}
			}
		},
		{
			"from": [-6, 4.75, 10],
			"to": [0, 4.75, 11],
			"rotation": {"angle": 45, "axis": "z", "origin": [0, 4.75, 18]},
			"faces": {
				"north": {"uv": [0, 0, 9, 0], "texture": "#1"},
				"east": {"uv": [0, 0, 16, 0], "texture": "#1"},
				"south": {"uv": [0, 0, 9, 0], "texture": "#1"},
				"west": {"uv": [0, 0, 16, 0], "texture": "#1"},
				"up": {"uv": [0, 0, 1, 6], "rotation": 270, "texture": "#1", "cullface": "up"},
				"down": {"uv": [0, 6, 1, 0], "rotation": 90, "texture": "#1", "cullface": "down"}
			}
		},
		{
			"from": [2, 12.75, 13],
			"to": [8, 12.75, 14],
			"rotation": {"angle": 45, "axis": "z", "origin": [8, 12.75, 21]},
			"faces": {
				"north": {"uv": [0, 0, 9, 0], "texture": "#1"},
				"east": {"uv": [0, 0, 16, 0], "texture": "#1"},
				"south": {"uv": [0, 0, 9, 0], "texture": "#1"},
				"west": {"uv": [0, 0, 16, 0], "texture": "#1"},
				"up": {"uv": [0, 0, 1, 6], "rotation": 270, "texture": "#1", "cullface": "up"},
				"down": {"uv": [0, 6, 1, 0], "rotation": 90, "texture": "#1", "cullface": "down"}
			}
		},
		{
			"from": [-8, 6.75, 14],
			"to": [0, 6.75, 15],
			"rotation": {"angle": 45, "axis": "z", "origin": [0, 6.75, 22]},
			"faces": {
				"north": {"uv": [0, 0, 9, 0], "texture": "#1"},
				"east": {"uv": [0, 0, 16, 0], "texture": "#1"},
				"south": {"uv": [0, 0, 9, 0], "texture": "#1"},
				"west": {"uv": [0, 0, 16, 0], "texture": "#1"},
				"up": {"uv": [0, 0, 1, 8], "rotation": 270, "texture": "#1", "cullface": "up"},
				"down": {"uv": [0, 8, 1, 0], "rotation": 90, "texture": "#1", "cullface": "down"}
			}
		},
		{
			"from": [0, 13.75, 14],
			"to": [8, 13.75, 15],
			"rotation": {"angle": 45, "axis": "z", "origin": [8, 13.75, 22]},
			"faces": {
				"north": {"uv": [0, 0, 9, 0], "texture": "#1"},
				"east": {"uv": [0, 0, 16, 0], "texture": "#1"},
				"south": {"uv": [0, 0, 9, 0], "texture": "#1"},
				"west": {"uv": [0, 0, 16, 0], "texture": "#1"},
				"up": {"uv": [0, 0, 1, 8], "rotation": 270, "texture": "#1", "cullface": "up"},
				"down": {"uv": [0, 8, 1, 0], "rotation": 90, "texture": "#1", "cullface": "down"}
			}
		},
		{
			"from": [-8, 6.75, 7],
			"to": [0, 6.75, 8],
			"rotation": {"angle": 45, "axis": "z", "origin": [0, 6.75, 15]},
			"faces": {
				"north": {"uv": [0, 0, 9, 0], "texture": "#1"},
				"east": {"uv": [0, 0, 16, 0], "texture": "#1"},
				"south": {"uv": [0, 0, 9, 0], "texture": "#1"},
				"west": {"uv": [0, 0, 16, 0], "texture": "#1"},
				"up": {"uv": [0, 0, 1, 8], "rotation": 270, "texture": "#1", "cullface": "up"},
				"down": {"uv": [0, 8, 1, 0], "rotation": 90, "texture": "#1", "cullface": "down"}
			}
		},
		{
			"from": [-9, 6.75, 4],
			"to": [0, 6.75, 5],
			"rotation": {"angle": 45, "axis": "z", "origin": [0, 6.75, 12]},
			"faces": {
				"north": {"uv": [0, 0, 9, 0], "texture": "#1"},
				"east": {"uv": [0, 0, 16, 0], "texture": "#1"},
				"south": {"uv": [0, 0, 9, 0], "texture": "#1"},
				"west": {"uv": [0, 0, 16, 0], "texture": "#1"},
				"up": {"uv": [0, 0, 1, 9], "rotation": 270, "texture": "#1", "cullface": "up"},
				"down": {"uv": [0, 9, 1, 0], "rotation": 90, "texture": "#1", "cullface": "down"}
			}
		}
	]
}