{
	"credit": "Designed by Kevin *ArtsByKev* www.twitter.com/artsbykev, Made with Blockbench",
	"parent": "ladder",
	"texture_size": [32, 32],
	"textures": {
		"0": "minecraft:artsbykev_var/textures/ladder",
		"particle": "block/ladder"
	},
	"elements": [
		{
			"from": [0, 2, 14],
			"to": [6, 3, 16],
			"rotation": {"angle": 0, "axis": "y", "origin": [8, 3, 15]},
			"faces": {
				"north": {"uv": [5, 8.5, 8, 9], "texture": "#0"},
				"east": {"uv": [4, 8.5, 5, 9], "texture": "#0"},
				"south": {"uv": [9, 8.5, 12, 9], "texture": "#0"},
				"west": {"uv": [8, 8.5, 9, 9], "texture": "#0"},
				"up": {"uv": [8, 8.5, 5, 7.5], "texture": "#0"},
				"down": {"uv": [11, 7.5, 8, 8.5], "texture": "#0"}
			}
		},
		{
			"from": [6, 2.25, 14],
			"to": [16, 3.25, 16],
			"rotation": {"angle": 0, "axis": "y", "origin": [8, 3.25, 15]},
			"faces": {
				"north": {"uv": [1, 2.5, 6, 3], "texture": "#0"},
				"east": {"uv": [0, 2.5, 1, 3], "texture": "#0"},
				"south": {"uv": [7, 2.5, 12, 3], "texture": "#0"},
				"west": {"uv": [6, 2.5, 7, 3], "texture": "#0"},
				"up": {"uv": [6, 2.5, 1, 1.5], "texture": "#0"},
				"down": {"uv": [11, 1.5, 6, 2.5], "texture": "#0"}
			}
		},
		{
			"from": [8, 5.5, 14],
			"to": [16, 6.5, 16],
			"rotation": {"angle": 22.5, "axis": "z", "origin": [14, 6.5, 15]},
			"faces": {
				"north": {"uv": [1, 5.5, 5, 6], "texture": "#0"},
				"east": {"uv": [0, 5.5, 1, 6], "texture": "#0"},
				"south": {"uv": [6, 5.5, 10, 6], "texture": "#0"},
				"west": {"uv": [5, 5.5, 6, 6], "texture": "#0"},
				"up": {"uv": [5, 5.5, 1, 4.5], "texture": "#0"},
				"down": {"uv": [9, 4.5, 5, 5.5], "texture": "#0"}
			}
		},
		{
			"from": [0, 7.25, 14],
			"to": [8, 8.25, 16],
			"rotation": {"angle": -22.5, "axis": "z", "origin": [0, 8.25, 15]},
			"faces": {
				"north": {"uv": [1, 4, 5, 4.5], "texture": "#0"},
				"east": {"uv": [0, 4, 1, 4.5], "texture": "#0"},
				"south": {"uv": [6, 4, 10, 4.5], "texture": "#0"},
				"west": {"uv": [5, 4, 6, 4.5], "texture": "#0"},
				"up": {"uv": [5, 4, 1, 3], "texture": "#0"},
				"down": {"uv": [9, 3, 5, 4], "texture": "#0"}
			}
		},
		{
			"from": [10, 13, 14],
			"to": [16, 14, 16],
			"rotation": {"angle": 0, "axis": "y", "origin": [8, 14, 15]},
			"faces": {
				"north": {"uv": [5, 7, 8, 7.5], "texture": "#0"},
				"east": {"uv": [4, 7, 5, 7.5], "texture": "#0"},
				"south": {"uv": [9, 7, 12, 7.5], "texture": "#0"},
				"west": {"uv": [8, 7, 9, 7.5], "texture": "#0"},
				"up": {"uv": [8, 7, 5, 6], "texture": "#0"},
				"down": {"uv": [11, 6, 8, 7], "texture": "#0"}
			}
		},
		{
			"from": [0, 12.75, 14],
			"to": [10, 13.75, 16],
			"rotation": {"angle": 0, "axis": "y", "origin": [8, 13.75, 15]},
			"faces": {
				"north": {"uv": [1, 1, 6, 1.5], "texture": "#0"},
				"east": {"uv": [0, 1, 1, 1.5], "texture": "#0"},
				"south": {"uv": [7, 1, 12, 1.5], "texture": "#0"},
				"west": {"uv": [6, 1, 7, 1.5], "texture": "#0"},
				"up": {"uv": [6, 1, 1, 0], "texture": "#0"},
				"down": {"uv": [11, 0, 6, 1], "texture": "#0"}
			}
		},
		{
			"from": [14, 0, 14.5],
			"to": [15, 16, 15.5],
			"rotation": {"angle": 0, "axis": "y", "origin": [14.5, 8, 15]},
			"faces": {
				"north": {"uv": [2.5, 6.5, 3, 14.5], "texture": "#0"},
				"east": {"uv": [2, 6.5, 2.5, 14.5], "texture": "#0"},
				"south": {"uv": [3.5, 6.5, 4, 14.5], "texture": "#0"},
				"west": {"uv": [3, 6.5, 3.5, 14.5], "texture": "#0"},
				"up": {"uv": [3, 6.5, 2.5, 6], "texture": "#0"},
				"down": {"uv": [3.5, 6, 3, 6.5], "texture": "#0"}
			}
		},
		{
			"from": [1, 0, 14.5],
			"to": [2, 16, 15.5],
			"rotation": {"angle": 0, "axis": "y", "origin": [1.5, 8, 15]},
			"faces": {
				"north": {"uv": [0.5, 6.5, 1, 14.5], "texture": "#0"},
				"east": {"uv": [0, 6.5, 0.5, 14.5], "texture": "#0"},
				"south": {"uv": [1.5, 6.5, 2, 14.5], "texture": "#0"},
				"west": {"uv": [1, 6.5, 1.5, 14.5], "texture": "#0"},
				"up": {"uv": [1, 6.5, 0.5, 6], "texture": "#0"},
				"down": {"uv": [1.5, 6, 1, 6.5], "texture": "#0"}
			}
		}
	]
}