{
	"credit": "Made with Blockbench",
	"parent": "lightpost_thin",
	"textures": {
		"0": "artsbykev_var/textures/lightpost",
		"particle": "artsbykev_var/textures/lightpost"
	},
	"elements": [
		{
			"from": [6, 0, 4],
			"to": [10, 16, 12],
			"faces": {
				"north": {"uv": [6, 0, 10, 16], "texture": "#0"},
				"east": {"uv": [4, 0, 12, 16], "texture": "#0"},
				"south": {"uv": [6, 0, 10, 16], "texture": "#0"},
				"west": {"uv": [4, 0, 12, 16], "texture": "#0"},
				"up": {"uv": [6, 4, 10, 12], "texture": "#0"},
				"down": {"uv": [6, 4, 10, 12], "texture": "#0"}
			}
		},
		{
			"from": [4, 0, 6],
			"to": [6, 16, 10],
			"rotation": {"angle": 0, "axis": "y", "origin": [6, 8, 8]},
			"faces": {
				"north": {"uv": [10, 0, 12, 16], "texture": "#0"},
				"east": {"uv": [0, 0, 4, 16], "texture": "#0"},
				"south": {"uv": [4, 0, 6, 16], "texture": "#0"},
				"west": {"uv": [6, 0, 10, 16], "texture": "#0"},
				"up": {"uv": [4, 6, 6, 10], "texture": "#0"},
				"down": {"uv": [4, 6, 6, 10], "texture": "#0"}
			}
		},
		{
			"from": [10, 0, 6],
			"to": [12, 16, 10],
			"rotation": {"angle": 0, "axis": "y", "origin": [12, 8, 8]},
			"faces": {
				"north": {"uv": [4, 0, 6, 16], "texture": "#0"},
				"east": {"uv": [6, 0, 10, 16], "texture": "#0"},
				"south": {"uv": [10, 0, 12, 16], "texture": "#0"},
				"west": {"uv": [0, 0, 4, 16], "texture": "#0"},
				"up": {"uv": [11, 6, 13, 10], "texture": "#0"},
				"down": {"uv": [11, 6, 13, 10], "texture": "#0"}
			}
		}
	]
}