{
	"credit": "Made with Blockbench",
	"parent": "lightpost_thin",
	"textures": {
		"0": "artsbykev_var/textures/lightpost",
		"particle": "artsbykev_var/textures/lightpost"
	},
	"elements": [
		{
			"from": [5, 0, 2],
			"to": [11, 16, 14],
			"faces": {
				"north": {"uv": [5, 0, 11, 16], "texture": "#0"},
				"east": {"uv": [2, 0, 14, 16], "texture": "#0"},
				"south": {"uv": [5, 0, 11, 16], "texture": "#0"},
				"west": {"uv": [2, 0, 14, 16], "texture": "#0"},
				"up": {"uv": [5, 2, 11, 14], "texture": "#0"},
				"down": {"uv": [5, 2, 11, 14], "texture": "#0"}
			}
		},
		{
			"from": [2, 0, 5],
			"to": [5, 16, 11],
			"rotation": {"angle": 0, "axis": "y", "origin": [4, 8, 8]},
			"faces": {
				"north": {"uv": [11, 0, 14, 16], "texture": "#0"},
				"east": {"uv": [0, 0, 4, 16], "texture": "#0"},
				"south": {"uv": [2, 0, 5, 16], "texture": "#0"},
				"west": {"uv": [5, 0, 11, 16], "texture": "#0"},
				"up": {"uv": [2, 5, 5, 11], "texture": "#0"},
				"down": {"uv": [2, 5, 5, 11], "texture": "#0"}
			}
		},
		{
			"from": [11, 0, 5],
			"to": [14, 16, 11],
			"rotation": {"angle": 0, "axis": "y", "origin": [14, 8, 8]},
			"faces": {
				"north": {"uv": [2, 0, 5, 16], "texture": "#0"},
				"east": {"uv": [5, 0, 11, 16], "texture": "#0"},
				"south": {"uv": [11, 0, 14, 16], "texture": "#0"},
				"west": {"uv": [0, 0, 4, 16], "texture": "#0"},
				"up": {"uv": [11, 5, 14, 11], "texture": "#0"},
				"down": {"uv": [11, 5, 14, 11], "texture": "#0"}
			}
		}
	]
}