{
	"credit": "Made with Blockbench",
	"parent": "lightpost_thin",
	"texture_size": [128, 128],
	"textures": {
		"0": "artsbykev_var/textures/lightpost_light",
		"particle": "artsbykev_var/textures/lightpost_light"
	},
	"elements": [
		{
			"from": [2, 0, 1],
			"to": [14, 1, 15],
			"faces": {
				"north": {"uv": [7.75, 7.375, 9.25, 7.5], "texture": "#0"},
				"east": {"uv": [0, 7.75, 1.75, 7.875], "texture": "#0"},
				"south": {"uv": [0, 7.875, 1.5, 8], "texture": "#0"},
				"west": {"uv": [7.75, 6.5, 9.5, 6.625], "texture": "#0"},
				"up": {"uv": [5.25, 1.75, 3.75, 0], "texture": "#0"},
				"down": {"uv": [5.25, 1.75, 3.75, 3.5], "texture": "#0"}
			}
		},
		{
			"from": [0, 15, 0],
			"to": [16, 16, 16],
			"rotation": {"angle": 0, "axis": "y", "origin": [8, 23, 8]},
			"faces": {
				"north": {"uv": [7.5, 4.75, 9.5, 4.875], "texture": "#0"},
				"east": {"uv": [7.5, 4.875, 9.5, 5], "texture": "#0"},
				"south": {"uv": [7.5, 5, 9.5, 5.125], "texture": "#0"},
				"west": {"uv": [7.5, 5.125, 9.5, 5.25], "texture": "#0"},
				"up": {"uv": [2, 2, 0, 0], "texture": "#0"},
				"down": {"uv": [2, 2, 0, 4], "texture": "#0"}
			}
		},
		{
			"from": [1, 16, 1],
			"to": [15, 17, 15],
			"rotation": {"angle": 0, "axis": "y", "origin": [8, 24, 8]},
			"faces": {
				"north": {"uv": [7.75, 6.625, 9.5, 6.75], "texture": "#0"},
				"east": {"uv": [7.75, 6.75, 9.5, 6.875], "texture": "#0"},
				"south": {"uv": [7.75, 6.875, 9.5, 7], "texture": "#0"},
				"west": {"uv": [7.75, 7, 9.5, 7.125], "texture": "#0"},
				"up": {"uv": [3.75, 3.75, 2, 2], "texture": "#0"},
				"down": {"uv": [3.75, 0, 2, 1.75], "texture": "#0"}
			}
		},
		{
			"from": [2, 17, 2],
			"to": [14, 18, 14],
			"rotation": {"angle": 0, "axis": "y", "origin": [8, 25, 8]},
			"faces": {
				"north": {"uv": [5, 8, 6.5, 8.125], "texture": "#0"},
				"east": {"uv": [6.5, 8, 8, 8.125], "texture": "#0"},
				"south": {"uv": [8, 8, 9.5, 8.125], "texture": "#0"},
				"west": {"uv": [8, 7.5, 9.5, 7.625], "texture": "#0"},
				"up": {"uv": [1.5, 5.5, 0, 4], "texture": "#0"},
				"down": {"uv": [6.5, 5, 5, 6.5], "texture": "#0"}
			}
		},
		{
			"from": [3, 18, 3],
			"to": [13, 20, 13],
			"rotation": {"angle": 0, "axis": "y", "origin": [8, 26, 8]},
			"faces": {
				"north": {"uv": [2, 1.75, 3.25, 2], "texture": "#0"},
				"east": {"uv": [3.75, 3.5, 5, 3.75], "texture": "#0"},
				"south": {"uv": [5, 4.75, 6.25, 5], "texture": "#0"},
				"west": {"uv": [7.5, 4.5, 8.75, 4.75], "texture": "#0"},
				"up": {"uv": [2.75, 6.75, 1.5, 5.5], "texture": "#0"},
				"down": {"uv": [4, 5.5, 2.75, 6.75], "texture": "#0"}
			}
		},
		{
			"from": [4, 20, 4],
			"to": [12, 22, 12],
			"rotation": {"angle": 0, "axis": "y", "origin": [8, 28, 8]},
			"faces": {
				"north": {"uv": [7.5, 5.25, 8.5, 5.5], "texture": "#0"},
				"east": {"uv": [7.5, 5.5, 8.5, 5.75], "texture": "#0"},
				"south": {"uv": [7.5, 5.75, 8.5, 6], "texture": "#0"},
				"west": {"uv": [7.5, 6, 8.5, 6.25], "texture": "#0"},
				"up": {"uv": [2, 7.75, 1, 6.75], "texture": "#0"},
				"down": {"uv": [3, 6.75, 2, 7.75], "texture": "#0"}
			}
		},
		{
			"from": [5, 22, 5],
			"to": [11, 24, 11],
			"rotation": {"angle": 0, "axis": "y", "origin": [8, 30, 8]},
			"faces": {
				"north": {"uv": [6.75, 2.25, 7.5, 2.5], "texture": "#0"},
				"east": {"uv": [8, 7.625, 8.75, 7.875], "texture": "#0"},
				"south": {"uv": [0, 8.125, 0.75, 8.375], "texture": "#0"},
				"west": {"uv": [0.75, 8.125, 1.5, 8.375], "texture": "#0"},
				"up": {"uv": [3.75, 7.5, 3, 6.75], "texture": "#0"},
				"down": {"uv": [7.5, 1.5, 6.75, 2.25], "texture": "#0"}
			}
		},
		{
			"from": [3, 1, 3],
			"to": [13, 4, 13],
			"rotation": {"angle": 0, "axis": "y", "origin": [8, 9, 8]},
			"faces": {
				"north": {"uv": [7.5, 1.5, 8.75, 1.875], "texture": "#0"},
				"east": {"uv": [3, 7.5, 4.25, 7.875], "texture": "#0"},
				"south": {"uv": [7.5, 1.5, 8.75, 1.875], "texture": "#0"},
				"west": {"uv": [4.25, 7.5, 5.5, 7.875], "texture": "#0"},
				"up": {"uv": [6.5, 4.75, 5, 3.5], "texture": "#0"},
				"down": {"uv": [6.75, 0, 5.25, 1.25], "texture": "#0"}
			}
		},
		{
			"from": [2.5, 1, 12.5],
			"to": [3.5, 15, 13.5],
			"rotation": {"angle": 0, "axis": "y", "origin": [7.5, 9, 8.5]},
			"faces": {
				"north": {"uv": [5.25, 0, 5.375, 1.75], "texture": "#0"},
				"east": {"uv": [5.25, 0, 5.375, 1.75], "texture": "#0"},
				"south": {"uv": [5.25, 0, 5.375, 1.75], "texture": "#0"},
				"west": {"uv": [5.25, 0, 5.375, 1.75], "texture": "#0"},
				"up": {"uv": [6.5, 4.75, 5, 3.5], "texture": "#0"},
				"down": {"uv": [6.75, 0, 5.25, 1.25], "texture": "#0"}
			}
		},
		{
			"from": [12.5, 1, 12.5],
			"to": [13.5, 15, 13.5],
			"rotation": {"angle": 0, "axis": "y", "origin": [17.5, 9, 8.5]},
			"faces": {
				"north": {"uv": [5.25, 0, 5.375, 1.75], "texture": "#0"},
				"east": {"uv": [5.25, 0, 5.375, 1.75], "texture": "#0"},
				"south": {"uv": [5.25, 0, 5.375, 1.75], "texture": "#0"},
				"west": {"uv": [5.25, 0, 5.375, 1.75], "texture": "#0"},
				"up": {"uv": [6.5, 4.75, 5, 3.5], "texture": "#0"},
				"down": {"uv": [6.75, 0, 5.25, 1.25], "texture": "#0"}
			}
		},
		{
			"from": [2.5, 1, 2.5],
			"to": [3.5, 15, 3.5],
			"rotation": {"angle": 0, "axis": "y", "origin": [7.5, 9, -1.5]},
			"faces": {
				"north": {"uv": [5.25, 0, 5.375, 1.75], "texture": "#0"},
				"east": {"uv": [5.25, 0, 5.375, 1.75], "texture": "#0"},
				"south": {"uv": [5.25, 0, 5.375, 1.75], "texture": "#0"},
				"west": {"uv": [5.25, 0, 5.375, 1.75], "texture": "#0"},
				"up": {"uv": [6.5, 4.75, 5, 3.5], "texture": "#0"},
				"down": {"uv": [6.75, 0, 5.25, 1.25], "texture": "#0"}
			}
		},
		{
			"from": [12.5, 1, 2.5],
			"to": [13.5, 15, 3.5],
			"rotation": {"angle": 0, "axis": "y", "origin": [17.5, 9, -1.5]},
			"faces": {
				"north": {"uv": [5.25, 0, 5.375, 1.75], "texture": "#0"},
				"east": {"uv": [5.25, 0, 5.375, 1.75], "texture": "#0"},
				"south": {"uv": [5.25, 0, 5.375, 1.75], "texture": "#0"},
				"west": {"uv": [5.25, 0, 5.375, 1.75], "texture": "#0"},
				"up": {"uv": [6.5, 4.75, 5, 3.5], "texture": "#0"},
				"down": {"uv": [6.75, 0, 5.25, 1.25], "texture": "#0"}
			}
		},
		{
			"from": [3, 12, 3],
			"to": [13, 15, 13],
			"rotation": {"angle": 0, "axis": "y", "origin": [8, 20, 8]},
			"faces": {
				"north": {"uv": [7.5, 2.625, 8.75, 3], "texture": "#0"},
				"east": {"uv": [7.5, 3, 8.75, 3.375], "texture": "#0"},
				"south": {"uv": [7.5, 2.625, 8.75, 3], "texture": "#0"},
				"west": {"uv": [7.5, 3.375, 8.75, 3.75], "texture": "#0"},
				"up": {"uv": [6.75, 2.5, 5.25, 1.25], "texture": "#0"},
				"down": {"uv": [1.5, 5.5, 0, 6.75], "texture": "#0"}
			}
		},
		{
			"from": [3, 4, 4],
			"to": [13, 12, 12],
			"rotation": {"angle": 0, "axis": "y", "origin": [8, 12, 8]},
			"faces": {
				"north": {"uv": [5.25, 2.5, 6.5, 3.5], "texture": "#0"},
				"east": {"uv": [6.5, 3.5, 7.5, 4.5], "texture": "#0"},
				"south": {"uv": [4, 6.5, 5.25, 7.5], "texture": "#0"},
				"west": {"uv": [6.5, 4.5, 7.5, 5.5], "texture": "#0"},
				"up": {"uv": [6.5, 7.5, 5.25, 6.5], "texture": "#0"},
				"down": {"uv": [7.75, 6.5, 6.5, 7.5], "texture": "#0"}
			}
		},
		{
			"from": [4, 4, 12],
			"to": [12, 12, 13],
			"rotation": {"angle": 0, "axis": "y", "origin": [8, 12, 8]},
			"faces": {
				"north": {"uv": [4, 5.5, 5, 6.5], "texture": "#0"},
				"east": {"uv": [4.25, 8.125, 4.375, 9.125], "texture": "#0"},
				"south": {"uv": [6.5, 2.5, 7.5, 3.5], "texture": "#0"},
				"west": {"uv": [4.375, 8.125, 4.5, 9.125], "texture": "#0"},
				"up": {"uv": [6, 8.375, 5, 8.25], "texture": "#0"},
				"down": {"uv": [7, 8.25, 6, 8.375], "texture": "#0"}
			}
		},
		{
			"from": [4, 4, 3],
			"to": [12, 12, 4],
			"rotation": {"angle": 0, "axis": "y", "origin": [8, 12, -1]},
			"faces": {
				"north": {"uv": [6.5, 5.5, 7.5, 6.5], "texture": "#0"},
				"east": {"uv": [4.5, 8.125, 4.625, 9.125], "texture": "#0"},
				"south": {"uv": [0, 6.75, 1, 7.75], "texture": "#0"},
				"west": {"uv": [4.625, 8.125, 4.75, 9.125], "texture": "#0"},
				"up": {"uv": [8, 8.375, 7, 8.25], "texture": "#0"},
				"down": {"uv": [9, 8.25, 8, 8.375], "texture": "#0"}
			}
		},
		{
			"from": [14, 0, 2],
			"to": [15, 1, 14],
			"rotation": {"angle": 0, "axis": "y", "origin": [9, 8, 8]},
			"faces": {
				"north": {"uv": [3.25, 1.75, 3.375, 1.875], "texture": "#0"},
				"east": {"uv": [1.5, 7.875, 3, 8], "texture": "#0"},
				"south": {"uv": [3.25, 1.875, 3.375, 2], "texture": "#0"},
				"west": {"uv": [3, 7.875, 4.5, 8], "texture": "#0"},
				"up": {"uv": [1.625, 5.5, 1.5, 4], "texture": "#0"},
				"down": {"uv": [1.75, 4, 1.625, 5.5], "texture": "#0"}
			}
		},
		{
			"from": [1, 0, 2],
			"to": [2, 1, 14],
			"rotation": {"angle": 0, "axis": "y", "origin": [9, 8, 8]},
			"faces": {
				"north": {"uv": [3.375, 1.75, 3.5, 1.875], "texture": "#0"},
				"east": {"uv": [4.5, 7.875, 6, 8], "texture": "#0"},
				"south": {"uv": [3.375, 1.875, 3.5, 2], "texture": "#0"},
				"west": {"uv": [6, 7.875, 7.5, 8], "texture": "#0"},
				"up": {"uv": [1.875, 5.5, 1.75, 4], "texture": "#0"},
				"down": {"uv": [2, 4, 1.875, 5.5], "texture": "#0"}
			}
		}
	]
}