{
	"credit": "Made with Blockbench",
	"texture_size": [32, 32],
	"textures": {
		"0": "artsbykev_var/textures/lightpole",
		"1": "artsbykev_var/textures/red_sweep_light",
		"particle": "artsbykev_var/textures/lightpole"
	},
	"elements": [
		{
			"from": [1, 0, 1],
			"to": [15, 1, 3],
			"faces": {
				"north": {"uv": [7, 6, 14, 6.5], "texture": "#0"},
				"east": {"uv": [10, 12, 11, 12.5], "texture": "#0"},
				"south": {"uv": [7, 6.5, 14, 7], "texture": "#0"},
				"west": {"uv": [11.5, 12, 12.5, 12.5], "texture": "#0"},
				"up": {"uv": [7, 1, 0, 0], "texture": "#0"},
				"down": {"uv": [7, 1, 0, 2], "texture": "#0"}
			}
		},
		{
			"from": [7, 1, 2],
			"to": [9, 2, 14],
			"faces": {
				"north": {"uv": [1.5, 12.5, 2.5, 13], "texture": "#0"},
				"east": {"uv": [8, 5, 14, 5.5], "texture": "#0"},
				"south": {"uv": [2.5, 12.5, 3.5, 13], "texture": "#0"},
				"west": {"uv": [8, 5.5, 14, 6], "texture": "#0"},
				"up": {"uv": [7, 12, 6, 6], "texture": "#0"},
				"down": {"uv": [8, 7, 7, 13], "texture": "#0"}
			}
		},
		{
			"from": [6, 1.5, 6],
			"to": [10, 2.5, 10],
			"rotation": {"angle": 0, "axis": "y", "origin": [8, 7.5, 8]},
			"faces": {
				"north": {"uv": [10.5, 1, 12.5, 1.5], "texture": "#0"},
				"east": {"uv": [10.5, 1.5, 12.5, 2], "texture": "#0"},
				"south": {"uv": [11, 10, 13, 10.5], "texture": "#0"},
				"west": {"uv": [11, 10.5, 13, 11], "texture": "#0"},
				"up": {"uv": [6, 4, 4, 2], "texture": "#0"},
				"down": {"uv": [8, 2, 6, 4], "texture": "#0"}
			}
		},
		{
			"from": [6, 15, 6],
			"to": [10, 16, 10],
			"rotation": {"angle": 0, "axis": "y", "origin": [8, 21, 8]},
			"faces": {
				"north": {"uv": [10.5, 1, 12.5, 1.5], "texture": "#0"},
				"east": {"uv": [10.5, 1.5, 12.5, 2], "texture": "#0"},
				"south": {"uv": [11, 10, 13, 10.5], "texture": "#0"},
				"west": {"uv": [11, 10.5, 13, 11], "texture": "#0"},
				"up": {"uv": [6, 4, 4, 2], "texture": "#0"},
				"down": {"uv": [8, 2, 6, 4], "texture": "#0"}
			}
		},
		{
			"from": [6, 22, 6],
			"to": [10, 23, 10],
			"rotation": {"angle": 0, "axis": "y", "origin": [8, 22, 8]},
			"faces": {
				"north": {"uv": [0.5, 11.5, 2.5, 12], "texture": "#0"},
				"east": {"uv": [11.5, 11.5, 13.5, 12], "texture": "#0"},
				"south": {"uv": [11.5, 2, 13.5, 2.5], "texture": "#0"},
				"west": {"uv": [11.5, 2.5, 13.5, 3], "texture": "#0"},
				"up": {"uv": [8, 6, 6, 4], "texture": "#0"},
				"down": {"uv": [9, 0, 7, 2], "texture": "#0"}
			}
		},
		{
			"from": [6, 27, 6],
			"to": [10, 28, 10],
			"rotation": {"angle": 0, "axis": "y", "origin": [8, 27, 8]},
			"faces": {
				"north": {"uv": [11.5, 3, 13.5, 3.5], "texture": "#0"},
				"east": {"uv": [11.5, 3.5, 13.5, 4], "texture": "#0"},
				"south": {"uv": [11.5, 7, 13.5, 7.5], "texture": "#0"},
				"west": {"uv": [11.5, 7.5, 13.5, 8], "texture": "#0"},
				"up": {"uv": [10, 10, 8, 8], "texture": "#0"},
				"down": {"uv": [10, 2, 8, 4], "texture": "#0"}
			}
		},
		{
			"from": [7, 2, 7],
			"to": [9, 15, 9],
			"faces": {
				"north": {"uv": [2, 2, 3, 8.5], "texture": "#0"},
				"east": {"uv": [3, 3, 4, 9.5], "texture": "#0"},
				"south": {"uv": [4, 4, 5, 10.5], "texture": "#0"},
				"west": {"uv": [5, 5, 6, 11.5], "texture": "#0"},
				"up": {"uv": [4, 3, 3, 2], "texture": "#0"},
				"down": {"uv": [6, 4, 5, 5], "texture": "#0"}
			}
		},
		{
			"from": [7, 16, 7],
			"to": [9, 22, 9],
			"rotation": {"angle": 0, "axis": "y", "origin": [8, 16, 8]},
			"faces": {
				"north": {"uv": [0, 8.5, 1, 11.5], "texture": "#0"},
				"east": {"uv": [1, 8.5, 2, 11.5], "texture": "#0"},
				"south": {"uv": [2, 8.5, 3, 11.5], "texture": "#0"},
				"west": {"uv": [3, 9.5, 4, 12.5], "texture": "#0"},
				"up": {"uv": [6, 12.5, 5, 11.5], "texture": "#0"},
				"down": {"uv": [12.5, 8, 11.5, 9], "texture": "#0"}
			}
		},
		{
			"from": [7, 28, 7],
			"to": [9, 29, 9],
			"rotation": {"angle": 0, "axis": "y", "origin": [8, 28, 8]},
			"faces": {
				"north": {"uv": [5, 12.5, 6, 13], "texture": "#0"},
				"east": {"uv": [6, 12.5, 7, 13], "texture": "#0"},
				"south": {"uv": [8, 12.5, 9, 13], "texture": "#0"},
				"west": {"uv": [9, 12.5, 10, 13], "texture": "#0"},
				"up": {"uv": [12.5, 10, 11.5, 9], "texture": "#0"},
				"down": {"uv": [1.5, 12, 0.5, 13], "texture": "#0"}
			}
		},
		{
			"from": [6.5, 23, 6.5],
			"to": [9.5, 27, 9.5],
			"rotation": {"angle": 0, "axis": "y", "origin": [7.5, 23, 7.5]},
			"faces": {
				"north": {"uv": [9, 0, 10.5, 2], "texture": "#0"},
				"east": {"uv": [8, 10, 9.5, 12], "texture": "#0"},
				"south": {"uv": [9.5, 10, 11, 12], "texture": "#0"},
				"west": {"uv": [10, 2, 11.5, 4], "texture": "#0"},
				"up": {"uv": [11.5, 8.5, 10, 7], "texture": "#0"},
				"down": {"uv": [11.5, 8.5, 10, 10], "texture": "#0"}
			}
		},
		{
			"from": [7.5, 2, 4],
			"to": [8.5, 8, 5],
			"rotation": {"angle": 0, "axis": "y", "origin": [8.5, 8, 5]},
			"faces": {
				"north": {"uv": [4, 10.5, 4.5, 13.5], "texture": "#0"},
				"east": {"uv": [4.5, 10.5, 5, 13.5], "texture": "#0"},
				"south": {"uv": [11, 11, 11.5, 14], "texture": "#0"},
				"west": {"uv": [0, 11.5, 0.5, 14.5], "texture": "#0"},
				"up": {"uv": [13, 1, 12.5, 0.5], "texture": "#0"},
				"down": {"uv": [13, 1, 12.5, 1.5], "texture": "#0"}
			}
		},
		{
			"from": [7.5, 5, 2],
			"to": [8.5, 6, 4],
			"rotation": {"angle": -22.5, "axis": "x", "origin": [8.5, 6, 4]},
			"faces": {
				"north": {"uv": [12.5, 1.5, 13, 2], "texture": "#0"},
				"east": {"uv": [10, 12.5, 11, 13], "texture": "#0"},
				"south": {"uv": [12.5, 8, 13, 8.5], "texture": "#0"},
				"west": {"uv": [11.5, 12.5, 12.5, 13], "texture": "#0"},
				"up": {"uv": [3, 12.5, 2.5, 11.5], "texture": "#0"},
				"down": {"uv": [4, 12.5, 3.5, 13.5], "texture": "#0"}
			}
		},
		{
			"from": [6, 0, 13],
			"to": [10, 1, 15],
			"faces": {
				"north": {"uv": [11.5, 11, 13.5, 11.5], "texture": "#0"},
				"east": {"uv": [12.5, 12.5, 13.5, 13], "texture": "#0"},
				"south": {"uv": [8, 12, 10, 12.5], "texture": "#0"},
				"west": {"uv": [12.5, 0, 13.5, 0.5], "texture": "#0"},
				"up": {"uv": [10, 8, 8, 7], "texture": "#0"},
				"down": {"uv": [12.5, 0, 10.5, 1], "texture": "#0"}
			}
		},
		{
			"from": [13, 0, 3],
			"to": [15, 1, 16],
			"rotation": {"angle": -22.5, "axis": "y", "origin": [15, 0, 3]},
			"faces": {
				"north": {"uv": [1.5, 12, 2.5, 12.5], "texture": "#0"},
				"east": {"uv": [8, 4, 14.5, 4.5], "texture": "#0"},
				"south": {"uv": [6, 12, 7, 12.5], "texture": "#0"},
				"west": {"uv": [8, 4.5, 14.5, 5], "texture": "#0"},
				"up": {"uv": [1, 8.5, 0, 2], "texture": "#0"},
				"down": {"uv": [2, 2, 1, 8.5], "texture": "#0"}
			}
		},
		{
			"from": [1, 0, 3],
			"to": [3, 1, 16],
			"rotation": {"angle": 22.5, "axis": "y", "origin": [1, 0, 3]},
			"faces": {
				"north": {"uv": [2.5, 12, 1.5, 12.5], "texture": "#0"},
				"east": {"uv": [14.5, 4.5, 8, 5], "texture": "#0"},
				"south": {"uv": [7, 12, 6, 12.5], "texture": "#0"},
				"west": {"uv": [14.5, 4, 8, 4.5], "texture": "#0"},
				"up": {"uv": [0, 8.5, 1, 2], "texture": "#0"},
				"down": {"uv": [1, 2, 2, 8.5], "texture": "#0"}
			}
		},
		{
			"name": "light",
			"from": [-8.7685, 23, 5.34985],
			"to": [6.2315, 23, 11.34985],
			"rotation": {"angle": 22.5, "axis": "y", "origin": [8, 25, 8]},
			"faces": {
				"north": {"uv": [0, 0, 3.75, 0], "texture": "#1"},
				"east": {"uv": [0, 0, 1.5, 0], "texture": "#1"},
				"south": {"uv": [0, 0, 3.75, 0], "texture": "#1"},
				"west": {"uv": [0, 0, 1.5, 0], "texture": "#1"},
				"up": {"uv": [7.5, 3, 0, 0], "texture": "#1"},
				"down": {"uv": [7.5, 0, 0, 3], "texture": "#1"}
			}
		},
		{
			"name": "light",
			"from": [9.7685, 23, 4.65015],
			"to": [24.7685, 23, 10.65015],
			"rotation": {"angle": 22.5, "axis": "y", "origin": [8, 25, 8]},
			"faces": {
				"north": {"uv": [0, 0, 3.75, 0], "texture": "#1"},
				"east": {"uv": [0, 0, 1.5, 0], "texture": "#1"},
				"south": {"uv": [0, 0, 3.75, 0], "texture": "#1"},
				"west": {"uv": [0, 0, 1.5, 0], "texture": "#1"},
				"up": {"uv": [7.5, 3, 0, 0], "rotation": 180, "texture": "#1"},
				"down": {"uv": [7.5, 0, 0, 3], "rotation": 180, "texture": "#1"}
			}
		},
		{
			"name": "light",
			"from": [5, 23, -9.12132],
			"to": [11, 23, 5.87868],
			"rotation": {"angle": -45, "axis": "y", "origin": [8, 25, 8]},
			"faces": {
				"north": {"uv": [0, 0, 1.5, 0], "texture": "#1"},
				"east": {"uv": [0, 0, 3.75, 0], "texture": "#1"},
				"south": {"uv": [0, 0, 1.5, 0], "texture": "#1"},
				"west": {"uv": [0, 0, 3.75, 0], "texture": "#1"},
				"up": {"uv": [16, 12, 8.5, 9], "rotation": 90, "texture": "#1"},
				"down": {"uv": [16, 9, 8.5, 12], "rotation": 270, "texture": "#1"}
			}
		},
		{
			"name": "light",
			"from": [5, 23, 10.12132],
			"to": [11, 23, 25.12132],
			"rotation": {"angle": -45, "axis": "y", "origin": [8, 25, 8]},
			"faces": {
				"north": {"uv": [0, 0, 1.5, 0], "texture": "#1"},
				"east": {"uv": [0, 0, 3.75, 0], "texture": "#1"},
				"south": {"uv": [0, 0, 1.5, 0], "texture": "#1"},
				"west": {"uv": [0, 0, 3.75, 0], "texture": "#1"},
				"up": {"uv": [16, 12, 8.5, 9], "rotation": 270, "texture": "#1"},
				"down": {"uv": [16, 9, 8.5, 12], "rotation": 90, "texture": "#1"}
			}
		},
		{
			"name": "light",
			"from": [-9, 23, 5],
			"to": [6, 23, 11],
			"rotation": {"angle": 0, "axis": "y", "origin": [8, 25, 8]},
			"faces": {
				"north": {"uv": [0, 0, 3.75, 0], "texture": "#1"},
				"east": {"uv": [0, 0, 1.5, 0], "texture": "#1"},
				"south": {"uv": [0, 0, 3.75, 0], "texture": "#1"},
				"west": {"uv": [0, 0, 1.5, 0], "texture": "#1"},
				"up": {"uv": [7.5, 6, 0, 3], "texture": "#1"},
				"down": {"uv": [7.5, 3, 0, 6], "texture": "#1"}
			}
		},
		{
			"name": "light",
			"from": [10, 23, 5],
			"to": [25, 23, 11],
			"rotation": {"angle": 0, "axis": "y", "origin": [8, 25, 8]},
			"faces": {
				"north": {"uv": [0, 0, 3.75, 0], "texture": "#1"},
				"east": {"uv": [0, 0, 1.5, 0], "texture": "#1"},
				"south": {"uv": [0, 0, 3.75, 0], "texture": "#1"},
				"west": {"uv": [0, 0, 1.5, 0], "texture": "#1"},
				"up": {"uv": [7.5, 6, 0, 3], "rotation": 180, "texture": "#1"},
				"down": {"uv": [7.5, 3, 0, 6], "rotation": 180, "texture": "#1"}
			}
		},
		{
			"name": "light",
			"from": [5, 23, -9],
			"to": [11, 23, 6],
			"rotation": {"angle": 0, "axis": "y", "origin": [8, 25, 8]},
			"faces": {
				"north": {"uv": [0, 0, 1.5, 0], "texture": "#1"},
				"east": {"uv": [0, 0, 3.75, 0], "texture": "#1"},
				"south": {"uv": [0, 0, 1.5, 0], "texture": "#1"},
				"west": {"uv": [0, 0, 3.75, 0], "texture": "#1"},
				"up": {"uv": [16, 6, 8.5, 3], "rotation": 90, "texture": "#1"},
				"down": {"uv": [16, 3, 8.5, 6], "rotation": 270, "texture": "#1"}
			}
		},
		{
			"name": "light",
			"from": [5, 23, 10],
			"to": [11, 23, 25],
			"rotation": {"angle": 0, "axis": "y", "origin": [8, 25, 8]},
			"faces": {
				"north": {"uv": [0, 0, 1.5, 0], "texture": "#1"},
				"east": {"uv": [0, 0, 3.75, 0], "texture": "#1"},
				"south": {"uv": [0, 0, 1.5, 0], "texture": "#1"},
				"west": {"uv": [0, 0, 3.75, 0], "texture": "#1"},
				"up": {"uv": [16, 6, 8.5, 3], "rotation": 270, "texture": "#1"},
				"down": {"uv": [16, 3, 8.5, 6], "rotation": 90, "texture": "#1"}
			}
		},
		{
			"name": "light",
			"from": [-8.7685, 23, 4.65015],
			"to": [6.2315, 23, 10.65015],
			"rotation": {"angle": -22.5, "axis": "y", "origin": [8, 25, 8]},
			"faces": {
				"north": {"uv": [0, 0, 3.75, 0], "texture": "#1"},
				"east": {"uv": [0, 0, 1.5, 0], "texture": "#1"},
				"south": {"uv": [0, 0, 3.75, 0], "texture": "#1"},
				"west": {"uv": [0, 0, 1.5, 0], "texture": "#1"},
				"up": {"uv": [7.5, 9, 0, 6], "texture": "#1"},
				"down": {"uv": [7.5, 6, 0, 9], "texture": "#1"}
			}
		},
		{
			"name": "light",
			"from": [9.7685, 23, 5.34985],
			"to": [24.7685, 23, 11.34985],
			"rotation": {"angle": -22.5, "axis": "y", "origin": [8, 25, 8]},
			"faces": {
				"north": {"uv": [0, 0, 3.75, 0], "texture": "#1"},
				"east": {"uv": [0, 0, 1.5, 0], "texture": "#1"},
				"south": {"uv": [0, 0, 3.75, 0], "texture": "#1"},
				"west": {"uv": [0, 0, 1.5, 0], "texture": "#1"},
				"up": {"uv": [7.5, 9, 0, 6], "rotation": 180, "texture": "#1"},
				"down": {"uv": [7.5, 6, 0, 9], "rotation": 180, "texture": "#1"}
			}
		},
		{
			"name": "light",
			"from": [-9.12132, 23, 5],
			"to": [5.87868, 23, 11],
			"rotation": {"angle": -45, "axis": "y", "origin": [8, 25, 8]},
			"faces": {
				"north": {"uv": [0, 0, 3.75, 0], "texture": "#1"},
				"east": {"uv": [0, 0, 1.5, 0], "texture": "#1"},
				"south": {"uv": [0, 0, 3.75, 0], "texture": "#1"},
				"west": {"uv": [0, 0, 1.5, 0], "texture": "#1"},
				"up": {"uv": [7.5, 12, 0, 9], "texture": "#1"},
				"down": {"uv": [7.5, 9, 0, 12], "texture": "#1"}
			}
		},
		{
			"name": "light",
			"from": [10.12132, 23, 5],
			"to": [25.12132, 23, 11],
			"rotation": {"angle": -45, "axis": "y", "origin": [8, 25, 8]},
			"faces": {
				"north": {"uv": [0, 0, 3.75, 0], "texture": "#1"},
				"east": {"uv": [0, 0, 1.5, 0], "texture": "#1"},
				"south": {"uv": [0, 0, 3.75, 0], "texture": "#1"},
				"west": {"uv": [0, 0, 1.5, 0], "texture": "#1"},
				"up": {"uv": [7.5, 12, 0, 9], "rotation": 180, "texture": "#1"},
				"down": {"uv": [7.5, 9, 0, 12], "rotation": 180, "texture": "#1"}
			}
		},
		{
			"name": "light",
			"from": [4.84149, 23, -9.23044],
			"to": [10.84149, 23, 5.76956],
			"rotation": {"angle": 22.5, "axis": "y", "origin": [8, 25, 8]},
			"faces": {
				"north": {"uv": [0, 0, 1.5, 0], "texture": "#1"},
				"east": {"uv": [0, 0, 3.75, 0], "texture": "#1"},
				"south": {"uv": [0, 0, 1.5, 0], "texture": "#1"},
				"west": {"uv": [0, 0, 3.75, 0], "texture": "#1"},
				"up": {"uv": [16, 3, 8.5, 0], "rotation": 90, "texture": "#1"},
				"down": {"uv": [16, 0, 8.5, 3], "rotation": 270, "texture": "#1"}
			}
		},
		{
			"name": "light",
			"from": [5.15851, 23, 10.23044],
			"to": [11.15851, 23, 25.23044],
			"rotation": {"angle": 22.5, "axis": "y", "origin": [8, 25, 8]},
			"faces": {
				"north": {"uv": [0, 0, 1.5, 0], "texture": "#1"},
				"east": {"uv": [0, 0, 3.75, 0], "texture": "#1"},
				"south": {"uv": [0, 0, 1.5, 0], "texture": "#1"},
				"west": {"uv": [0, 0, 3.75, 0], "texture": "#1"},
				"up": {"uv": [16, 3, 8.5, 0], "rotation": 270, "texture": "#1"},
				"down": {"uv": [16, 0, 8.5, 3], "rotation": 90, "texture": "#1"}
			}
		},
		{
			"name": "light",
			"from": [5.15851, 23, -9.23044],
			"to": [11.15851, 23, 5.76956],
			"rotation": {"angle": -22.5, "axis": "y", "origin": [8, 25, 8]},
			"faces": {
				"north": {"uv": [1.5, 0, 0, 0], "texture": "#1"},
				"east": {"uv": [3.75, 0, 0, 0], "texture": "#1"},
				"south": {"uv": [1.5, 0, 0, 0], "texture": "#1"},
				"west": {"uv": [3.75, 0, 0, 0], "texture": "#1"},
				"up": {"uv": [8.5, 9, 16, 6], "rotation": 270, "texture": "#1"},
				"down": {"uv": [8.5, 6, 16, 9], "rotation": 90, "texture": "#1"}
			}
		},
		{
			"name": "light",
			"from": [4.84149, 23, 10.23044],
			"to": [10.84149, 23, 25.23044],
			"rotation": {"angle": -22.5, "axis": "y", "origin": [8, 25, 8]},
			"faces": {
				"north": {"uv": [1.5, 0, 0, 0], "texture": "#1"},
				"east": {"uv": [3.75, 0, 0, 0], "texture": "#1"},
				"south": {"uv": [1.5, 0, 0, 0], "texture": "#1"},
				"west": {"uv": [3.75, 0, 0, 0], "texture": "#1"},
				"up": {"uv": [8.5, 9, 16, 6], "rotation": 90, "texture": "#1"},
				"down": {"uv": [8.5, 6, 16, 9], "rotation": 270, "texture": "#1"}
			}
		},
		{
			"name": "light",
			"from": [-8.7685, 27, 5.34985],
			"to": [6.2315, 27, 11.34985],
			"rotation": {"angle": 22.5, "axis": "y", "origin": [8, 25, 8]},
			"faces": {
				"north": {"uv": [0, 0, 3.75, 0], "texture": "#1"},
				"east": {"uv": [0, 0, 1.5, 0], "texture": "#1"},
				"south": {"uv": [0, 0, 3.75, 0], "texture": "#1"},
				"west": {"uv": [0, 0, 1.5, 0], "texture": "#1"},
				"up": {"uv": [7.5, 3, 0, 0], "texture": "#1"},
				"down": {"uv": [7.5, 0, 0, 3], "texture": "#1"}
			}
		},
		{
			"name": "light",
			"from": [9.7685, 27, 4.65015],
			"to": [24.7685, 27, 10.65015],
			"rotation": {"angle": 22.5, "axis": "y", "origin": [8, 25, 8]},
			"faces": {
				"north": {"uv": [0, 0, 3.75, 0], "texture": "#1"},
				"east": {"uv": [0, 0, 1.5, 0], "texture": "#1"},
				"south": {"uv": [0, 0, 3.75, 0], "texture": "#1"},
				"west": {"uv": [0, 0, 1.5, 0], "texture": "#1"},
				"up": {"uv": [7.5, 3, 0, 0], "rotation": 180, "texture": "#1"},
				"down": {"uv": [7.5, 0, 0, 3], "rotation": 180, "texture": "#1"}
			}
		},
		{
			"name": "light",
			"from": [5, 27, -9.12132],
			"to": [11, 27, 5.87868],
			"rotation": {"angle": -45, "axis": "y", "origin": [8, 25, 8]},
			"faces": {
				"north": {"uv": [0, 0, 1.5, 0], "texture": "#1"},
				"east": {"uv": [0, 0, 3.75, 0], "texture": "#1"},
				"south": {"uv": [0, 0, 1.5, 0], "texture": "#1"},
				"west": {"uv": [0, 0, 3.75, 0], "texture": "#1"},
				"up": {"uv": [16, 12, 8.5, 9], "rotation": 90, "texture": "#1"},
				"down": {"uv": [16, 9, 8.5, 12], "rotation": 270, "texture": "#1"}
			}
		},
		{
			"name": "light",
			"from": [5, 27, 10.12132],
			"to": [11, 27, 25.12132],
			"rotation": {"angle": -45, "axis": "y", "origin": [8, 25, 8]},
			"faces": {
				"north": {"uv": [0, 0, 1.5, 0], "texture": "#1"},
				"east": {"uv": [0, 0, 3.75, 0], "texture": "#1"},
				"south": {"uv": [0, 0, 1.5, 0], "texture": "#1"},
				"west": {"uv": [0, 0, 3.75, 0], "texture": "#1"},
				"up": {"uv": [16, 12, 8.5, 9], "rotation": 270, "texture": "#1"},
				"down": {"uv": [16, 9, 8.5, 12], "rotation": 90, "texture": "#1"}
			}
		},
		{
			"name": "light",
			"from": [-9, 27, 5],
			"to": [6, 27, 11],
			"rotation": {"angle": 0, "axis": "y", "origin": [8, 25, 8]},
			"faces": {
				"north": {"uv": [0, 0, 3.75, 0], "texture": "#1"},
				"east": {"uv": [0, 0, 1.5, 0], "texture": "#1"},
				"south": {"uv": [0, 0, 3.75, 0], "texture": "#1"},
				"west": {"uv": [0, 0, 1.5, 0], "texture": "#1"},
				"up": {"uv": [7.5, 6, 0, 3], "texture": "#1"},
				"down": {"uv": [7.5, 3, 0, 6], "texture": "#1"}
			}
		},
		{
			"name": "light",
			"from": [10, 27, 5],
			"to": [25, 27, 11],
			"rotation": {"angle": 0, "axis": "y", "origin": [8, 25, 8]},
			"faces": {
				"north": {"uv": [0, 0, 3.75, 0], "texture": "#1"},
				"east": {"uv": [0, 0, 1.5, 0], "texture": "#1"},
				"south": {"uv": [0, 0, 3.75, 0], "texture": "#1"},
				"west": {"uv": [0, 0, 1.5, 0], "texture": "#1"},
				"up": {"uv": [7.5, 6, 0, 3], "rotation": 180, "texture": "#1"},
				"down": {"uv": [7.5, 3, 0, 6], "rotation": 180, "texture": "#1"}
			}
		},
		{
			"name": "light",
			"from": [5, 27, -9],
			"to": [11, 27, 6],
			"rotation": {"angle": 0, "axis": "y", "origin": [8, 25, 8]},
			"faces": {
				"north": {"uv": [0, 0, 1.5, 0], "texture": "#1"},
				"east": {"uv": [0, 0, 3.75, 0], "texture": "#1"},
				"south": {"uv": [0, 0, 1.5, 0], "texture": "#1"},
				"west": {"uv": [0, 0, 3.75, 0], "texture": "#1"},
				"up": {"uv": [16, 6, 8.5, 3], "rotation": 90, "texture": "#1"},
				"down": {"uv": [16, 3.25, 8.5, 6.25], "rotation": 270, "texture": "#1"}
			}
		},
		{
			"name": "light",
			"from": [5, 27, 10],
			"to": [11, 27, 25],
			"rotation": {"angle": 0, "axis": "y", "origin": [8, 25, 8]},
			"faces": {
				"north": {"uv": [0, 0, 1.5, 0], "texture": "#1"},
				"east": {"uv": [0, 0, 3.75, 0], "texture": "#1"},
				"south": {"uv": [0, 0, 1.5, 0], "texture": "#1"},
				"west": {"uv": [0, 0, 3.75, 0], "texture": "#1"},
				"up": {"uv": [16, 6, 8.5, 3], "rotation": 270, "texture": "#1"},
				"down": {"uv": [16, 3.25, 8.5, 6.25], "rotation": 90, "texture": "#1"}
			}
		},
		{
			"name": "light",
			"from": [-8.7685, 27, 4.65015],
			"to": [6.2315, 27, 10.65015],
			"rotation": {"angle": -22.5, "axis": "y", "origin": [8, 25, 8]},
			"faces": {
				"north": {"uv": [0, 0, 3.75, 0], "texture": "#1"},
				"east": {"uv": [0, 0, 1.5, 0], "texture": "#1"},
				"south": {"uv": [0, 0, 3.75, 0], "texture": "#1"},
				"west": {"uv": [0, 0, 1.5, 0], "texture": "#1"},
				"up": {"uv": [7.5, 9, 0, 6], "texture": "#1"},
				"down": {"uv": [7.5, 6, 0, 9], "texture": "#1"}
			}
		},
		{
			"name": "light",
			"from": [9.7685, 27, 5.34985],
			"to": [24.7685, 27, 11.34985],
			"rotation": {"angle": -22.5, "axis": "y", "origin": [8, 25, 8]},
			"faces": {
				"north": {"uv": [0, 0, 3.75, 0], "texture": "#1"},
				"east": {"uv": [0, 0, 1.5, 0], "texture": "#1"},
				"south": {"uv": [0, 0, 3.75, 0], "texture": "#1"},
				"west": {"uv": [0, 0, 1.5, 0], "texture": "#1"},
				"up": {"uv": [7.5, 9, 0, 6], "rotation": 180, "texture": "#1"},
				"down": {"uv": [7.5, 6, 0, 9], "rotation": 180, "texture": "#1"}
			}
		},
		{
			"name": "light",
			"from": [-9.12132, 27, 5],
			"to": [5.87868, 27, 11],
			"rotation": {"angle": -45, "axis": "y", "origin": [8, 25, 8]},
			"faces": {
				"north": {"uv": [0, 0, 3.75, 0], "texture": "#1"},
				"east": {"uv": [0, 0, 1.5, 0], "texture": "#1"},
				"south": {"uv": [0, 0, 3.75, 0], "texture": "#1"},
				"west": {"uv": [0, 0, 1.5, 0], "texture": "#1"},
				"up": {"uv": [7.5, 12, 0, 9], "texture": "#1"},
				"down": {"uv": [7.5, 9, 0, 12], "texture": "#1"}
			}
		},
		{
			"name": "light",
			"from": [10.12132, 27, 5],
			"to": [25.12132, 27, 11],
			"rotation": {"angle": -45, "axis": "y", "origin": [8, 25, 8]},
			"faces": {
				"north": {"uv": [0, 0, 3.75, 0], "texture": "#1"},
				"east": {"uv": [0, 0, 1.5, 0], "texture": "#1"},
				"south": {"uv": [0, 0, 3.75, 0], "texture": "#1"},
				"west": {"uv": [0, 0, 1.5, 0], "texture": "#1"},
				"up": {"uv": [7.5, 12, 0, 9], "rotation": 180, "texture": "#1"},
				"down": {"uv": [7.5, 9, 0, 12], "rotation": 180, "texture": "#1"}
			}
		},
		{
			"name": "light",
			"from": [4.84149, 27, -9.23044],
			"to": [10.84149, 27, 5.76956],
			"rotation": {"angle": 22.5, "axis": "y", "origin": [8, 25, 8]},
			"faces": {
				"north": {"uv": [0, 0, 1.5, 0], "texture": "#1"},
				"east": {"uv": [0, 0, 3.75, 0], "texture": "#1"},
				"south": {"uv": [0, 0, 1.5, 0], "texture": "#1"},
				"west": {"uv": [0, 0, 3.75, 0], "texture": "#1"},
				"up": {"uv": [16, 3, 8.5, 0], "rotation": 90, "texture": "#1"},
				"down": {"uv": [16, 0, 8.5, 3], "rotation": 270, "texture": "#1"}
			}
		},
		{
			"name": "light",
			"from": [5.15851, 27, 10.23044],
			"to": [11.15851, 27, 25.23044],
			"rotation": {"angle": 22.5, "axis": "y", "origin": [8, 25, 8]},
			"faces": {
				"north": {"uv": [0, 0, 1.5, 0], "texture": "#1"},
				"east": {"uv": [0, 0, 3.75, 0], "texture": "#1"},
				"south": {"uv": [0, 0, 1.5, 0], "texture": "#1"},
				"west": {"uv": [0, 0, 3.75, 0], "texture": "#1"},
				"up": {"uv": [16, 3, 8.5, 0], "rotation": 270, "texture": "#1"},
				"down": {"uv": [16, 0, 8.5, 3], "rotation": 90, "texture": "#1"}
			}
		},
		{
			"name": "light",
			"from": [5.15851, 27, -9.23044],
			"to": [11.15851, 27, 5.76956],
			"rotation": {"angle": -22.5, "axis": "y", "origin": [8, 25, 8]},
			"faces": {
				"north": {"uv": [1.5, 0, 0, 0], "texture": "#1"},
				"east": {"uv": [3.75, 0, 0, 0], "texture": "#1"},
				"south": {"uv": [1.5, 0, 0, 0], "texture": "#1"},
				"west": {"uv": [3.75, 0, 0, 0], "texture": "#1"},
				"up": {"uv": [8.5, 9, 16, 6], "rotation": 270, "texture": "#1"},
				"down": {"uv": [8.5, 6, 16, 9], "rotation": 90, "texture": "#1"}
			}
		},
		{
			"name": "light",
			"from": [4.84149, 27, 10.23044],
			"to": [10.84149, 27, 25.23044],
			"rotation": {"angle": -22.5, "axis": "y", "origin": [8, 25, 8]},
			"faces": {
				"north": {"uv": [1.5, 0, 0, 0], "texture": "#1"},
				"east": {"uv": [3.75, 0, 0, 0], "texture": "#1"},
				"south": {"uv": [1.5, 0, 0, 0], "texture": "#1"},
				"west": {"uv": [3.75, 0, 0, 0], "texture": "#1"},
				"up": {"uv": [8.5, 9, 16, 6], "rotation": 90, "texture": "#1"},
				"down": {"uv": [8.5, 6, 16, 9], "rotation": 270, "texture": "#1"}
			}
		}
	]
}