{
	"credit": " (C)ArtsByKev, https://youtube.com/c/artsbykev & https://twitter.com/artsbykev - Using Blockbench",
	"ambientocclusion": false,
	"texture_size": [32, 32],
	"textures": {
		"0": "artsbykev_var/textures/lily_pad",
		"particle": "artsbykev_var/textures/lily_pad"
	},
	"elements": [
		{
			"from": [0, 0, -1],
			"to": [16, 0, 15],
			"faces": {
				"north": {"uv": [0, 0, 8, 0], "texture": "#0"},
				"east": {"uv": [0, 0, 8, 0], "texture": "#0"},
				"south": {"uv": [0, 0, 8, 0], "texture": "#0"},
				"west": {"uv": [0, 0, 8, 0], "texture": "#0"},
				"up": {"uv": [16, 8, 8, 0], "texture": "#0"},
				"down": {"uv": [16, 0, 8, 8], "texture": "#0"}
			}
		},
		{
			"from": [1, 0.25, 1],
			"to": [17, 0.25, 17],
			"rotation": {"angle": 0, "axis": "y", "origin": [16, 0, 0]},
			"faces": {
				"north": {"uv": [0, 0, 8, 0], "texture": "#0"},
				"east": {"uv": [0, 0, 8, 0], "texture": "#0"},
				"south": {"uv": [0, 0, 8, 0], "texture": "#0"},
				"west": {"uv": [0, 0, 8, 0], "texture": "#0"},
				"up": {"uv": [8, 16, 0, 8], "texture": "#0"},
				"down": {"uv": [8, 8, 0, 16], "texture": "#0"}
			}
		}
	]
}