{
	"credit": "Designed by Kevin *ArtsByKev* www.twitter.com/artsbykev",
	"texture_size": [64, 64],
	"textures": {
		"0": "artsbykev_var/textures/loot_chest_common",
		"particle": "artsbykev_var/textures/loot_chest_common"
	},
	"elements": [
		{
			"from": [0, 0, 1],
			"to": [16, 9, 8],
			"rotation": {"angle": 0, "axis": "y", "origin": [11.25, 10.5, 4.83333]},
			"faces": {
				"north": {"uv": [1.75, 5.5, 5.75, 7.75], "texture": "#0"},
				"east": {"uv": [0, 5.5, 1.75, 7.75], "texture": "#0"},
				"south": {"uv": [7.5, 5.5, 11.5, 7.75], "texture": "#0"},
				"west": {"uv": [5.75, 5.5, 7.5, 7.75], "texture": "#0"},
				"up": {"uv": [5.75, 5.5, 1.75, 3.75], "texture": "#0"},
				"down": {"uv": [9.75, 3.75, 5.75, 5.5], "texture": "#0"}
			}
		},
		{
			"from": [0, 0, 8],
			"to": [16, 9, 15],
			"rotation": {"angle": 0, "axis": "y", "origin": [11.25, 10.5, 11.16667]},
			"faces": {
				"north": {"uv": [1.75, 5.5, 5.75, 7.75], "texture": "#0"},
				"east": {"uv": [0, 5.5, 1.75, 7.75], "texture": "#0"},
				"south": {"uv": [7.5, 5.5, 11.5, 7.75], "texture": "#0"},
				"west": {"uv": [5.75, 5.5, 7.5, 7.75], "texture": "#0"},
				"up": {"uv": [5.75, 5.5, 1.75, 3.75], "texture": "#0"},
				"down": {"uv": [13.75, 3.75, 9.75, 5.5], "texture": "#0"}
			}
		},
		{
			"from": [14, 0, 0],
			"to": [15, 9, 1],
			"rotation": {"angle": 0, "axis": "y", "origin": [11.25, 10.5, 4.83333]},
			"faces": {
				"north": {"uv": [0.25, 0.25, 0.5, 2.5], "texture": "#0"},
				"east": {"uv": [0, 0.25, 0.25, 2.5], "texture": "#0"},
				"south": {"uv": [0.75, 0.25, 1, 2.5], "texture": "#0"},
				"west": {"uv": [0.5, 0.25, 0.75, 2.5], "texture": "#0"},
				"up": {"uv": [0.5, 0.25, 0.25, 0], "texture": "#0"},
				"down": {"uv": [0.75, 0, 0.5, 0.25], "texture": "#0"}
			}
		},
		{
			"from": [1, 0, 0],
			"to": [2, 9, 1],
			"shade": false,
			"rotation": {"angle": 0, "axis": "y", "origin": [4.75, 10.5, 4.83333]},
			"faces": {
				"north": {"uv": [0.5, 0.25, 0.25, 2.5], "texture": "#0"},
				"east": {"uv": [0.75, 0.25, 0.5, 2.5], "texture": "#0"},
				"south": {"uv": [1, 0.25, 0.75, 2.5], "texture": "#0"},
				"west": {"uv": [0.25, 0.25, 0, 2.5], "texture": "#0"},
				"up": {"uv": [0.25, 0.25, 0.5, 0], "texture": "#0"},
				"down": {"uv": [0.5, 0, 0.75, 0.25], "texture": "#0"}
			}
		},
		{
			"from": [14, 0, 15],
			"to": [15, 9, 16],
			"rotation": {"angle": 0, "axis": "y", "origin": [11.25, 10.5, 11.16667]},
			"faces": {
				"north": {"uv": [0.25, 0.25, 0.5, 2.5], "texture": "#0"},
				"east": {"uv": [0, 0.25, 0.25, 2.5], "texture": "#0"},
				"south": {"uv": [0.75, 0.25, 1, 2.5], "texture": "#0"},
				"west": {"uv": [0.5, 0.25, 0.75, 2.5], "texture": "#0"},
				"up": {"uv": [0.5, 0.25, 0.25, 0], "texture": "#0"},
				"down": {"uv": [0.75, 0, 0.5, 0.25], "texture": "#0"}
			}
		},
		{
			"from": [1, 0, 15],
			"to": [2, 9, 16],
			"shade": false,
			"rotation": {"angle": 0, "axis": "y", "origin": [4.75, 10.5, 11.16667]},
			"faces": {
				"north": {"uv": [0.5, 0.25, 0.25, 2.5], "texture": "#0"},
				"east": {"uv": [0.75, 0.25, 0.5, 2.5], "texture": "#0"},
				"south": {"uv": [1, 0.25, 0.75, 2.5], "texture": "#0"},
				"west": {"uv": [0.25, 0.25, 0, 2.5], "texture": "#0"},
				"up": {"uv": [0.25, 0.25, 0.5, 0], "texture": "#0"},
				"down": {"uv": [0.5, 0, 0.75, 0.25], "texture": "#0"}
			}
		},
		{
			"from": [14, 9, 0.5],
			"to": [15, 11, 1.5],
			"rotation": {"angle": 0, "axis": "y", "origin": [11.25, 10.5, 4.83333]},
			"faces": {
				"north": {"uv": [2.25, 2.25, 2.5, 2.75], "texture": "#0"},
				"east": {"uv": [2, 2.25, 2.25, 2.75], "texture": "#0"},
				"south": {"uv": [2.75, 2.25, 3, 2.75], "texture": "#0"},
				"west": {"uv": [2.5, 2.25, 2.75, 2.75], "texture": "#0"},
				"up": {"uv": [2.5, 2.25, 2.25, 2], "texture": "#0"},
				"down": {"uv": [2.75, 2, 2.5, 2.25], "texture": "#0"}
			}
		},
		{
			"from": [1, 9, 0.5],
			"to": [2, 11, 1.5],
			"shade": false,
			"rotation": {"angle": 0, "axis": "y", "origin": [4.75, 10.5, 4.83333]},
			"faces": {
				"north": {"uv": [2.5, 2.25, 2.25, 2.75], "texture": "#0"},
				"east": {"uv": [2.75, 2.25, 2.5, 2.75], "texture": "#0"},
				"south": {"uv": [3, 2.25, 2.75, 2.75], "texture": "#0"},
				"west": {"uv": [2.25, 2.25, 2, 2.75], "texture": "#0"},
				"up": {"uv": [2.25, 2.25, 2.5, 2], "texture": "#0"},
				"down": {"uv": [2.5, 2, 2.75, 2.25], "texture": "#0"}
			}
		},
		{
			"from": [14, 9, 14.5],
			"to": [15, 11, 15.5],
			"rotation": {"angle": 0, "axis": "y", "origin": [11.25, 10.5, 11.16667]},
			"faces": {
				"north": {"uv": [2.25, 2.25, 2.5, 2.75], "texture": "#0"},
				"east": {"uv": [2, 2.25, 2.25, 2.75], "texture": "#0"},
				"south": {"uv": [2.75, 2.25, 3, 2.75], "texture": "#0"},
				"west": {"uv": [2.5, 2.25, 2.75, 2.75], "texture": "#0"},
				"up": {"uv": [2.5, 2.25, 2.25, 2], "texture": "#0"},
				"down": {"uv": [2.75, 2, 2.5, 2.25], "texture": "#0"}
			}
		},
		{
			"from": [1, 9, 14.5],
			"to": [2, 11, 15.5],
			"shade": false,
			"rotation": {"angle": 0, "axis": "y", "origin": [4.75, 10.5, 11.16667]},
			"faces": {
				"north": {"uv": [2.5, 2.25, 2.25, 2.75], "texture": "#0"},
				"east": {"uv": [2.75, 2.25, 2.5, 2.75], "texture": "#0"},
				"south": {"uv": [3, 2.25, 2.75, 2.75], "texture": "#0"},
				"west": {"uv": [2.25, 2.25, 2, 2.75], "texture": "#0"},
				"up": {"uv": [2.25, 2.25, 2.5, 2], "texture": "#0"},
				"down": {"uv": [2.5, 2, 2.75, 2.25], "texture": "#0"}
			}
		},
		{
			"from": [14, 11, 1],
			"to": [15, 12, 2],
			"rotation": {"angle": 0, "axis": "y", "origin": [11.25, 10.5, 4.83333]},
			"faces": {
				"north": {"uv": [0.25, 3, 0.5, 3.25], "texture": "#0"},
				"east": {"uv": [0, 3, 0.25, 3.25], "texture": "#0"},
				"south": {"uv": [0.75, 3, 1, 3.25], "texture": "#0"},
				"west": {"uv": [0.5, 3, 0.75, 3.25], "texture": "#0"},
				"up": {"uv": [0.5, 3, 0.25, 2.75], "texture": "#0"},
				"down": {"uv": [0.75, 2.75, 0.5, 3], "texture": "#0"}
			}
		},
		{
			"from": [1, 11, 1],
			"to": [2, 12, 2],
			"shade": false,
			"rotation": {"angle": 0, "axis": "y", "origin": [4.75, 10.5, 4.83333]},
			"faces": {
				"north": {"uv": [0.5, 3, 0.25, 3.25], "texture": "#0"},
				"east": {"uv": [0.75, 3, 0.5, 3.25], "texture": "#0"},
				"south": {"uv": [1, 3, 0.75, 3.25], "texture": "#0"},
				"west": {"uv": [0.25, 3, 0, 3.25], "texture": "#0"},
				"up": {"uv": [0.25, 3, 0.5, 2.75], "texture": "#0"},
				"down": {"uv": [0.5, 2.75, 0.75, 3], "texture": "#0"}
			}
		},
		{
			"from": [14, 11, 14],
			"to": [15, 12, 15],
			"rotation": {"angle": 0, "axis": "y", "origin": [11.25, 10.5, 11.16667]},
			"faces": {
				"north": {"uv": [0.25, 3, 0.5, 3.25], "texture": "#0"},
				"east": {"uv": [0, 3, 0.25, 3.25], "texture": "#0"},
				"south": {"uv": [0.75, 3, 1, 3.25], "texture": "#0"},
				"west": {"uv": [0.5, 3, 0.75, 3.25], "texture": "#0"},
				"up": {"uv": [0.5, 3, 0.25, 2.75], "texture": "#0"},
				"down": {"uv": [0.75, 2.75, 0.5, 3], "texture": "#0"}
			}
		},
		{
			"from": [1, 11, 14],
			"to": [2, 12, 15],
			"shade": false,
			"rotation": {"angle": 0, "axis": "y", "origin": [4.75, 10.5, 11.16667]},
			"faces": {
				"north": {"uv": [0.5, 3, 0.25, 3.25], "texture": "#0"},
				"east": {"uv": [0.75, 3, 0.5, 3.25], "texture": "#0"},
				"south": {"uv": [1, 3, 0.75, 3.25], "texture": "#0"},
				"west": {"uv": [0.25, 3, 0, 3.25], "texture": "#0"},
				"up": {"uv": [0.25, 3, 0.5, 2.75], "texture": "#0"},
				"down": {"uv": [0.5, 2.75, 0.75, 3], "texture": "#0"}
			}
		},
		{
			"from": [14, 12, 2],
			"to": [15, 13, 3],
			"rotation": {"angle": 0, "axis": "y", "origin": [11.25, 10.5, 4.83333]},
			"faces": {
				"north": {"uv": [2.5, 1.25, 2.75, 1.5], "texture": "#0"},
				"east": {"uv": [2.25, 1.25, 2.5, 1.5], "texture": "#0"},
				"south": {"uv": [3, 1.25, 3.25, 1.5], "texture": "#0"},
				"west": {"uv": [2.75, 1.25, 3, 1.5], "texture": "#0"},
				"up": {"uv": [2.75, 1.25, 2.5, 1], "texture": "#0"},
				"down": {"uv": [3, 1, 2.75, 1.25], "texture": "#0"}
			}
		},
		{
			"from": [1, 12, 2],
			"to": [2, 13, 3],
			"shade": false,
			"rotation": {"angle": 0, "axis": "y", "origin": [4.75, 10.5, 4.83333]},
			"faces": {
				"north": {"uv": [2.75, 1.25, 2.5, 1.5], "texture": "#0"},
				"east": {"uv": [3, 1.25, 2.75, 1.5], "texture": "#0"},
				"south": {"uv": [3.25, 1.25, 3, 1.5], "texture": "#0"},
				"west": {"uv": [2.5, 1.25, 2.25, 1.5], "texture": "#0"},
				"up": {"uv": [2.5, 1.25, 2.75, 1], "texture": "#0"},
				"down": {"uv": [2.75, 1, 3, 1.25], "texture": "#0"}
			}
		},
		{
			"from": [14, 12, 13],
			"to": [15, 13, 14],
			"rotation": {"angle": 0, "axis": "y", "origin": [11.25, 10.5, 11.16667]},
			"faces": {
				"north": {"uv": [2.5, 1.25, 2.75, 1.5], "texture": "#0"},
				"east": {"uv": [2.25, 1.25, 2.5, 1.5], "texture": "#0"},
				"south": {"uv": [3, 1.25, 3.25, 1.5], "texture": "#0"},
				"west": {"uv": [2.75, 1.25, 3, 1.5], "texture": "#0"},
				"up": {"uv": [2.75, 1.25, 2.5, 1], "texture": "#0"},
				"down": {"uv": [3, 1, 2.75, 1.25], "texture": "#0"}
			}
		},
		{
			"from": [1, 12, 13],
			"to": [2, 13, 14],
			"shade": false,
			"rotation": {"angle": 0, "axis": "y", "origin": [4.75, 10.5, 11.16667]},
			"faces": {
				"north": {"uv": [2.75, 1.25, 2.5, 1.5], "texture": "#0"},
				"east": {"uv": [3, 1.25, 2.75, 1.5], "texture": "#0"},
				"south": {"uv": [3.25, 1.25, 3, 1.5], "texture": "#0"},
				"west": {"uv": [2.5, 1.25, 2.25, 1.5], "texture": "#0"},
				"up": {"uv": [2.5, 1.25, 2.75, 1], "texture": "#0"},
				"down": {"uv": [2.75, 1, 3, 1.25], "texture": "#0"}
			}
		},
		{
			"from": [14, 13, 3],
			"to": [15, 14, 5],
			"rotation": {"angle": 0, "axis": "y", "origin": [11.25, 10.5, 4.83333]},
			"faces": {
				"north": {"uv": [1, 2.5, 1.25, 2.75], "texture": "#0"},
				"east": {"uv": [0.5, 2.5, 1, 2.75], "texture": "#0"},
				"south": {"uv": [1.75, 2.5, 2, 2.75], "texture": "#0"},
				"west": {"uv": [1.25, 2.5, 1.75, 2.75], "texture": "#0"},
				"up": {"uv": [1.25, 2.5, 1, 2], "texture": "#0"},
				"down": {"uv": [1.5, 2, 1.25, 2.5], "texture": "#0"}
			}
		},
		{
			"from": [1, 13, 3],
			"to": [2, 14, 5],
			"shade": false,
			"rotation": {"angle": 0, "axis": "y", "origin": [4.75, 10.5, 4.83333]},
			"faces": {
				"north": {"uv": [1.25, 2.5, 1, 2.75], "texture": "#0"},
				"east": {"uv": [1.75, 2.5, 1.25, 2.75], "texture": "#0"},
				"south": {"uv": [2, 2.5, 1.75, 2.75], "texture": "#0"},
				"west": {"uv": [1, 2.5, 0.5, 2.75], "texture": "#0"},
				"up": {"uv": [1, 2.5, 1.25, 2], "texture": "#0"},
				"down": {"uv": [1.25, 2, 1.5, 2.5], "texture": "#0"}
			}
		},
		{
			"from": [14, 13, 11],
			"to": [15, 14, 13],
			"rotation": {"angle": 0, "axis": "y", "origin": [11.25, 10.5, 11.16667]},
			"faces": {
				"north": {"uv": [1, 2.5, 1.25, 2.75], "texture": "#0"},
				"east": {"uv": [0.5, 2.5, 1, 2.75], "texture": "#0"},
				"south": {"uv": [1.75, 2.5, 2, 2.75], "texture": "#0"},
				"west": {"uv": [1.25, 2.5, 1.75, 2.75], "texture": "#0"},
				"up": {"uv": [1.25, 2.5, 1, 2], "texture": "#0"},
				"down": {"uv": [1.5, 2, 1.25, 2.5], "texture": "#0"}
			}
		},
		{
			"from": [1, 13, 11],
			"to": [2, 14, 13],
			"shade": false,
			"rotation": {"angle": 0, "axis": "y", "origin": [4.75, 10.5, 11.16667]},
			"faces": {
				"north": {"uv": [1.25, 2.5, 1, 2.75], "texture": "#0"},
				"east": {"uv": [1.75, 2.5, 1.25, 2.75], "texture": "#0"},
				"south": {"uv": [2, 2.5, 1.75, 2.75], "texture": "#0"},
				"west": {"uv": [1, 2.5, 0.5, 2.75], "texture": "#0"},
				"up": {"uv": [1, 2.5, 1.25, 2], "texture": "#0"},
				"down": {"uv": [1.25, 2, 1.5, 2.5], "texture": "#0"}
			}
		},
		{
			"from": [14, 14, 5],
			"to": [15, 15, 8],
			"rotation": {"angle": 0, "axis": "y", "origin": [11.25, 10.5, 4.83333]},
			"faces": {
				"north": {"uv": [1.75, 1.75, 2, 2], "texture": "#0"},
				"east": {"uv": [1, 1.75, 1.75, 2], "texture": "#0"},
				"south": {"uv": [2.75, 1.75, 3, 2], "texture": "#0"},
				"west": {"uv": [2, 1.75, 2.75, 2], "texture": "#0"},
				"up": {"uv": [2, 1.75, 1.75, 1], "texture": "#0"},
				"down": {"uv": [2.25, 1, 2, 1.75], "texture": "#0"}
			}
		},
		{
			"from": [1, 14, 5],
			"to": [2, 15, 8],
			"shade": false,
			"rotation": {"angle": 0, "axis": "y", "origin": [4.75, 10.5, 4.83333]},
			"faces": {
				"north": {"uv": [2, 1.75, 1.75, 2], "texture": "#0"},
				"east": {"uv": [2.75, 1.75, 2, 2], "texture": "#0"},
				"south": {"uv": [3, 1.75, 2.75, 2], "texture": "#0"},
				"west": {"uv": [1.75, 1.75, 1, 2], "texture": "#0"},
				"up": {"uv": [1.75, 1.75, 2, 1], "texture": "#0"},
				"down": {"uv": [2, 1, 2.25, 1.75], "texture": "#0"}
			}
		},
		{
			"from": [14, 14, 8],
			"to": [15, 15, 11],
			"rotation": {"angle": 0, "axis": "y", "origin": [11.25, 10.5, 11.16667]},
			"faces": {
				"north": {"uv": [1.75, 1.75, 2, 2], "texture": "#0"},
				"east": {"uv": [1, 1.75, 1.75, 2], "texture": "#0"},
				"south": {"uv": [2.75, 1.75, 3, 2], "texture": "#0"},
				"west": {"uv": [2, 1.75, 2.75, 2], "texture": "#0"},
				"up": {"uv": [2, 1.75, 1.75, 1], "texture": "#0"},
				"down": {"uv": [2.25, 1, 2, 1.75], "texture": "#0"}
			}
		},
		{
			"from": [1, 14, 8],
			"to": [2, 15, 11],
			"shade": false,
			"rotation": {"angle": 0, "axis": "y", "origin": [4.75, 10.5, 11.16667]},
			"faces": {
				"north": {"uv": [2, 1.75, 1.75, 2], "texture": "#0"},
				"east": {"uv": [2.75, 1.75, 2, 2], "texture": "#0"},
				"south": {"uv": [3, 1.75, 2.75, 2], "texture": "#0"},
				"west": {"uv": [1.75, 1.75, 1, 2], "texture": "#0"},
				"up": {"uv": [1.75, 1.75, 2, 1], "texture": "#0"},
				"down": {"uv": [2, 1, 2.25, 1.75], "texture": "#0"}
			}
		},
		{
			"from": [6.5, 6, 0],
			"to": [9.5, 9, 1],
			"rotation": {"angle": 0, "axis": "y", "origin": [11.25, 10.5, 4.83333]},
			"faces": {
				"north": {"uv": [1.25, 0.25, 2, 1], "texture": "#0"},
				"east": {"uv": [1, 0.25, 1.25, 1], "texture": "#0"},
				"south": {"uv": [2.25, 0.25, 3, 1], "texture": "#0"},
				"west": {"uv": [2, 0.25, 2.25, 1], "texture": "#0"},
				"up": {"uv": [2, 0.25, 1.25, 0], "texture": "#0"},
				"down": {"uv": [2.75, 0, 2, 0.25], "texture": "#0"}
			}
		},
		{
			"from": [8, 13, 5],
			"to": [16, 14, 8],
			"rotation": {"angle": 0, "axis": "y", "origin": [11.25, 10.5, 4.83333]},
			"faces": {
				"north": {"uv": [6, 10.25, 8, 10.5], "texture": "#0"},
				"east": {"uv": [5.25, 10.25, 6, 10.5], "texture": "#0"},
				"south": {"uv": [8.75, 10.25, 10.75, 10.5], "texture": "#0"},
				"west": {"uv": [8, 10.25, 8.75, 10.5], "texture": "#0"},
				"up": {"uv": [8, 10.25, 6, 9.5], "texture": "#0"},
				"down": {"uv": [10, 9.5, 8, 10.25], "texture": "#0"}
			}
		},
		{
			"from": [8, 13, 8],
			"to": [16, 14, 11],
			"rotation": {"angle": 0, "axis": "y", "origin": [11.25, 10.5, 11.16667]},
			"faces": {
				"north": {"uv": [6, 10.25, 8, 10.5], "texture": "#0"},
				"east": {"uv": [5.25, 10.25, 6, 10.5], "texture": "#0"},
				"south": {"uv": [8.75, 10.25, 10.75, 10.5], "texture": "#0"},
				"west": {"uv": [8, 10.25, 8.75, 10.5], "texture": "#0"},
				"up": {"uv": [8, 10.25, 6, 9.5], "texture": "#0"},
				"down": {"uv": [10, 9.5, 8, 10.25], "texture": "#0"}
			}
		},
		{
			"from": [0, 13, 5],
			"to": [8, 14, 8],
			"shade": false,
			"rotation": {"angle": 0, "axis": "y", "origin": [4.75, 10.5, 4.83333]},
			"faces": {
				"north": {"uv": [8, 10.25, 6, 10.5], "texture": "#0"},
				"east": {"uv": [8.75, 10.25, 8, 10.5], "texture": "#0"},
				"south": {"uv": [10.75, 10.25, 8.75, 10.5], "texture": "#0"},
				"west": {"uv": [6, 10.25, 5.25, 10.5], "texture": "#0"},
				"up": {"uv": [6, 10.25, 8, 9.5], "texture": "#0"},
				"down": {"uv": [8, 9.5, 10, 10.25], "texture": "#0"}
			}
		},
		{
			"from": [0, 13, 8],
			"to": [8, 14, 11],
			"shade": false,
			"rotation": {"angle": 0, "axis": "y", "origin": [4.75, 10.5, 11.16667]},
			"faces": {
				"north": {"uv": [8, 10.25, 6, 10.5], "texture": "#0"},
				"east": {"uv": [8.75, 10.25, 8, 10.5], "texture": "#0"},
				"south": {"uv": [10.75, 10.25, 8.75, 10.5], "texture": "#0"},
				"west": {"uv": [6, 10.25, 5.25, 10.5], "texture": "#0"},
				"up": {"uv": [6, 10.25, 8, 9.5], "texture": "#0"},
				"down": {"uv": [8, 9.5, 10, 10.25], "texture": "#0"}
			}
		},
		{
			"from": [8, 12, 3],
			"to": [16, 13, 8],
			"rotation": {"angle": 0, "axis": "y", "origin": [11.25, 10.5, 4.83333]},
			"faces": {
				"north": {"uv": [1.25, 10.75, 3.25, 11], "texture": "#0"},
				"east": {"uv": [0, 10.75, 1.25, 11], "texture": "#0"},
				"south": {"uv": [4.5, 10.75, 6.5, 11], "texture": "#0"},
				"west": {"uv": [3.25, 10.75, 4.5, 11], "texture": "#0"},
				"up": {"uv": [3.25, 10.75, 1.25, 9.5], "texture": "#0"},
				"down": {"uv": [5.25, 9.5, 3.25, 10.75], "texture": "#0"}
			}
		},
		{
			"from": [8, 12, 8],
			"to": [16, 13, 13],
			"rotation": {"angle": 0, "axis": "y", "origin": [11.25, 10.5, 11.16667]},
			"faces": {
				"north": {"uv": [1.25, 10.75, 3.25, 11], "texture": "#0"},
				"east": {"uv": [0, 10.75, 1.25, 11], "texture": "#0"},
				"south": {"uv": [4.5, 10.75, 6.5, 11], "texture": "#0"},
				"west": {"uv": [3.25, 10.75, 4.5, 11], "texture": "#0"},
				"up": {"uv": [3.25, 10.75, 1.25, 9.5], "texture": "#0"},
				"down": {"uv": [5.25, 9.5, 3.25, 10.75], "texture": "#0"}
			}
		},
		{
			"from": [0, 12, 3],
			"to": [8, 13, 8],
			"shade": false,
			"rotation": {"angle": 0, "axis": "y", "origin": [4.75, 10.5, 4.83333]},
			"faces": {
				"north": {"uv": [3.25, 10.75, 1.25, 11], "texture": "#0"},
				"east": {"uv": [4.5, 10.75, 3.25, 11], "texture": "#0"},
				"south": {"uv": [6.5, 10.75, 4.5, 11], "texture": "#0"},
				"west": {"uv": [1.25, 10.75, 0, 11], "texture": "#0"},
				"up": {"uv": [1.25, 10.75, 3.25, 9.5], "texture": "#0"},
				"down": {"uv": [3.25, 9.5, 5.25, 10.75], "texture": "#0"}
			}
		},
		{
			"from": [0, 12, 8],
			"to": [8, 13, 13],
			"shade": false,
			"rotation": {"angle": 0, "axis": "y", "origin": [4.75, 10.5, 11.16667]},
			"faces": {
				"north": {"uv": [3.25, 10.75, 1.25, 11], "texture": "#0"},
				"east": {"uv": [4.5, 10.75, 3.25, 11], "texture": "#0"},
				"south": {"uv": [6.5, 10.75, 4.5, 11], "texture": "#0"},
				"west": {"uv": [1.25, 10.75, 0, 11], "texture": "#0"},
				"up": {"uv": [1.25, 10.75, 3.25, 9.5], "texture": "#0"},
				"down": {"uv": [3.25, 9.5, 5.25, 10.75], "texture": "#0"}
			}
		},
		{
			"from": [0, 11, 2],
			"to": [16, 12, 8],
			"rotation": {"angle": 0, "axis": "y", "origin": [11.25, 10.5, 4.83333]},
			"faces": {
				"north": {"uv": [1.5, 9.25, 5.5, 9.5], "texture": "#0"},
				"east": {"uv": [0, 9.25, 1.5, 9.5], "texture": "#0"},
				"south": {"uv": [7, 9.25, 11, 9.5], "texture": "#0"},
				"west": {"uv": [5.5, 9.25, 7, 9.5], "texture": "#0"},
				"up": {"uv": [5.5, 9.25, 1.5, 7.75], "texture": "#0"},
				"down": {"uv": [9.5, 7.75, 5.5, 9.25], "texture": "#0"}
			}
		},
		{
			"from": [0, 11, 8],
			"to": [16, 12, 14],
			"rotation": {"angle": 0, "axis": "y", "origin": [11.25, 10.5, 11.16667]},
			"faces": {
				"north": {"uv": [1.5, 9.25, 5.5, 9.5], "texture": "#0"},
				"east": {"uv": [0, 9.25, 1.5, 9.5], "texture": "#0"},
				"south": {"uv": [7, 9.25, 11, 9.5], "texture": "#0"},
				"west": {"uv": [5.5, 9.25, 7, 9.5], "texture": "#0"},
				"up": {"uv": [5.5, 9.25, 1.5, 7.75], "texture": "#0"},
				"down": {"uv": [9.5, 7.75, 5.5, 9.25], "texture": "#0"}
			}
		},
		{
			"from": [0, 9, 1.5],
			"to": [16, 11, 14.5],
			"rotation": {"angle": 0, "axis": "y", "origin": [11.25, 10.5, 4.83333]},
			"faces": {
				"north": {"uv": [3.25, 3.25, 7.25, 3.75], "texture": "#0"},
				"east": {"uv": [0, 3.25, 3.25, 3.75], "texture": "#0"},
				"south": {"uv": [10.5, 3.25, 14.5, 3.75], "texture": "#0"},
				"west": {"uv": [7.25, 3.25, 10.5, 3.75], "texture": "#0"},
				"up": {"uv": [7.25, 3.25, 3.25, 0], "texture": "#0"},
				"down": {"uv": [11.25, 0, 7.25, 3.25], "texture": "#0"}
			}
		}
	],
	"display": {
		"thirdperson_righthand": {
			"rotation": [24, -32, -22],
			"translation": [-1.5, 2.25, -1],
			"scale": [0.5, 0.5, 0.5]
		},
		"thirdperson_lefthand": {
			"rotation": [24, -32, -22],
			"translation": [-1.5, 2.25, -1],
			"scale": [0.5, 0.5, 0.5]
		},
		"firstperson_righthand": {
			"rotation": [5, 113, -16],
			"translation": [0, 2.5, 0],
			"scale": [0.5, 0.5, 0.5]
		},
		"firstperson_lefthand": {
			"rotation": [5, 113, -16],
			"translation": [0, 2.5, 0],
			"scale": [0.5, 0.5, 0.5]
		},
		"ground": {
			"translation": [0, 5.75, 0]
		},
		"gui": {
			"rotation": [22, 144, 3],
			"translation": [0.25, 1, 0],
			"scale": [0.7, 0.7, 0.7]
		},
		"head": {
			"translation": [0, 14.25, 0]
		}
	}
}