{
	"credit": " (C)ArtsByKev, https://youtube.com/c/artsbykev & https://twitter.com/artsbykev - Using Blockbench",
	"ambientocclusion": false,
	"texture_size": [32, 32],
	"textures": {
		"0": "artsbykev_var/textures/medic_supply",
		"particle": "artsbykev_var/textures/medic_supply"
	},
	"elements": [
		{
			"from": [3.5, 0.25, 5.5],
			"to": [12.5, 4.25, 12.5],
			"rotation": {"angle": 22.5, "axis": "y", "origin": [8, 2.25, 9]},
			"faces": {
				"north": {"uv": [4.5, 0, 9, 2], "texture": "#0"},
				"east": {"uv": [4.5, 6, 8, 8], "texture": "#0"},
				"south": {"uv": [4.5, 0, 9, 2], "texture": "#0"},
				"west": {"uv": [4.5, 6, 8, 8], "texture": "#0"},
				"up": {"uv": [4.5, 3.5, 0, 0], "texture": "#0"},
				"down": {"uv": [4.5, 3.5, 0, 7], "texture": "#0"}
			}
		},
		{
			"from": [4.5, 0.25, 0.5],
			"to": [6.5, 2.25, 2.5],
			"rotation": {"angle": -22.5, "axis": "y", "origin": [5.5, 1.95, 1.5]},
			"faces": {
				"north": {"uv": [5, 8, 6, 9], "texture": "#0"},
				"east": {"uv": [8, 5, 9, 6], "texture": "#0"},
				"south": {"uv": [6, 8, 7, 9], "texture": "#0"},
				"west": {"uv": [8, 6, 9, 7], "texture": "#0"},
				"up": {"uv": [8, 9, 7, 8], "texture": "#0"},
				"down": {"uv": [9, 7, 8, 8], "texture": "#0"}
			}
		},
		{
			"from": [7, 0.25, 1.5],
			"to": [9, 2.25, 3.5],
			"rotation": {"angle": 0, "axis": "y", "origin": [8, 1.95, 2.5]},
			"faces": {
				"north": {"uv": [5, 8, 6, 9], "texture": "#0"},
				"east": {"uv": [8, 5, 9, 6], "texture": "#0"},
				"south": {"uv": [6, 8, 7, 9], "texture": "#0"},
				"west": {"uv": [8, 6, 9, 7], "texture": "#0"},
				"up": {"uv": [8, 9, 7, 8], "texture": "#0"},
				"down": {"uv": [9, 7, 8, 8], "texture": "#0"}
			}
		},
		{
			"from": [4.6, 2.25, 0.6],
			"to": [6.4, 3.05, 2.4],
			"rotation": {"angle": -22.5, "axis": "y", "origin": [5.5, 1.95, 1.5]},
			"faces": {
				"north": {"uv": [9, 7, 10, 7.5], "texture": "#0"},
				"east": {"uv": [9, 7.5, 10, 8], "texture": "#0"},
				"south": {"uv": [8, 9, 9, 9.5], "texture": "#0"},
				"west": {"uv": [9, 8, 10, 8.5], "texture": "#0"},
				"up": {"uv": [9, 9, 8, 8], "texture": "#0"},
				"down": {"uv": [10, 0, 9, 1], "texture": "#0"}
			}
		},
		{
			"from": [7.1, 2.25, 1.6],
			"to": [8.9, 3.05, 3.4],
			"rotation": {"angle": 0, "axis": "y", "origin": [8, 1.95, 2.5]},
			"faces": {
				"north": {"uv": [9, 7, 10, 7.5], "texture": "#0"},
				"east": {"uv": [9, 7.5, 10, 8], "texture": "#0"},
				"south": {"uv": [8, 9, 9, 9.5], "texture": "#0"},
				"west": {"uv": [9, 8, 10, 8.5], "texture": "#0"},
				"up": {"uv": [9, 9, 8, 8], "texture": "#0"},
				"down": {"uv": [10, 0, 9, 1], "texture": "#0"}
			}
		},
		{
			"from": [11, 0, 5],
			"to": [13, 4.5, 7],
			"rotation": {"angle": 22.5, "axis": "y", "origin": [8, 2.25, 9]},
			"faces": {
				"north": {"uv": [0, 7, 1, 9.25], "texture": "#0"},
				"east": {"uv": [1, 7, 2, 9.25], "texture": "#0"},
				"south": {"uv": [2, 7, 3, 9.25], "texture": "#0"},
				"west": {"uv": [3, 7, 4, 9.25], "texture": "#0"},
				"up": {"uv": [5, 9, 4, 8], "texture": "#0"},
				"down": {"uv": [5, 8, 4, 9], "texture": "#0"}
			}
		},
		{
			"from": [11, 0, 11],
			"to": [13, 4.5, 13],
			"rotation": {"angle": 22.5, "axis": "y", "origin": [8, 2.25, 9]},
			"faces": {
				"north": {"uv": [0, 7, 1, 9.25], "texture": "#0"},
				"east": {"uv": [1, 7, 2, 9.25], "texture": "#0"},
				"south": {"uv": [2, 7, 3, 9.25], "texture": "#0"},
				"west": {"uv": [3, 7, 4, 9.25], "texture": "#0"},
				"up": {"uv": [5, 9, 4, 8], "texture": "#0"},
				"down": {"uv": [5, 8, 4, 9], "texture": "#0"}
			}
		},
		{
			"from": [3, 0, 5],
			"to": [5, 4.5, 7],
			"rotation": {"angle": 22.5, "axis": "y", "origin": [8, 2.25, 9]},
			"faces": {
				"north": {"uv": [1, 7, 0, 9.25], "texture": "#0"},
				"east": {"uv": [4, 7, 3, 9.25], "texture": "#0"},
				"south": {"uv": [3, 7, 2, 9.25], "texture": "#0"},
				"west": {"uv": [2, 7, 1, 9.25], "texture": "#0"},
				"up": {"uv": [4, 9, 5, 8], "texture": "#0"},
				"down": {"uv": [4, 8, 5, 9], "texture": "#0"}
			}
		},
		{
			"from": [3, 0, 11],
			"to": [5, 4.5, 13],
			"rotation": {"angle": 22.5, "axis": "y", "origin": [8, 2.25, 9]},
			"faces": {
				"north": {"uv": [1, 7, 0, 9.25], "texture": "#0"},
				"east": {"uv": [4, 7, 3, 9.25], "texture": "#0"},
				"south": {"uv": [3, 7, 2, 9.25], "texture": "#0"},
				"west": {"uv": [2, 7, 1, 9.25], "texture": "#0"},
				"up": {"uv": [4, 9, 5, 8], "texture": "#0"},
				"down": {"uv": [4, 8, 5, 9], "texture": "#0"}
			}
		},
		{
			"from": [9.3, 4.25, 9.15],
			"to": [11.5, 6.45, 11.35],
			"rotation": {"angle": 0, "axis": "z", "origin": [9.4, 4.35, 9.25]},
			"faces": {
				"north": {"uv": [9, 1, 10, 2], "texture": "#0"},
				"east": {"uv": [9, 2, 10, 3], "texture": "#0"},
				"south": {"uv": [9, 1, 10, 2], "texture": "#0"},
				"west": {"uv": [4, 9, 5, 10], "texture": "#0"},
				"up": {"uv": [10, 5, 9, 4], "texture": "#0"},
				"down": {"uv": [6, 9, 5, 10], "texture": "#0"}
			}
		},
		{
			"from": [11.5, 6.4, 9.25],
			"to": [13.5, 6.4, 11.25],
			"rotation": {"angle": -45, "axis": "z", "origin": [11.5, 6.4, 9.25]},
			"faces": {
				"north": {"uv": [0, 0, 1, 0], "texture": "#0"},
				"east": {"uv": [0, 0, 1, 0], "texture": "#0"},
				"south": {"uv": [0, 0, 1, 0], "texture": "#0"},
				"west": {"uv": [0, 0, 1, 0], "texture": "#0"},
				"up": {"uv": [10, 6, 9, 5], "texture": "#0"},
				"down": {"uv": [10, 5, 9, 6], "texture": "#0"}
			}
		},
		{
			"from": [12.91421, 4.98579, 9.25],
			"to": [14.91421, 4.98579, 11.25],
			"rotation": {"angle": -22.5, "axis": "z", "origin": [12.91421, 4.98579, 9.25]},
			"faces": {
				"north": {"uv": [0, 0, 1, 0], "texture": "#0"},
				"east": {"uv": [0, 0, 1, 0], "texture": "#0"},
				"south": {"uv": [0, 0, 1, 0], "texture": "#0"},
				"west": {"uv": [0, 0, 1, 0], "texture": "#0"},
				"up": {"uv": [10, 7, 9, 6], "texture": "#0"},
				"down": {"uv": [5, 9, 4, 10], "texture": "#0"}
			}
		}
	]
}