{
	"credit": " (C)ArtsByKev, https://youtube.com/c/artsbykev & https://twitter.com/artsbykev - Using Blockbench",
	"ambientocclusion": false,
	"texture_size": [32, 32],
	"textures": {
		"0": "artsbykev_var/textures/medic_supply",
		"particle": "artsbykev_var/textures/medic_supply"
	},
	"elements": [
		{
			"from": [5.5, 0.25, 2.5],
			"to": [12.5, 4.25, 11.5],
			"rotation": {"angle": 22.5, "axis": "y", "origin": [9, 2.25, 7]},
			"faces": {
				"north": {"uv": [4.5, 6, 8, 8], "texture": "#0"},
				"east": {"uv": [4.5, 0, 9, 2], "texture": "#0"},
				"south": {"uv": [4.5, 6, 8, 8], "texture": "#0"},
				"west": {"uv": [4.5, 0, 9, 2], "texture": "#0"},
				"up": {"uv": [4.5, 3.5, 0, 0], "rotation": 90, "texture": "#0"},
				"down": {"uv": [4.5, 3.5, 0, 7], "rotation": 270, "texture": "#0"}
			}
		},
		{
			"from": [4.75, 4.75, 0.25],
			"to": [11.75, 8.75, 9.25],
			"rotation": {"angle": 0, "axis": "y", "origin": [8.25, 6.75, 4.75]},
			"faces": {
				"north": {"uv": [4.5, 6, 8, 8], "texture": "#0"},
				"east": {"uv": [4.5, 0, 9, 2], "texture": "#0"},
				"south": {"uv": [4.5, 6, 8, 8], "texture": "#0"},
				"west": {"uv": [4.5, 0, 9, 2], "texture": "#0"},
				"up": {"uv": [4.5, 3.5, 0, 0], "rotation": 90, "texture": "#0"},
				"down": {"uv": [4.5, 3.5, 0, 7], "rotation": 270, "texture": "#0"}
			}
		},
		{
			"from": [6.25, 9.25, 1.5],
			"to": [13.25, 13.25, 10.5],
			"rotation": {"angle": 0, "axis": "y", "origin": [9.75, 11.25, 6]},
			"faces": {
				"north": {"uv": [4.5, 6, 8, 8], "texture": "#0"},
				"east": {"uv": [4.5, 0, 9, 2], "texture": "#0"},
				"south": {"uv": [4.5, 6, 8, 8], "texture": "#0"},
				"west": {"uv": [4.5, 0, 9, 2], "texture": "#0"},
				"up": {"uv": [4.5, 3.5, 0, 0], "rotation": 90, "texture": "#0"},
				"down": {"uv": [4.5, 3.5, 0, 7], "rotation": 270, "texture": "#0"}
			}
		},
		{
			"from": [5.5, 3.25, 10.25],
			"to": [12.5, 7.25, 19.25],
			"rotation": {"angle": 45, "axis": "x", "origin": [9, 5.25, 14.75]},
			"faces": {
				"north": {"uv": [4.5, 6, 8, 8], "texture": "#0"},
				"east": {"uv": [4.5, 0, 9, 2], "texture": "#0"},
				"south": {"uv": [4.5, 6, 8, 8], "texture": "#0"},
				"west": {"uv": [4.5, 0, 9, 2], "texture": "#0"},
				"up": {"uv": [4.5, 3.5, 0, 0], "rotation": 90, "texture": "#0"},
				"down": {"uv": [4.5, 3.5, 0, 7], "rotation": 270, "texture": "#0"}
			}
		},
		{
			"from": [11, 0, 10],
			"to": [13, 4.5, 12],
			"rotation": {"angle": 22.5, "axis": "y", "origin": [9, 2.25, 7]},
			"faces": {
				"north": {"uv": [3, 7, 4, 9.25], "texture": "#0"},
				"east": {"uv": [0, 7, 1, 9.25], "texture": "#0"},
				"south": {"uv": [1, 7, 2, 9.25], "texture": "#0"},
				"west": {"uv": [2, 7, 3, 9.25], "texture": "#0"},
				"up": {"uv": [5, 9, 4, 8], "rotation": 90, "texture": "#0"},
				"down": {"uv": [5, 8, 4, 9], "rotation": 270, "texture": "#0"}
			}
		},
		{
			"from": [10.25, 4.5, 7.75],
			"to": [12.25, 9, 9.75],
			"rotation": {"angle": 0, "axis": "y", "origin": [8.25, 6.75, 4.75]},
			"faces": {
				"north": {"uv": [3, 7, 4, 9.25], "texture": "#0"},
				"east": {"uv": [0, 7, 1, 9.25], "texture": "#0"},
				"south": {"uv": [1, 7, 2, 9.25], "texture": "#0"},
				"west": {"uv": [2, 7, 3, 9.25], "texture": "#0"},
				"up": {"uv": [5, 9, 4, 8], "rotation": 90, "texture": "#0"},
				"down": {"uv": [5, 8, 4, 9], "rotation": 270, "texture": "#0"}
			}
		},
		{
			"from": [11.75, 9, 9],
			"to": [13.75, 13.5, 11],
			"rotation": {"angle": 0, "axis": "y", "origin": [9.75, 11.25, 6]},
			"faces": {
				"north": {"uv": [3, 7, 4, 9.25], "texture": "#0"},
				"east": {"uv": [0, 7, 1, 9.25], "texture": "#0"},
				"south": {"uv": [1, 7, 2, 9.25], "texture": "#0"},
				"west": {"uv": [2, 7, 3, 9.25], "texture": "#0"},
				"up": {"uv": [5, 9, 4, 8], "rotation": 90, "texture": "#0"},
				"down": {"uv": [5, 8, 4, 9], "rotation": 270, "texture": "#0"}
			}
		},
		{
			"from": [11, 3, 17.75],
			"to": [13, 7.5, 19.75],
			"rotation": {"angle": 45, "axis": "x", "origin": [9, 5.25, 14.75]},
			"faces": {
				"north": {"uv": [3, 7, 4, 9.25], "texture": "#0"},
				"east": {"uv": [0, 7, 1, 9.25], "texture": "#0"},
				"south": {"uv": [1, 7, 2, 9.25], "texture": "#0"},
				"west": {"uv": [2, 7, 3, 9.25], "texture": "#0"},
				"up": {"uv": [5, 9, 4, 8], "rotation": 90, "texture": "#0"},
				"down": {"uv": [5, 8, 4, 9], "rotation": 270, "texture": "#0"}
			}
		},
		{
			"from": [5, 0, 10],
			"to": [7, 4.5, 12],
			"rotation": {"angle": 22.5, "axis": "y", "origin": [9, 2.25, 7]},
			"faces": {
				"north": {"uv": [3, 7, 4, 9.25], "texture": "#0"},
				"east": {"uv": [0, 7, 1, 9.25], "texture": "#0"},
				"south": {"uv": [1, 7, 2, 9.25], "texture": "#0"},
				"west": {"uv": [2, 7, 3, 9.25], "texture": "#0"},
				"up": {"uv": [5, 9, 4, 8], "rotation": 90, "texture": "#0"},
				"down": {"uv": [5, 8, 4, 9], "rotation": 270, "texture": "#0"}
			}
		},
		{
			"from": [4.25, 4.5, 7.75],
			"to": [6.25, 9, 9.75],
			"rotation": {"angle": 0, "axis": "y", "origin": [8.25, 6.75, 4.75]},
			"faces": {
				"north": {"uv": [3, 7, 4, 9.25], "texture": "#0"},
				"east": {"uv": [0, 7, 1, 9.25], "texture": "#0"},
				"south": {"uv": [1, 7, 2, 9.25], "texture": "#0"},
				"west": {"uv": [2, 7, 3, 9.25], "texture": "#0"},
				"up": {"uv": [5, 9, 4, 8], "rotation": 90, "texture": "#0"},
				"down": {"uv": [5, 8, 4, 9], "rotation": 270, "texture": "#0"}
			}
		},
		{
			"from": [5.75, 9, 9],
			"to": [7.75, 13.5, 11],
			"rotation": {"angle": 0, "axis": "y", "origin": [9.75, 11.25, 6]},
			"faces": {
				"north": {"uv": [3, 7, 4, 9.25], "texture": "#0"},
				"east": {"uv": [0, 7, 1, 9.25], "texture": "#0"},
				"south": {"uv": [1, 7, 2, 9.25], "texture": "#0"},
				"west": {"uv": [2, 7, 3, 9.25], "texture": "#0"},
				"up": {"uv": [5, 9, 4, 8], "rotation": 90, "texture": "#0"},
				"down": {"uv": [5, 8, 4, 9], "rotation": 270, "texture": "#0"}
			}
		},
		{
			"from": [5, 3, 17.75],
			"to": [7, 7.5, 19.75],
			"rotation": {"angle": 45, "axis": "x", "origin": [9, 5.25, 14.75]},
			"faces": {
				"north": {"uv": [3, 7, 4, 9.25], "texture": "#0"},
				"east": {"uv": [0, 7, 1, 9.25], "texture": "#0"},
				"south": {"uv": [1, 7, 2, 9.25], "texture": "#0"},
				"west": {"uv": [2, 7, 3, 9.25], "texture": "#0"},
				"up": {"uv": [5, 9, 4, 8], "rotation": 90, "texture": "#0"},
				"down": {"uv": [5, 8, 4, 9], "rotation": 270, "texture": "#0"}
			}
		},
		{
			"from": [11, 0, 2],
			"to": [13, 4.5, 4],
			"rotation": {"angle": 22.5, "axis": "y", "origin": [9, 2.25, 7]},
			"faces": {
				"north": {"uv": [2, 7, 1, 9.25], "texture": "#0"},
				"east": {"uv": [1, 7, 0, 9.25], "texture": "#0"},
				"south": {"uv": [4, 7, 3, 9.25], "texture": "#0"},
				"west": {"uv": [3, 7, 2, 9.25], "texture": "#0"},
				"up": {"uv": [4, 9, 5, 8], "rotation": 90, "texture": "#0"},
				"down": {"uv": [4, 8, 5, 9], "rotation": 270, "texture": "#0"}
			}
		},
		{
			"from": [10.25, 4.5, -0.25],
			"to": [12.25, 9, 1.75],
			"rotation": {"angle": 0, "axis": "y", "origin": [8.25, 6.75, 4.75]},
			"faces": {
				"north": {"uv": [2, 7, 1, 9.25], "texture": "#0"},
				"east": {"uv": [1, 7, 0, 9.25], "texture": "#0"},
				"south": {"uv": [4, 7, 3, 9.25], "texture": "#0"},
				"west": {"uv": [3, 7, 2, 9.25], "texture": "#0"},
				"up": {"uv": [4, 9, 5, 8], "rotation": 90, "texture": "#0"},
				"down": {"uv": [4, 8, 5, 9], "rotation": 270, "texture": "#0"}
			}
		},
		{
			"from": [11.75, 9, 1],
			"to": [13.75, 13.5, 3],
			"rotation": {"angle": 0, "axis": "y", "origin": [9.75, 11.25, 6]},
			"faces": {
				"north": {"uv": [2, 7, 1, 9.25], "texture": "#0"},
				"east": {"uv": [1, 7, 0, 9.25], "texture": "#0"},
				"south": {"uv": [4, 7, 3, 9.25], "texture": "#0"},
				"west": {"uv": [3, 7, 2, 9.25], "texture": "#0"},
				"up": {"uv": [4, 9, 5, 8], "rotation": 90, "texture": "#0"},
				"down": {"uv": [4, 8, 5, 9], "rotation": 270, "texture": "#0"}
			}
		},
		{
			"from": [11, 3, 9.75],
			"to": [13, 7.5, 11.75],
			"rotation": {"angle": 45, "axis": "x", "origin": [9, 5.25, 14.75]},
			"faces": {
				"north": {"uv": [2, 7, 1, 9.25], "texture": "#0"},
				"east": {"uv": [1, 7, 0, 9.25], "texture": "#0"},
				"south": {"uv": [4, 7, 3, 9.25], "texture": "#0"},
				"west": {"uv": [3, 7, 2, 9.25], "texture": "#0"},
				"up": {"uv": [4, 9, 5, 8], "rotation": 90, "texture": "#0"},
				"down": {"uv": [4, 8, 5, 9], "rotation": 270, "texture": "#0"}
			}
		},
		{
			"from": [5, 0, 2],
			"to": [7, 4.5, 4],
			"rotation": {"angle": 22.5, "axis": "y", "origin": [9, 2.25, 7]},
			"faces": {
				"north": {"uv": [2, 7, 1, 9.25], "texture": "#0"},
				"east": {"uv": [1, 7, 0, 9.25], "texture": "#0"},
				"south": {"uv": [4, 7, 3, 9.25], "texture": "#0"},
				"west": {"uv": [3, 7, 2, 9.25], "texture": "#0"},
				"up": {"uv": [4, 9, 5, 8], "rotation": 90, "texture": "#0"},
				"down": {"uv": [4, 8, 5, 9], "rotation": 270, "texture": "#0"}
			}
		},
		{
			"from": [4.25, 4.5, -0.25],
			"to": [6.25, 9, 1.75],
			"rotation": {"angle": 0, "axis": "y", "origin": [8.25, 6.75, 4.75]},
			"faces": {
				"north": {"uv": [2, 7, 1, 9.25], "texture": "#0"},
				"east": {"uv": [1, 7, 0, 9.25], "texture": "#0"},
				"south": {"uv": [4, 7, 3, 9.25], "texture": "#0"},
				"west": {"uv": [3, 7, 2, 9.25], "texture": "#0"},
				"up": {"uv": [4, 9, 5, 8], "rotation": 90, "texture": "#0"},
				"down": {"uv": [4, 8, 5, 9], "rotation": 270, "texture": "#0"}
			}
		},
		{
			"from": [5.75, 9, 1],
			"to": [7.75, 13.5, 3],
			"rotation": {"angle": 0, "axis": "y", "origin": [9.75, 11.25, 6]},
			"faces": {
				"north": {"uv": [2, 7, 1, 9.25], "texture": "#0"},
				"east": {"uv": [1, 7, 0, 9.25], "texture": "#0"},
				"south": {"uv": [4, 7, 3, 9.25], "texture": "#0"},
				"west": {"uv": [3, 7, 2, 9.25], "texture": "#0"},
				"up": {"uv": [4, 9, 5, 8], "rotation": 90, "texture": "#0"},
				"down": {"uv": [4, 8, 5, 9], "rotation": 270, "texture": "#0"}
			}
		},
		{
			"from": [5, 3, 9.75],
			"to": [7, 7.5, 11.75],
			"rotation": {"angle": 45, "axis": "x", "origin": [9, 5.25, 14.75]},
			"faces": {
				"north": {"uv": [2, 7, 1, 9.25], "texture": "#0"},
				"east": {"uv": [1, 7, 0, 9.25], "texture": "#0"},
				"south": {"uv": [4, 7, 3, 9.25], "texture": "#0"},
				"west": {"uv": [3, 7, 2, 9.25], "texture": "#0"},
				"up": {"uv": [4, 9, 5, 8], "rotation": 90, "texture": "#0"},
				"down": {"uv": [4, 8, 5, 9], "rotation": 270, "texture": "#0"}
			}
		}
	]
}