{
	"credit": "Designed by Kevin *ArtsByKev*, www.youtube.com/c/artsbykev www.twitter.com/artsbykev",
	"texture_size": [32, 32],
	"textures": {
		"0": "artsbykev_var/textures/ormbunke",
		"particle": "artsbykev_var/textures/ormbunke"
	},
	"elements": [
		{
			"from": [5, 0, 8],
			"to": [11, 20, 8],
			"rotation": {"angle": 22.5, "axis": "x", "origin": [8, 0, 8]},
			"faces": {
				"north": {"uv": [0, 0, 3, 11], "texture": "#0", "tintindex": 0},
				"east": {"uv": [0, 0, 0, 11], "texture": "#0", "tintindex": 0},
				"south": {"uv": [0, 0, 3, 11], "texture": "#0", "tintindex": 0},
				"west": {"uv": [0, 0, 0, 11], "texture": "#0", "tintindex": 0},
				"up": {"uv": [3, 0, 0, 0], "texture": "#0", "tintindex": 0},
				"down": {"uv": [3, 0, 0, 0], "texture": "#0", "tintindex": 0}
			}
		},
		{
			"from": [5, 0, 8],
			"to": [11, 16, 8],
			"rotation": {"angle": -22.5, "axis": "x", "origin": [8, 0, 8]},
			"faces": {
				"north": {"uv": [0, 0, 3, 11], "texture": "#0", "tintindex": 0},
				"east": {"uv": [0, 0, 0, 11], "texture": "#0", "tintindex": 0},
				"south": {"uv": [0, 0, 3, 11], "texture": "#0", "tintindex": 0},
				"west": {"uv": [0, 0, 0, 11], "texture": "#0", "tintindex": 0},
				"up": {"uv": [0, 0, 3, 0], "texture": "#0", "tintindex": 0},
				"down": {"uv": [0, 0, 3, 0], "texture": "#0", "tintindex": 0}
			}
		},
		{
			"from": [4, 0, 8],
			"to": [12, 9, 8],
			"rotation": {"angle": 45, "axis": "x", "origin": [8, 0, 8]},
			"faces": {
				"north": {"uv": [7, 0, 11, 5.5], "texture": "#0", "tintindex": 0},
				"east": {"uv": [0, 0, 0, 5.5], "texture": "#0", "tintindex": 0},
				"south": {"uv": [7, 0, 11, 5.5], "texture": "#0", "tintindex": 0},
				"west": {"uv": [0, 0, 0, 5.5], "texture": "#0", "tintindex": 0},
				"up": {"uv": [4, 0, 0, 0], "texture": "#0", "tintindex": 0},
				"down": {"uv": [4, 0, 0, 0], "texture": "#0", "tintindex": 0}
			}
		},
		{
			"from": [4, 0, 8],
			"to": [12, 11, 8],
			"rotation": {"angle": -45, "axis": "x", "origin": [8, 0, 8]},
			"faces": {
				"north": {"uv": [7, 0, 11, 5.5], "texture": "#0", "tintindex": 0},
				"east": {"uv": [0, 0, 0, 5.5], "texture": "#0", "tintindex": 0},
				"south": {"uv": [7, 0, 11, 5.5], "texture": "#0", "tintindex": 0},
				"west": {"uv": [0, 0, 0, 5.5], "texture": "#0", "tintindex": 0},
				"up": {"uv": [0, 0, 4, 0], "texture": "#0", "tintindex": 0},
				"down": {"uv": [0, 0, 4, 0], "texture": "#0", "tintindex": 0}
			}
		},
		{
			"from": [4, 6.36304, 14.36434],
			"to": [12, 6.36304, 21.36434],
			"rotation": {"angle": -22.5, "axis": "x", "origin": [8, 6.36304, 14.36434]},
			"faces": {
				"north": {"uv": [4, 0, 0, 0], "rotation": 180, "texture": "#0", "tintindex": 0},
				"east": {"uv": [0, 0, 0, 4.5], "rotation": 270, "texture": "#0", "tintindex": 0},
				"south": {"uv": [4, 0, 0, 0], "texture": "#0", "tintindex": 0},
				"west": {"uv": [0, 0, 0, 4.5], "rotation": 90, "texture": "#0", "tintindex": 0},
				"up": {"uv": [3, 0, 7, 4.5], "rotation": 180, "texture": "#0", "tintindex": 0},
				"down": {"uv": [3, 0, 7, 4.5], "texture": "#0", "tintindex": 0}
			}
		},
		{
			"from": [4, 7.77747, -6.77888],
			"to": [12, 7.77747, 0.22112],
			"rotation": {"angle": 22.5, "axis": "x", "origin": [8, 7.77747, 0.22112]},
			"faces": {
				"north": {"uv": [4, 0, 0, 0], "texture": "#0", "tintindex": 0},
				"east": {"uv": [0, 0, 0, 4.5], "rotation": 90, "texture": "#0", "tintindex": 0},
				"south": {"uv": [4, 0, 0, 0], "rotation": 180, "texture": "#0", "tintindex": 0},
				"west": {"uv": [0, 0, 0, 4.5], "rotation": 270, "texture": "#0", "tintindex": 0},
				"up": {"uv": [7, 4.5, 3, 0], "rotation": 180, "texture": "#0", "tintindex": 0},
				"down": {"uv": [7, 4.5, 3, 0], "texture": "#0", "tintindex": 0}
			}
		},
		{
			"from": [4, 2.67871, -3.46677],
			"to": [12, 2.67871, 1.53323],
			"rotation": {"angle": 0, "axis": "x", "origin": [8, 2.67871, 1.53323]},
			"faces": {
				"north": {"uv": [4, 0, 0, 0], "texture": "#0", "tintindex": 0},
				"east": {"uv": [0, 0, 0, 4.5], "rotation": 90, "texture": "#0", "tintindex": 0},
				"south": {"uv": [4, 0, 0, 0], "rotation": 180, "texture": "#0", "tintindex": 0},
				"west": {"uv": [0, 0, 0, 4.5], "rotation": 270, "texture": "#0", "tintindex": 0},
				"up": {"uv": [7, 4.5, 3, 0], "rotation": 180, "texture": "#0", "tintindex": 0},
				"down": {"uv": [7, 4.5, 3, 0], "texture": "#0", "tintindex": 0}
			}
		},
		{
			"from": [4, 2.67871, 14.46677],
			"to": [12, 2.67871, 18.46677],
			"rotation": {"angle": 0, "axis": "x", "origin": [8, 2.67871, 14.46677]},
			"faces": {
				"north": {"uv": [0, 0, 4, 0], "rotation": 180, "texture": "#0", "tintindex": 0},
				"east": {"uv": [0, 4.5, 0, 0], "rotation": 90, "texture": "#0", "tintindex": 0},
				"south": {"uv": [0, 0, 4, 0], "texture": "#0", "tintindex": 0},
				"west": {"uv": [0, 4.5, 0, 0], "rotation": 270, "texture": "#0", "tintindex": 0},
				"up": {"uv": [7, 0, 3, 4.5], "rotation": 180, "texture": "#0", "tintindex": 0},
				"down": {"uv": [7, 0, 3, 4.5], "texture": "#0", "tintindex": 0}
			}
		},
		{
			"from": [4, 0, 1],
			"to": [12, 0, 8],
			"rotation": {"angle": 22.5, "axis": "x", "origin": [8, 0, 8]},
			"faces": {
				"north": {"uv": [4, 0, 0, 0], "texture": "#0", "tintindex": 0},
				"east": {"uv": [0, 0, 0, 5.5], "rotation": 90, "texture": "#0", "tintindex": 0},
				"south": {"uv": [4, 0, 0, 0], "rotation": 180, "texture": "#0", "tintindex": 0},
				"west": {"uv": [0, 0, 0, 5.5], "rotation": 270, "texture": "#0", "tintindex": 0},
				"up": {"uv": [11, 5.5, 7, 0], "rotation": 180, "texture": "#0", "tintindex": 0},
				"down": {"uv": [11, 5.5, 7, 0], "texture": "#0", "tintindex": 0}
			}
		},
		{
			"from": [4, 0, 8],
			"to": [12, 0, 15],
			"rotation": {"angle": -22.5, "axis": "x", "origin": [8, 0, 8]},
			"faces": {
				"north": {"uv": [0, 0, 4, 0], "rotation": 180, "texture": "#0", "tintindex": 0},
				"east": {"uv": [0, 5.5, 0, 0], "rotation": 90, "texture": "#0", "tintindex": 0},
				"south": {"uv": [0, 0, 4, 0], "texture": "#0", "tintindex": 0},
				"west": {"uv": [0, 5.5, 0, 0], "rotation": 270, "texture": "#0", "tintindex": 0},
				"up": {"uv": [11, 0, 7, 5.5], "rotation": 180, "texture": "#0", "tintindex": 0},
				"down": {"uv": [11, 0, 7, 5.5], "texture": "#0", "tintindex": 0}
			}
		},
		{
			"from": [8, 0, 5],
			"to": [8, 20, 11],
			"rotation": {"angle": -22.5, "axis": "z", "origin": [8, 0, 8]},
			"faces": {
				"north": {"uv": [0, 0, 0, 11], "texture": "#0", "tintindex": 0},
				"east": {"uv": [0, 0, 3, 11], "texture": "#0", "tintindex": 0},
				"south": {"uv": [0, 0, 0, 11], "texture": "#0", "tintindex": 0},
				"west": {"uv": [0, 0, 3, 11], "texture": "#0", "tintindex": 0},
				"up": {"uv": [3, 0, 0, 0], "rotation": 270, "texture": "#0", "tintindex": 0},
				"down": {"uv": [3, 0, 0, 0], "rotation": 90, "texture": "#0", "tintindex": 0}
			}
		},
		{
			"from": [8, 0, 5],
			"to": [8, 21, 11],
			"rotation": {"angle": 22.5, "axis": "z", "origin": [8, 0, 8]},
			"faces": {
				"north": {"uv": [0, 0, 0, 11], "texture": "#0", "tintindex": 0},
				"east": {"uv": [0, 0, 3, 11], "texture": "#0", "tintindex": 0},
				"south": {"uv": [0, 0, 0, 11], "texture": "#0", "tintindex": 0},
				"west": {"uv": [0, 0, 3, 11], "texture": "#0", "tintindex": 0},
				"up": {"uv": [0, 0, 3, 0], "rotation": 270, "texture": "#0", "tintindex": 0},
				"down": {"uv": [0, 0, 3, 0], "rotation": 90, "texture": "#0", "tintindex": 0}
			}
		},
		{
			"from": [1, 0, 4],
			"to": [8, 0, 12],
			"rotation": {"angle": -22.5, "axis": "z", "origin": [8, 0, 8]},
			"faces": {
				"north": {"uv": [0, 0, 0, 5.5], "rotation": 90, "texture": "#0", "tintindex": 0},
				"east": {"uv": [4, 0, 0, 0], "rotation": 180, "texture": "#0", "tintindex": 0},
				"south": {"uv": [0, 0, 0, 5.5], "rotation": 270, "texture": "#0", "tintindex": 0},
				"west": {"uv": [4, 0, 0, 0], "texture": "#0", "tintindex": 0},
				"up": {"uv": [11, 5.5, 7, 0], "rotation": 90, "texture": "#0", "tintindex": 0},
				"down": {"uv": [11, 5.5, 7, 0], "rotation": 90, "texture": "#0", "tintindex": 0}
			}
		},
		{
			"from": [8, 0, 4],
			"to": [17, 0, 12],
			"rotation": {"angle": 22.5, "axis": "z", "origin": [8, 0, 8]},
			"faces": {
				"north": {"uv": [0, 5.5, 0, 0], "rotation": 90, "texture": "#0", "tintindex": 0},
				"east": {"uv": [0, 0, 4, 0], "texture": "#0", "tintindex": 0},
				"south": {"uv": [0, 5.5, 0, 0], "rotation": 270, "texture": "#0", "tintindex": 0},
				"west": {"uv": [0, 0, 4, 0], "rotation": 180, "texture": "#0", "tintindex": 0},
				"up": {"uv": [11, 0, 7, 5.5], "rotation": 90, "texture": "#0", "tintindex": 0},
				"down": {"uv": [11, 0, 7, 5.5], "rotation": 90, "texture": "#0", "tintindex": 0}
			}
		},
		{
			"from": [15.77888, 7.77747, 4],
			"to": [22.77888, 7.77747, 12],
			"rotation": {"angle": 22.5, "axis": "z", "origin": [15.77888, 7.77747, 8]},
			"faces": {
				"north": {"uv": [0, 0, 0, 4.5], "rotation": 270, "texture": "#0", "tintindex": 0},
				"east": {"uv": [4, 0, 0, 0], "texture": "#0", "tintindex": 0},
				"south": {"uv": [0, 0, 0, 4.5], "rotation": 90, "texture": "#0", "tintindex": 0},
				"west": {"uv": [4, 0, 0, 0], "rotation": 180, "texture": "#0", "tintindex": 0},
				"up": {"uv": [3, 0, 7, 4.5], "rotation": 90, "texture": "#0", "tintindex": 0},
				"down": {"uv": [3, 0, 7, 4.5], "rotation": 90, "texture": "#0", "tintindex": 0}
			}
		},
		{
			"from": [-6.77888, 7.77747, 4],
			"to": [0.22112, 7.77747, 12],
			"rotation": {"angle": -22.5, "axis": "z", "origin": [0.22112, 7.77747, 8]},
			"faces": {
				"north": {"uv": [0, 0, 0, 4.5], "rotation": 90, "texture": "#0", "tintindex": 0},
				"east": {"uv": [4, 0, 0, 0], "rotation": 180, "texture": "#0", "tintindex": 0},
				"south": {"uv": [0, 0, 0, 4.5], "rotation": 270, "texture": "#0", "tintindex": 0},
				"west": {"uv": [4, 0, 0, 0], "texture": "#0", "tintindex": 0},
				"up": {"uv": [7, 4.5, 3, 0], "rotation": 90, "texture": "#0", "tintindex": 0},
				"down": {"uv": [7, 4.5, 3, 0], "rotation": 90, "texture": "#0", "tintindex": 0}
			}
		},
		{
			"from": [-4.46677, 2.67871, 4],
			"to": [1.53323, 2.67871, 12],
			"rotation": {"angle": 0, "axis": "y", "origin": [1.53323, 2.67871, 8]},
			"faces": {
				"north": {"uv": [0, 0, 0, 4.5], "rotation": 90, "texture": "#0", "tintindex": 0},
				"east": {"uv": [4, 0, 0, 0], "rotation": 180, "texture": "#0", "tintindex": 0},
				"south": {"uv": [0, 0, 0, 4.5], "rotation": 270, "texture": "#0", "tintindex": 0},
				"west": {"uv": [4, 0, 0, 0], "texture": "#0", "tintindex": 0},
				"up": {"uv": [7, 4.5, 3, 0], "rotation": 90, "texture": "#0", "tintindex": 0},
				"down": {"uv": [7, 4.5, 3, 0], "rotation": 90, "texture": "#0", "tintindex": 0}
			}
		},
		{
			"from": [16.31492, 3.44415, 4],
			"to": [21.31492, 3.44415, 12],
			"rotation": {"angle": 0, "axis": "y", "origin": [16.31492, 3.44415, 8]},
			"faces": {
				"north": {"uv": [0, 4.5, 0, 0], "rotation": 90, "texture": "#0", "tintindex": 0},
				"east": {"uv": [0, 0, 4, 0], "texture": "#0", "tintindex": 0},
				"south": {"uv": [0, 4.5, 0, 0], "rotation": 270, "texture": "#0", "tintindex": 0},
				"west": {"uv": [0, 0, 4, 0], "rotation": 180, "texture": "#0", "tintindex": 0},
				"up": {"uv": [7, 0, 3, 4.5], "rotation": 90, "texture": "#0", "tintindex": 0},
				"down": {"uv": [7, 0, 3, 4.5], "rotation": 90, "texture": "#0", "tintindex": 0}
			}
		},
		{
			"from": [8, 0, 4],
			"to": [8, 11, 12],
			"rotation": {"angle": -45, "axis": "z", "origin": [8, 0, 8]},
			"faces": {
				"north": {"uv": [0, 0, 0, 5.5], "texture": "#0", "tintindex": 0},
				"east": {"uv": [7, 0, 11, 5.5], "texture": "#0", "tintindex": 0},
				"south": {"uv": [0, 0, 0, 5.5], "texture": "#0", "tintindex": 0},
				"west": {"uv": [7, 0, 11, 5.5], "texture": "#0", "tintindex": 0},
				"up": {"uv": [4, 0, 0, 0], "rotation": 270, "texture": "#0", "tintindex": 0},
				"down": {"uv": [4, 0, 0, 0], "rotation": 90, "texture": "#0", "tintindex": 0}
			}
		},
		{
			"from": [8, 0, 4],
			"to": [8, 11, 12],
			"rotation": {"angle": 45, "axis": "z", "origin": [8, 0, 8]},
			"faces": {
				"north": {"uv": [0, 0, 0, 5.5], "texture": "#0", "tintindex": 0},
				"east": {"uv": [7, 0, 11, 5.5], "texture": "#0", "tintindex": 0},
				"south": {"uv": [0, 0, 0, 5.5], "texture": "#0", "tintindex": 0},
				"west": {"uv": [7, 0, 11, 5.5], "texture": "#0", "tintindex": 0},
				"up": {"uv": [0, 0, 4, 0], "rotation": 270, "texture": "#0", "tintindex": 0},
				"down": {"uv": [0, 0, 4, 0], "rotation": 90, "texture": "#0", "tintindex": 0}
			}
		}
	]
}