{
	"credit": "Designed by Kevin *ArtsByKev*, www.youtube.com/c/artsbykev www.twitter.com/artsbykev",
	"texture_size": [32, 32],
	"textures": {
		"0": "artsbykev_var/textures/ormbunke",
		"particle": "artsbykev_var/textures/ormbunke"
	},
	"elements": [
		{
			"from": [4.25, 0, 9],
			"to": [12.25, 9, 9],
			"rotation": {"angle": 45, "axis": "x", "origin": [8.25, 0, 9]},
			"faces": {
				"north": {"uv": [7, 0, 11, 5.5], "texture": "#0", "tintindex": 0},
				"east": {"uv": [0, 0, 0, 5.5], "texture": "#0", "tintindex": 0},
				"south": {"uv": [7, 0, 11, 5.5], "texture": "#0", "tintindex": 0},
				"west": {"uv": [0, 0, 0, 5.5], "texture": "#0", "tintindex": 0},
				"up": {"uv": [4, 0, 0, 0], "texture": "#0", "tintindex": 0},
				"down": {"uv": [4, 0, 0, 0], "texture": "#0", "tintindex": 0}
			}
		},
		{
			"from": [5, 0, 8],
			"to": [13, 13, 8],
			"rotation": {"angle": 22.5, "axis": "x", "origin": [9, 0, 8]},
			"faces": {
				"north": {"uv": [7, 0, 11, 5.5], "texture": "#0", "tintindex": 0},
				"east": {"uv": [0, 0, 0, 5.5], "texture": "#0", "tintindex": 0},
				"south": {"uv": [7, 0, 11, 5.5], "texture": "#0", "tintindex": 0},
				"west": {"uv": [0, 0, 0, 5.5], "texture": "#0", "tintindex": 0},
				"up": {"uv": [4, 0, 0, 0], "texture": "#0", "tintindex": 0},
				"down": {"uv": [4, 0, 0, 0], "texture": "#0", "tintindex": 0}
			}
		},
		{
			"from": [5, 0, 8],
			"to": [13, 13, 8],
			"rotation": {"angle": -22.5, "axis": "x", "origin": [9, 0, 8]},
			"faces": {
				"north": {"uv": [11, 0, 7, 5.5], "texture": "#0", "tintindex": 0},
				"east": {"uv": [0, 0, 0, 5.5], "texture": "#0", "tintindex": 0},
				"south": {"uv": [11, 0, 7, 5.5], "texture": "#0", "tintindex": 0},
				"west": {"uv": [0, 0, 0, 5.5], "texture": "#0", "tintindex": 0},
				"up": {"uv": [4, 0, 0, 0], "texture": "#0", "tintindex": 0},
				"down": {"uv": [4, 0, 0, 0], "texture": "#0", "tintindex": 0}
			}
		},
		{
			"from": [4, 0, 8],
			"to": [12, 11, 8],
			"rotation": {"angle": -45, "axis": "x", "origin": [8, 0, 8]},
			"faces": {
				"north": {"uv": [7, 0, 11, 5.5], "texture": "#0", "tintindex": 0},
				"east": {"uv": [0, 0, 0, 5.5], "texture": "#0", "tintindex": 0},
				"south": {"uv": [7, 0, 11, 5.5], "texture": "#0", "tintindex": 0},
				"west": {"uv": [0, 0, 0, 5.5], "texture": "#0", "tintindex": 0},
				"up": {"uv": [0, 0, 4, 0], "texture": "#0", "tintindex": 0},
				"down": {"uv": [0, 0, 4, 0], "texture": "#0", "tintindex": 0}
			}
		},
		{
			"from": [4.25, 6.36304, 15.36434],
			"to": [12.25, 6.36304, 22.36434],
			"rotation": {"angle": -22.5, "axis": "x", "origin": [8.25, 6.36304, 15.36434]},
			"faces": {
				"north": {"uv": [4, 0, 0, 0], "rotation": 180, "texture": "#0", "tintindex": 0},
				"east": {"uv": [0, 0, 0, 4.5], "rotation": 270, "texture": "#0", "tintindex": 0},
				"south": {"uv": [4, 0, 0, 0], "texture": "#0", "tintindex": 0},
				"west": {"uv": [0, 0, 0, 4.5], "rotation": 90, "texture": "#0", "tintindex": 0},
				"up": {"uv": [3, 0, 7, 4.5], "rotation": 180, "texture": "#0", "tintindex": 0},
				"down": {"uv": [3, 0, 7, 4.5], "texture": "#0", "tintindex": 0}
			}
		},
		{
			"from": [5, 12.01005, 12.97581],
			"to": [13, 12.01005, 24.97581],
			"rotation": {"angle": -45, "axis": "x", "origin": [9, 12.01005, 12.97581]},
			"faces": {
				"north": {"uv": [4, 0, 0, 0], "rotation": 180, "texture": "#0", "tintindex": 0},
				"east": {"uv": [0, 0, 0, 4.5], "rotation": 270, "texture": "#0", "tintindex": 0},
				"south": {"uv": [4, 0, 0, 0], "texture": "#0", "tintindex": 0},
				"west": {"uv": [0, 0, 0, 4.5], "rotation": 90, "texture": "#0", "tintindex": 0},
				"up": {"uv": [3, 0, 7, 4.5], "rotation": 180, "texture": "#0", "tintindex": 0},
				"down": {"uv": [3, 0, 7, 4.5], "texture": "#0", "tintindex": 0}
			}
		},
		{
			"from": [5, 12.00973, -6.97559],
			"to": [13, 12.00973, 3.02441],
			"rotation": {"angle": 45, "axis": "x", "origin": [9, 12.00973, 3.02441]},
			"faces": {
				"north": {"uv": [0, 0, 4, 0], "texture": "#0", "tintindex": 0},
				"east": {"uv": [0, 4.5, 0, 0], "rotation": 270, "texture": "#0", "tintindex": 0},
				"south": {"uv": [0, 0, 4, 0], "rotation": 180, "texture": "#0", "tintindex": 0},
				"west": {"uv": [0, 4.5, 0, 0], "rotation": 90, "texture": "#0", "tintindex": 0},
				"up": {"uv": [3, 4.5, 7, 0], "rotation": 180, "texture": "#0", "tintindex": 0},
				"down": {"uv": [3, 4.5, 7, 0], "texture": "#0", "tintindex": 0}
			}
		},
		{
			"from": [4, 7.77747, -6.77888],
			"to": [12, 7.77747, 0.22112],
			"rotation": {"angle": 22.5, "axis": "x", "origin": [8, 7.77747, 0.22112]},
			"faces": {
				"north": {"uv": [4, 0, 0, 0], "texture": "#0", "tintindex": 0},
				"east": {"uv": [0, 0, 0, 4.5], "rotation": 90, "texture": "#0", "tintindex": 0},
				"south": {"uv": [4, 0, 0, 0], "rotation": 180, "texture": "#0", "tintindex": 0},
				"west": {"uv": [0, 0, 0, 4.5], "rotation": 270, "texture": "#0", "tintindex": 0},
				"up": {"uv": [7, 4.5, 3, 0], "rotation": 180, "texture": "#0", "tintindex": 0},
				"down": {"uv": [7, 4.5, 3, 0], "texture": "#0", "tintindex": 0}
			}
		},
		{
			"from": [8, 0, 6],
			"to": [8, 24, 12],
			"rotation": {"angle": -22.5, "axis": "z", "origin": [8, 0, 9]},
			"faces": {
				"north": {"uv": [0, 0, 0, 11], "texture": "#0", "tintindex": 0},
				"east": {"uv": [0, 0, 3, 11], "texture": "#0", "tintindex": 0},
				"south": {"uv": [0, 0, 0, 11], "texture": "#0", "tintindex": 0},
				"west": {"uv": [0, 0, 3, 11], "texture": "#0", "tintindex": 0},
				"up": {"uv": [3, 0, 0, 0], "rotation": 270, "texture": "#0", "tintindex": 0},
				"down": {"uv": [3, 0, 0, 0], "rotation": 90, "texture": "#0", "tintindex": 0}
			}
		},
		{
			"from": [8, 0, 6],
			"to": [8, 20, 12],
			"rotation": {"angle": 22.5, "axis": "z", "origin": [8, 0, 9]},
			"faces": {
				"north": {"uv": [0, 0, 0, 11], "texture": "#0", "tintindex": 0},
				"east": {"uv": [0, 0, 3, 11], "texture": "#0", "tintindex": 0},
				"south": {"uv": [0, 0, 0, 11], "texture": "#0", "tintindex": 0},
				"west": {"uv": [0, 0, 3, 11], "texture": "#0", "tintindex": 0},
				"up": {"uv": [3, 0, 0, 0], "rotation": 270, "texture": "#0", "tintindex": 0},
				"down": {"uv": [3, 0, 0, 0], "rotation": 90, "texture": "#0", "tintindex": 0}
			}
		},
		{
			"from": [16.52888, 7.77747, 4.5],
			"to": [23.52888, 7.77747, 12.5],
			"rotation": {"angle": 22.5, "axis": "z", "origin": [16.52888, 7.77747, 8.5]},
			"faces": {
				"north": {"uv": [0, 0, 0, 4.5], "rotation": 270, "texture": "#0", "tintindex": 0},
				"east": {"uv": [4, 0, 0, 0], "texture": "#0", "tintindex": 0},
				"south": {"uv": [0, 0, 0, 4.5], "rotation": 90, "texture": "#0", "tintindex": 0},
				"west": {"uv": [4, 0, 0, 0], "rotation": 180, "texture": "#0", "tintindex": 0},
				"up": {"uv": [3, 0, 7, 4.5], "rotation": 90, "texture": "#0", "tintindex": 0},
				"down": {"uv": [3, 0, 7, 4.5], "rotation": 90, "texture": "#0", "tintindex": 0}
			}
		},
		{
			"from": [-6.77888, 7.77747, 4.25],
			"to": [0.22112, 7.77747, 12.25],
			"rotation": {"angle": -22.5, "axis": "z", "origin": [0.22112, 7.77747, 8.25]},
			"faces": {
				"north": {"uv": [0, 0, 0, 4.5], "rotation": 90, "texture": "#0", "tintindex": 0},
				"east": {"uv": [4, 0, 0, 0], "rotation": 180, "texture": "#0", "tintindex": 0},
				"south": {"uv": [0, 0, 0, 4.5], "rotation": 270, "texture": "#0", "tintindex": 0},
				"west": {"uv": [4, 0, 0, 0], "texture": "#0", "tintindex": 0},
				"up": {"uv": [7, 4.5, 3, 0], "rotation": 90, "texture": "#0", "tintindex": 0},
				"down": {"uv": [7, 4.5, 3, 0], "rotation": 90, "texture": "#0", "tintindex": 0}
			}
		},
		{
			"from": [8, 0, 4.25],
			"to": [8, 11, 12.25],
			"rotation": {"angle": 45, "axis": "z", "origin": [8, 0, 8.25]},
			"faces": {
				"north": {"uv": [0, 0, 0, 5.5], "texture": "#0", "tintindex": 0},
				"east": {"uv": [7, 0, 11, 5.5], "texture": "#0", "tintindex": 0},
				"south": {"uv": [0, 0, 0, 5.5], "texture": "#0", "tintindex": 0},
				"west": {"uv": [7, 0, 11, 5.5], "texture": "#0", "tintindex": 0},
				"up": {"uv": [0, 0, 4, 0], "rotation": 270, "texture": "#0", "tintindex": 0},
				"down": {"uv": [0, 0, 4, 0], "rotation": 90, "texture": "#0", "tintindex": 0}
			}
		},
		{
			"from": [8.75, 0, 4.5],
			"to": [8.75, 11, 12.5],
			"rotation": {"angle": -45, "axis": "z", "origin": [8.75, 0, 8.5]},
			"faces": {
				"north": {"uv": [0, 0, 0, 5.5], "texture": "#0", "tintindex": 0},
				"east": {"uv": [11, 0, 7, 5.5], "texture": "#0", "tintindex": 0},
				"south": {"uv": [0, 0, 0, 5.5], "texture": "#0", "tintindex": 0},
				"west": {"uv": [11, 0, 7, 5.5], "texture": "#0", "tintindex": 0},
				"up": {"uv": [0, 0, 4, 0], "rotation": 270, "texture": "#0", "tintindex": 0},
				"down": {"uv": [0, 0, 4, 0], "rotation": 90, "texture": "#0", "tintindex": 0}
			}
		}
	]
}