{
	"credit": "Designed by Kevin *ArtsByKev*, www.youtube.com/c/artsbykev www.twitter.com/artsbykev",
	"texture_size": [32, 32],
	"textures": {
		"0": "artsbykev_var/textures/ormbunke",
		"particle": "artsbykev_var/textures/ormbunke"
	},
	"elements": [
		{
			"from": [5, 0, 8],
			"to": [11, 22, 8],
			"rotation": {"angle": 22.5, "axis": "x", "origin": [8, 0, 8]},
			"faces": {
				"north": {"uv": [0, 0, 3, 11], "texture": "#0", "tintindex": 0},
				"east": {"uv": [0, 0, 0, 11], "texture": "#0", "tintindex": 0},
				"south": {"uv": [0, 0, 3, 11], "texture": "#0", "tintindex": 0},
				"west": {"uv": [0, 0, 0, 11], "texture": "#0", "tintindex": 0},
				"up": {"uv": [3, 0, 0, 0], "texture": "#0", "tintindex": 0},
				"down": {"uv": [3, 0, 0, 0], "texture": "#0", "tintindex": 0}
			}
		},
		{
			"from": [5, 0, 8],
			"to": [11, 22, 8],
			"rotation": {"angle": -22.5, "axis": "x", "origin": [8, 0, 8]},
			"faces": {
				"north": {"uv": [0, 0, 3, 11], "texture": "#0", "tintindex": 0},
				"east": {"uv": [0, 0, 0, 11], "texture": "#0", "tintindex": 0},
				"south": {"uv": [0, 0, 3, 11], "texture": "#0", "tintindex": 0},
				"west": {"uv": [0, 0, 0, 11], "texture": "#0", "tintindex": 0},
				"up": {"uv": [0, 0, 3, 0], "texture": "#0", "tintindex": 0},
				"down": {"uv": [0, 0, 3, 0], "texture": "#0", "tintindex": 0}
			}
		},
		{
			"from": [4, 0, 8],
			"to": [12, 11, 8],
			"rotation": {"angle": 45, "axis": "x", "origin": [8, 0, 8]},
			"faces": {
				"north": {"uv": [7, 0, 11, 5.5], "texture": "#0", "tintindex": 0},
				"east": {"uv": [0, 0, 0, 5.5], "texture": "#0", "tintindex": 0},
				"south": {"uv": [7, 0, 11, 5.5], "texture": "#0", "tintindex": 0},
				"west": {"uv": [0, 0, 0, 5.5], "texture": "#0", "tintindex": 0},
				"up": {"uv": [4, 0, 0, 0], "texture": "#0", "tintindex": 0},
				"down": {"uv": [4, 0, 0, 0], "texture": "#0", "tintindex": 0}
			}
		},
		{
			"from": [4, 0, 8],
			"to": [12, 11, 8],
			"rotation": {"angle": -45, "axis": "x", "origin": [8, 0, 8]},
			"faces": {
				"north": {"uv": [7, 0, 11, 5.5], "texture": "#0", "tintindex": 0},
				"east": {"uv": [0, 0, 0, 5.5], "texture": "#0", "tintindex": 0},
				"south": {"uv": [7, 0, 11, 5.5], "texture": "#0", "tintindex": 0},
				"west": {"uv": [0, 0, 0, 5.5], "texture": "#0", "tintindex": 0},
				"up": {"uv": [0, 0, 4, 0], "texture": "#0", "tintindex": 0},
				"down": {"uv": [0, 0, 4, 0], "texture": "#0", "tintindex": 0}
			}
		},
		{
			"from": [4, 7.77747, 15.77888],
			"to": [12, 7.77747, 24.77888],
			"rotation": {"angle": -22.5, "axis": "x", "origin": [8, 7.77747, 15.77888]},
			"faces": {
				"north": {"uv": [4, 0, 0, 0], "rotation": 180, "texture": "#0", "tintindex": 0},
				"east": {"uv": [0, 0, 0, 4.5], "rotation": 270, "texture": "#0", "tintindex": 0},
				"south": {"uv": [4, 0, 0, 0], "texture": "#0", "tintindex": 0},
				"west": {"uv": [0, 0, 0, 4.5], "rotation": 90, "texture": "#0", "tintindex": 0},
				"up": {"uv": [3, 0, 7, 4.5], "rotation": 180, "texture": "#0", "tintindex": 0},
				"down": {"uv": [3, 0, 7, 4.5], "texture": "#0", "tintindex": 0}
			}
		},
		{
			"from": [4, 7.77747, -8.77888],
			"to": [12, 7.77747, 0.22112],
			"rotation": {"angle": 22.5, "axis": "x", "origin": [8, 7.77747, 0.22112]},
			"faces": {
				"north": {"uv": [4, 0, 0, 0], "texture": "#0", "tintindex": 0},
				"east": {"uv": [0, 0, 0, 4.5], "rotation": 90, "texture": "#0", "tintindex": 0},
				"south": {"uv": [4, 0, 0, 0], "rotation": 180, "texture": "#0", "tintindex": 0},
				"west": {"uv": [0, 0, 0, 4.5], "rotation": 270, "texture": "#0", "tintindex": 0},
				"up": {"uv": [7, 4.5, 3, 0], "rotation": 180, "texture": "#0", "tintindex": 0},
				"down": {"uv": [7, 4.5, 3, 0], "texture": "#0", "tintindex": 0}
			}
		},
		{
			"from": [4, 4.20852, 18.16267],
			"to": [12, 4.20852, 27.16267],
			"rotation": {"angle": 0, "axis": "x", "origin": [8, 4.20852, 18.16267]},
			"faces": {
				"north": {"uv": [4, 0, 0, 0], "rotation": 180, "texture": "#0", "tintindex": 0},
				"east": {"uv": [0, 0, 0, 4.5], "rotation": 270, "texture": "#0", "tintindex": 0},
				"south": {"uv": [4, 0, 0, 0], "texture": "#0", "tintindex": 0},
				"west": {"uv": [0, 0, 0, 4.5], "rotation": 90, "texture": "#0", "tintindex": 0},
				"up": {"uv": [3, 0, 7, 4.5], "rotation": 180, "texture": "#0", "tintindex": 0},
				"down": {"uv": [3, 0, 7, 4.5], "texture": "#0", "tintindex": 0}
			}
		},
		{
			"from": [4, 4.20852, -11.16267],
			"to": [12, 4.20852, -2.16267],
			"rotation": {"angle": 0, "axis": "x", "origin": [8, 4.20852, -2.16267]},
			"faces": {
				"north": {"uv": [4, 0, 0, 0], "texture": "#0", "tintindex": 0},
				"east": {"uv": [0, 0, 0, 4.5], "rotation": 90, "texture": "#0", "tintindex": 0},
				"south": {"uv": [4, 0, 0, 0], "rotation": 180, "texture": "#0", "tintindex": 0},
				"west": {"uv": [0, 0, 0, 4.5], "rotation": 270, "texture": "#0", "tintindex": 0},
				"up": {"uv": [7, 4.5, 3, 0], "rotation": 180, "texture": "#0", "tintindex": 0},
				"down": {"uv": [7, 4.5, 3, 0], "texture": "#0", "tintindex": 0}
			}
		},
		{
			"from": [4, 0, 8],
			"to": [12, 0, 19],
			"rotation": {"angle": -22.5, "axis": "x", "origin": [8, 0, 8]},
			"faces": {
				"north": {"uv": [4, 0, 0, 0], "rotation": 180, "texture": "#0", "tintindex": 0},
				"east": {"uv": [0, 0, 0, 5.5], "rotation": 270, "texture": "#0", "tintindex": 0},
				"south": {"uv": [4, 0, 0, 0], "texture": "#0", "tintindex": 0},
				"west": {"uv": [0, 0, 0, 5.5], "rotation": 90, "texture": "#0", "tintindex": 0},
				"up": {"uv": [7, 0, 11, 5.5], "rotation": 180, "texture": "#0", "tintindex": 0},
				"down": {"uv": [7, 0, 11, 5.5], "texture": "#0", "tintindex": 0}
			}
		},
		{
			"from": [4, 0, -3],
			"to": [12, 0, 8],
			"rotation": {"angle": 22.5, "axis": "x", "origin": [8, 0, 8]},
			"faces": {
				"north": {"uv": [4, 0, 0, 0], "texture": "#0", "tintindex": 0},
				"east": {"uv": [0, 0, 0, 5.5], "rotation": 90, "texture": "#0", "tintindex": 0},
				"south": {"uv": [4, 0, 0, 0], "rotation": 180, "texture": "#0", "tintindex": 0},
				"west": {"uv": [0, 0, 0, 5.5], "rotation": 270, "texture": "#0", "tintindex": 0},
				"up": {"uv": [11, 5.5, 7, 0], "rotation": 180, "texture": "#0", "tintindex": 0},
				"down": {"uv": [11, 5.5, 7, 0], "texture": "#0", "tintindex": 0}
			}
		},
		{
			"from": [8, 0, 5],
			"to": [8, 22, 11],
			"rotation": {"angle": -22.5, "axis": "z", "origin": [8, 0, 8]},
			"faces": {
				"north": {"uv": [0, 0, 0, 11], "texture": "#0", "tintindex": 0},
				"east": {"uv": [0, 0, 3, 11], "texture": "#0", "tintindex": 0},
				"south": {"uv": [0, 0, 0, 11], "texture": "#0", "tintindex": 0},
				"west": {"uv": [0, 0, 3, 11], "texture": "#0", "tintindex": 0},
				"up": {"uv": [3, 0, 0, 0], "rotation": 270, "texture": "#0", "tintindex": 0},
				"down": {"uv": [3, 0, 0, 0], "rotation": 90, "texture": "#0", "tintindex": 0}
			}
		},
		{
			"from": [8, 0, 5],
			"to": [8, 22, 11],
			"rotation": {"angle": 22.5, "axis": "z", "origin": [8, 0, 8]},
			"faces": {
				"north": {"uv": [0, 0, 0, 11], "texture": "#0", "tintindex": 0},
				"east": {"uv": [0, 0, 3, 11], "texture": "#0", "tintindex": 0},
				"south": {"uv": [0, 0, 0, 11], "texture": "#0", "tintindex": 0},
				"west": {"uv": [0, 0, 3, 11], "texture": "#0", "tintindex": 0},
				"up": {"uv": [0, 0, 3, 0], "rotation": 270, "texture": "#0", "tintindex": 0},
				"down": {"uv": [0, 0, 3, 0], "rotation": 90, "texture": "#0", "tintindex": 0}
			}
		},
		{
			"from": [8, 0, 4],
			"to": [19, 0, 12],
			"rotation": {"angle": 22.5, "axis": "z", "origin": [8, 0, 8]},
			"faces": {
				"north": {"uv": [0, 0, 0, 5.5], "rotation": 270, "texture": "#0", "tintindex": 0},
				"east": {"uv": [4, 0, 0, 0], "texture": "#0", "tintindex": 0},
				"south": {"uv": [0, 0, 0, 5.5], "rotation": 90, "texture": "#0", "tintindex": 0},
				"west": {"uv": [4, 0, 0, 0], "rotation": 180, "texture": "#0", "tintindex": 0},
				"up": {"uv": [7, 0, 11, 5.5], "rotation": 90, "texture": "#0", "tintindex": 0},
				"down": {"uv": [7, 0, 11, 5.5], "rotation": 90, "texture": "#0", "tintindex": 0}
			}
		},
		{
			"from": [-3, 0, 4],
			"to": [8, 0, 12],
			"rotation": {"angle": -22.5, "axis": "z", "origin": [8, 0, 8]},
			"faces": {
				"north": {"uv": [0, 0, 0, 5.5], "rotation": 90, "texture": "#0", "tintindex": 0},
				"east": {"uv": [4, 0, 0, 0], "rotation": 180, "texture": "#0", "tintindex": 0},
				"south": {"uv": [0, 0, 0, 5.5], "rotation": 270, "texture": "#0", "tintindex": 0},
				"west": {"uv": [4, 0, 0, 0], "texture": "#0", "tintindex": 0},
				"up": {"uv": [11, 5.5, 7, 0], "rotation": 90, "texture": "#0", "tintindex": 0},
				"down": {"uv": [11, 5.5, 7, 0], "rotation": 90, "texture": "#0", "tintindex": 0}
			}
		},
		{
			"from": [15.77888, 7.77747, 4],
			"to": [24.77888, 7.77747, 12],
			"rotation": {"angle": 22.5, "axis": "z", "origin": [15.77888, 7.77747, 8]},
			"faces": {
				"north": {"uv": [0, 0, 0, 4.5], "rotation": 270, "texture": "#0", "tintindex": 0},
				"east": {"uv": [4, 0, 0, 0], "texture": "#0", "tintindex": 0},
				"south": {"uv": [0, 0, 0, 4.5], "rotation": 90, "texture": "#0", "tintindex": 0},
				"west": {"uv": [4, 0, 0, 0], "rotation": 180, "texture": "#0", "tintindex": 0},
				"up": {"uv": [3, 0, 7, 4.5], "rotation": 90, "texture": "#0", "tintindex": 0},
				"down": {"uv": [3, 0, 7, 4.5], "rotation": 90, "texture": "#0", "tintindex": 0}
			}
		},
		{
			"from": [-8.77888, 7.77747, 4],
			"to": [0.22112, 7.77747, 12],
			"rotation": {"angle": -22.5, "axis": "z", "origin": [0.22112, 7.77747, 8]},
			"faces": {
				"north": {"uv": [0, 0, 0, 4.5], "rotation": 90, "texture": "#0", "tintindex": 0},
				"east": {"uv": [4, 0, 0, 0], "rotation": 180, "texture": "#0", "tintindex": 0},
				"south": {"uv": [0, 0, 0, 4.5], "rotation": 270, "texture": "#0", "tintindex": 0},
				"west": {"uv": [4, 0, 0, 0], "texture": "#0", "tintindex": 0},
				"up": {"uv": [7, 4.5, 3, 0], "rotation": 90, "texture": "#0", "tintindex": 0},
				"down": {"uv": [7, 4.5, 3, 0], "rotation": 90, "texture": "#0", "tintindex": 0}
			}
		},
		{
			"from": [18.16267, 4.20952, 4],
			"to": [27.16267, 4.20952, 12],
			"rotation": {"angle": 0, "axis": "y", "origin": [18.16267, 4.20952, 8]},
			"faces": {
				"north": {"uv": [0, 0, 0, 4.5], "rotation": 270, "texture": "#0", "tintindex": 0},
				"east": {"uv": [4, 0, 0, 0], "texture": "#0", "tintindex": 0},
				"south": {"uv": [0, 0, 0, 4.5], "rotation": 90, "texture": "#0", "tintindex": 0},
				"west": {"uv": [4, 0, 0, 0], "rotation": 180, "texture": "#0", "tintindex": 0},
				"up": {"uv": [3, 0, 7, 4.5], "rotation": 90, "texture": "#0", "tintindex": 0},
				"down": {"uv": [3, 0, 7, 4.5], "rotation": 90, "texture": "#0", "tintindex": 0}
			}
		},
		{
			"from": [-11.16267, 4.20952, 4],
			"to": [-2.16267, 4.20952, 12],
			"rotation": {"angle": 0, "axis": "y", "origin": [-2.16267, 4.20952, 8]},
			"faces": {
				"north": {"uv": [0, 0, 0, 4.5], "rotation": 90, "texture": "#0", "tintindex": 0},
				"east": {"uv": [4, 0, 0, 0], "rotation": 180, "texture": "#0", "tintindex": 0},
				"south": {"uv": [0, 0, 0, 4.5], "rotation": 270, "texture": "#0", "tintindex": 0},
				"west": {"uv": [4, 0, 0, 0], "texture": "#0", "tintindex": 0},
				"up": {"uv": [7, 4.5, 3, 0], "rotation": 90, "texture": "#0", "tintindex": 0},
				"down": {"uv": [7, 4.5, 3, 0], "rotation": 90, "texture": "#0", "tintindex": 0}
			}
		},
		{
			"from": [8, 0, 4],
			"to": [8, 11, 12],
			"rotation": {"angle": -45, "axis": "z", "origin": [8, 0, 8]},
			"faces": {
				"north": {"uv": [0, 0, 0, 5.5], "texture": "#0", "tintindex": 0},
				"east": {"uv": [7, 0, 11, 5.5], "texture": "#0", "tintindex": 0},
				"south": {"uv": [0, 0, 0, 5.5], "texture": "#0", "tintindex": 0},
				"west": {"uv": [7, 0, 11, 5.5], "texture": "#0", "tintindex": 0},
				"up": {"uv": [4, 0, 0, 0], "rotation": 270, "texture": "#0", "tintindex": 0},
				"down": {"uv": [4, 0, 0, 0], "rotation": 90, "texture": "#0", "tintindex": 0}
			}
		},
		{
			"from": [8, 0, 4],
			"to": [8, 11, 12],
			"rotation": {"angle": 45, "axis": "z", "origin": [8, 0, 8]},
			"faces": {
				"north": {"uv": [0, 0, 0, 5.5], "texture": "#0", "tintindex": 0},
				"east": {"uv": [7, 0, 11, 5.5], "texture": "#0", "tintindex": 0},
				"south": {"uv": [0, 0, 0, 5.5], "texture": "#0", "tintindex": 0},
				"west": {"uv": [7, 0, 11, 5.5], "texture": "#0", "tintindex": 0},
				"up": {"uv": [0, 0, 4, 0], "rotation": 270, "texture": "#0", "tintindex": 0},
				"down": {"uv": [0, 0, 4, 0], "rotation": 90, "texture": "#0", "tintindex": 0}
			}
		}
	]
}