{
	"credit": "Designed by Kevin *ArtsByKev*, www.youtube.com/c/artsbykev www.twitter.com/artsbykev",
	"texture_size": [32, 32],
	"textures": {
		"0": "artsbykev_var/textures/ormbunke",
		"particle": "artsbykev_var/textures/ormbunke"
	},
	"elements": [
		{
			"from": [5, 0, 8],
			"to": [13, 9, 8],
			"rotation": {"angle": 45, "axis": "x", "origin": [9, 0, 8]},
			"faces": {
				"north": {"uv": [7, 0, 11, 5.5], "texture": "#0", "tintindex": 0},
				"east": {"uv": [0, 0, 0, 5.5], "texture": "#0", "tintindex": 0},
				"south": {"uv": [7, 0, 11, 5.5], "texture": "#0", "tintindex": 0},
				"west": {"uv": [0, 0, 0, 5.5], "texture": "#0", "tintindex": 0},
				"up": {"uv": [4, 0, 0, 0], "texture": "#0", "tintindex": 0},
				"down": {"uv": [4, 0, 0, 0], "texture": "#0", "tintindex": 0}
			}
		},
		{
			"from": [5, 0, 8],
			"to": [13, 9, 8],
			"rotation": {"angle": 22.5, "axis": "x", "origin": [9, 0, 8]},
			"faces": {
				"north": {"uv": [7, 0, 11, 5.5], "texture": "#0", "tintindex": 0},
				"east": {"uv": [0, 0, 0, 5.5], "texture": "#0", "tintindex": 0},
				"south": {"uv": [7, 0, 11, 5.5], "texture": "#0", "tintindex": 0},
				"west": {"uv": [0, 0, 0, 5.5], "texture": "#0", "tintindex": 0},
				"up": {"uv": [4, 0, 0, 0], "texture": "#0", "tintindex": 0},
				"down": {"uv": [4, 0, 0, 0], "texture": "#0", "tintindex": 0}
			}
		},
		{
			"from": [5, 0, 8],
			"to": [13, 9, 8],
			"rotation": {"angle": -22.5, "axis": "x", "origin": [9, 0, 8]},
			"faces": {
				"north": {"uv": [11, 0, 7, 5.5], "texture": "#0", "tintindex": 0},
				"east": {"uv": [0, 0, 0, 5.5], "texture": "#0", "tintindex": 0},
				"south": {"uv": [11, 0, 7, 5.5], "texture": "#0", "tintindex": 0},
				"west": {"uv": [0, 0, 0, 5.5], "texture": "#0", "tintindex": 0},
				"up": {"uv": [4, 0, 0, 0], "texture": "#0", "tintindex": 0},
				"down": {"uv": [4, 0, 0, 0], "texture": "#0", "tintindex": 0}
			}
		},
		{
			"from": [3, 0, 8],
			"to": [11, 11, 8],
			"rotation": {"angle": -45, "axis": "x", "origin": [7, 0, 8]},
			"faces": {
				"north": {"uv": [7, 0, 11, 5.5], "texture": "#0", "tintindex": 0},
				"east": {"uv": [0, 0, 0, 5.5], "texture": "#0", "tintindex": 0},
				"south": {"uv": [7, 0, 11, 5.5], "texture": "#0", "tintindex": 0},
				"west": {"uv": [0, 0, 0, 5.5], "texture": "#0", "tintindex": 0},
				"up": {"uv": [0, 0, 4, 0], "texture": "#0", "tintindex": 0},
				"down": {"uv": [0, 0, 4, 0], "texture": "#0", "tintindex": 0}
			}
		},
		{
			"from": [5, 6.36304, 14.36434],
			"to": [13, 6.36304, 21.36434],
			"rotation": {"angle": -22.5, "axis": "x", "origin": [9, 6.36304, 14.36434]},
			"faces": {
				"north": {"uv": [4, 0, 0, 0], "rotation": 180, "texture": "#0", "tintindex": 0},
				"east": {"uv": [0, 0, 0, 4.5], "rotation": 270, "texture": "#0", "tintindex": 0},
				"south": {"uv": [4, 0, 0, 0], "texture": "#0", "tintindex": 0},
				"west": {"uv": [0, 0, 0, 4.5], "rotation": 90, "texture": "#0", "tintindex": 0},
				"up": {"uv": [3, 0, 7, 4.5], "rotation": 180, "texture": "#0", "tintindex": 0},
				"down": {"uv": [3, 0, 7, 4.5], "texture": "#0", "tintindex": 0}
			}
		},
		{
			"from": [5, 8.31453, 11.44507],
			"to": [13, 8.31453, 21.44507],
			"rotation": {"angle": -45, "axis": "x", "origin": [9, 8.31453, 11.44507]},
			"faces": {
				"north": {"uv": [4, 0, 0, 0], "rotation": 180, "texture": "#0", "tintindex": 0},
				"east": {"uv": [0, 0, 0, 4.5], "rotation": 270, "texture": "#0", "tintindex": 0},
				"south": {"uv": [4, 0, 0, 0], "texture": "#0", "tintindex": 0},
				"west": {"uv": [0, 0, 0, 4.5], "rotation": 90, "texture": "#0", "tintindex": 0},
				"up": {"uv": [3, 0, 7, 4.5], "rotation": 180, "texture": "#0", "tintindex": 0},
				"down": {"uv": [3, 0, 7, 4.5], "texture": "#0", "tintindex": 0}
			}
		},
		{
			"from": [5, 8.31453, -3.44507],
			"to": [13, 8.31453, 4.55493],
			"rotation": {"angle": 45, "axis": "x", "origin": [9, 8.31453, 4.55493]},
			"faces": {
				"north": {"uv": [0, 0, 4, 0], "texture": "#0", "tintindex": 0},
				"east": {"uv": [0, 4.5, 0, 0], "rotation": 270, "texture": "#0", "tintindex": 0},
				"south": {"uv": [0, 0, 4, 0], "rotation": 180, "texture": "#0", "tintindex": 0},
				"west": {"uv": [0, 4.5, 0, 0], "rotation": 90, "texture": "#0", "tintindex": 0},
				"up": {"uv": [3, 4.5, 7, 0], "rotation": 180, "texture": "#0", "tintindex": 0},
				"down": {"uv": [3, 4.5, 7, 0], "texture": "#0", "tintindex": 0}
			}
		},
		{
			"from": [3, 7.77747, -6.77888],
			"to": [11, 7.77747, 0.22112],
			"rotation": {"angle": 22.5, "axis": "x", "origin": [7, 7.77747, 0.22112]},
			"faces": {
				"north": {"uv": [4, 0, 0, 0], "texture": "#0", "tintindex": 0},
				"east": {"uv": [0, 0, 0, 4.5], "rotation": 90, "texture": "#0", "tintindex": 0},
				"south": {"uv": [4, 0, 0, 0], "rotation": 180, "texture": "#0", "tintindex": 0},
				"west": {"uv": [0, 0, 0, 4.5], "rotation": 270, "texture": "#0", "tintindex": 0},
				"up": {"uv": [7, 4.5, 3, 0], "rotation": 180, "texture": "#0", "tintindex": 0},
				"down": {"uv": [7, 4.5, 3, 0], "texture": "#0", "tintindex": 0}
			}
		},
		{
			"from": [5, 2.67871, -3.46677],
			"to": [13, 2.67871, 1.53323],
			"rotation": {"angle": 0, "axis": "x", "origin": [9, 2.67871, 1.53323]},
			"faces": {
				"north": {"uv": [4, 0, 0, 0], "texture": "#0", "tintindex": 0},
				"east": {"uv": [0, 0, 0, 4.5], "rotation": 90, "texture": "#0", "tintindex": 0},
				"south": {"uv": [4, 0, 0, 0], "rotation": 180, "texture": "#0", "tintindex": 0},
				"west": {"uv": [0, 0, 0, 4.5], "rotation": 270, "texture": "#0", "tintindex": 0},
				"up": {"uv": [7, 4.5, 3, 0], "rotation": 180, "texture": "#0", "tintindex": 0},
				"down": {"uv": [7, 4.5, 3, 0], "texture": "#0", "tintindex": 0}
			}
		},
		{
			"from": [3, 2.67871, 14.46677],
			"to": [11, 2.67871, 18.46677],
			"rotation": {"angle": 0, "axis": "x", "origin": [7, 2.67871, 14.46677]},
			"faces": {
				"north": {"uv": [0, 0, 4, 0], "rotation": 180, "texture": "#0", "tintindex": 0},
				"east": {"uv": [0, 4.5, 0, 0], "rotation": 90, "texture": "#0", "tintindex": 0},
				"south": {"uv": [0, 0, 4, 0], "texture": "#0", "tintindex": 0},
				"west": {"uv": [0, 4.5, 0, 0], "rotation": 270, "texture": "#0", "tintindex": 0},
				"up": {"uv": [7, 0, 3, 4.5], "rotation": 180, "texture": "#0", "tintindex": 0},
				"down": {"uv": [7, 0, 3, 4.5], "texture": "#0", "tintindex": 0}
			}
		},
		{
			"from": [5, 0, 1],
			"to": [13, 0, 8],
			"rotation": {"angle": 22.5, "axis": "x", "origin": [9, 0, 8]},
			"faces": {
				"north": {"uv": [4, 0, 0, 0], "texture": "#0", "tintindex": 0},
				"east": {"uv": [0, 0, 0, 5.5], "rotation": 90, "texture": "#0", "tintindex": 0},
				"south": {"uv": [4, 0, 0, 0], "rotation": 180, "texture": "#0", "tintindex": 0},
				"west": {"uv": [0, 0, 0, 5.5], "rotation": 270, "texture": "#0", "tintindex": 0},
				"up": {"uv": [11, 5.5, 7, 0], "rotation": 180, "texture": "#0", "tintindex": 0},
				"down": {"uv": [11, 5.5, 7, 0], "texture": "#0", "tintindex": 0}
			}
		},
		{
			"from": [3, 0, 8],
			"to": [11, 0, 15],
			"rotation": {"angle": -22.5, "axis": "x", "origin": [7, 0, 8]},
			"faces": {
				"north": {"uv": [0, 0, 4, 0], "rotation": 180, "texture": "#0", "tintindex": 0},
				"east": {"uv": [0, 5.5, 0, 0], "rotation": 90, "texture": "#0", "tintindex": 0},
				"south": {"uv": [0, 0, 4, 0], "texture": "#0", "tintindex": 0},
				"west": {"uv": [0, 5.5, 0, 0], "rotation": 270, "texture": "#0", "tintindex": 0},
				"up": {"uv": [11, 0, 7, 5.5], "rotation": 180, "texture": "#0", "tintindex": 0},
				"down": {"uv": [11, 0, 7, 5.5], "texture": "#0", "tintindex": 0}
			}
		},
		{
			"from": [8, 0, 6],
			"to": [8, 20, 12],
			"rotation": {"angle": -22.5, "axis": "z", "origin": [8, 0, 9]},
			"faces": {
				"north": {"uv": [0, 0, 0, 11], "texture": "#0", "tintindex": 0},
				"east": {"uv": [0, 0, 3, 11], "texture": "#0", "tintindex": 0},
				"south": {"uv": [0, 0, 0, 11], "texture": "#0", "tintindex": 0},
				"west": {"uv": [0, 0, 3, 11], "texture": "#0", "tintindex": 0},
				"up": {"uv": [3, 0, 0, 0], "rotation": 270, "texture": "#0", "tintindex": 0},
				"down": {"uv": [3, 0, 0, 0], "rotation": 90, "texture": "#0", "tintindex": 0}
			}
		},
		{
			"from": [8, 0, 6],
			"to": [8, 16, 12],
			"rotation": {"angle": 22.5, "axis": "z", "origin": [8, 0, 9]},
			"faces": {
				"north": {"uv": [0, 0, 0, 11], "texture": "#0", "tintindex": 0},
				"east": {"uv": [0, 0, 3, 11], "texture": "#0", "tintindex": 0},
				"south": {"uv": [0, 0, 0, 11], "texture": "#0", "tintindex": 0},
				"west": {"uv": [0, 0, 3, 11], "texture": "#0", "tintindex": 0},
				"up": {"uv": [3, 0, 0, 0], "rotation": 270, "texture": "#0", "tintindex": 0},
				"down": {"uv": [3, 0, 0, 0], "rotation": 90, "texture": "#0", "tintindex": 0}
			}
		},
		{
			"from": [-5, 0.75, 5],
			"to": [8, 0.75, 11],
			"rotation": {"angle": -45, "axis": "y", "origin": [8, 0.75, 8]},
			"faces": {
				"north": {"uv": [0, 0, 0, 11], "rotation": 90, "texture": "#0", "tintindex": 0},
				"east": {"uv": [0, 0, 3, 0], "texture": "#0", "tintindex": 0},
				"south": {"uv": [0, 0, 0, 11], "rotation": 270, "texture": "#0", "tintindex": 0},
				"west": {"uv": [0, 0, 3, 0], "rotation": 180, "texture": "#0", "tintindex": 0},
				"up": {"uv": [0, 0, 3, 11], "rotation": 270, "texture": "#0", "tintindex": 0},
				"down": {"uv": [0, 0, 3, 11], "rotation": 270, "texture": "#0", "tintindex": 0}
			}
		},
		{
			"from": [8, 0.75, 5],
			"to": [21, 0.75, 11],
			"rotation": {"angle": 45, "axis": "y", "origin": [8, 0.75, 8]},
			"faces": {
				"north": {"uv": [0, 11, 0, 0], "rotation": 90, "texture": "#0", "tintindex": 0},
				"east": {"uv": [3, 0, 0, 0], "rotation": 180, "texture": "#0", "tintindex": 0},
				"south": {"uv": [0, 11, 0, 0], "rotation": 270, "texture": "#0", "tintindex": 0},
				"west": {"uv": [3, 0, 0, 0], "texture": "#0", "tintindex": 0},
				"up": {"uv": [0, 11, 3, 0], "rotation": 270, "texture": "#0", "tintindex": 0},
				"down": {"uv": [0, 11, 3, 0], "rotation": 270, "texture": "#0", "tintindex": 0}
			}
		},
		{
			"from": [-5, 0.75, 5],
			"to": [8, 0.75, 11],
			"rotation": {"angle": 45, "axis": "y", "origin": [8, 0.75, 8]},
			"faces": {
				"north": {"uv": [0, 11, 0, 0], "rotation": 270, "texture": "#0", "tintindex": 0},
				"east": {"uv": [3, 0, 0, 0], "texture": "#0", "tintindex": 0},
				"south": {"uv": [0, 11, 0, 0], "rotation": 90, "texture": "#0", "tintindex": 0},
				"west": {"uv": [3, 0, 0, 0], "rotation": 180, "texture": "#0", "tintindex": 0},
				"up": {"uv": [3, 0, 0, 11], "rotation": 270, "texture": "#0", "tintindex": 0},
				"down": {"uv": [3, 0, 0, 11], "rotation": 270, "texture": "#0", "tintindex": 0}
			}
		},
		{
			"from": [8, 0.75, 5],
			"to": [21, 0.75, 11],
			"rotation": {"angle": -45, "axis": "y", "origin": [8, 0.75, 8]},
			"faces": {
				"north": {"uv": [0, 0, 0, 11], "rotation": 270, "texture": "#0", "tintindex": 0},
				"east": {"uv": [0, 0, 3, 0], "rotation": 180, "texture": "#0", "tintindex": 0},
				"south": {"uv": [0, 0, 0, 11], "rotation": 90, "texture": "#0", "tintindex": 0},
				"west": {"uv": [0, 0, 3, 0], "texture": "#0", "tintindex": 0},
				"up": {"uv": [3, 11, 0, 0], "rotation": 270, "texture": "#0", "tintindex": 0},
				"down": {"uv": [3, 11, 0, 0], "rotation": 270, "texture": "#0", "tintindex": 0}
			}
		},
		{
			"from": [1, 0, 3],
			"to": [8, 0, 11],
			"rotation": {"angle": -22.5, "axis": "z", "origin": [8, 0, 7]},
			"faces": {
				"north": {"uv": [0, 0, 0, 5.5], "rotation": 90, "texture": "#0", "tintindex": 0},
				"east": {"uv": [4, 0, 0, 0], "rotation": 180, "texture": "#0", "tintindex": 0},
				"south": {"uv": [0, 0, 0, 5.5], "rotation": 270, "texture": "#0", "tintindex": 0},
				"west": {"uv": [4, 0, 0, 0], "texture": "#0", "tintindex": 0},
				"up": {"uv": [11, 5.5, 7, 0], "rotation": 90, "texture": "#0", "tintindex": 0},
				"down": {"uv": [11, 5.5, 7, 0], "rotation": 90, "texture": "#0", "tintindex": 0}
			}
		},
		{
			"from": [8, 0, 5],
			"to": [17, 0, 13],
			"rotation": {"angle": 22.5, "axis": "z", "origin": [8, 0, 9]},
			"faces": {
				"north": {"uv": [0, 5.5, 0, 0], "rotation": 90, "texture": "#0", "tintindex": 0},
				"east": {"uv": [0, 0, 4, 0], "texture": "#0", "tintindex": 0},
				"south": {"uv": [0, 5.5, 0, 0], "rotation": 270, "texture": "#0", "tintindex": 0},
				"west": {"uv": [0, 0, 4, 0], "rotation": 180, "texture": "#0", "tintindex": 0},
				"up": {"uv": [11, 0, 7, 5.5], "rotation": 90, "texture": "#0", "tintindex": 0},
				"down": {"uv": [11, 0, 7, 5.5], "rotation": 90, "texture": "#0", "tintindex": 0}
			}
		},
		{
			"from": [15.77888, 7.77747, 3],
			"to": [22.77888, 7.77747, 11],
			"rotation": {"angle": 22.5, "axis": "z", "origin": [15.77888, 7.77747, 7]},
			"faces": {
				"north": {"uv": [0, 0, 0, 4.5], "rotation": 270, "texture": "#0", "tintindex": 0},
				"east": {"uv": [4, 0, 0, 0], "texture": "#0", "tintindex": 0},
				"south": {"uv": [0, 0, 0, 4.5], "rotation": 90, "texture": "#0", "tintindex": 0},
				"west": {"uv": [4, 0, 0, 0], "rotation": 180, "texture": "#0", "tintindex": 0},
				"up": {"uv": [3, 0, 7, 4.5], "rotation": 90, "texture": "#0", "tintindex": 0},
				"down": {"uv": [3, 0, 7, 4.5], "rotation": 90, "texture": "#0", "tintindex": 0}
			}
		},
		{
			"from": [-6.77888, 7.77747, 5],
			"to": [0.22112, 7.77747, 13],
			"rotation": {"angle": -22.5, "axis": "z", "origin": [0.22112, 7.77747, 9]},
			"faces": {
				"north": {"uv": [0, 0, 0, 4.5], "rotation": 90, "texture": "#0", "tintindex": 0},
				"east": {"uv": [4, 0, 0, 0], "rotation": 180, "texture": "#0", "tintindex": 0},
				"south": {"uv": [0, 0, 0, 4.5], "rotation": 270, "texture": "#0", "tintindex": 0},
				"west": {"uv": [4, 0, 0, 0], "texture": "#0", "tintindex": 0},
				"up": {"uv": [7, 4.5, 3, 0], "rotation": 90, "texture": "#0", "tintindex": 0},
				"down": {"uv": [7, 4.5, 3, 0], "rotation": 90, "texture": "#0", "tintindex": 0}
			}
		},
		{
			"from": [-4.46677, 2.67871, 3],
			"to": [1.53323, 2.67871, 11],
			"rotation": {"angle": 0, "axis": "y", "origin": [1.53323, 2.67871, 7]},
			"faces": {
				"north": {"uv": [0, 0, 0, 4.5], "rotation": 90, "texture": "#0", "tintindex": 0},
				"east": {"uv": [4, 0, 0, 0], "rotation": 180, "texture": "#0", "tintindex": 0},
				"south": {"uv": [0, 0, 0, 4.5], "rotation": 270, "texture": "#0", "tintindex": 0},
				"west": {"uv": [4, 0, 0, 0], "texture": "#0", "tintindex": 0},
				"up": {"uv": [7, 4.5, 3, 0], "rotation": 90, "texture": "#0", "tintindex": 0},
				"down": {"uv": [7, 4.5, 3, 0], "rotation": 90, "texture": "#0", "tintindex": 0}
			}
		},
		{
			"from": [16.31492, 3.44415, 5],
			"to": [21.31492, 3.44415, 13],
			"rotation": {"angle": 0, "axis": "y", "origin": [16.31492, 3.44415, 9]},
			"faces": {
				"north": {"uv": [0, 4.5, 0, 0], "rotation": 90, "texture": "#0", "tintindex": 0},
				"east": {"uv": [0, 0, 4, 0], "texture": "#0", "tintindex": 0},
				"south": {"uv": [0, 4.5, 0, 0], "rotation": 270, "texture": "#0", "tintindex": 0},
				"west": {"uv": [0, 0, 4, 0], "rotation": 180, "texture": "#0", "tintindex": 0},
				"up": {"uv": [7, 0, 3, 4.5], "rotation": 90, "texture": "#0", "tintindex": 0},
				"down": {"uv": [7, 0, 3, 4.5], "rotation": 90, "texture": "#0", "tintindex": 0}
			}
		},
		{
			"from": [8, 0, 3],
			"to": [8, 11, 11],
			"rotation": {"angle": -45, "axis": "z", "origin": [8, 0, 7]},
			"faces": {
				"north": {"uv": [0, 0, 0, 5.5], "texture": "#0", "tintindex": 0},
				"east": {"uv": [7, 0, 11, 5.5], "texture": "#0", "tintindex": 0},
				"south": {"uv": [0, 0, 0, 5.5], "texture": "#0", "tintindex": 0},
				"west": {"uv": [7, 0, 11, 5.5], "texture": "#0", "tintindex": 0},
				"up": {"uv": [4, 0, 0, 0], "rotation": 270, "texture": "#0", "tintindex": 0},
				"down": {"uv": [4, 0, 0, 0], "rotation": 90, "texture": "#0", "tintindex": 0}
			}
		},
		{
			"from": [8, 0, 5],
			"to": [8, 11, 13],
			"rotation": {"angle": 45, "axis": "z", "origin": [8, 0, 9]},
			"faces": {
				"north": {"uv": [0, 0, 0, 5.5], "texture": "#0", "tintindex": 0},
				"east": {"uv": [7, 0, 11, 5.5], "texture": "#0", "tintindex": 0},
				"south": {"uv": [0, 0, 0, 5.5], "texture": "#0", "tintindex": 0},
				"west": {"uv": [7, 0, 11, 5.5], "texture": "#0", "tintindex": 0},
				"up": {"uv": [0, 0, 4, 0], "rotation": 270, "texture": "#0", "tintindex": 0},
				"down": {"uv": [0, 0, 4, 0], "rotation": 90, "texture": "#0", "tintindex": 0}
			}
		}
	]
}