{
	"credit": " (C)ArtsByKev, https://youtube.com/c/artsbykev & https://twitter.com/artsbykev - Using Blockbench",
	"ambientocclusion": false,
	"textures": {
		"0": "artsbykev_var/textures/pad_plant",
		"particle": "artsbykev_var/textures/pad_plant"
	},
	"elements": [
		{
			"from": [8, 0, 7],
			"to": [8, 8, 9],
			"rotation": {"angle": 0, "axis": "y", "origin": [8, 0, 8]},
			"faces": {
				"north": {"uv": [0, 0, 0, 8], "texture": "#0"},
				"east": {"uv": [9, 0, 11, 8], "texture": "#0"},
				"south": {"uv": [0, 0, 0, 8], "texture": "#0"},
				"west": {"uv": [9, 0, 11, 8], "texture": "#0"},
				"up": {"uv": [0, 2, 0, 0], "texture": "#0"},
				"down": {"uv": [0, 0, 0, 2], "texture": "#0"}
			}
		},
		{
			"from": [8, 8, 7],
			"to": [8, 16, 9],
			"rotation": {"angle": -22.5, "axis": "z", "origin": [8, 8, 8]},
			"faces": {
				"north": {"uv": [0, 0, 0, 8], "texture": "#0"},
				"east": {"uv": [9, 0, 11, 8], "texture": "#0"},
				"south": {"uv": [0, 0, 0, 8], "texture": "#0"},
				"west": {"uv": [9, 0, 11, 8], "texture": "#0"},
				"up": {"uv": [0, 2, 0, 0], "texture": "#0"},
				"down": {"uv": [0, 0, 0, 2], "texture": "#0"}
			}
		},
		{
			"from": [7, 0, 8],
			"to": [9, 8, 8],
			"rotation": {"angle": 0, "axis": "y", "origin": [8, 0, 8]},
			"faces": {
				"north": {"uv": [9, 0, 11, 8], "texture": "#0"},
				"east": {"uv": [0, 0, 0, 8], "texture": "#0"},
				"south": {"uv": [9, 0, 11, 8], "texture": "#0"},
				"west": {"uv": [0, 0, 0, 8], "texture": "#0"},
				"up": {"uv": [0, 2, 0, 0], "rotation": 270, "texture": "#0"},
				"down": {"uv": [0, 0, 0, 2], "rotation": 90, "texture": "#0"}
			}
		},
		{
			"from": [7, 8, 8],
			"to": [9, 16, 8],
			"rotation": {"angle": -22.5, "axis": "z", "origin": [8, 8, 8]},
			"faces": {
				"north": {"uv": [9, 0, 11, 8], "texture": "#0"},
				"east": {"uv": [0, 0, 0, 8], "texture": "#0"},
				"south": {"uv": [9, 0, 11, 8], "texture": "#0"},
				"west": {"uv": [0, 0, 0, 8], "texture": "#0"},
				"up": {"uv": [0, 2, 0, 0], "rotation": 270, "texture": "#0"},
				"down": {"uv": [0, 0, 0, 2], "rotation": 90, "texture": "#0"}
			}
		},
		{
			"from": [8, 8, 3.5],
			"to": [17, 8, 12.5],
			"faces": {
				"north": {"uv": [0, 0, 9, 0], "texture": "#0"},
				"east": {"uv": [0, 0, 9, 0], "texture": "#0"},
				"south": {"uv": [0, 0, 9, 0], "texture": "#0"},
				"west": {"uv": [0, 0, 9, 0], "texture": "#0"},
				"up": {"uv": [9, 9, 0, 0], "texture": "#0"},
				"down": {"uv": [9, 0, 0, 9], "texture": "#0"}
			}
		},
		{
			"from": [-1, 8, 3.5],
			"to": [8, 8, 12.5],
			"rotation": {"angle": -22.5, "axis": "z", "origin": [8, 8, 8]},
			"faces": {
				"north": {"uv": [0, 0, 9, 0], "rotation": 180, "texture": "#0"},
				"east": {"uv": [0, 0, 9, 0], "rotation": 180, "texture": "#0"},
				"south": {"uv": [0, 0, 9, 0], "rotation": 180, "texture": "#0"},
				"west": {"uv": [0, 0, 9, 0], "rotation": 180, "texture": "#0"},
				"up": {"uv": [9, 0, 0, 9], "rotation": 180, "texture": "#0"},
				"down": {"uv": [9, 9, 0, 0], "rotation": 180, "texture": "#0"}
			}
		},
		{
			"from": [11, 15.35, 3.5],
			"to": [11, 24.35, 12.5],
			"rotation": {"angle": 45, "axis": "z", "origin": [11, 15.35, 8]},
			"faces": {
				"north": {"uv": [0, 0, 9, 0], "rotation": 90, "texture": "#0"},
				"east": {"uv": [9, 0, 0, 9], "rotation": 270, "texture": "#0"},
				"south": {"uv": [0, 0, 9, 0], "rotation": 270, "texture": "#0"},
				"west": {"uv": [9, 9, 0, 0], "rotation": 270, "texture": "#0"},
				"up": {"uv": [0, 0, 9, 0], "rotation": 270, "texture": "#0"},
				"down": {"uv": [0, 0, 9, 0], "rotation": 270, "texture": "#0"}
			}
		},
		{
			"from": [11, 15.35, 3.5],
			"to": [20, 15.35, 12.5],
			"rotation": {"angle": 22.5, "axis": "z", "origin": [11, 15.35, 8]},
			"faces": {
				"north": {"uv": [0, 0, 9, 0], "texture": "#0"},
				"east": {"uv": [0, 0, 9, 0], "texture": "#0"},
				"south": {"uv": [0, 0, 9, 0], "texture": "#0"},
				"west": {"uv": [0, 0, 9, 0], "texture": "#0"},
				"up": {"uv": [9, 9, 0, 0], "texture": "#0"},
				"down": {"uv": [9, 0, 0, 9], "texture": "#0"}
			}
		}
	]
}