{
	"credit": " (C)ArtsByKev, https://youtube.com/c/artsbykev & https://twitter.com/artsbykev - Using Blockbench",
	"ambientocclusion": false,
	"textures": {
		"0": "artsbykev_var/textures/pad_plant",
		"particle": "artsbykev_var/textures/pad_plant"
	},
	"elements": [
		{
			"from": [10, 0, 8],
			"to": [10, 8, 10],
			"rotation": {"angle": -22.5, "axis": "z", "origin": [10, 0, 9]},
			"faces": {
				"north": {"uv": [0, 0, 0, 8], "texture": "#0"},
				"east": {"uv": [9, 0, 11, 8], "texture": "#0"},
				"south": {"uv": [0, 0, 0, 8], "texture": "#0"},
				"west": {"uv": [9, 0, 11, 8], "texture": "#0"},
				"up": {"uv": [0, 2, 0, 0], "texture": "#0"},
				"down": {"uv": [0, 0, 0, 2], "texture": "#0"}
			}
		},
		{
			"from": [13, 7, 8],
			"to": [13, 15, 10],
			"rotation": {"angle": -45, "axis": "x", "origin": [13, 7, 9]},
			"faces": {
				"north": {"uv": [0, 0, 0, 8], "texture": "#0"},
				"east": {"uv": [9, 0, 11, 8], "texture": "#0"},
				"south": {"uv": [0, 0, 0, 8], "texture": "#0"},
				"west": {"uv": [9, 0, 11, 8], "texture": "#0"},
				"up": {"uv": [0, 2, 0, 0], "texture": "#0"},
				"down": {"uv": [0, 0, 0, 2], "texture": "#0"}
			}
		},
		{
			"from": [10, 0, 8.3],
			"to": [10, 8, 10.3],
			"rotation": {"angle": 45, "axis": "z", "origin": [10, 0, 9.3]},
			"faces": {
				"north": {"uv": [0, 0, 0, 8], "texture": "#0"},
				"east": {"uv": [9, 0, 11, 8], "texture": "#0"},
				"south": {"uv": [0, 0, 0, 8], "texture": "#0"},
				"west": {"uv": [9, 0, 11, 8], "texture": "#0"},
				"up": {"uv": [0, 2, 0, 0], "texture": "#0"},
				"down": {"uv": [0, 0, 0, 2], "texture": "#0"}
			}
		},
		{
			"from": [9, 0, 9],
			"to": [11, 8, 9],
			"rotation": {"angle": -22.5, "axis": "z", "origin": [10, 0, 9]},
			"faces": {
				"north": {"uv": [9, 0, 11, 8], "texture": "#0"},
				"east": {"uv": [0, 0, 0, 8], "texture": "#0"},
				"south": {"uv": [9, 0, 11, 8], "texture": "#0"},
				"west": {"uv": [0, 0, 0, 8], "texture": "#0"},
				"up": {"uv": [0, 2, 0, 0], "rotation": 270, "texture": "#0"},
				"down": {"uv": [0, 0, 0, 2], "rotation": 90, "texture": "#0"}
			}
		},
		{
			"from": [12, 7, 9],
			"to": [14, 15, 9],
			"rotation": {"angle": -45, "axis": "x", "origin": [13, 7, 9]},
			"faces": {
				"north": {"uv": [9, 0, 11, 8], "texture": "#0"},
				"east": {"uv": [0, 0, 0, 8], "texture": "#0"},
				"south": {"uv": [9, 0, 11, 8], "texture": "#0"},
				"west": {"uv": [0, 0, 0, 8], "texture": "#0"},
				"up": {"uv": [0, 2, 0, 0], "rotation": 270, "texture": "#0"},
				"down": {"uv": [0, 0, 0, 2], "rotation": 90, "texture": "#0"}
			}
		},
		{
			"from": [9, 0, 9.3],
			"to": [11, 8, 9.3],
			"rotation": {"angle": 45, "axis": "z", "origin": [10, 0, 9.3]},
			"faces": {
				"north": {"uv": [9, 0, 11, 8], "texture": "#0"},
				"east": {"uv": [0, 0, 0, 8], "texture": "#0"},
				"south": {"uv": [9, 0, 11, 8], "texture": "#0"},
				"west": {"uv": [0, 0, 0, 8], "texture": "#0"},
				"up": {"uv": [0, 2, 0, 0], "rotation": 270, "texture": "#0"},
				"down": {"uv": [0, 0, 0, 2], "rotation": 90, "texture": "#0"}
			}
		},
		{
			"from": [-5, 6, 4.8],
			"to": [4, 6, 13.8],
			"rotation": {"angle": 22.5, "axis": "z", "origin": [4, 6, 9.3]},
			"faces": {
				"north": {"uv": [0, 0, 9, 0], "rotation": 180, "texture": "#0"},
				"east": {"uv": [0, 0, 9, 0], "rotation": 180, "texture": "#0"},
				"south": {"uv": [0, 0, 9, 0], "rotation": 180, "texture": "#0"},
				"west": {"uv": [0, 0, 9, 0], "rotation": 180, "texture": "#0"},
				"up": {"uv": [9, 0, 0, 9], "rotation": 180, "texture": "#0"},
				"down": {"uv": [9, 9, 0, 0], "rotation": 180, "texture": "#0"}
			}
		},
		{
			"from": [12.75, 13.25, -1.5],
			"to": [21.75, 13.25, 7.5],
			"rotation": {"angle": 22.5, "axis": "z", "origin": [12.75, 13.25, 3]},
			"faces": {
				"north": {"uv": [0, 0, 9, 0], "texture": "#0"},
				"east": {"uv": [0, 0, 9, 0], "texture": "#0"},
				"south": {"uv": [0, 0, 9, 0], "texture": "#0"},
				"west": {"uv": [0, 0, 9, 0], "texture": "#0"},
				"up": {"uv": [9, 9, 0, 0], "texture": "#0"},
				"down": {"uv": [9, 0, 0, 9], "texture": "#0"}
			}
		},
		{
			"from": [3.75, 13.25, -1.5],
			"to": [12.75, 13.25, 7.5],
			"rotation": {"angle": -22.5, "axis": "z", "origin": [12.75, 13.25, 3]},
			"faces": {
				"north": {"uv": [0, 0, 9, 0], "rotation": 180, "texture": "#0"},
				"east": {"uv": [0, 0, 9, 0], "rotation": 180, "texture": "#0"},
				"south": {"uv": [0, 0, 9, 0], "rotation": 180, "texture": "#0"},
				"west": {"uv": [0, 0, 9, 0], "rotation": 180, "texture": "#0"},
				"up": {"uv": [9, 0, 0, 9], "rotation": 180, "texture": "#0"},
				"down": {"uv": [9, 9, 0, 0], "rotation": 180, "texture": "#0"}
			}
		},
		{
			"from": [8.25, 7.75, 0],
			"to": [17.25, 7.75, 9],
			"rotation": {"angle": -22.5, "axis": "x", "origin": [12.75, 7.75, 9]},
			"faces": {
				"north": {"uv": [0, 0, 9, 0], "texture": "#0"},
				"east": {"uv": [0, 0, 9, 0], "texture": "#0"},
				"south": {"uv": [0, 0, 9, 0], "texture": "#0"},
				"west": {"uv": [0, 0, 9, 0], "texture": "#0"},
				"up": {"uv": [9, 9, 0, 0], "rotation": 270, "texture": "#0"},
				"down": {"uv": [9, 0, 0, 9], "rotation": 90, "texture": "#0"}
			}
		},
		{
			"from": [-0.5, 6, 0.3],
			"to": [8.5, 6, 9.3],
			"rotation": {"angle": 22.5, "axis": "x", "origin": [4, 6, 9.3]},
			"faces": {
				"north": {"uv": [0, 0, 9, 0], "rotation": 180, "texture": "#0"},
				"east": {"uv": [0, 0, 9, 0], "rotation": 180, "texture": "#0"},
				"south": {"uv": [0, 0, 9, 0], "rotation": 180, "texture": "#0"},
				"west": {"uv": [0, 0, 9, 0], "rotation": 180, "texture": "#0"},
				"up": {"uv": [9, 0, 0, 9], "rotation": 270, "texture": "#0"},
				"down": {"uv": [9, 9, 0, 0], "rotation": 90, "texture": "#0"}
			}
		},
		{
			"from": [-0.5, 6, 9.3],
			"to": [8.5, 6, 18.3],
			"rotation": {"angle": -22.5, "axis": "y", "origin": [4, 6, 9.3]},
			"faces": {
				"north": {"uv": [0, 0, 9, 0], "rotation": 180, "texture": "#0"},
				"east": {"uv": [0, 0, 9, 0], "rotation": 180, "texture": "#0"},
				"south": {"uv": [0, 0, 9, 0], "rotation": 180, "texture": "#0"},
				"west": {"uv": [0, 0, 9, 0], "rotation": 180, "texture": "#0"},
				"up": {"uv": [9, 0, 0, 9], "rotation": 90, "texture": "#0"},
				"down": {"uv": [9, 9, 0, 0], "rotation": 270, "texture": "#0"}
			}
		},
		{
			"from": [8.25, 7.75, 9],
			"to": [17.25, 7.75, 18],
			"rotation": {"angle": -22.5, "axis": "y", "origin": [12.75, 7.75, 9]},
			"faces": {
				"north": {"uv": [0, 0, 9, 0], "rotation": 180, "texture": "#0"},
				"east": {"uv": [0, 0, 9, 0], "rotation": 180, "texture": "#0"},
				"south": {"uv": [0, 0, 9, 0], "rotation": 180, "texture": "#0"},
				"west": {"uv": [0, 0, 9, 0], "rotation": 180, "texture": "#0"},
				"up": {"uv": [9, 0, 0, 9], "rotation": 90, "texture": "#0"},
				"down": {"uv": [9, 9, 0, 0], "rotation": 270, "texture": "#0"}
			}
		}
	]
}