{
	"credit": " (C)ArtsByKev, https://youtube.com/c/artsbykev & https://twitter.com/artsbykev - Using Blockbench",
	"ambientocclusion": false,
	"textures": {
		"0": "artsbykev_var/textures/pad_plant",
		"particle": "artsbykev_var/textures/pad_plant"
	},
	"elements": [
		{
			"from": [8, 0, 7],
			"to": [8, 8, 9],
			"rotation": {"angle": -22.5, "axis": "z", "origin": [8, 0, 8]},
			"faces": {
				"north": {"uv": [0, 0, 0, 8], "texture": "#0"},
				"east": {"uv": [9, 0, 11, 8], "texture": "#0"},
				"south": {"uv": [0, 0, 0, 8], "texture": "#0"},
				"west": {"uv": [9, 0, 11, 8], "texture": "#0"},
				"up": {"uv": [0, 2, 0, 0], "texture": "#0"},
				"down": {"uv": [0, 0, 0, 2], "texture": "#0"}
			}
		},
		{
			"from": [8, 0, 7.3],
			"to": [8, 8, 9.3],
			"rotation": {"angle": 45, "axis": "z", "origin": [8, 0, 8.3]},
			"faces": {
				"north": {"uv": [0, 0, 0, 8], "texture": "#0"},
				"east": {"uv": [9, 0, 11, 8], "texture": "#0"},
				"south": {"uv": [0, 0, 0, 8], "texture": "#0"},
				"west": {"uv": [9, 0, 11, 8], "texture": "#0"},
				"up": {"uv": [0, 2, 0, 0], "texture": "#0"},
				"down": {"uv": [0, 0, 0, 2], "texture": "#0"}
			}
		},
		{
			"from": [7, 0, 8],
			"to": [9, 8, 8],
			"rotation": {"angle": -22.5, "axis": "z", "origin": [8, 0, 8]},
			"faces": {
				"north": {"uv": [9, 0, 11, 8], "texture": "#0"},
				"east": {"uv": [0, 0, 0, 8], "texture": "#0"},
				"south": {"uv": [9, 0, 11, 8], "texture": "#0"},
				"west": {"uv": [0, 0, 0, 8], "texture": "#0"},
				"up": {"uv": [0, 2, 0, 0], "rotation": 270, "texture": "#0"},
				"down": {"uv": [0, 0, 0, 2], "rotation": 90, "texture": "#0"}
			}
		},
		{
			"from": [7, 0, 8.3],
			"to": [9, 8, 8.3],
			"rotation": {"angle": 45, "axis": "z", "origin": [8, 0, 8.3]},
			"faces": {
				"north": {"uv": [9, 0, 11, 8], "texture": "#0"},
				"east": {"uv": [0, 0, 0, 8], "texture": "#0"},
				"south": {"uv": [9, 0, 11, 8], "texture": "#0"},
				"west": {"uv": [0, 0, 0, 8], "texture": "#0"},
				"up": {"uv": [0, 2, 0, 0], "rotation": 270, "texture": "#0"},
				"down": {"uv": [0, 0, 0, 2], "rotation": 90, "texture": "#0"}
			}
		},
		{
			"from": [2, 6, 3.8],
			"to": [2, 15, 12.8],
			"rotation": {"angle": -45, "axis": "z", "origin": [2, 6, 8.3]},
			"faces": {
				"north": {"uv": [0, 0, 9, 0], "rotation": 90, "texture": "#0"},
				"east": {"uv": [9, 0, 0, 9], "rotation": 270, "texture": "#0"},
				"south": {"uv": [0, 0, 9, 0], "rotation": 270, "texture": "#0"},
				"west": {"uv": [9, 9, 0, 0], "rotation": 270, "texture": "#0"},
				"up": {"uv": [0, 0, 9, 0], "rotation": 270, "texture": "#0"},
				"down": {"uv": [0, 0, 9, 0], "rotation": 270, "texture": "#0"}
			}
		},
		{
			"from": [10.75, 7.75, 3.5],
			"to": [19.75, 7.75, 12.5],
			"rotation": {"angle": 22.5, "axis": "z", "origin": [10.75, 7.75, 8]},
			"faces": {
				"north": {"uv": [0, 0, 9, 0], "texture": "#0"},
				"east": {"uv": [0, 0, 9, 0], "texture": "#0"},
				"south": {"uv": [0, 0, 9, 0], "texture": "#0"},
				"west": {"uv": [0, 0, 9, 0], "texture": "#0"},
				"up": {"uv": [9, 9, 0, 0], "texture": "#0"},
				"down": {"uv": [9, 0, 0, 9], "texture": "#0"}
			}
		},
		{
			"from": [6.25, 7.75, -1],
			"to": [15.25, 7.75, 8],
			"rotation": {"angle": -22.5, "axis": "x", "origin": [10.75, 7.75, 8]},
			"faces": {
				"north": {"uv": [0, 0, 9, 0], "texture": "#0"},
				"east": {"uv": [0, 0, 9, 0], "texture": "#0"},
				"south": {"uv": [0, 0, 9, 0], "texture": "#0"},
				"west": {"uv": [0, 0, 9, 0], "texture": "#0"},
				"up": {"uv": [9, 9, 0, 0], "rotation": 270, "texture": "#0"},
				"down": {"uv": [9, 0, 0, 9], "rotation": 90, "texture": "#0"}
			}
		},
		{
			"from": [-2.5, 6, -0.7],
			"to": [6.5, 6, 8.3],
			"rotation": {"angle": 22.5, "axis": "y", "origin": [2, 6, 8.3]},
			"faces": {
				"north": {"uv": [0, 0, 9, 0], "rotation": 180, "texture": "#0"},
				"east": {"uv": [0, 0, 9, 0], "rotation": 180, "texture": "#0"},
				"south": {"uv": [0, 0, 9, 0], "rotation": 180, "texture": "#0"},
				"west": {"uv": [0, 0, 9, 0], "rotation": 180, "texture": "#0"},
				"up": {"uv": [9, 0, 0, 9], "rotation": 270, "texture": "#0"},
				"down": {"uv": [9, 9, 0, 0], "rotation": 90, "texture": "#0"}
			}
		},
		{
			"from": [-2.5, 6, 8.3],
			"to": [6.5, 6, 17.3],
			"rotation": {"angle": 22.5, "axis": "x", "origin": [2, 6, 8.3]},
			"faces": {
				"north": {"uv": [0, 0, 9, 0], "rotation": 180, "texture": "#0"},
				"east": {"uv": [0, 0, 9, 0], "rotation": 180, "texture": "#0"},
				"south": {"uv": [0, 0, 9, 0], "rotation": 180, "texture": "#0"},
				"west": {"uv": [0, 0, 9, 0], "rotation": 180, "texture": "#0"},
				"up": {"uv": [9, 0, 0, 9], "rotation": 90, "texture": "#0"},
				"down": {"uv": [9, 9, 0, 0], "rotation": 270, "texture": "#0"}
			}
		},
		{
			"from": [6.25, 7.75, 8],
			"to": [15.25, 7.75, 17],
			"rotation": {"angle": -22.5, "axis": "y", "origin": [10.75, 7.75, 8]},
			"faces": {
				"north": {"uv": [0, 0, 9, 0], "rotation": 180, "texture": "#0"},
				"east": {"uv": [0, 0, 9, 0], "rotation": 180, "texture": "#0"},
				"south": {"uv": [0, 0, 9, 0], "rotation": 180, "texture": "#0"},
				"west": {"uv": [0, 0, 9, 0], "rotation": 180, "texture": "#0"},
				"up": {"uv": [9, 0, 0, 9], "rotation": 90, "texture": "#0"},
				"down": {"uv": [9, 9, 0, 0], "rotation": 270, "texture": "#0"}
			}
		}
	]
}