{
	"credit": "Designed by Kevin *ArtsByKev* www.twitter.com/artsbykev, Made with Blockbench",
	"texture_size": [32, 32],
	"textures": {
		"0": "artsbykev_var/textures/poppy_2",
		"particle": "artsbykev_var/textures/poppy_2"
	},
	"elements": [
		{
			"from": [9.17926, -0.05978, 3],
			"to": [9.17926, 1.94022, 4],
			"rotation": {"angle": 22.5, "axis": "z", "origin": [9.17926, 0.94022, 3.5]},
			"faces": {
				"north": {"uv": [1.5, 1.5, 1.5, 2.5], "texture": "#0"},
				"east": {"uv": [1, 1.5, 1.5, 2.5], "texture": "#0"},
				"south": {"uv": [2, 1.5, 2, 2.5], "texture": "#0"},
				"west": {"uv": [1.5, 1.5, 2, 2.5], "texture": "#0"},
				"up": {"uv": [1.5, 1.5, 1.5, 1], "texture": "#0"},
				"down": {"uv": [1.5, 1, 1.5, 1.5], "texture": "#0"}
			}
		},
		{
			"from": [4, 0, 13.7],
			"to": [5, 2, 13.7],
			"rotation": {"angle": -22.5, "axis": "x", "origin": [3.5, 0, 13.7]},
			"faces": {
				"north": {"uv": [1, 0, 1.5, 1], "texture": "#0"},
				"east": {"uv": [1, 0, 1, 1], "texture": "#0"},
				"south": {"uv": [1.5, 0, 2, 1], "texture": "#0"},
				"west": {"uv": [1.5, 0, 1.5, 1], "texture": "#0"},
				"up": {"uv": [1.5, 0, 1, 0], "texture": "#0"},
				"down": {"uv": [2, 0, 1.5, 0], "texture": "#0"}
			}
		},
		{
			"from": [10.63596, -0.10552, 6],
			"to": [10.63596, 2.89448, 7],
			"rotation": {"angle": -22.5, "axis": "z", "origin": [10.63596, 1.39448, 6.5]},
			"faces": {
				"north": {"uv": [0.5, 0.5, 0.5, 2], "texture": "#0"},
				"east": {"uv": [0, 0.5, 0.5, 2], "texture": "#0"},
				"south": {"uv": [1, 0.5, 1, 2], "texture": "#0"},
				"west": {"uv": [0.5, 0.5, 1, 2], "texture": "#0"},
				"up": {"uv": [0.5, 0.5, 0.5, 0], "texture": "#0"},
				"down": {"uv": [0.5, 0, 0.5, 0.5], "texture": "#0"}
			}
		},
		{
			"from": [12, 0, 8.7],
			"to": [13, 1, 8.7],
			"rotation": {"angle": 22.5, "axis": "x", "origin": [13, 0, 8.7]},
			"faces": {
				"north": {"uv": [0, 0, 0.5, 0.5], "texture": "#0"},
				"east": {"uv": [0, 0, 0, 0.5], "texture": "#0"},
				"south": {"uv": [0.5, 0, 1, 0.5], "texture": "#0"},
				"west": {"uv": [0.5, 0, 0.5, 0.5], "texture": "#0"},
				"up": {"uv": [0.5, 0, 0, 0], "texture": "#0"},
				"down": {"uv": [1, 0, 0.5, 0], "texture": "#0"}
			}
		},
		{
			"from": [0, 1.825, 0],
			"to": [9, 1.825, 7],
			"rotation": {"angle": -22.5, "axis": "z", "origin": [9, 1.825, 4]},
			"faces": {
				"north": {"uv": [3.5, 3.5, 8, 3.5], "texture": "#0"},
				"east": {"uv": [0, 3.5, 3.5, 3.5], "texture": "#0"},
				"south": {"uv": [11.5, 3.5, 16, 3.5], "texture": "#0"},
				"west": {"uv": [8, 3.5, 11.5, 3.5], "texture": "#0"},
				"up": {"uv": [8, 3.5, 3.5, 0], "texture": "#0"},
				"down": {"uv": [12.5, 0, 8, 3.5], "texture": "#0"}
			}
		},
		{
			"from": [2, 1.825, 8],
			"to": [7, 1.825, 13],
			"rotation": {"angle": 22.5, "axis": "x", "origin": [4, 1.825, 13]},
			"faces": {
				"north": {"uv": [7.5, 9, 10, 9], "texture": "#0"},
				"east": {"uv": [5, 9, 7.5, 9], "texture": "#0"},
				"south": {"uv": [12.5, 9, 15, 9], "texture": "#0"},
				"west": {"uv": [10, 9, 12.5, 9], "texture": "#0"},
				"up": {"uv": [10, 9, 7.5, 6.5], "texture": "#0"},
				"down": {"uv": [12.5, 6.5, 10, 9], "texture": "#0"}
			}
		},
		{
			"from": [11, 2.7, 4],
			"to": [16, 2.7, 9],
			"rotation": {"angle": 22.5, "axis": "z", "origin": [11, 2.7, 7]},
			"faces": {
				"north": {"uv": [2.5, 9, 5, 9], "texture": "#0"},
				"east": {"uv": [0, 9, 2.5, 9], "texture": "#0"},
				"south": {"uv": [7.5, 9, 10, 9], "texture": "#0"},
				"west": {"uv": [5, 9, 7.5, 9], "texture": "#0"},
				"up": {"uv": [5, 9, 2.5, 6.5], "texture": "#0"},
				"down": {"uv": [7.5, 6.5, 5, 9], "texture": "#0"}
			}
		},
		{
			"from": [9, 0.9, 9],
			"to": [16, 0.9, 15],
			"rotation": {"angle": -22.5, "axis": "x", "origin": [13, 0.9, 9]},
			"faces": {
				"north": {"uv": [3, 6.5, 6.5, 6.5], "texture": "#0"},
				"east": {"uv": [0, 6.5, 3, 6.5], "texture": "#0"},
				"south": {"uv": [9.5, 6.5, 13, 6.5], "texture": "#0"},
				"west": {"uv": [6.5, 6.5, 9.5, 6.5], "texture": "#0"},
				"up": {"uv": [6.5, 6.5, 3, 3.5], "texture": "#0"},
				"down": {"uv": [10, 3.5, 6.5, 6.5], "texture": "#0"}
			}
		}
	]
}