{
	"credit": "Designed by Kevin *ArtsByKev* www.twitter.com/artsbykev, Made with Blockbench",
	"texture_size": [32, 32],
	"textures": {
		"0": "artsbykev_var/textures/poppy_1",
		"particle": "artsbykev_var/textures/poppy_1"
	},
	"elements": [
		{
			"from": [8, 0, 5],
			"to": [8, 2, 6],
			"rotation": {"angle": 22.5, "axis": "z", "origin": [7.5, 0, 6]},
			"faces": {
				"north": {"uv": [0.5, 1.5, 0.5, 2.5], "texture": "#0"},
				"east": {"uv": [0, 1.5, 0.5, 2.5], "texture": "#0"},
				"south": {"uv": [1, 1.5, 1, 2.5], "texture": "#0"},
				"west": {"uv": [0.5, 1.5, 1, 2.5], "texture": "#0"},
				"up": {"uv": [0.5, 1.5, 0.5, 1], "texture": "#0"},
				"down": {"uv": [0.5, 1, 0.5, 1.5], "texture": "#0"}
			}
		},
		{
			"from": [10, 0, 5],
			"to": [10, 2, 6],
			"rotation": {"angle": -22.5, "axis": "z", "origin": [9.5, 0, 6]},
			"faces": {
				"north": {"uv": [0.5, 0.5, 0.5, 1.5], "texture": "#0"},
				"east": {"uv": [0, 0.5, 0.5, 1.5], "texture": "#0"},
				"south": {"uv": [1, 0.5, 1, 1.5], "texture": "#0"},
				"west": {"uv": [0.5, 0.5, 1, 1.5], "texture": "#0"},
				"up": {"uv": [0.5, 0.5, 0.5, 0], "texture": "#0"},
				"down": {"uv": [0.5, 0, 0.5, 0.5], "texture": "#0"}
			}
		},
		{
			"from": [8, 0, 6.9],
			"to": [9, 3, 6.9],
			"rotation": {"angle": 22.5, "axis": "x", "origin": [9, 0, 6.9]},
			"faces": {
				"north": {"uv": [1, 1, 1.5, 2.5], "texture": "#0"},
				"east": {"uv": [1, 1, 1, 2.5], "texture": "#0"},
				"south": {"uv": [1.5, 1, 2, 2.5], "texture": "#0"},
				"west": {"uv": [1.5, 1, 1.5, 2.5], "texture": "#0"},
				"up": {"uv": [1.5, 1, 1, 1], "texture": "#0"},
				"down": {"uv": [2, 1, 1.5, 1], "texture": "#0"}
			}
		},
		{
			"from": [0.25, 2.025, 1.5],
			"to": [7.25, 2.025, 9.5],
			"rotation": {"angle": -22.5, "axis": "z", "origin": [7.25, 2.025, 5.5]},
			"faces": {
				"north": {"uv": [4, 8, 7.5, 8], "texture": "#0"},
				"east": {"uv": [0, 8, 4, 8], "texture": "#0"},
				"south": {"uv": [11.5, 8, 15, 8], "texture": "#0"},
				"west": {"uv": [7.5, 8, 11.5, 8], "texture": "#0"},
				"up": {"uv": [7.5, 8, 4, 4], "texture": "#0"},
				"down": {"uv": [11, 4, 7.5, 8], "texture": "#0"}
			}
		},
		{
			"from": [10.7, 1.675, 3],
			"to": [15.7, 1.675, 8],
			"rotation": {"angle": 0, "axis": "z", "origin": [10.7, 1.675, 6]},
			"faces": {
				"north": {"uv": [2.5, 10.5, 5, 10.5], "texture": "#0"},
				"east": {"uv": [0, 10.5, 2.5, 10.5], "texture": "#0"},
				"south": {"uv": [7.5, 10.5, 10, 10.5], "texture": "#0"},
				"west": {"uv": [5, 10.5, 7.5, 10.5], "texture": "#0"},
				"up": {"uv": [5, 10.5, 2.5, 8], "texture": "#0"},
				"down": {"uv": [7.5, 8, 5, 10.5], "texture": "#0"}
			}
		},
		{
			"from": [4.5, 2.75, 8],
			"to": [12.5, 2.75, 16],
			"rotation": {"angle": -22.5, "axis": "x", "origin": [9.5, 2.75, 8]},
			"faces": {
				"north": {"uv": [4, 4, 8, 4], "texture": "#0"},
				"east": {"uv": [0, 4, 4, 4], "texture": "#0"},
				"south": {"uv": [12, 4, 16, 4], "texture": "#0"},
				"west": {"uv": [8, 4, 12, 4], "texture": "#0"},
				"up": {"uv": [8, 4, 4, 0], "texture": "#0"},
				"down": {"uv": [12, 0, 8, 4], "texture": "#0"}
			}
		}
	]
}