{
	"credit": "Designed by Kevin *ArtsByKev* www.twitter.com/artsbykev, Made with Blockbench",
	"texture_size": [32, 32],
	"textures": {
		"0": "artsbykev_var/textures/poppy_3",
		"particle": "artsbykev_var/textures/poppy_3"
	},
	"elements": [
		{
			"from": [8.25, 0, 4],
			"to": [8.25, 4, 5],
			"rotation": {"angle": 22.5, "axis": "z", "origin": [7.75, 0, 5]},
			"faces": {
				"north": {"uv": [0.5, 0.5, 0.5, 2.5], "texture": "#0"},
				"east": {"uv": [0, 0.5, 0.5, 2.5], "texture": "#0"},
				"south": {"uv": [1, 0.5, 1, 2.5], "texture": "#0"},
				"west": {"uv": [0.5, 0.5, 1, 2.5], "texture": "#0"},
				"up": {"uv": [0.5, 0.5, 0.5, 0], "texture": "#0"},
				"down": {"uv": [0.5, 0, 0.5, 0.5], "texture": "#0"}
			}
		},
		{
			"from": [13, 0, 8.6],
			"to": [14, 2, 8.6],
			"rotation": {"angle": -22.5, "axis": "x", "origin": [12.5, 0, 8.6]},
			"faces": {
				"north": {"uv": [2, 2, 2.5, 3], "texture": "#0"},
				"east": {"uv": [2, 2, 2, 3], "texture": "#0"},
				"south": {"uv": [2.5, 2, 3, 3], "texture": "#0"},
				"west": {"uv": [2.5, 2, 2.5, 3], "texture": "#0"},
				"up": {"uv": [2.5, 2, 2, 2], "texture": "#0"},
				"down": {"uv": [3, 2, 2.5, 2], "texture": "#0"}
			}
		},
		{
			"from": [8, 0, 11],
			"to": [8, 3, 12],
			"rotation": {"angle": -22.5, "axis": "z", "origin": [7.5, 0, 12]},
			"faces": {
				"north": {"uv": [1.5, 1.5, 1.5, 3], "texture": "#0"},
				"east": {"uv": [1, 1.5, 1.5, 3], "texture": "#0"},
				"south": {"uv": [2, 1.5, 2, 3], "texture": "#0"},
				"west": {"uv": [1.5, 1.5, 2, 3], "texture": "#0"},
				"up": {"uv": [1.5, 1.5, 1.5, 1], "texture": "#0"},
				"down": {"uv": [1.5, 1, 1.5, 1.5], "texture": "#0"}
			}
		},
		{
			"from": [4, 0, 8],
			"to": [5, 3, 8],
			"rotation": {"angle": 22.5, "axis": "x", "origin": [5, 0, 8]},
			"faces": {
				"north": {"uv": [1, 0, 1.5, 1.5], "texture": "#0"},
				"east": {"uv": [1, 0, 1, 1.5], "texture": "#0"},
				"south": {"uv": [1.5, 0, 2, 1.5], "texture": "#0"},
				"west": {"uv": [1.5, 0, 1.5, 1.5], "texture": "#0"},
				"up": {"uv": [1.5, 0, 1, 0], "texture": "#0"},
				"down": {"uv": [2, 0, 1.5, 0], "texture": "#0"}
			}
		},
		{
			"from": [1, 3.8, 2],
			"to": [7, 3.8, 7],
			"rotation": {"angle": -22.5, "axis": "z", "origin": [7, 3.8, 5]},
			"faces": {
				"north": {"uv": [2.5, 9, 5.5, 9], "texture": "#0"},
				"east": {"uv": [0, 9, 2.5, 9], "texture": "#0"},
				"south": {"uv": [8, 9, 11, 9], "texture": "#0"},
				"west": {"uv": [5.5, 9, 8, 9], "texture": "#0"},
				"up": {"uv": [5.5, 9, 2.5, 6.5], "texture": "#0"},
				"down": {"uv": [8.5, 6.5, 5.5, 9], "texture": "#0"}
			}
		},
		{
			"from": [11, 1.8, 3],
			"to": [16, 1.8, 8],
			"rotation": {"angle": 22.5, "axis": "x", "origin": [13, 1.8, 8]},
			"faces": {
				"north": {"uv": [8.5, 9, 11, 9], "texture": "#0"},
				"east": {"uv": [6, 9, 8.5, 9], "texture": "#0"},
				"south": {"uv": [13.5, 9, 16, 9], "texture": "#0"},
				"west": {"uv": [11, 9, 13.5, 9], "texture": "#0"},
				"up": {"uv": [11, 9, 8.5, 6.5], "texture": "#0"},
				"down": {"uv": [13.5, 6.5, 11, 9], "texture": "#0"}
			}
		},
		{
			"from": [9, 2.6, 8],
			"to": [16, 2.6, 15],
			"rotation": {"angle": 22.5, "axis": "z", "origin": [9, 2.6, 12]},
			"faces": {
				"north": {"uv": [3.5, 3.5, 7, 3.5], "texture": "#0"},
				"east": {"uv": [0, 3.5, 3.5, 3.5], "texture": "#0"},
				"south": {"uv": [10.5, 3.5, 14, 3.5], "texture": "#0"},
				"west": {"uv": [7, 3.5, 10.5, 3.5], "texture": "#0"},
				"up": {"uv": [7, 3.5, 3.5, 0], "texture": "#0"},
				"down": {"uv": [10.5, 0, 7, 3.5], "texture": "#0"}
			}
		},
		{
			"from": [1.5, 2.8, 9],
			"to": [7.5, 2.8, 15],
			"rotation": {"angle": -22.5, "axis": "x", "origin": [4.5, 2.8, 9]},
			"faces": {
				"north": {"uv": [3, 6.5, 6, 6.5], "texture": "#0"},
				"east": {"uv": [0, 6.5, 3, 6.5], "texture": "#0"},
				"south": {"uv": [9, 6.5, 12, 6.5], "texture": "#0"},
				"west": {"uv": [6, 6.5, 9, 6.5], "texture": "#0"},
				"up": {"uv": [6, 6.5, 3, 3.5], "texture": "#0"},
				"down": {"uv": [9, 3.5, 6, 6.5], "texture": "#0"}
			}
		}
	]
}