{
	"credit": "Designed by Kevin *ArtsByKev* www.twitter.com/artsbykev, Made with Blockbench",
		"ambientocclusion": false,
	"textures": {
		"0": "block/prismarine",
		"particle": "block/prismarine"
	},
	"elements": [
		{
			"from": [0, 0, 0],
			"to": [16, 11, 16],
			"faces": {
				"north": {"uv": [0, 5, 16, 16], "texture": "#0"},
				"east": {"uv": [0, 5, 16, 16], "texture": "#0"},
				"south": {"uv": [0, 5, 16, 16], "texture": "#0"},
				"west": {"uv": [0, 5, 16, 16], "texture": "#0"},
				"up": {"uv": [0, 0, 16, 16], "texture": "#0"},
				"down": {"uv": [0, 0, 16, 16], "texture": "#0"}
			}
		},
		{
			"from": [0, 11, 8],
			"to": [16, 16, 16],
			"rotation": {"angle": 0, "axis": "y", "origin": [8, 16, 8]},
			"faces": {
				"north": {"uv": [0, 0, 16, 5], "texture": "#0"},
				"east": {"uv": [0, 0, 8, 5], "texture": "#0"},
				"south": {"uv": [0, 0, 16, 5], "texture": "#0"},
				"west": {"uv": [0, 0, 8, 5], "texture": "#0"},
				"up": {"uv": [0, 8, 16, 16], "texture": "#0"},
				"down": {"uv": [0, 0, 16, 8], "texture": "#0"}
			}
		},
		{
			"from": [8, 11, 0],
			"to": [16, 16, 8],
			"rotation": {"angle": 0, "axis": "y", "origin": [8, 16, 0]},
			"faces": {
				"north": {"uv": [0, 0, 8, 5], "texture": "#0"},
				"east": {"uv": [8, 0, 16, 5], "texture": "#0"},
				"south": {"uv": [0, 0, 16, 8], "texture": "#0"},
				"west": {"uv": [0, 0, 8, 5], "texture": "#0"},
				"up": {"uv": [0, 0, 8, 8], "texture": "#0"},
				"down": {"uv": [0, 0, 16, 8], "texture": "#0"}
			}
		},
		{
			"from": [5, 11, 0],
			"to": [8, 14, 8],
			"rotation": {"angle": 0, "axis": "y", "origin": [5, 14, 2]},
			"faces": {
				"north": {"uv": [8, 2, 11, 5], "texture": "#0"},
				"east": {"uv": [0, 3, 6, 6], "texture": "#0"},
				"south": {"uv": [0, 0, 16, 3], "texture": "#0"},
				"west": {"uv": [0, 2, 6, 5], "texture": "#0"},
				"up": {"uv": [9, 5, 12, 13], "texture": "#0"},
				"down": {"uv": [0, 0, 16, 6], "texture": "#0"}
			}
		},
		{
			"from": [0, 11, 5],
			"to": [5, 14, 8],
			"rotation": {"angle": 0, "axis": "y", "origin": [8, 14, 5]},
			"faces": {
				"north": {"uv": [8, 8, 13, 11], "texture": "#0"},
				"east": {"uv": [0, 2, 3, 5], "texture": "#0"},
				"south": {"uv": [0, 0, 16, 3], "texture": "#0"},
				"west": {"uv": [5, 2, 8, 5], "texture": "#0"},
				"up": {"uv": [8, 8, 13, 11], "texture": "#0"},
				"down": {"uv": [0, 0, 16, 3], "texture": "#0"}
			}
		}
	]
}