{
	"credit": "Designed by Kevin *ArtsByKev* www.youtube.com/c/artsbykev , www.twitter.com/artsbykev, Made with Blockbench",
	"ambientocclusion": false,
	"texture_size": [32, 32],
	"textures": {
		"0": "artsbykev_var/textures/rice_plant",
		"particle": "artsbykev_var/textures/rice_plant"
	},
	"elements": [
		{
			"from": [6, 3, 3],
			"to": [6, 10, 7],
			"rotation": {"angle": 0, "axis": "y", "origin": [6, 3, 5]},
			"faces": {
				"north": {"uv": [0, 0, 0, 3.5], "texture": "#0"},
				"east": {"uv": [8, 0, 10, 3.5], "texture": "#0"},
				"south": {"uv": [0, 0, 0, 3.5], "texture": "#0"},
				"west": {"uv": [5, 0, 7, 3.5], "texture": "#0"},
				"up": {"uv": [0, 2, 0, 0], "texture": "#0"},
				"down": {"uv": [0, 0, 0, 2], "texture": "#0"}
			}
		},
		{
			"from": [4, 3, 5],
			"to": [8, 10, 5],
			"rotation": {"angle": 0, "axis": "y", "origin": [6, 3, 5]},
			"faces": {
				"north": {"uv": [2.5, 6.5, 4.5, 10], "texture": "#0"},
				"east": {"uv": [0, 0, 0, 3.5], "texture": "#0"},
				"south": {"uv": [0, 0, 2, 3.5], "texture": "#0"},
				"west": {"uv": [0, 0, 0, 3.5], "texture": "#0"},
				"up": {"uv": [0, 2, 0, 0], "rotation": 270, "texture": "#0"},
				"down": {"uv": [0, 0, 0, 2], "rotation": 90, "texture": "#0"}
			}
		},
		{
			"from": [6, 10, 3],
			"to": [6, 16, 7],
			"rotation": {"angle": 0, "axis": "y", "origin": [6, 10, 5]},
			"faces": {
				"north": {"uv": [0, 0, 0, 3], "texture": "#0"},
				"east": {"uv": [5.5, 3.5, 7.5, 6.5], "texture": "#0"},
				"south": {"uv": [0, 0, 0, 3], "texture": "#0"},
				"west": {"uv": [7.5, 3.5, 9.5, 6.5], "texture": "#0"},
				"up": {"uv": [0, 2, 0, 0], "texture": "#0"},
				"down": {"uv": [0, 0, 0, 2], "texture": "#0"}
			}
		},
		{
			"from": [6, 7, 1.5],
			"to": [6, 13, 5.5],
			"rotation": {"angle": -45, "axis": "y", "origin": [6, 7, 5]},
			"faces": {
				"north": {"uv": [0, 0, 0, 3], "texture": "#0"},
				"east": {"uv": [5.5, 3.5, 7.5, 6.5], "texture": "#0"},
				"south": {"uv": [0, 0, 0, 3], "texture": "#0"},
				"west": {"uv": [7.5, 3.5, 9.5, 6.5], "texture": "#0"},
				"up": {"uv": [0, 2, 0, 0], "texture": "#0"},
				"down": {"uv": [0, 0, 0, 2], "texture": "#0"}
			}
		},
		{
			"from": [5.5, 12, 5.5],
			"to": [9.5, 18, 5.5],
			"rotation": {"angle": -45, "axis": "y", "origin": [6, 12, 5.5]},
			"faces": {
				"north": {"uv": [7.5, 3.5, 9.5, 6.5], "texture": "#0"},
				"east": {"uv": [0, 0, 0, 3], "texture": "#0"},
				"south": {"uv": [5.5, 3.5, 7.5, 6.5], "texture": "#0"},
				"west": {"uv": [0, 0, 0, 3], "texture": "#0"},
				"up": {"uv": [0, 2, 0, 0], "rotation": 90, "texture": "#0"},
				"down": {"uv": [0, 0, 0, 2], "rotation": 270, "texture": "#0"}
			}
		},
		{
			"from": [4, 10, 5],
			"to": [8, 16, 5],
			"rotation": {"angle": 0, "axis": "y", "origin": [6, 10, 5]},
			"faces": {
				"north": {"uv": [0, 8, 2, 11], "texture": "#0"},
				"east": {"uv": [0, 0, 0, 3], "texture": "#0"},
				"south": {"uv": [8.75, 9.5, 10.75, 12.5], "texture": "#0"},
				"west": {"uv": [0, 0, 0, 3], "texture": "#0"},
				"up": {"uv": [0, 2, 0, 0], "rotation": 270, "texture": "#0"},
				"down": {"uv": [0, 0, 0, 2], "rotation": 90, "texture": "#0"}
			}
		},
		{
			"from": [3.5, 11, 6.5],
			"to": [7.5, 17, 6.5],
			"rotation": {"angle": 22.5, "axis": "y", "origin": [6, 11, 6.5]},
			"faces": {
				"north": {"uv": [0, 8, 2, 11], "texture": "#0"},
				"east": {"uv": [0, 0, 0, 3], "texture": "#0"},
				"south": {"uv": [8.75, 9.5, 10.75, 12.5], "texture": "#0"},
				"west": {"uv": [0, 0, 0, 3], "texture": "#0"},
				"up": {"uv": [0, 2, 0, 0], "rotation": 270, "texture": "#0"},
				"down": {"uv": [0, 0, 0, 2], "rotation": 90, "texture": "#0"}
			}
		},
		{
			"name": "root",
			"from": [6, -5, 2.5],
			"to": [6, 3, 7.5],
			"rotation": {"angle": 0, "axis": "y", "origin": [6, 3, 5.5]},
			"faces": {
				"north": {"uv": [0, 0, 0, 4], "texture": "#0"},
				"east": {"uv": [10.25, 0, 12.75, 4], "texture": "#0"},
				"south": {"uv": [0, 0, 0, 4], "texture": "#0"},
				"west": {"uv": [0, 4, 2.5, 8], "texture": "#0"},
				"up": {"uv": [0, 2.5, 0, 0], "texture": "#0"},
				"down": {"uv": [0, 0, 0, 2.5], "texture": "#0"}
			}
		},
		{
			"name": "root",
			"from": [3.5, -5, 5],
			"to": [8.5, 3, 5],
			"rotation": {"angle": 0, "axis": "y", "origin": [6.5, 3, 5]},
			"faces": {
				"north": {"uv": [0, 4, 2.5, 8], "texture": "#0"},
				"east": {"uv": [0, 0, 0, 4], "texture": "#0"},
				"south": {"uv": [10.25, 0, 12.75, 4], "texture": "#0"},
				"west": {"uv": [0, 0, 0, 4], "texture": "#0"},
				"up": {"uv": [2.5, 0, 0, 0], "texture": "#0"},
				"down": {"uv": [2.5, 0, 0, 0], "texture": "#0"}
			}
		},
		{
			"name": "blad",
			"from": [8.67878, 11.46716, 4],
			"to": [8.67878, 17.46716, 6],
			"rotation": {"angle": -45, "axis": "z", "origin": [8.67878, 11.46716, 5]},
			"faces": {
				"north": {"uv": [0, 0, 0, 3], "texture": "#0"},
				"east": {"uv": [2, 10, 3, 13], "texture": "#0"},
				"south": {"uv": [0, 0, 0, 3], "texture": "#0"},
				"west": {"uv": [2, 10, 3, 13], "texture": "#0"},
				"up": {"uv": [0, 1, 0, 0], "texture": "#0"},
				"down": {"uv": [0, 0, 0, 1], "texture": "#0"}
			}
		},
		{
			"name": "blad",
			"from": [5, 9.46645, 1.82051],
			"to": [7, 15.46645, 1.82051],
			"rotation": {"angle": -45, "axis": "x", "origin": [6, 9.46645, 1.82051]},
			"faces": {
				"north": {"uv": [2, 10, 3, 13], "texture": "#0"},
				"east": {"uv": [0, 0, 0, 3], "texture": "#0"},
				"south": {"uv": [2, 10, 3, 13], "texture": "#0"},
				"west": {"uv": [0, 0, 0, 3], "texture": "#0"},
				"up": {"uv": [0, 1, 0, 0], "rotation": 90, "texture": "#0"},
				"down": {"uv": [0, 0, 0, 1], "rotation": 270, "texture": "#0"}
			}
		},
		{
			"name": "blad",
			"from": [3.45319, 10.54257, 4],
			"to": [3.45319, 15.54257, 6],
			"rotation": {"angle": 45, "axis": "z", "origin": [3.45319, 10.54257, 5]},
			"faces": {
				"north": {"uv": [0, 0, 0, 2.5], "texture": "#0"},
				"east": {"uv": [3.5, 0, 4.5, 2.5], "texture": "#0"},
				"south": {"uv": [0, 0, 0, 2.5], "texture": "#0"},
				"west": {"uv": [3.5, 0, 4.5, 2.5], "texture": "#0"},
				"up": {"uv": [0, 1, 0, 0], "texture": "#0"},
				"down": {"uv": [0, 0, 0, 1], "texture": "#0"}
			}
		},
		{
			"name": "blad",
			"from": [4.75, 12.54257, 8.29681],
			"to": [6.75, 17.54257, 8.29681],
			"rotation": {"angle": 45, "axis": "x", "origin": [5.75, 12.54257, 8.29681]},
			"faces": {
				"north": {"uv": [3.5, 0, 4.5, 2.5], "texture": "#0"},
				"east": {"uv": [0, 0, 0, 2.5], "texture": "#0"},
				"south": {"uv": [3.5, 0, 4.5, 2.5], "texture": "#0"},
				"west": {"uv": [0, 0, 0, 2.5], "texture": "#0"},
				"up": {"uv": [0, 1, 0, 0], "rotation": 270, "texture": "#0"},
				"down": {"uv": [0, 0, 0, 1], "rotation": 90, "texture": "#0"}
			}
		},
		{
			"name": "blad",
			"from": [5.75, 5, 4],
			"to": [5.75, 11, 6],
			"rotation": {"angle": 22.5, "axis": "z", "origin": [5.75, 5, 5]},
			"faces": {
				"north": {"uv": [0, 0, 0, 3], "texture": "#0"},
				"east": {"uv": [9.5, 6, 10.5, 9], "texture": "#0"},
				"south": {"uv": [0, 0, 0, 3], "texture": "#0"},
				"west": {"uv": [9.5, 6, 10.5, 9], "texture": "#0"},
				"up": {"uv": [0, 1, 0, 0], "texture": "#0"},
				"down": {"uv": [0, 0, 0, 1], "texture": "#0"}
			}
		},
		{
			"name": "blad",
			"from": [4.75, 7, 6],
			"to": [6.75, 13, 6],
			"rotation": {"angle": 22.5, "axis": "x", "origin": [5.75, 7, 6]},
			"faces": {
				"north": {"uv": [9.5, 6, 10.5, 9], "texture": "#0"},
				"east": {"uv": [0, 0, 0, 3], "texture": "#0"},
				"south": {"uv": [9.5, 6, 10.5, 9], "texture": "#0"},
				"west": {"uv": [0, 0, 0, 3], "texture": "#0"},
				"up": {"uv": [0, 1, 0, 0], "rotation": 270, "texture": "#0"},
				"down": {"uv": [0, 0, 0, 1], "rotation": 90, "texture": "#0"}
			}
		},
		{
			"name": "blad",
			"from": [6, 5, 4],
			"to": [6, 12, 6],
			"rotation": {"angle": -22.5, "axis": "z", "origin": [6, 5, 5]},
			"faces": {
				"north": {"uv": [0, 0, 0, 3.5], "texture": "#0"},
				"east": {"uv": [6.5, 9, 7.5, 12.5], "texture": "#0"},
				"south": {"uv": [0, 0, 0, 3.5], "texture": "#0"},
				"west": {"uv": [6.5, 9, 7.5, 12.5], "texture": "#0"},
				"up": {"uv": [0, 1, 0, 0], "texture": "#0"},
				"down": {"uv": [0, 0, 0, 1], "texture": "#0"}
			}
		},
		{
			"name": "blad",
			"from": [5, 3, 4.5],
			"to": [7, 10, 4.5],
			"rotation": {"angle": -22.5, "axis": "x", "origin": [6, 3, 4.5]},
			"faces": {
				"north": {"uv": [6.5, 9, 7.5, 12.5], "texture": "#0"},
				"east": {"uv": [0, 0, 0, 3.5], "texture": "#0"},
				"south": {"uv": [6.5, 9, 7.5, 12.5], "texture": "#0"},
				"west": {"uv": [0, 0, 0, 3.5], "texture": "#0"},
				"up": {"uv": [0, 1, 0, 0], "rotation": 90, "texture": "#0"},
				"down": {"uv": [0, 0, 0, 1], "rotation": 270, "texture": "#0"}
			}
		}
	]
}