{
	"credit": "Designed by Kevin *ArtsByKev* www.youtube.com/c/artsbykev , www.twitter.com/artsbykev, Made with Blockbench",
	"ambientocclusion": false,
	"texture_size": [32, 32],
	"textures": {
		"0": "artsbykev_var/textures/rice_plant",
		"particle": "artsbykev_var/textures/rice_plant"
	},
	"elements": [
		{
			"from": [11, -1, 7],
			"to": [11, 6, 11],
			"rotation": {"angle": 0, "axis": "y", "origin": [11, -1, 9]},
			"faces": {
				"north": {"uv": [0, 0, 0, 3.5], "texture": "#0"},
				"east": {"uv": [8, 0, 10, 3.5], "texture": "#0"},
				"south": {"uv": [0, 0, 0, 3.5], "texture": "#0"},
				"west": {"uv": [5, 0, 7, 3.5], "texture": "#0"},
				"up": {"uv": [0, 2, 0, 0], "texture": "#0"},
				"down": {"uv": [0, 0, 0, 2], "texture": "#0"}
			}
		},
		{
			"from": [9, -1, 9],
			"to": [13, 6, 9],
			"rotation": {"angle": 0, "axis": "y", "origin": [11, -1, 9]},
			"faces": {
				"north": {"uv": [2.5, 6.5, 4.5, 10], "texture": "#0"},
				"east": {"uv": [0, 0, 0, 3.5], "texture": "#0"},
				"south": {"uv": [0, 0, 2, 3.5], "texture": "#0"},
				"west": {"uv": [0, 0, 0, 3.5], "texture": "#0"},
				"up": {"uv": [0, 2, 0, 0], "rotation": 270, "texture": "#0"},
				"down": {"uv": [0, 0, 0, 2], "rotation": 90, "texture": "#0"}
			}
		},
		{
			"from": [11, 6, 7],
			"to": [11, 12, 11],
			"rotation": {"angle": 0, "axis": "y", "origin": [11, 6, 9]},
			"faces": {
				"north": {"uv": [0, 0, 0, 3], "texture": "#0"},
				"east": {"uv": [5.5, 3.5, 7.5, 6.5], "texture": "#0"},
				"south": {"uv": [0, 0, 0, 3], "texture": "#0"},
				"west": {"uv": [7.5, 3.5, 9.5, 6.5], "texture": "#0"},
				"up": {"uv": [0, 2, 0, 0], "texture": "#0"},
				"down": {"uv": [0, 0, 0, 2], "texture": "#0"}
			}
		},
		{
			"from": [11, 3, 5.5],
			"to": [11, 9, 9.5],
			"rotation": {"angle": -45, "axis": "y", "origin": [11, 3, 9]},
			"faces": {
				"north": {"uv": [0, 0, 0, 3], "texture": "#0"},
				"east": {"uv": [5.5, 3.5, 7.5, 6.5], "texture": "#0"},
				"south": {"uv": [0, 0, 0, 3], "texture": "#0"},
				"west": {"uv": [7.5, 3.5, 9.5, 6.5], "texture": "#0"},
				"up": {"uv": [0, 2, 0, 0], "texture": "#0"},
				"down": {"uv": [0, 0, 0, 2], "texture": "#0"}
			}
		},
		{
			"from": [10.5, 8, 9.5],
			"to": [14.5, 14, 9.5],
			"rotation": {"angle": -45, "axis": "y", "origin": [11, 8, 9.5]},
			"faces": {
				"north": {"uv": [7.5, 3.5, 9.5, 6.5], "texture": "#0"},
				"east": {"uv": [0, 0, 0, 3], "texture": "#0"},
				"south": {"uv": [5.5, 3.5, 7.5, 6.5], "texture": "#0"},
				"west": {"uv": [0, 0, 0, 3], "texture": "#0"},
				"up": {"uv": [0, 2, 0, 0], "rotation": 90, "texture": "#0"},
				"down": {"uv": [0, 0, 0, 2], "rotation": 270, "texture": "#0"}
			}
		},
		{
			"from": [9, 6, 9],
			"to": [13, 12, 9],
			"rotation": {"angle": 0, "axis": "y", "origin": [11, 6, 9]},
			"faces": {
				"north": {"uv": [0, 8, 2, 11], "texture": "#0"},
				"east": {"uv": [0, 0, 0, 3], "texture": "#0"},
				"south": {"uv": [8.75, 9.5, 10.75, 12.5], "texture": "#0"},
				"west": {"uv": [0, 0, 0, 3], "texture": "#0"},
				"up": {"uv": [0, 2, 0, 0], "rotation": 270, "texture": "#0"},
				"down": {"uv": [0, 0, 0, 2], "rotation": 90, "texture": "#0"}
			}
		},
		{
			"from": [8.5, 7, 10.5],
			"to": [12.5, 13, 10.5],
			"rotation": {"angle": 22.5, "axis": "y", "origin": [11, 7, 10.5]},
			"faces": {
				"north": {"uv": [0, 8, 2, 11], "texture": "#0"},
				"east": {"uv": [0, 0, 0, 3], "texture": "#0"},
				"south": {"uv": [8.75, 9.5, 10.75, 12.5], "texture": "#0"},
				"west": {"uv": [0, 0, 0, 3], "texture": "#0"},
				"up": {"uv": [0, 2, 0, 0], "rotation": 270, "texture": "#0"},
				"down": {"uv": [0, 0, 0, 2], "rotation": 90, "texture": "#0"}
			}
		},
		{
			"name": "root",
			"from": [11, -9, 6.5],
			"to": [11, -1, 11.5],
			"rotation": {"angle": 0, "axis": "y", "origin": [11, -1, 9.5]},
			"faces": {
				"north": {"uv": [0, 0, 0, 4], "texture": "#0"},
				"east": {"uv": [10.25, 0, 12.75, 4], "texture": "#0"},
				"south": {"uv": [0, 0, 0, 4], "texture": "#0"},
				"west": {"uv": [0, 4, 2.5, 8], "texture": "#0"},
				"up": {"uv": [0, 2.5, 0, 0], "texture": "#0"},
				"down": {"uv": [0, 0, 0, 2.5], "texture": "#0"}
			}
		},
		{
			"name": "root",
			"from": [8.5, -9, 9],
			"to": [13.5, -1, 9],
			"rotation": {"angle": 0, "axis": "y", "origin": [11.5, -1, 9]},
			"faces": {
				"north": {"uv": [0, 4, 2.5, 8], "texture": "#0"},
				"east": {"uv": [0, 0, 0, 4], "texture": "#0"},
				"south": {"uv": [10.25, 0, 12.75, 4], "texture": "#0"},
				"west": {"uv": [0, 0, 0, 4], "texture": "#0"},
				"up": {"uv": [2.5, 0, 0, 0], "texture": "#0"},
				"down": {"uv": [2.5, 0, 0, 0], "texture": "#0"}
			}
		},
		{
			"name": "blad",
			"from": [13.67878, 7.46716, 8],
			"to": [13.67878, 13.46716, 10],
			"rotation": {"angle": -45, "axis": "z", "origin": [13.67878, 7.46716, 9]},
			"faces": {
				"north": {"uv": [0, 0, 0, 3], "texture": "#0"},
				"east": {"uv": [2, 10, 3, 13], "texture": "#0"},
				"south": {"uv": [0, 0, 0, 3], "texture": "#0"},
				"west": {"uv": [2, 10, 3, 13], "texture": "#0"},
				"up": {"uv": [0, 1, 0, 0], "texture": "#0"},
				"down": {"uv": [0, 0, 0, 1], "texture": "#0"}
			}
		},
		{
			"name": "blad",
			"from": [10, 5.46645, 5.82051],
			"to": [12, 11.46645, 5.82051],
			"rotation": {"angle": -45, "axis": "x", "origin": [11, 5.46645, 5.82051]},
			"faces": {
				"north": {"uv": [2, 10, 3, 13], "texture": "#0"},
				"east": {"uv": [0, 0, 0, 3], "texture": "#0"},
				"south": {"uv": [2, 10, 3, 13], "texture": "#0"},
				"west": {"uv": [0, 0, 0, 3], "texture": "#0"},
				"up": {"uv": [0, 1, 0, 0], "rotation": 90, "texture": "#0"},
				"down": {"uv": [0, 0, 0, 1], "rotation": 270, "texture": "#0"}
			}
		},
		{
			"name": "blad",
			"from": [8.45319, 6.54257, 8],
			"to": [8.45319, 11.54257, 10],
			"rotation": {"angle": 45, "axis": "z", "origin": [8.45319, 6.54257, 9]},
			"faces": {
				"north": {"uv": [0, 0, 0, 2.5], "texture": "#0"},
				"east": {"uv": [3.5, 0, 4.5, 2.5], "texture": "#0"},
				"south": {"uv": [0, 0, 0, 2.5], "texture": "#0"},
				"west": {"uv": [3.5, 0, 4.5, 2.5], "texture": "#0"},
				"up": {"uv": [0, 1, 0, 0], "texture": "#0"},
				"down": {"uv": [0, 0, 0, 1], "texture": "#0"}
			}
		},
		{
			"name": "blad",
			"from": [9.75, 8.54257, 12.29681],
			"to": [11.75, 13.54257, 12.29681],
			"rotation": {"angle": 45, "axis": "x", "origin": [10.75, 8.54257, 12.29681]},
			"faces": {
				"north": {"uv": [3.5, 0, 4.5, 2.5], "texture": "#0"},
				"east": {"uv": [0, 0, 0, 2.5], "texture": "#0"},
				"south": {"uv": [3.5, 0, 4.5, 2.5], "texture": "#0"},
				"west": {"uv": [0, 0, 0, 2.5], "texture": "#0"},
				"up": {"uv": [0, 1, 0, 0], "rotation": 270, "texture": "#0"},
				"down": {"uv": [0, 0, 0, 1], "rotation": 90, "texture": "#0"}
			}
		},
		{
			"name": "blad",
			"from": [10.75, 1, 8],
			"to": [10.75, 7, 10],
			"rotation": {"angle": 22.5, "axis": "z", "origin": [10.75, 1, 9]},
			"faces": {
				"north": {"uv": [0, 0, 0, 3], "texture": "#0"},
				"east": {"uv": [9.5, 6, 10.5, 9], "texture": "#0"},
				"south": {"uv": [0, 0, 0, 3], "texture": "#0"},
				"west": {"uv": [9.5, 6, 10.5, 9], "texture": "#0"},
				"up": {"uv": [0, 1, 0, 0], "texture": "#0"},
				"down": {"uv": [0, 0, 0, 1], "texture": "#0"}
			}
		},
		{
			"name": "blad",
			"from": [9.75, 3, 10],
			"to": [11.75, 9, 10],
			"rotation": {"angle": 22.5, "axis": "x", "origin": [10.75, 3, 10]},
			"faces": {
				"north": {"uv": [9.5, 6, 10.5, 9], "texture": "#0"},
				"east": {"uv": [0, 0, 0, 3], "texture": "#0"},
				"south": {"uv": [9.5, 6, 10.5, 9], "texture": "#0"},
				"west": {"uv": [0, 0, 0, 3], "texture": "#0"},
				"up": {"uv": [0, 1, 0, 0], "rotation": 270, "texture": "#0"},
				"down": {"uv": [0, 0, 0, 1], "rotation": 90, "texture": "#0"}
			}
		},
		{
			"name": "blad",
			"from": [11, 1, 8],
			"to": [11, 8, 10],
			"rotation": {"angle": -22.5, "axis": "z", "origin": [11, 1, 9]},
			"faces": {
				"north": {"uv": [0, 0, 0, 3.5], "texture": "#0"},
				"east": {"uv": [6.5, 9, 7.5, 12.5], "texture": "#0"},
				"south": {"uv": [0, 0, 0, 3.5], "texture": "#0"},
				"west": {"uv": [6.5, 9, 7.5, 12.5], "texture": "#0"},
				"up": {"uv": [0, 1, 0, 0], "texture": "#0"},
				"down": {"uv": [0, 0, 0, 1], "texture": "#0"}
			}
		},
		{
			"name": "blad",
			"from": [10, -1, 8.5],
			"to": [12, 6, 8.5],
			"rotation": {"angle": -22.5, "axis": "x", "origin": [11, -1, 8.5]},
			"faces": {
				"north": {"uv": [6.5, 9, 7.5, 12.5], "texture": "#0"},
				"east": {"uv": [0, 0, 0, 3.5], "texture": "#0"},
				"south": {"uv": [6.5, 9, 7.5, 12.5], "texture": "#0"},
				"west": {"uv": [0, 0, 0, 3.5], "texture": "#0"},
				"up": {"uv": [0, 1, 0, 0], "rotation": 90, "texture": "#0"},
				"down": {"uv": [0, 0, 0, 1], "rotation": 270, "texture": "#0"}
			}
		}
	]
}