{
	"credit": "Designed by Kevin *ArtsByKev* www.youtube.com/c/artsbykev , www.twitter.com/artsbykev, Made with Blockbench",
	"ambientocclusion": false,
	"texture_size": [32, 32],
	"textures": {
		"0": "artsbykev_var/textures/rice_plant",
		"particle": "artsbykev_var/textures/rice_plant"
	},
	"elements": [
		{
			"from": [8, 0, 6],
			"to": [8, 7, 10],
			"rotation": {"angle": 0, "axis": "y", "origin": [8, 0, 8]},
			"faces": {
				"north": {"uv": [0, 0, 0, 3.5], "texture": "#0"},
				"east": {"uv": [8, 0, 10, 3.5], "texture": "#0"},
				"south": {"uv": [0, 0, 0, 3.5], "texture": "#0"},
				"west": {"uv": [5, 0, 7, 3.5], "texture": "#0"},
				"up": {"uv": [0, 2, 0, 0], "texture": "#0"},
				"down": {"uv": [0, 0, 0, 2], "texture": "#0"}
			}
		},
		{
			"from": [6, 0, 8],
			"to": [10, 7, 8],
			"rotation": {"angle": 0, "axis": "y", "origin": [8, 0, 8]},
			"faces": {
				"north": {"uv": [2.5, 6.5, 4.5, 10], "texture": "#0"},
				"east": {"uv": [0, 0, 0, 3.5], "texture": "#0"},
				"south": {"uv": [0, 0, 2, 3.5], "texture": "#0"},
				"west": {"uv": [0, 0, 0, 3.5], "texture": "#0"},
				"up": {"uv": [0, 2, 0, 0], "rotation": 270, "texture": "#0"},
				"down": {"uv": [0, 0, 0, 2], "rotation": 90, "texture": "#0"}
			}
		},
		{
			"from": [8, 7, 6],
			"to": [8, 13, 10],
			"rotation": {"angle": 0, "axis": "y", "origin": [8, 7, 8]},
			"faces": {
				"north": {"uv": [0, 0, 0, 3], "texture": "#0"},
				"east": {"uv": [5.5, 3.5, 7.5, 6.5], "texture": "#0"},
				"south": {"uv": [0, 0, 0, 3], "texture": "#0"},
				"west": {"uv": [7.5, 3.5, 9.5, 6.5], "texture": "#0"},
				"up": {"uv": [0, 2, 0, 0], "texture": "#0"},
				"down": {"uv": [0, 0, 0, 2], "texture": "#0"}
			}
		},
		{
			"from": [8, 4, 4.5],
			"to": [8, 10, 8.5],
			"rotation": {"angle": -45, "axis": "y", "origin": [8, 4, 8]},
			"faces": {
				"north": {"uv": [0, 0, 0, 3], "texture": "#0"},
				"east": {"uv": [5.5, 3.5, 7.5, 6.5], "texture": "#0"},
				"south": {"uv": [0, 0, 0, 3], "texture": "#0"},
				"west": {"uv": [7.5, 3.5, 9.5, 6.5], "texture": "#0"},
				"up": {"uv": [0, 2, 0, 0], "texture": "#0"},
				"down": {"uv": [0, 0, 0, 2], "texture": "#0"}
			}
		},
		{
			"from": [7.5, 9, 8.5],
			"to": [11.5, 15, 8.5],
			"rotation": {"angle": -45, "axis": "y", "origin": [8, 9, 8.5]},
			"faces": {
				"north": {"uv": [7.5, 3.5, 9.5, 6.5], "texture": "#0"},
				"east": {"uv": [0, 0, 0, 3], "texture": "#0"},
				"south": {"uv": [5.5, 3.5, 7.5, 6.5], "texture": "#0"},
				"west": {"uv": [0, 0, 0, 3], "texture": "#0"},
				"up": {"uv": [0, 2, 0, 0], "rotation": 90, "texture": "#0"},
				"down": {"uv": [0, 0, 0, 2], "rotation": 270, "texture": "#0"}
			}
		},
		{
			"from": [6, 7, 8],
			"to": [10, 13, 8],
			"rotation": {"angle": 0, "axis": "y", "origin": [8, 7, 8]},
			"faces": {
				"north": {"uv": [0, 8, 2, 11], "texture": "#0"},
				"east": {"uv": [0, 0, 0, 3], "texture": "#0"},
				"south": {"uv": [8.75, 9.5, 10.75, 12.5], "texture": "#0"},
				"west": {"uv": [0, 0, 0, 3], "texture": "#0"},
				"up": {"uv": [0, 2, 0, 0], "rotation": 270, "texture": "#0"},
				"down": {"uv": [0, 0, 0, 2], "rotation": 90, "texture": "#0"}
			}
		},
		{
			"from": [5.5, 8, 9.5],
			"to": [9.5, 14, 9.5],
			"rotation": {"angle": 22.5, "axis": "y", "origin": [8, 8, 9.5]},
			"faces": {
				"north": {"uv": [0, 8, 2, 11], "texture": "#0"},
				"east": {"uv": [0, 0, 0, 3], "texture": "#0"},
				"south": {"uv": [8.75, 9.5, 10.75, 12.5], "texture": "#0"},
				"west": {"uv": [0, 0, 0, 3], "texture": "#0"},
				"up": {"uv": [0, 2, 0, 0], "rotation": 270, "texture": "#0"},
				"down": {"uv": [0, 0, 0, 2], "rotation": 90, "texture": "#0"}
			}
		},
		{
			"name": "root",
			"from": [8, -8, 5.5],
			"to": [8, 0, 10.5],
			"rotation": {"angle": 0, "axis": "y", "origin": [8, 0, 8.5]},
			"faces": {
				"north": {"uv": [0, 0, 0, 4], "texture": "#0"},
				"east": {"uv": [10.25, 0, 12.75, 4], "texture": "#0"},
				"south": {"uv": [0, 0, 0, 4], "texture": "#0"},
				"west": {"uv": [0, 4, 2.5, 8], "texture": "#0"},
				"up": {"uv": [0, 2.5, 0, 0], "texture": "#0"},
				"down": {"uv": [0, 0, 0, 2.5], "texture": "#0"}
			}
		},
		{
			"name": "root",
			"from": [5.5, -8, 8],
			"to": [10.5, 0, 8],
			"rotation": {"angle": 0, "axis": "y", "origin": [8.5, 0, 8]},
			"faces": {
				"north": {"uv": [0, 4, 2.5, 8], "texture": "#0"},
				"east": {"uv": [0, 0, 0, 4], "texture": "#0"},
				"south": {"uv": [10.25, 0, 12.75, 4], "texture": "#0"},
				"west": {"uv": [0, 0, 0, 4], "texture": "#0"},
				"up": {"uv": [2.5, 0, 0, 0], "texture": "#0"},
				"down": {"uv": [2.5, 0, 0, 0], "texture": "#0"}
			}
		},
		{
			"name": "blad",
			"from": [10.67878, 8.46716, 7],
			"to": [10.67878, 14.46716, 9],
			"rotation": {"angle": -45, "axis": "z", "origin": [10.67878, 8.46716, 8]},
			"faces": {
				"north": {"uv": [0, 0, 0, 3], "texture": "#0"},
				"east": {"uv": [2, 10, 3, 13], "texture": "#0"},
				"south": {"uv": [0, 0, 0, 3], "texture": "#0"},
				"west": {"uv": [2, 10, 3, 13], "texture": "#0"},
				"up": {"uv": [0, 1, 0, 0], "texture": "#0"},
				"down": {"uv": [0, 0, 0, 1], "texture": "#0"}
			}
		},
		{
			"name": "blad",
			"from": [7, 6.46645, 4.82051],
			"to": [9, 12.46645, 4.82051],
			"rotation": {"angle": -45, "axis": "x", "origin": [8, 6.46645, 4.82051]},
			"faces": {
				"north": {"uv": [2, 10, 3, 13], "texture": "#0"},
				"east": {"uv": [0, 0, 0, 3], "texture": "#0"},
				"south": {"uv": [2, 10, 3, 13], "texture": "#0"},
				"west": {"uv": [0, 0, 0, 3], "texture": "#0"},
				"up": {"uv": [0, 1, 0, 0], "rotation": 90, "texture": "#0"},
				"down": {"uv": [0, 0, 0, 1], "rotation": 270, "texture": "#0"}
			}
		},
		{
			"name": "blad",
			"from": [5.45319, 7.54257, 7],
			"to": [5.45319, 12.54257, 9],
			"rotation": {"angle": 45, "axis": "z", "origin": [5.45319, 7.54257, 8]},
			"faces": {
				"north": {"uv": [0, 0, 0, 2.5], "texture": "#0"},
				"east": {"uv": [3.5, 0, 4.5, 2.5], "texture": "#0"},
				"south": {"uv": [0, 0, 0, 2.5], "texture": "#0"},
				"west": {"uv": [3.5, 0, 4.5, 2.5], "texture": "#0"},
				"up": {"uv": [0, 1, 0, 0], "texture": "#0"},
				"down": {"uv": [0, 0, 0, 1], "texture": "#0"}
			}
		},
		{
			"name": "blad",
			"from": [6.75, 9.54257, 11.29681],
			"to": [8.75, 14.54257, 11.29681],
			"rotation": {"angle": 45, "axis": "x", "origin": [7.75, 9.54257, 11.29681]},
			"faces": {
				"north": {"uv": [3.5, 0, 4.5, 2.5], "texture": "#0"},
				"east": {"uv": [0, 0, 0, 2.5], "texture": "#0"},
				"south": {"uv": [3.5, 0, 4.5, 2.5], "texture": "#0"},
				"west": {"uv": [0, 0, 0, 2.5], "texture": "#0"},
				"up": {"uv": [0, 1, 0, 0], "rotation": 270, "texture": "#0"},
				"down": {"uv": [0, 0, 0, 1], "rotation": 90, "texture": "#0"}
			}
		},
		{
			"name": "blad",
			"from": [7.75, 2, 7],
			"to": [7.75, 8, 9],
			"rotation": {"angle": 22.5, "axis": "z", "origin": [7.75, 2, 8]},
			"faces": {
				"north": {"uv": [0, 0, 0, 3], "texture": "#0"},
				"east": {"uv": [9.5, 6, 10.5, 9], "texture": "#0"},
				"south": {"uv": [0, 0, 0, 3], "texture": "#0"},
				"west": {"uv": [9.5, 6, 10.5, 9], "texture": "#0"},
				"up": {"uv": [0, 1, 0, 0], "texture": "#0"},
				"down": {"uv": [0, 0, 0, 1], "texture": "#0"}
			}
		},
		{
			"name": "blad",
			"from": [6.75, 4, 9],
			"to": [8.75, 10, 9],
			"rotation": {"angle": 22.5, "axis": "x", "origin": [7.75, 4, 9]},
			"faces": {
				"north": {"uv": [9.5, 6, 10.5, 9], "texture": "#0"},
				"east": {"uv": [0, 0, 0, 3], "texture": "#0"},
				"south": {"uv": [9.5, 6, 10.5, 9], "texture": "#0"},
				"west": {"uv": [0, 0, 0, 3], "texture": "#0"},
				"up": {"uv": [0, 1, 0, 0], "rotation": 270, "texture": "#0"},
				"down": {"uv": [0, 0, 0, 1], "rotation": 90, "texture": "#0"}
			}
		},
		{
			"name": "blad",
			"from": [8, 2, 7],
			"to": [8, 9, 9],
			"rotation": {"angle": -22.5, "axis": "z", "origin": [8, 2, 8]},
			"faces": {
				"north": {"uv": [0, 0, 0, 3.5], "texture": "#0"},
				"east": {"uv": [6.5, 9, 7.5, 12.5], "texture": "#0"},
				"south": {"uv": [0, 0, 0, 3.5], "texture": "#0"},
				"west": {"uv": [6.5, 9, 7.5, 12.5], "texture": "#0"},
				"up": {"uv": [0, 1, 0, 0], "texture": "#0"},
				"down": {"uv": [0, 0, 0, 1], "texture": "#0"}
			}
		},
		{
			"name": "blad",
			"from": [7, 0, 7.5],
			"to": [9, 7, 7.5],
			"rotation": {"angle": -22.5, "axis": "x", "origin": [8, 0, 7.5]},
			"faces": {
				"north": {"uv": [6.5, 9, 7.5, 12.5], "texture": "#0"},
				"east": {"uv": [0, 0, 0, 3.5], "texture": "#0"},
				"south": {"uv": [6.5, 9, 7.5, 12.5], "texture": "#0"},
				"west": {"uv": [0, 0, 0, 3.5], "texture": "#0"},
				"up": {"uv": [0, 1, 0, 0], "rotation": 90, "texture": "#0"},
				"down": {"uv": [0, 0, 0, 1], "rotation": 270, "texture": "#0"}
			}
		}
	]
}