{
	"credit": " (C)ArtsByKev, https://youtube.com/c/artsbykev & https://twitter.com/artsbykev - Using Blockbench",
	"ambientocclusion": false,
	"texture_size": [32, 32],
	"textures": {
		"0": "artsbykev_var/textures/skeleton_parts",
		"particle": "artsbykev_var/textures/skeleton_parts"
	},
	"elements": [
		{
			"from": [6.5, 0, 2.4],
			"to": [7.5, 5, 3.4],
			"rotation": {"angle": -22.5, "axis": "x", "origin": [7.5, 0, 3.4]},
			"faces": {
				"north": {"uv": [1.5, 6.5, 2, 9], "texture": "#0"},
				"east": {"uv": [4, 6.5, 4.5, 9], "texture": "#0"},
				"south": {"uv": [4.5, 6.5, 5, 9], "texture": "#0"},
				"west": {"uv": [5, 6.5, 5.5, 9], "texture": "#0"},
				"up": {"uv": [4.5, 11.5, 4, 11], "texture": "#0"},
				"down": {"uv": [5, 11, 4.5, 11.5], "texture": "#0"}
			}
		},
		{
			"from": [1, -0.25, 1.5],
			"to": [2, 0.75, 6.5],
			"rotation": {"angle": 0, "axis": "x", "origin": [1, -0.25, 1.5]},
			"faces": {
				"north": {"uv": [8.5, 7.5, 8, 8], "rotation": 180, "texture": "#0"},
				"east": {"uv": [0, 6.5, 0.5, 9], "rotation": 270, "texture": "#0"},
				"south": {"uv": [8, 7.5, 7.5, 7], "texture": "#0"},
				"west": {"uv": [1, 6.5, 1.5, 9], "rotation": 90, "texture": "#0"},
				"up": {"uv": [6, 1.5, 6.5, 4], "rotation": 180, "texture": "#0"},
				"down": {"uv": [0.5, 6.5, 1, 9], "texture": "#0"}
			}
		},
		{
			"from": [-0.5, -0.25, 1.75],
			"to": [0.5, 0.75, 5.75],
			"rotation": {"angle": 0, "axis": "x", "origin": [-0.5, -0.25, 1.75]},
			"faces": {
				"north": {"uv": [9.5, 5, 9, 5.5], "rotation": 180, "texture": "#0"},
				"east": {"uv": [0.5, 9, 1, 11], "rotation": 270, "texture": "#0"},
				"south": {"uv": [5.5, 9.5, 5, 9], "texture": "#0"},
				"west": {"uv": [1.5, 9, 2, 11], "rotation": 90, "texture": "#0"},
				"up": {"uv": [0, 9, 0.5, 11], "rotation": 180, "texture": "#0"},
				"down": {"uv": [1, 9, 1.5, 11], "texture": "#0"}
			}
		},
		{
			"from": [1.25, -1.25, 6.25],
			"to": [2.25, 0.75, 7.25],
			"rotation": {"angle": 45, "axis": "z", "origin": [1.25, 0.75, 7.25]},
			"faces": {
				"north": {"uv": [10, 6.5, 10.5, 7.5], "texture": "#0"},
				"east": {"uv": [5, 10.5, 5.5, 11.5], "texture": "#0"},
				"south": {"uv": [5.5, 10.5, 6, 11.5], "texture": "#0"},
				"west": {"uv": [6, 10.5, 6.5, 11.5], "texture": "#0"},
				"up": {"uv": [7.5, 10, 7, 9.5], "texture": "#0"},
				"down": {"uv": [10.5, 4.5, 10, 5], "texture": "#0"}
			}
		},
		{
			"from": [0, -0.25, 5.5],
			"to": [2, 0.75, 7.5],
			"rotation": {"angle": 22.5, "axis": "z", "origin": [1, -0.25, 6.5]},
			"faces": {
				"north": {"uv": [10, 2.5, 11, 3], "texture": "#0"},
				"east": {"uv": [10, 3, 11, 3.5], "texture": "#0"},
				"south": {"uv": [10, 3.5, 11, 4], "texture": "#0"},
				"west": {"uv": [10, 4, 11, 4.5], "texture": "#0"},
				"up": {"uv": [3, 10, 2, 9], "texture": "#0"},
				"down": {"uv": [4, 9, 3, 10], "texture": "#0"}
			}
		},
		{
			"from": [8, 0, 15],
			"to": [10, 2, 16],
			"rotation": {"angle": -22.5, "axis": "y", "origin": [9, 0, 16]},
			"faces": {
				"north": {"uv": [8, 0.5, 9, 1.5], "texture": "#0"},
				"east": {"uv": [10, 0, 10.5, 1], "texture": "#0"},
				"south": {"uv": [8, 1.5, 9, 2.5], "texture": "#0"},
				"west": {"uv": [10, 1, 10.5, 2], "texture": "#0"},
				"up": {"uv": [10.5, 6.5, 9.5, 6], "texture": "#0"},
				"down": {"uv": [11, 2, 10, 2.5], "texture": "#0"}
			}
		},
		{
			"from": [11, 0.25, 11],
			"to": [12, 1.25, 16],
			"rotation": {"angle": -22.5, "axis": "y", "origin": [11.5, 0.75, 10]},
			"faces": {
				"north": {"uv": [11, 2.5, 11.5, 3], "texture": "#0"},
				"east": {"uv": [7, 5.5, 9.5, 6], "texture": "#0"},
				"south": {"uv": [11, 3, 11.5, 3.5], "texture": "#0"},
				"west": {"uv": [7, 6, 9.5, 6.5], "texture": "#0"},
				"up": {"uv": [8, 5.5, 7.5, 3], "texture": "#0"},
				"down": {"uv": [8.5, 8, 8, 10.5], "texture": "#0"}
			}
		},
		{
			"from": [7.5, 3, 15],
			"to": [8.5, 4, 16],
			"rotation": {"angle": -22.5, "axis": "y", "origin": [8.5, 3, 16]},
			"faces": {
				"north": {"uv": [11, 9.5, 11.5, 10], "texture": "#0"},
				"east": {"uv": [11, 10, 11.5, 10.5], "texture": "#0"},
				"south": {"uv": [11, 10.5, 11.5, 11], "texture": "#0"},
				"west": {"uv": [0, 11.5, 0.5, 12], "texture": "#0"},
				"up": {"uv": [1, 12, 0.5, 11.5], "texture": "#0"},
				"down": {"uv": [1.5, 11.5, 1, 12], "texture": "#0"}
			}
		},
		{
			"from": [7.75, 2, 14.75],
			"to": [8.75, 3, 15.75],
			"rotation": {"angle": -22.5, "axis": "y", "origin": [8.75, 2, 15.75]},
			"faces": {
				"north": {"uv": [11, 3.5, 11.5, 4], "texture": "#0"},
				"east": {"uv": [11, 4, 11.5, 4.5], "texture": "#0"},
				"south": {"uv": [11, 4.5, 11.5, 5], "texture": "#0"},
				"west": {"uv": [11, 5, 11.5, 5.5], "texture": "#0"},
				"up": {"uv": [11.5, 6, 11, 5.5], "texture": "#0"},
				"down": {"uv": [11.5, 6, 11, 6.5], "texture": "#0"}
			}
		},
		{
			"from": [9, 2, 14.75],
			"to": [10, 3, 15.75],
			"rotation": {"angle": -22.5, "axis": "y", "origin": [10, 2, 15.75]},
			"faces": {
				"north": {"uv": [11, 6.5, 11.5, 7], "texture": "#0"},
				"east": {"uv": [11, 7, 11.5, 7.5], "texture": "#0"},
				"south": {"uv": [11, 7.5, 11.5, 8], "texture": "#0"},
				"west": {"uv": [11, 8, 11.5, 8.5], "texture": "#0"},
				"up": {"uv": [11.5, 9, 11, 8.5], "texture": "#0"},
				"down": {"uv": [11.5, 9, 11, 9.5], "texture": "#0"}
			}
		},
		{
			"from": [9.25, 3, 15],
			"to": [10.25, 4, 16],
			"rotation": {"angle": -22.5, "axis": "y", "origin": [10.25, 3, 16]},
			"faces": {
				"north": {"uv": [1.5, 11.5, 2, 12], "texture": "#0"},
				"east": {"uv": [2, 11.5, 2.5, 12], "texture": "#0"},
				"south": {"uv": [2.5, 11.5, 3, 12], "texture": "#0"},
				"west": {"uv": [3, 11.5, 3.5, 12], "texture": "#0"},
				"up": {"uv": [4, 12, 3.5, 11.5], "texture": "#0"},
				"down": {"uv": [4.5, 11.5, 4, 12], "texture": "#0"}
			}
		},
		{
			"from": [11, 0, 9],
			"to": [13, 2, 11],
			"rotation": {"angle": 0, "axis": "y", "origin": [12, 0, 10]},
			"faces": {
				"north": {"uv": [4, 9, 5, 10], "texture": "#0"},
				"east": {"uv": [9, 0, 10, 1], "texture": "#0"},
				"south": {"uv": [9, 1, 10, 2], "texture": "#0"},
				"west": {"uv": [9, 2, 10, 3], "texture": "#0"},
				"up": {"uv": [10, 4, 9, 3], "texture": "#0"},
				"down": {"uv": [10, 4, 9, 5], "texture": "#0"}
			}
		},
		{
			"from": [9.5, 0.25, 5],
			"to": [10.5, 1.25, 10],
			"rotation": {"angle": 22.5, "axis": "y", "origin": [10, 0.75, 4]},
			"faces": {
				"north": {"uv": [11, 11, 11.5, 11.5], "texture": "#0"},
				"east": {"uv": [5.5, 6.5, 8, 7], "texture": "#0"},
				"south": {"uv": [11, 0, 11.5, 0.5], "texture": "#0"},
				"west": {"uv": [6.5, 0, 9, 0.5], "texture": "#0"},
				"up": {"uv": [7, 3, 6.5, 0.5], "texture": "#0"},
				"down": {"uv": [7, 3, 6.5, 5.5], "texture": "#0"}
			}
		},
		{
			"from": [9, -0.25, 3],
			"to": [11, 1.75, 5],
			"rotation": {"angle": 22.5, "axis": "y", "origin": [10, -0.25, 4]},
			"faces": {
				"north": {"uv": [8, 2.5, 9, 3.5], "texture": "#0"},
				"east": {"uv": [8, 3.5, 9, 4.5], "texture": "#0"},
				"south": {"uv": [8, 4.5, 9, 5.5], "texture": "#0"},
				"west": {"uv": [8, 6.5, 9, 7.5], "texture": "#0"},
				"up": {"uv": [9.5, 9.5, 8.5, 8.5], "texture": "#0"},
				"down": {"uv": [9.5, 7.5, 8.5, 8.5], "texture": "#0"}
			}
		},
		{
			"from": [9.5, 5.75, 2],
			"to": [11.5, 7.75, 4],
			"rotation": {"angle": 22.5, "axis": "x", "origin": [10.5, 6.75, 2]},
			"faces": {
				"north": {"uv": [9.5, 7.5, 10.5, 8.5], "texture": "#0"},
				"east": {"uv": [9.5, 8.5, 10.5, 9.5], "texture": "#0"},
				"south": {"uv": [2, 10, 3, 11], "texture": "#0"},
				"west": {"uv": [3, 10, 4, 11], "texture": "#0"},
				"up": {"uv": [5, 11, 4, 10], "texture": "#0"},
				"down": {"uv": [8, 10, 7, 11], "texture": "#0"}
			}
		},
		{
			"from": [10, 1.25, 2.25],
			"to": [11, 6.25, 3.25],
			"rotation": {"angle": 22.5, "axis": "x", "origin": [10.5, 7.25, 2.75]},
			"faces": {
				"north": {"uv": [7, 0.5, 7.5, 3], "texture": "#0"},
				"east": {"uv": [7, 3, 7.5, 5.5], "texture": "#0"},
				"south": {"uv": [7.5, 7.5, 8, 10], "texture": "#0"},
				"west": {"uv": [7.5, 0.5, 8, 3], "texture": "#0"},
				"up": {"uv": [11.5, 2, 11, 1.5], "texture": "#0"},
				"down": {"uv": [11.5, 2, 11, 2.5], "texture": "#0"}
			}
		},
		{
			"from": [2.5, 6.25, 1.5],
			"to": [4.5, 8.25, 3.5],
			"rotation": {"angle": 0, "axis": "z", "origin": [3.5, 7.25, 1.5]},
			"faces": {
				"north": {"uv": [9, 6.5, 10, 7.5], "texture": "#0"},
				"east": {"uv": [5, 9.5, 6, 10.5], "texture": "#0"},
				"south": {"uv": [6, 9.5, 7, 10.5], "texture": "#0"},
				"west": {"uv": [8.5, 9.5, 9.5, 10.5], "texture": "#0"},
				"up": {"uv": [10.5, 10.5, 9.5, 9.5], "texture": "#0"},
				"down": {"uv": [10.5, 5, 9.5, 6], "texture": "#0"}
			}
		},
		{
			"from": [3, 2, 1.75],
			"to": [4, 7, 2.75],
			"rotation": {"angle": 0, "axis": "z", "origin": [3.5, 8, 2.25]},
			"faces": {
				"north": {"uv": [5.5, 7, 6, 9.5], "texture": "#0"},
				"east": {"uv": [6, 7, 6.5, 9.5], "texture": "#0"},
				"south": {"uv": [6.5, 7, 7, 9.5], "texture": "#0"},
				"west": {"uv": [7, 7, 7.5, 9.5], "texture": "#0"},
				"up": {"uv": [11.5, 1, 11, 0.5], "texture": "#0"},
				"down": {"uv": [11.5, 1, 11, 1.5], "texture": "#0"}
			}
		},
		{
			"from": [6, 2.075, 3],
			"to": [10, 2.075, 6],
			"rotation": {"angle": 0, "axis": "y", "origin": [8, 0.075, 4]},
			"faces": {
				"north": {"uv": [4, 3, 6, 4], "texture": "#0"},
				"east": {"uv": [4, 5.5, 5.5, 6.5], "texture": "#0"},
				"south": {"uv": [2, 5, 4, 6], "texture": "#0"},
				"west": {"uv": [5.5, 5.5, 7, 6.5], "texture": "#0"},
				"up": {"uv": [6, 3, 4, 1.5], "texture": "#0"},
				"down": {"uv": [2, 5, 0, 6.5], "texture": "#0"}
			}
		},
		{
			"from": [6, 0.075, 6],
			"to": [10, 2.075, 6],
			"rotation": {"angle": 0, "axis": "y", "origin": [8, 0.075, 4]},
			"faces": {
				"north": {"uv": [4, 3, 6, 4], "texture": "#0"},
				"east": {"uv": [4, 5.5, 5.5, 6.5], "texture": "#0"},
				"south": {"uv": [2, 5, 4, 6], "texture": "#0"},
				"west": {"uv": [5.5, 5.5, 7, 6.5], "texture": "#0"},
				"up": {"uv": [6, 3, 4, 1.5], "texture": "#0"},
				"down": {"uv": [2, 5, 0, 6.5], "texture": "#0"}
			}
		},
		{
			"from": [6, 0.075, 3],
			"to": [6, 2.075, 6],
			"rotation": {"angle": 0, "axis": "y", "origin": [8, 0.075, 4]},
			"faces": {
				"north": {"uv": [4, 3, 6, 4], "texture": "#0"},
				"east": {"uv": [4, 5.5, 5.5, 6.5], "texture": "#0"},
				"south": {"uv": [2, 5, 4, 6], "texture": "#0"},
				"west": {"uv": [5.5, 5.5, 7, 6.5], "texture": "#0"},
				"up": {"uv": [6, 3, 4, 1.5], "texture": "#0"},
				"down": {"uv": [2, 5, 0, 6.5], "texture": "#0"}
			}
		},
		{
			"from": [6, 0.075, 3],
			"to": [10, 0.075, 6],
			"rotation": {"angle": 0, "axis": "y", "origin": [8, 0.075, 4]},
			"faces": {
				"north": {"uv": [4, 3, 6, 4], "texture": "#0"},
				"east": {"uv": [4, 5.5, 5.5, 6.5], "texture": "#0"},
				"south": {"uv": [2, 5, 4, 6], "texture": "#0"},
				"west": {"uv": [5.5, 5.5, 7, 6.5], "texture": "#0"},
				"up": {"uv": [6, 3, 4, 1.5], "texture": "#0"},
				"down": {"uv": [2, 5, 0, 6.5], "texture": "#0"}
			}
		},
		{
			"from": [6, 0.075, 3],
			"to": [10, 2.075, 3],
			"rotation": {"angle": 0, "axis": "y", "origin": [8, 0.075, 4]},
			"faces": {
				"north": {"uv": [4, 3, 6, 4], "texture": "#0"},
				"east": {"uv": [4, 5.5, 5.5, 6.5], "texture": "#0"},
				"south": {"uv": [2, 5, 4, 6], "texture": "#0"},
				"west": {"uv": [5.5, 5.5, 7, 6.5], "texture": "#0"},
				"up": {"uv": [6, 3, 4, 1.5], "texture": "#0"},
				"down": {"uv": [2, 5, 0, 6.5], "texture": "#0"}
			}
		},
		{
			"from": [10, 0.075, 3],
			"to": [10, 2.075, 6],
			"rotation": {"angle": 0, "axis": "y", "origin": [8, 0.075, 4]},
			"faces": {
				"north": {"uv": [6, 3, 4, 4], "texture": "#0"},
				"east": {"uv": [7, 5.5, 5.5, 6.5], "texture": "#0"},
				"south": {"uv": [4, 5, 2, 6], "texture": "#0"},
				"west": {"uv": [5.5, 5.5, 4, 6.5], "texture": "#0"},
				"up": {"uv": [4, 3, 6, 1.5], "texture": "#0"},
				"down": {"uv": [0, 5, 2, 6.5], "texture": "#0"}
			}
		},
		{
			"from": [4.5, 4.25, 4.15],
			"to": [9.5, 9.25, 4.15],
			"rotation": {"angle": 0, "axis": "x", "origin": [7.5, 4.25, 1.15]},
			"faces": {
				"north": {"uv": [0, 0, 2.5, 2.5], "texture": "#0"},
				"east": {"uv": [2.5, 2.5, 4, 5], "texture": "#0"},
				"south": {"uv": [0, 2.5, 2.5, 5], "texture": "#0"},
				"west": {"uv": [2.5, 0, 4, 2.5], "texture": "#0"},
				"up": {"uv": [6.5, 5.5, 4, 4], "texture": "#0"},
				"down": {"uv": [6.5, 0, 4, 1.5], "texture": "#0"}
			}
		},
		{
			"from": [9.5, 4.25, 1.15],
			"to": [9.5, 9.25, 4.15],
			"rotation": {"angle": 0, "axis": "x", "origin": [6.5, 4.25, 1.15]},
			"faces": {
				"north": {"uv": [2.5, 0, 0, 2.5], "texture": "#0"},
				"east": {"uv": [4, 0, 2.5, 2.5], "texture": "#0"},
				"south": {"uv": [2.5, 2.5, 0, 5], "texture": "#0"},
				"west": {"uv": [4, 2.5, 2.5, 5], "texture": "#0"},
				"up": {"uv": [4, 5.5, 6.5, 4], "texture": "#0"},
				"down": {"uv": [4, 0, 6.5, 1.5], "texture": "#0"}
			}
		},
		{
			"from": [4.5, 4.25, 1.15],
			"to": [9.5, 9.25, 1.15],
			"rotation": {"angle": 0, "axis": "x", "origin": [7.5, 4.25, 1.15]},
			"faces": {
				"north": {"uv": [0, 0, 2.5, 2.5], "texture": "#0"},
				"east": {"uv": [2.5, 2.5, 4, 5], "texture": "#0"},
				"south": {"uv": [0, 2.5, 2.5, 5], "texture": "#0"},
				"west": {"uv": [2.5, 0, 4, 2.5], "texture": "#0"},
				"up": {"uv": [6.5, 5.5, 4, 4], "texture": "#0"},
				"down": {"uv": [6.5, 0, 4, 1.5], "texture": "#0"}
			}
		},
		{
			"from": [6.5, 4.25, 0.65],
			"to": [7.5, 10.25, 1.65],
			"rotation": {"angle": 0, "axis": "x", "origin": [7.5, 4.25, 0.65]},
			"faces": {
				"north": {"uv": [2, 6, 2.5, 9], "texture": "#0"},
				"east": {"uv": [2.5, 6, 3, 9], "texture": "#0"},
				"south": {"uv": [3, 6, 3.5, 9], "texture": "#0"},
				"west": {"uv": [3.5, 6, 4, 9], "texture": "#0"},
				"up": {"uv": [7.5, 11.5, 7, 11], "texture": "#0"},
				"down": {"uv": [8, 11, 7.5, 11.5], "texture": "#0"}
			}
		},
		{
			"from": [4.5, 4.25, 1.15],
			"to": [4.5, 9.25, 4.15],
			"rotation": {"angle": 0, "axis": "x", "origin": [7.5, 4.25, 1.15]},
			"faces": {
				"north": {"uv": [0, 0, 2.5, 2.5], "texture": "#0"},
				"east": {"uv": [2.5, 2.5, 4, 5], "texture": "#0"},
				"south": {"uv": [0, 2.5, 2.5, 5], "texture": "#0"},
				"west": {"uv": [2.5, 0, 4, 2.5], "texture": "#0"},
				"up": {"uv": [6.5, 5.5, 4, 4], "texture": "#0"},
				"down": {"uv": [6.5, 0, 4, 1.5], "texture": "#0"}
			}
		},
		{
			"from": [4.5, 9.25, 1.15],
			"to": [9.5, 9.25, 4.15],
			"rotation": {"angle": 0, "axis": "x", "origin": [7.5, 4.25, 1.15]},
			"faces": {
				"north": {"uv": [0, 0, 2.5, 2.5], "texture": "#0"},
				"east": {"uv": [2.5, 2.5, 4, 5], "texture": "#0"},
				"south": {"uv": [0, 2.5, 2.5, 5], "texture": "#0"},
				"west": {"uv": [2.5, 0, 4, 2.5], "texture": "#0"},
				"up": {"uv": [6.5, 5.5, 4, 4], "texture": "#0"},
				"down": {"uv": [6.5, 0, 4, 1.5], "texture": "#0"}
			}
		},
		{
			"from": [3, 0, 15],
			"to": [5, 2, 16],
			"rotation": {"angle": 0, "axis": "y", "origin": [4, 0, 16]},
			"faces": {
				"north": {"uv": [9, 0.5, 8, 1.5], "texture": "#0"},
				"east": {"uv": [10.5, 1, 10, 2], "texture": "#0"},
				"south": {"uv": [9, 1.5, 8, 2.5], "texture": "#0"},
				"west": {"uv": [10.5, 0, 10, 1], "texture": "#0"},
				"up": {"uv": [9.5, 6.5, 10.5, 6], "texture": "#0"},
				"down": {"uv": [10, 2, 11, 2.5], "texture": "#0"}
			}
		},
		{
			"from": [4, 0.25, 11],
			"to": [5, 1.25, 16],
			"rotation": {"angle": 0, "axis": "y", "origin": [4.5, 0.75, 10]},
			"faces": {
				"north": {"uv": [11.5, 2.5, 11, 3], "texture": "#0"},
				"east": {"uv": [9.5, 6, 7, 6.5], "texture": "#0"},
				"south": {"uv": [11.5, 3, 11, 3.5], "texture": "#0"},
				"west": {"uv": [9.5, 5.5, 7, 6], "texture": "#0"},
				"up": {"uv": [7.5, 5.5, 8, 3], "texture": "#0"},
				"down": {"uv": [8, 8, 8.5, 10.5], "texture": "#0"}
			}
		},
		{
			"from": [4.5, 3, 15],
			"to": [5.5, 4, 16],
			"rotation": {"angle": 0, "axis": "y", "origin": [4.5, 3, 16]},
			"faces": {
				"north": {"uv": [11.5, 9.5, 11, 10], "texture": "#0"},
				"east": {"uv": [0.5, 11.5, 0, 12], "texture": "#0"},
				"south": {"uv": [11.5, 10.5, 11, 11], "texture": "#0"},
				"west": {"uv": [11.5, 10, 11, 10.5], "texture": "#0"},
				"up": {"uv": [0.5, 12, 1, 11.5], "texture": "#0"},
				"down": {"uv": [1, 11.5, 1.5, 12], "texture": "#0"}
			}
		},
		{
			"from": [4.25, 2, 14.75],
			"to": [5.25, 3, 15.75],
			"rotation": {"angle": 0, "axis": "y", "origin": [4.25, 2, 15.75]},
			"faces": {
				"north": {"uv": [11.5, 3.5, 11, 4], "texture": "#0"},
				"east": {"uv": [11.5, 5, 11, 5.5], "texture": "#0"},
				"south": {"uv": [11.5, 4.5, 11, 5], "texture": "#0"},
				"west": {"uv": [11.5, 4, 11, 4.5], "texture": "#0"},
				"up": {"uv": [11, 6, 11.5, 5.5], "texture": "#0"},
				"down": {"uv": [11, 6, 11.5, 6.5], "texture": "#0"}
			}
		},
		{
			"from": [3, 2, 14.75],
			"to": [4, 3, 15.75],
			"rotation": {"angle": 0, "axis": "y", "origin": [3, 2, 15.75]},
			"faces": {
				"north": {"uv": [11.5, 6.5, 11, 7], "texture": "#0"},
				"east": {"uv": [11.5, 8, 11, 8.5], "texture": "#0"},
				"south": {"uv": [11.5, 7.5, 11, 8], "texture": "#0"},
				"west": {"uv": [11.5, 7, 11, 7.5], "texture": "#0"},
				"up": {"uv": [11, 9, 11.5, 8.5], "texture": "#0"},
				"down": {"uv": [11, 9, 11.5, 9.5], "texture": "#0"}
			}
		},
		{
			"from": [2.75, 3, 15],
			"to": [3.75, 4, 16],
			"rotation": {"angle": 0, "axis": "y", "origin": [2.75, 3, 16]},
			"faces": {
				"north": {"uv": [2, 11.5, 1.5, 12], "texture": "#0"},
				"east": {"uv": [3.5, 11.5, 3, 12], "texture": "#0"},
				"south": {"uv": [3, 11.5, 2.5, 12], "texture": "#0"},
				"west": {"uv": [2.5, 11.5, 2, 12], "texture": "#0"},
				"up": {"uv": [3.5, 12, 4, 11.5], "texture": "#0"},
				"down": {"uv": [4, 11.5, 4.5, 12], "texture": "#0"}
			}
		},
		{
			"from": [3, 0, 9],
			"to": [5, 2, 11],
			"rotation": {"angle": 0, "axis": "y", "origin": [4, 0, 10]},
			"faces": {
				"north": {"uv": [5, 9, 4, 10], "texture": "#0"},
				"east": {"uv": [10, 2, 9, 3], "texture": "#0"},
				"south": {"uv": [10, 1, 9, 2], "texture": "#0"},
				"west": {"uv": [10, 0, 9, 1], "texture": "#0"},
				"up": {"uv": [9, 4, 10, 3], "texture": "#0"},
				"down": {"uv": [9, 4, 10, 5], "texture": "#0"}
			}
		},
		{
			"from": [5.5, 0.25, 5],
			"to": [6.5, 1.25, 10],
			"rotation": {"angle": -22.5, "axis": "y", "origin": [6, 0.75, 4]},
			"faces": {
				"north": {"uv": [11.5, 11, 11, 11.5], "texture": "#0"},
				"east": {"uv": [9, 0, 6.5, 0.5], "texture": "#0"},
				"south": {"uv": [11.5, 0, 11, 0.5], "texture": "#0"},
				"west": {"uv": [8, 6.5, 5.5, 7], "texture": "#0"},
				"up": {"uv": [6.5, 3, 7, 0.5], "texture": "#0"},
				"down": {"uv": [6.5, 3, 7, 5.5], "texture": "#0"}
			}
		},
		{
			"from": [5, -0.25, 3],
			"to": [7, 1.75, 5],
			"rotation": {"angle": -22.5, "axis": "y", "origin": [6, -0.25, 4]},
			"faces": {
				"north": {"uv": [9, 2.5, 8, 3.5], "texture": "#0"},
				"east": {"uv": [9, 6.5, 8, 7.5], "texture": "#0"},
				"south": {"uv": [9, 4.5, 8, 5.5], "texture": "#0"},
				"west": {"uv": [9, 3.5, 8, 4.5], "texture": "#0"},
				"up": {"uv": [8.5, 9.5, 9.5, 8.5], "texture": "#0"},
				"down": {"uv": [8.5, 7.5, 9.5, 8.5], "texture": "#0"}
			}
		},
		{
			"from": [12, -0.25, 0.5],
			"to": [13, 0.75, 5.5],
			"rotation": {"angle": 22.5, "axis": "y", "origin": [13, -0.25, 0.5]},
			"faces": {
				"north": {"uv": [8, 7.5, 8.5, 8], "rotation": 180, "texture": "#0"},
				"east": {"uv": [1, 9, 1.5, 6.5], "rotation": 90, "texture": "#0"},
				"south": {"uv": [7.5, 7.5, 8, 7], "texture": "#0"},
				"west": {"uv": [0, 9, 0.5, 6.5], "rotation": 270, "texture": "#0"},
				"up": {"uv": [6.5, 1.5, 6, 4], "rotation": 180, "texture": "#0"},
				"down": {"uv": [1, 6.5, 0.5, 9], "texture": "#0"}
			}
		},
		{
			"from": [13.5, -0.25, 0.75],
			"to": [14.5, 0.75, 4.75],
			"rotation": {"angle": 22.5, "axis": "y", "origin": [14.5, -0.25, 0.75]},
			"faces": {
				"north": {"uv": [9, 5, 9.5, 5.5], "rotation": 180, "texture": "#0"},
				"east": {"uv": [1.5, 11, 2, 9], "rotation": 90, "texture": "#0"},
				"south": {"uv": [5, 9.5, 5.5, 9], "texture": "#0"},
				"west": {"uv": [0.5, 11, 1, 9], "rotation": 270, "texture": "#0"},
				"up": {"uv": [0.5, 9, 0, 11], "rotation": 180, "texture": "#0"},
				"down": {"uv": [1.5, 9, 1, 11], "texture": "#0"}
			}
		},
		{
			"from": [13.75, -1.25, 5.25],
			"to": [14.75, 0.75, 6.25],
			"rotation": {"angle": 22.5, "axis": "y", "origin": [14.75, 0.75, 6.25]},
			"faces": {
				"north": {"uv": [10.5, 6.5, 10, 7.5], "texture": "#0"},
				"east": {"uv": [6.5, 10.5, 6, 11.5], "texture": "#0"},
				"south": {"uv": [6, 10.5, 5.5, 11.5], "texture": "#0"},
				"west": {"uv": [5.5, 10.5, 5, 11.5], "texture": "#0"},
				"up": {"uv": [7, 10, 7.5, 9.5], "texture": "#0"},
				"down": {"uv": [10, 4.5, 10.5, 5], "texture": "#0"}
			}
		},
		{
			"from": [14, 0, 4.5],
			"to": [16, 1, 6.5],
			"rotation": {"angle": 22.5, "axis": "y", "origin": [15, 0, 5.5]},
			"faces": {
				"north": {"uv": [11, 2.5, 10, 3], "texture": "#0"},
				"east": {"uv": [11, 4, 10, 4.5], "texture": "#0"},
				"south": {"uv": [11, 3.5, 10, 4], "texture": "#0"},
				"west": {"uv": [11, 3, 10, 3.5], "texture": "#0"},
				"up": {"uv": [2, 10, 3, 9], "texture": "#0"},
				"down": {"uv": [3, 9, 4, 10], "texture": "#0"}
			}
		}
	],
	"groups": [0,
		{
			"name": "hand",
			"origin": [7.75, 5, 3],
			"children": [1, 2, 3, 4]
		},
		{
			"name": "lower_leg",
			"origin": [13, 0, 14],
			"children": [5, 6, 7, 8, 9, 10, 11]
		},
		{
			"name": "upper_leg",
			"origin": [11, -0.25, 8],
			"children": [12, 13]
		},
		{
			"name": "upper_arm",
			"origin": [11.5, 7.25, 7.5],
			"children": [14, 15]
		},
		{
			"name": "upper_arm",
			"origin": [4.5, 7, 8],
			"children": [16, 17]
		},
		{
			"name": "hip",
			"origin": [8, 0, 8],
			"children": [18, 19, 20, 21, 22, 23]
		},
		{
			"name": "chest",
			"origin": [7.5, 4.25, 1.15],
			"children": [24, 25, 26, 27, 28, 29]
		},
		{
			"name": "lower_leg",
			"origin": [13, 0, 14],
			"children": [30, 31, 32, 33, 34, 35, 36]
		},
		{
			"name": "upper_leg",
			"origin": [11, -0.25, 8],
			"children": [37, 38]
		},
		{
			"name": "hand",
			"origin": [7.75, 5, 3],
			"children": [39, 40, 41, 42]
		}
	]
}