{
	"credit": " (C)ArtsByKev, https://youtube.com/c/artsbykev & https://twitter.com/artsbykev - Using Blockbench",
	"ambientocclusion": false,
	"texture_size": [32, 32],
	"textures": {
		"0": "artsbykev_var/textures/skeleton_parts",
		"particle": "artsbykev_var/textures/skeleton_parts"
	},
	"elements": [
		{
			"from": [0.5, 0, 3.4],
			"to": [1.5, 5, 4.4],
			"rotation": {"angle": -22.5, "axis": "x", "origin": [1.5, 0, 4.4]},
			"faces": {
				"north": {"uv": [1.5, 6.5, 2, 9], "texture": "#0"},
				"east": {"uv": [4, 6.5, 4.5, 9], "texture": "#0"},
				"south": {"uv": [4.5, 6.5, 5, 9], "texture": "#0"},
				"west": {"uv": [5, 6.5, 5.5, 9], "texture": "#0"},
				"up": {"uv": [4.5, 11.5, 4, 11], "texture": "#0"},
				"down": {"uv": [5, 11, 4.5, 11.5], "texture": "#0"}
			}
		},
		{
			"from": [8.5, 0.25, 9],
			"to": [9.5, 1.25, 14],
			"rotation": {"angle": 22.5, "axis": "y", "origin": [9, 0.75, 8]},
			"faces": {
				"north": {"uv": [11, 11, 11.5, 11.5], "texture": "#0"},
				"east": {"uv": [5.5, 6.5, 8, 7], "texture": "#0"},
				"south": {"uv": [11, 0, 11.5, 0.5], "texture": "#0"},
				"west": {"uv": [6.5, 0, 9, 0.5], "texture": "#0"},
				"up": {"uv": [7, 3, 6.5, 0.5], "texture": "#0"},
				"down": {"uv": [7, 3, 6.5, 5.5], "texture": "#0"}
			}
		},
		{
			"from": [8, -0.25, 7],
			"to": [10, 1.75, 9],
			"rotation": {"angle": 22.5, "axis": "y", "origin": [9, -0.25, 8]},
			"faces": {
				"north": {"uv": [8, 2.5, 9, 3.5], "texture": "#0"},
				"east": {"uv": [8, 3.5, 9, 4.5], "texture": "#0"},
				"south": {"uv": [8, 4.5, 9, 5.5], "texture": "#0"},
				"west": {"uv": [8, 6.5, 9, 7.5], "texture": "#0"},
				"up": {"uv": [9.5, 9.5, 8.5, 8.5], "texture": "#0"},
				"down": {"uv": [9.5, 7.5, 8.5, 8.5], "texture": "#0"}
			}
		},
		{
			"from": [3.5, 3.35, 9.15],
			"to": [8.5, 3.35, 14.15],
			"rotation": {"angle": 0, "axis": "x", "origin": [6.5, 0.35, 14.15]},
			"faces": {
				"north": {"uv": [6.5, 5.5, 4, 4], "rotation": 180, "texture": "#0"},
				"east": {"uv": [2.5, 2.5, 4, 5], "rotation": 90, "texture": "#0"},
				"south": {"uv": [6.5, 0, 4, 1.5], "texture": "#0"},
				"west": {"uv": [2.5, 0, 4, 2.5], "rotation": 270, "texture": "#0"},
				"up": {"uv": [0, 2.5, 2.5, 5], "texture": "#0"},
				"down": {"uv": [0, 0, 2.5, 2.5], "rotation": 180, "texture": "#0"}
			}
		},
		{
			"from": [8.5, 0.35, 9.15],
			"to": [8.5, 3.35, 14.15],
			"rotation": {"angle": 0, "axis": "x", "origin": [5.5, 0.35, 14.15]},
			"faces": {
				"north": {"uv": [4, 5.5, 6.5, 4], "rotation": 180, "texture": "#0"},
				"east": {"uv": [4, 0, 2.5, 2.5], "rotation": 90, "texture": "#0"},
				"south": {"uv": [4, 0, 6.5, 1.5], "texture": "#0"},
				"west": {"uv": [4, 2.5, 2.5, 5], "rotation": 270, "texture": "#0"},
				"up": {"uv": [2.5, 2.5, 0, 5], "texture": "#0"},
				"down": {"uv": [2.5, 0, 0, 2.5], "rotation": 180, "texture": "#0"}
			}
		},
		{
			"from": [3.5, 0.35, 9.15],
			"to": [8.5, 0.35, 14.15],
			"rotation": {"angle": 0, "axis": "x", "origin": [6.5, 0.35, 14.15]},
			"faces": {
				"north": {"uv": [6.5, 5.5, 4, 4], "rotation": 180, "texture": "#0"},
				"east": {"uv": [2.5, 2.5, 4, 5], "rotation": 90, "texture": "#0"},
				"south": {"uv": [6.5, 0, 4, 1.5], "texture": "#0"},
				"west": {"uv": [2.5, 0, 4, 2.5], "rotation": 270, "texture": "#0"},
				"up": {"uv": [0, 2.5, 2.5, 5], "texture": "#0"},
				"down": {"uv": [0, 0, 2.5, 2.5], "rotation": 180, "texture": "#0"}
			}
		},
		{
			"from": [5.5, 0.35, 8.65],
			"to": [6.5, 1.35, 14.65],
			"rotation": {"angle": 0, "axis": "x", "origin": [6.5, 0.35, 14.65]},
			"faces": {
				"north": {"uv": [7.5, 11.5, 7, 11], "rotation": 180, "texture": "#0"},
				"east": {"uv": [2.5, 6, 3, 9], "rotation": 90, "texture": "#0"},
				"south": {"uv": [8, 11, 7.5, 11.5], "texture": "#0"},
				"west": {"uv": [3.5, 6, 4, 9], "rotation": 270, "texture": "#0"},
				"up": {"uv": [3, 6, 3.5, 9], "texture": "#0"},
				"down": {"uv": [2, 6, 2.5, 9], "rotation": 180, "texture": "#0"}
			}
		},
		{
			"from": [3.5, 0.35, 9.15],
			"to": [3.5, 3.35, 14.15],
			"rotation": {"angle": 0, "axis": "x", "origin": [6.5, 0.35, 14.15]},
			"faces": {
				"north": {"uv": [6.5, 5.5, 4, 4], "rotation": 180, "texture": "#0"},
				"east": {"uv": [2.5, 2.5, 4, 5], "rotation": 90, "texture": "#0"},
				"south": {"uv": [6.5, 0, 4, 1.5], "texture": "#0"},
				"west": {"uv": [2.5, 0, 4, 2.5], "rotation": 270, "texture": "#0"},
				"up": {"uv": [0, 2.5, 2.5, 5], "texture": "#0"},
				"down": {"uv": [0, 0, 2.5, 2.5], "rotation": 180, "texture": "#0"}
			}
		},
		{
			"from": [3.5, 0.35, 9.15],
			"to": [8.5, 3.35, 9.15],
			"rotation": {"angle": 0, "axis": "x", "origin": [6.5, 0.35, 14.15]},
			"faces": {
				"north": {"uv": [6.5, 5.5, 4, 4], "rotation": 180, "texture": "#0"},
				"east": {"uv": [2.5, 2.5, 4, 5], "rotation": 90, "texture": "#0"},
				"south": {"uv": [6.5, 0, 4, 1.5], "texture": "#0"},
				"west": {"uv": [2.5, 0, 4, 2.5], "rotation": 270, "texture": "#0"},
				"up": {"uv": [0, 2.5, 2.5, 5], "texture": "#0"},
				"down": {"uv": [0, 0, 2.5, 2.5], "rotation": 180, "texture": "#0"}
			}
		},
		{
			"from": [12, 2.075, 3],
			"to": [16, 2.075, 6],
			"rotation": {"angle": 45, "axis": "y", "origin": [14, 0.075, 4]},
			"faces": {
				"north": {"uv": [4, 3, 6, 4], "texture": "#0"},
				"east": {"uv": [4, 5.5, 5.5, 6.5], "texture": "#0"},
				"south": {"uv": [2, 5, 4, 6], "texture": "#0"},
				"west": {"uv": [5.5, 5.5, 7, 6.5], "texture": "#0"},
				"up": {"uv": [6, 3, 4, 1.5], "texture": "#0"},
				"down": {"uv": [2, 5, 0, 6.5], "texture": "#0"}
			}
		},
		{
			"from": [12, 0.075, 6],
			"to": [16, 2.075, 6],
			"rotation": {"angle": 45, "axis": "y", "origin": [14, 0.075, 4]},
			"faces": {
				"north": {"uv": [4, 3, 6, 4], "texture": "#0"},
				"east": {"uv": [4, 5.5, 5.5, 6.5], "texture": "#0"},
				"south": {"uv": [2, 5, 4, 6], "texture": "#0"},
				"west": {"uv": [5.5, 5.5, 7, 6.5], "texture": "#0"},
				"up": {"uv": [6, 3, 4, 1.5], "texture": "#0"},
				"down": {"uv": [2, 5, 0, 6.5], "texture": "#0"}
			}
		},
		{
			"from": [12, 0.075, 3],
			"to": [12, 2.075, 6],
			"rotation": {"angle": 45, "axis": "y", "origin": [14, 0.075, 4]},
			"faces": {
				"north": {"uv": [4, 3, 6, 4], "texture": "#0"},
				"east": {"uv": [4, 5.5, 5.5, 6.5], "texture": "#0"},
				"south": {"uv": [2, 5, 4, 6], "texture": "#0"},
				"west": {"uv": [5.5, 5.5, 7, 6.5], "texture": "#0"},
				"up": {"uv": [6, 3, 4, 1.5], "texture": "#0"},
				"down": {"uv": [2, 5, 0, 6.5], "texture": "#0"}
			}
		},
		{
			"from": [12, 0.075, 3],
			"to": [16, 0.075, 6],
			"rotation": {"angle": 45, "axis": "y", "origin": [14, 0.075, 4]},
			"faces": {
				"north": {"uv": [4, 3, 6, 4], "texture": "#0"},
				"east": {"uv": [4, 5.5, 5.5, 6.5], "texture": "#0"},
				"south": {"uv": [2, 5, 4, 6], "texture": "#0"},
				"west": {"uv": [5.5, 5.5, 7, 6.5], "texture": "#0"},
				"up": {"uv": [6, 3, 4, 1.5], "texture": "#0"},
				"down": {"uv": [2, 5, 0, 6.5], "texture": "#0"}
			}
		},
		{
			"from": [12, 0.075, 3],
			"to": [16, 2.075, 3],
			"rotation": {"angle": 45, "axis": "y", "origin": [14, 0.075, 4]},
			"faces": {
				"north": {"uv": [4, 3, 6, 4], "texture": "#0"},
				"east": {"uv": [4, 5.5, 5.5, 6.5], "texture": "#0"},
				"south": {"uv": [2, 5, 4, 6], "texture": "#0"},
				"west": {"uv": [5.5, 5.5, 7, 6.5], "texture": "#0"},
				"up": {"uv": [6, 3, 4, 1.5], "texture": "#0"},
				"down": {"uv": [2, 5, 0, 6.5], "texture": "#0"}
			}
		},
		{
			"from": [16, 0.075, 3],
			"to": [16, 2.075, 6],
			"rotation": {"angle": 45, "axis": "y", "origin": [14, 0.075, 4]},
			"faces": {
				"north": {"uv": [6, 3, 4, 4], "texture": "#0"},
				"east": {"uv": [7, 5.5, 5.5, 6.5], "texture": "#0"},
				"south": {"uv": [4, 5, 2, 6], "texture": "#0"},
				"west": {"uv": [5.5, 5.5, 4, 6.5], "texture": "#0"},
				"up": {"uv": [4, 3, 6, 1.5], "texture": "#0"},
				"down": {"uv": [0, 5, 2, 6.5], "texture": "#0"}
			}
		},
		{
			"from": [11.5, 0.25, 7],
			"to": [12.5, 1.25, 12],
			"rotation": {"angle": 22.5, "axis": "y", "origin": [12, 0.75, 6]},
			"faces": {
				"north": {"uv": [11, 11, 11.5, 11.5], "texture": "#0"},
				"east": {"uv": [5.5, 6.5, 8, 7], "texture": "#0"},
				"south": {"uv": [11, 0, 11.5, 0.5], "texture": "#0"},
				"west": {"uv": [6.5, 0, 9, 0.5], "texture": "#0"},
				"up": {"uv": [7, 3, 6.5, 0.5], "texture": "#0"},
				"down": {"uv": [7, 3, 6.5, 5.5], "texture": "#0"}
			}
		},
		{
			"from": [11, -0.25, 5],
			"to": [13, 1.75, 7],
			"rotation": {"angle": 22.5, "axis": "y", "origin": [12, -0.25, 6]},
			"faces": {
				"north": {"uv": [8, 2.5, 9, 3.5], "texture": "#0"},
				"east": {"uv": [8, 3.5, 9, 4.5], "texture": "#0"},
				"south": {"uv": [8, 4.5, 9, 5.5], "texture": "#0"},
				"west": {"uv": [8, 6.5, 9, 7.5], "texture": "#0"},
				"up": {"uv": [9.5, 9.5, 8.5, 8.5], "texture": "#0"},
				"down": {"uv": [9.5, 7.5, 8.5, 8.5], "texture": "#0"}
			}
		}
	],
	"groups": [0,
		{
			"name": "upper_leg",
			"origin": [11, -0.25, 8],
			"children": [1, 2]
		},
		{
			"name": "chest",
			"origin": [7.5, 4.25, 1.15],
			"children": [3, 4, 5, 6, 7, 8]
		},
		{
			"name": "hip",
			"origin": [8, 0, 8],
			"children": [9, 10, 11, 12, 13, 14]
		},
		{
			"name": "upper_leg",
			"origin": [11, -0.25, 8],
			"children": [15, 16]
		}
	]
}