{
	"credit": " (C)ArtsByKev, https://youtube.com/c/artsbykev & https://twitter.com/artsbykev - Using Blockbench",
	"ambientocclusion": false,
	"texture_size": [32, 32],
	"textures": {
		"0": "artsbykev_var/textures/skeleton_parts",
		"particle": "artsbykev_var/textures/skeleton_parts"
	},
	"elements": [
		{
			"from": [7.5, 0, 4.4],
			"to": [8.5, 5, 5.4],
			"rotation": {"angle": -22.5, "axis": "x", "origin": [8.5, 0, 5.4]},
			"faces": {
				"north": {"uv": [1.5, 6.5, 2, 9], "texture": "#0"},
				"east": {"uv": [4, 6.5, 4.5, 9], "texture": "#0"},
				"south": {"uv": [4.5, 6.5, 5, 9], "texture": "#0"},
				"west": {"uv": [5, 6.5, 5.5, 9], "texture": "#0"},
				"up": {"uv": [4.5, 11.5, 4, 11], "texture": "#0"},
				"down": {"uv": [5, 11, 4.5, 11.5], "texture": "#0"}
			}
		},
		{
			"from": [9, 4.5, 4.5],
			"to": [10, 9.5, 5.5],
			"rotation": {"angle": 22.5, "axis": "x", "origin": [9, 4.5, 5.5]},
			"faces": {
				"north": {"uv": [6, 1.5, 6.5, 4], "texture": "#0"},
				"east": {"uv": [0, 6.5, 0.5, 9], "texture": "#0"},
				"south": {"uv": [0.5, 6.5, 1, 9], "texture": "#0"},
				"west": {"uv": [1, 6.5, 1.5, 9], "texture": "#0"},
				"up": {"uv": [8, 7.5, 7.5, 7], "texture": "#0"},
				"down": {"uv": [8.5, 7.5, 8, 8], "texture": "#0"}
			}
		},
		{
			"from": [7.5, 4.5, 4.75],
			"to": [8.5, 8.5, 5.75],
			"rotation": {"angle": 22.5, "axis": "x", "origin": [7.5, 4.5, 5.75]},
			"faces": {
				"north": {"uv": [0, 9, 0.5, 11], "texture": "#0"},
				"east": {"uv": [0.5, 9, 1, 11], "texture": "#0"},
				"south": {"uv": [1, 9, 1.5, 11], "texture": "#0"},
				"west": {"uv": [1.5, 9, 2, 11], "texture": "#0"},
				"up": {"uv": [5.5, 9.5, 5, 9], "texture": "#0"},
				"down": {"uv": [9.5, 5, 9, 5.5], "texture": "#0"}
			}
		},
		{
			"from": [9.25, 7.5, 7.25],
			"to": [10.25, 9.5, 8.25],
			"rotation": {"angle": 45, "axis": "z", "origin": [9.25, 9.5, 8.25]},
			"faces": {
				"north": {"uv": [10, 6.5, 10.5, 7.5], "texture": "#0"},
				"east": {"uv": [5, 10.5, 5.5, 11.5], "texture": "#0"},
				"south": {"uv": [5.5, 10.5, 6, 11.5], "texture": "#0"},
				"west": {"uv": [6, 10.5, 6.5, 11.5], "texture": "#0"},
				"up": {"uv": [7.5, 10, 7, 9.5], "texture": "#0"},
				"down": {"uv": [10.5, 4.5, 10, 5], "texture": "#0"}
			}
		},
		{
			"from": [10.5, 7.25, 7.25],
			"to": [11.5, 8.25, 8.25],
			"rotation": {"angle": 0, "axis": "z", "origin": [10.5, 8.25, 8.25]},
			"faces": {
				"north": {"uv": [10.5, 5.5, 11, 6], "texture": "#0"},
				"east": {"uv": [10.5, 6, 11, 6.5], "texture": "#0"},
				"south": {"uv": [10.5, 6.5, 11, 7], "texture": "#0"},
				"west": {"uv": [10.5, 7, 11, 7.5], "texture": "#0"},
				"up": {"uv": [11, 8, 10.5, 7.5], "texture": "#0"},
				"down": {"uv": [11, 8, 10.5, 8.5], "texture": "#0"}
			}
		},
		{
			"from": [8, 8.5, 6.5],
			"to": [10, 9.5, 8.5],
			"rotation": {"angle": 22.5, "axis": "z", "origin": [9, 8.5, 7.5]},
			"faces": {
				"north": {"uv": [10, 2.5, 11, 3], "texture": "#0"},
				"east": {"uv": [10, 3, 11, 3.5], "texture": "#0"},
				"south": {"uv": [10, 3.5, 11, 4], "texture": "#0"},
				"west": {"uv": [10, 4, 11, 4.5], "texture": "#0"},
				"up": {"uv": [3, 10, 2, 9], "texture": "#0"},
				"down": {"uv": [4, 9, 3, 10], "texture": "#0"}
			}
		},
		{
			"from": [7.5, 6.75, 8],
			"to": [8.5, 8.75, 9],
			"rotation": {"angle": -22.5, "axis": "x", "origin": [7.5, 8.75, 9]},
			"faces": {
				"north": {"uv": [9.5, 10.5, 10, 11.5], "texture": "#0"},
				"east": {"uv": [10, 10.5, 10.5, 11.5], "texture": "#0"},
				"south": {"uv": [10.5, 10.5, 11, 11.5], "texture": "#0"},
				"west": {"uv": [10.5, 0, 11, 1], "texture": "#0"},
				"up": {"uv": [11, 5, 10.5, 4.5], "texture": "#0"},
				"down": {"uv": [11, 5, 10.5, 5.5], "texture": "#0"}
			}
		},
		{
			"from": [7.5, 5.75, 8.75],
			"to": [8.5, 6.75, 9.75],
			"rotation": {"angle": 0, "axis": "x", "origin": [7.5, 6.75, 9.75]},
			"faces": {
				"north": {"uv": [1, 11, 1.5, 11.5], "texture": "#0"},
				"east": {"uv": [1.5, 11, 2, 11.5], "texture": "#0"},
				"south": {"uv": [2, 11, 2.5, 11.5], "texture": "#0"},
				"west": {"uv": [2.5, 11, 3, 11.5], "texture": "#0"},
				"up": {"uv": [3.5, 11.5, 3, 11], "texture": "#0"},
				"down": {"uv": [4, 11, 3.5, 11.5], "texture": "#0"}
			}
		},
		{
			"from": [8.75, 6.25, 8.75],
			"to": [9.75, 7.25, 9.75],
			"rotation": {"angle": 0, "axis": "x", "origin": [8.75, 7.25, 9.75]},
			"faces": {
				"north": {"uv": [10.5, 8.5, 11, 9], "texture": "#0"},
				"east": {"uv": [10.5, 9, 11, 9.5], "texture": "#0"},
				"south": {"uv": [10.5, 9.5, 11, 10], "texture": "#0"},
				"west": {"uv": [10.5, 10, 11, 10.5], "texture": "#0"},
				"up": {"uv": [0.5, 11.5, 0, 11], "texture": "#0"},
				"down": {"uv": [1, 11, 0.5, 11.5], "texture": "#0"}
			}
		},
		{
			"from": [8.75, 7.5, 8],
			"to": [9.75, 9.5, 9],
			"rotation": {"angle": -22.5, "axis": "x", "origin": [8.75, 9.5, 9]},
			"faces": {
				"north": {"uv": [6.5, 10.5, 7, 11.5], "texture": "#0"},
				"east": {"uv": [8, 10.5, 8.5, 11.5], "texture": "#0"},
				"south": {"uv": [8.5, 10.5, 9, 11.5], "texture": "#0"},
				"west": {"uv": [9, 10.5, 9.5, 11.5], "texture": "#0"},
				"up": {"uv": [11, 1.5, 10.5, 1], "texture": "#0"},
				"down": {"uv": [11, 1.5, 10.5, 2], "texture": "#0"}
			}
		},
		{
			"from": [13, 0, 11],
			"to": [15, 2, 12],
			"rotation": {"angle": 0, "axis": "y", "origin": [14, 0, 12]},
			"faces": {
				"north": {"uv": [8, 0.5, 9, 1.5], "texture": "#0"},
				"east": {"uv": [10, 0, 10.5, 1], "texture": "#0"},
				"south": {"uv": [8, 1.5, 9, 2.5], "texture": "#0"},
				"west": {"uv": [10, 1, 10.5, 2], "texture": "#0"},
				"up": {"uv": [10.5, 6.5, 9.5, 6], "texture": "#0"},
				"down": {"uv": [11, 2, 10, 2.5], "texture": "#0"}
			}
		},
		{
			"from": [11, 0.25, 7],
			"to": [12, 1.25, 12],
			"rotation": {"angle": 22.5, "axis": "y", "origin": [11.5, 0.75, 6]},
			"faces": {
				"north": {"uv": [11, 2.5, 11.5, 3], "texture": "#0"},
				"east": {"uv": [7, 5.5, 9.5, 6], "texture": "#0"},
				"south": {"uv": [11, 3, 11.5, 3.5], "texture": "#0"},
				"west": {"uv": [7, 6, 9.5, 6.5], "texture": "#0"},
				"up": {"uv": [8, 5.5, 7.5, 3], "texture": "#0"},
				"down": {"uv": [8.5, 8, 8, 10.5], "texture": "#0"}
			}
		},
		{
			"from": [14, 2, 10.75],
			"to": [15, 3, 11.75],
			"rotation": {"angle": 0, "axis": "y", "origin": [15, 2, 11.75]},
			"faces": {
				"north": {"uv": [11, 6.5, 11.5, 7], "texture": "#0"},
				"east": {"uv": [11, 7, 11.5, 7.5], "texture": "#0"},
				"south": {"uv": [11, 7.5, 11.5, 8], "texture": "#0"},
				"west": {"uv": [11, 8, 11.5, 8.5], "texture": "#0"},
				"up": {"uv": [11.5, 9, 11, 8.5], "texture": "#0"},
				"down": {"uv": [11.5, 9, 11, 9.5], "texture": "#0"}
			}
		},
		{
			"from": [6, 2.075, 5],
			"to": [10, 2.075, 8],
			"rotation": {"angle": -22.5, "axis": "y", "origin": [8, 0.075, 6]},
			"faces": {
				"north": {"uv": [4, 3, 6, 4], "texture": "#0"},
				"east": {"uv": [4, 5.5, 5.5, 6.5], "texture": "#0"},
				"south": {"uv": [2, 5, 4, 6], "texture": "#0"},
				"west": {"uv": [5.5, 5.5, 7, 6.5], "texture": "#0"},
				"up": {"uv": [6, 3, 4, 1.5], "texture": "#0"},
				"down": {"uv": [2, 5, 0, 6.5], "texture": "#0"}
			}
		},
		{
			"from": [6, 0.075, 8],
			"to": [10, 2.075, 8],
			"rotation": {"angle": -22.5, "axis": "y", "origin": [8, 0.075, 6]},
			"faces": {
				"north": {"uv": [4, 3, 6, 4], "texture": "#0"},
				"east": {"uv": [4, 5.5, 5.5, 6.5], "texture": "#0"},
				"south": {"uv": [2, 5, 4, 6], "texture": "#0"},
				"west": {"uv": [5.5, 5.5, 7, 6.5], "texture": "#0"},
				"up": {"uv": [6, 3, 4, 1.5], "texture": "#0"},
				"down": {"uv": [2, 5, 0, 6.5], "texture": "#0"}
			}
		},
		{
			"from": [6, 0.075, 5],
			"to": [6, 2.075, 8],
			"rotation": {"angle": -22.5, "axis": "y", "origin": [8, 0.075, 6]},
			"faces": {
				"north": {"uv": [4, 3, 6, 4], "texture": "#0"},
				"east": {"uv": [4, 5.5, 5.5, 6.5], "texture": "#0"},
				"south": {"uv": [2, 5, 4, 6], "texture": "#0"},
				"west": {"uv": [5.5, 5.5, 7, 6.5], "texture": "#0"},
				"up": {"uv": [6, 3, 4, 1.5], "texture": "#0"},
				"down": {"uv": [2, 5, 0, 6.5], "texture": "#0"}
			}
		},
		{
			"from": [6, 0.075, 5],
			"to": [10, 0.075, 8],
			"rotation": {"angle": -22.5, "axis": "y", "origin": [8, 0.075, 6]},
			"faces": {
				"north": {"uv": [4, 3, 6, 4], "texture": "#0"},
				"east": {"uv": [4, 5.5, 5.5, 6.5], "texture": "#0"},
				"south": {"uv": [2, 5, 4, 6], "texture": "#0"},
				"west": {"uv": [5.5, 5.5, 7, 6.5], "texture": "#0"},
				"up": {"uv": [6, 3, 4, 1.5], "texture": "#0"},
				"down": {"uv": [2, 5, 0, 6.5], "texture": "#0"}
			}
		},
		{
			"from": [6, 0.075, 5],
			"to": [10, 2.075, 5],
			"rotation": {"angle": -22.5, "axis": "y", "origin": [8, 0.075, 6]},
			"faces": {
				"north": {"uv": [4, 3, 6, 4], "texture": "#0"},
				"east": {"uv": [4, 5.5, 5.5, 6.5], "texture": "#0"},
				"south": {"uv": [2, 5, 4, 6], "texture": "#0"},
				"west": {"uv": [5.5, 5.5, 7, 6.5], "texture": "#0"},
				"up": {"uv": [6, 3, 4, 1.5], "texture": "#0"},
				"down": {"uv": [2, 5, 0, 6.5], "texture": "#0"}
			}
		},
		{
			"from": [10, 0.075, 5],
			"to": [10, 2.075, 8],
			"rotation": {"angle": -22.5, "axis": "y", "origin": [8, 0.075, 6]},
			"faces": {
				"north": {"uv": [6, 3, 4, 4], "texture": "#0"},
				"east": {"uv": [7, 5.5, 5.5, 6.5], "texture": "#0"},
				"south": {"uv": [4, 5, 2, 6], "texture": "#0"},
				"west": {"uv": [5.5, 5.5, 4, 6.5], "texture": "#0"},
				"up": {"uv": [4, 3, 6, 1.5], "texture": "#0"},
				"down": {"uv": [0, 5, 2, 6.5], "texture": "#0"}
			}
		},
		{
			"from": [5.5, 4.25, 6.15],
			"to": [10.5, 9.25, 6.15],
			"rotation": {"angle": 22.5, "axis": "x", "origin": [8.5, 4.25, 3.15]},
			"faces": {
				"north": {"uv": [0, 0, 2.5, 2.5], "texture": "#0"},
				"east": {"uv": [2.5, 2.5, 4, 5], "texture": "#0"},
				"south": {"uv": [0, 2.5, 2.5, 5], "texture": "#0"},
				"west": {"uv": [2.5, 0, 4, 2.5], "texture": "#0"},
				"up": {"uv": [6.5, 5.5, 4, 4], "texture": "#0"},
				"down": {"uv": [6.5, 0, 4, 1.5], "texture": "#0"}
			}
		},
		{
			"from": [10.5, 4.25, 3.15],
			"to": [10.5, 9.25, 6.15],
			"rotation": {"angle": 22.5, "axis": "x", "origin": [7.5, 4.25, 3.15]},
			"faces": {
				"north": {"uv": [2.5, 0, 0, 2.5], "texture": "#0"},
				"east": {"uv": [4, 0, 2.5, 2.5], "texture": "#0"},
				"south": {"uv": [2.5, 2.5, 0, 5], "texture": "#0"},
				"west": {"uv": [4, 2.5, 2.5, 5], "texture": "#0"},
				"up": {"uv": [4, 5.5, 6.5, 4], "texture": "#0"},
				"down": {"uv": [4, 0, 6.5, 1.5], "texture": "#0"}
			}
		},
		{
			"from": [5.5, 4.25, 3.15],
			"to": [10.5, 9.25, 3.15],
			"rotation": {"angle": 22.5, "axis": "x", "origin": [8.5, 4.25, 3.15]},
			"faces": {
				"north": {"uv": [0, 0, 2.5, 2.5], "texture": "#0"},
				"east": {"uv": [2.5, 2.5, 4, 5], "texture": "#0"},
				"south": {"uv": [0, 2.5, 2.5, 5], "texture": "#0"},
				"west": {"uv": [2.5, 0, 4, 2.5], "texture": "#0"},
				"up": {"uv": [6.5, 5.5, 4, 4], "texture": "#0"},
				"down": {"uv": [6.5, 0, 4, 1.5], "texture": "#0"}
			}
		},
		{
			"from": [7.5, 4.25, 2.65],
			"to": [8.5, 10.25, 3.65],
			"rotation": {"angle": 22.5, "axis": "x", "origin": [8.5, 4.25, 2.65]},
			"faces": {
				"north": {"uv": [2, 6, 2.5, 9], "texture": "#0"},
				"east": {"uv": [2.5, 6, 3, 9], "texture": "#0"},
				"south": {"uv": [3, 6, 3.5, 9], "texture": "#0"},
				"west": {"uv": [3.5, 6, 4, 9], "texture": "#0"},
				"up": {"uv": [7.5, 11.5, 7, 11], "texture": "#0"},
				"down": {"uv": [8, 11, 7.5, 11.5], "texture": "#0"}
			}
		},
		{
			"from": [5.5, 4.25, 3.15],
			"to": [5.5, 9.25, 6.15],
			"rotation": {"angle": 22.5, "axis": "x", "origin": [8.5, 4.25, 3.15]},
			"faces": {
				"north": {"uv": [0, 0, 2.5, 2.5], "texture": "#0"},
				"east": {"uv": [2.5, 2.5, 4, 5], "texture": "#0"},
				"south": {"uv": [0, 2.5, 2.5, 5], "texture": "#0"},
				"west": {"uv": [2.5, 0, 4, 2.5], "texture": "#0"},
				"up": {"uv": [6.5, 5.5, 4, 4], "texture": "#0"},
				"down": {"uv": [6.5, 0, 4, 1.5], "texture": "#0"}
			}
		},
		{
			"from": [5.5, 9.25, 3.15],
			"to": [10.5, 9.25, 6.15],
			"rotation": {"angle": 22.5, "axis": "x", "origin": [8.5, 4.25, 3.15]},
			"faces": {
				"north": {"uv": [0, 0, 2.5, 2.5], "texture": "#0"},
				"east": {"uv": [2.5, 2.5, 4, 5], "texture": "#0"},
				"south": {"uv": [0, 2.5, 2.5, 5], "texture": "#0"},
				"west": {"uv": [2.5, 0, 4, 2.5], "texture": "#0"},
				"up": {"uv": [6.5, 5.5, 4, 4], "texture": "#0"},
				"down": {"uv": [6.5, 0, 4, 1.5], "texture": "#0"}
			}
		},
		{
			"from": [1.5, 3.35, -0.85],
			"to": [6.5, 3.35, 4.15],
			"rotation": {"angle": 45, "axis": "y", "origin": [4.5, 0.35, 4.15]},
			"faces": {
				"north": {"uv": [6.5, 5.5, 4, 4], "rotation": 180, "texture": "#0"},
				"east": {"uv": [2.5, 2.5, 4, 5], "rotation": 90, "texture": "#0"},
				"south": {"uv": [6.5, 0, 4, 1.5], "texture": "#0"},
				"west": {"uv": [2.5, 0, 4, 2.5], "rotation": 270, "texture": "#0"},
				"up": {"uv": [0, 2.5, 2.5, 5], "texture": "#0"},
				"down": {"uv": [0, 0, 2.5, 2.5], "rotation": 180, "texture": "#0"}
			}
		},
		{
			"from": [6.5, 0.35, -0.85],
			"to": [6.5, 3.35, 4.15],
			"rotation": {"angle": 45, "axis": "y", "origin": [3.5, 0.35, 4.15]},
			"faces": {
				"north": {"uv": [4, 5.5, 6.5, 4], "rotation": 180, "texture": "#0"},
				"east": {"uv": [4, 0, 2.5, 2.5], "rotation": 90, "texture": "#0"},
				"south": {"uv": [4, 0, 6.5, 1.5], "texture": "#0"},
				"west": {"uv": [4, 2.5, 2.5, 5], "rotation": 270, "texture": "#0"},
				"up": {"uv": [2.5, 2.5, 0, 5], "texture": "#0"},
				"down": {"uv": [2.5, 0, 0, 2.5], "rotation": 180, "texture": "#0"}
			}
		},
		{
			"from": [1.5, 0.35, -0.85],
			"to": [6.5, 0.35, 4.15],
			"rotation": {"angle": 45, "axis": "y", "origin": [4.5, 0.35, 4.15]},
			"faces": {
				"north": {"uv": [6.5, 5.5, 4, 4], "rotation": 180, "texture": "#0"},
				"east": {"uv": [2.5, 2.5, 4, 5], "rotation": 90, "texture": "#0"},
				"south": {"uv": [6.5, 0, 4, 1.5], "texture": "#0"},
				"west": {"uv": [2.5, 0, 4, 2.5], "rotation": 270, "texture": "#0"},
				"up": {"uv": [0, 2.5, 2.5, 5], "texture": "#0"},
				"down": {"uv": [0, 0, 2.5, 2.5], "rotation": 180, "texture": "#0"}
			}
		},
		{
			"from": [3.5, 0.35, -1.35],
			"to": [4.5, 1.35, 4.65],
			"rotation": {"angle": 45, "axis": "y", "origin": [4.5, 0.35, 4.65]},
			"faces": {
				"north": {"uv": [7.5, 11.5, 7, 11], "rotation": 180, "texture": "#0"},
				"east": {"uv": [2.5, 6, 3, 9], "rotation": 90, "texture": "#0"},
				"south": {"uv": [8, 11, 7.5, 11.5], "texture": "#0"},
				"west": {"uv": [3.5, 6, 4, 9], "rotation": 270, "texture": "#0"},
				"up": {"uv": [3, 6, 3.5, 9], "texture": "#0"},
				"down": {"uv": [2, 6, 2.5, 9], "rotation": 180, "texture": "#0"}
			}
		},
		{
			"from": [1.5, 0.35, -0.85],
			"to": [1.5, 3.35, 4.15],
			"rotation": {"angle": 45, "axis": "y", "origin": [4.5, 0.35, 4.15]},
			"faces": {
				"north": {"uv": [6.5, 5.5, 4, 4], "rotation": 180, "texture": "#0"},
				"east": {"uv": [2.5, 2.5, 4, 5], "rotation": 90, "texture": "#0"},
				"south": {"uv": [6.5, 0, 4, 1.5], "texture": "#0"},
				"west": {"uv": [2.5, 0, 4, 2.5], "rotation": 270, "texture": "#0"},
				"up": {"uv": [0, 2.5, 2.5, 5], "texture": "#0"},
				"down": {"uv": [0, 0, 2.5, 2.5], "rotation": 180, "texture": "#0"}
			}
		},
		{
			"from": [1.5, 0.35, -0.85],
			"to": [6.5, 3.35, -0.85],
			"rotation": {"angle": 45, "axis": "y", "origin": [4.5, 0.35, 4.15]},
			"faces": {
				"north": {"uv": [6.5, 5.5, 4, 4], "rotation": 180, "texture": "#0"},
				"east": {"uv": [2.5, 2.5, 4, 5], "rotation": 90, "texture": "#0"},
				"south": {"uv": [6.5, 0, 4, 1.5], "texture": "#0"},
				"west": {"uv": [2.5, 0, 4, 2.5], "rotation": 270, "texture": "#0"},
				"up": {"uv": [0, 2.5, 2.5, 5], "texture": "#0"},
				"down": {"uv": [0, 0, 2.5, 2.5], "rotation": 180, "texture": "#0"}
			}
		},
		{
			"from": [4.5, 0.25, 8],
			"to": [5.5, 1.25, 13],
			"rotation": {"angle": -45, "axis": "y", "origin": [5, 0.75, 7]},
			"faces": {
				"north": {"uv": [11, 11, 11.5, 11.5], "texture": "#0"},
				"east": {"uv": [5.5, 6.5, 8, 7], "texture": "#0"},
				"south": {"uv": [11, 0, 11.5, 0.5], "texture": "#0"},
				"west": {"uv": [6.5, 0, 9, 0.5], "texture": "#0"},
				"up": {"uv": [7, 3, 6.5, 0.5], "texture": "#0"},
				"down": {"uv": [7, 3, 6.5, 5.5], "texture": "#0"}
			}
		},
		{
			"from": [4, -0.25, 6],
			"to": [6, 1.75, 8],
			"rotation": {"angle": -45, "axis": "y", "origin": [5, -0.25, 7]},
			"faces": {
				"north": {"uv": [8, 2.5, 9, 3.5], "texture": "#0"},
				"east": {"uv": [8, 3.5, 9, 4.5], "texture": "#0"},
				"south": {"uv": [8, 4.5, 9, 5.5], "texture": "#0"},
				"west": {"uv": [8, 6.5, 9, 7.5], "texture": "#0"},
				"up": {"uv": [9.5, 9.5, 8.5, 8.5], "texture": "#0"},
				"down": {"uv": [9.5, 7.5, 8.5, 8.5], "texture": "#0"}
			}
		}
	],
	"groups": [0,
		{
			"name": "hand",
			"origin": [7.75, 5, 3],
			"children": [1, 2, 3, 4, 5, 6, 7, 8, 9]
		},
		{
			"name": "lower_leg",
			"origin": [13, 0, 14],
			"children": [10, 11, 12]
		},
		{
			"name": "hip",
			"origin": [8, 0, 8],
			"children": [13, 14, 15, 16, 17, 18]
		},
		{
			"name": "chest",
			"origin": [7.5, 4.25, 1.15],
			"children": [19, 20, 21, 22, 23, 24]
		},
		{
			"name": "chest",
			"origin": [7.5, 4.25, 1.15],
			"children": [25, 26, 27, 28, 29, 30]
		},
		{
			"name": "upper_leg",
			"origin": [11, -0.25, 8],
			"children": [31, 32]
		}
	]
}