{
	"credit": " (C)ArtsByKev, https://youtube.com/c/artsbykev & https://twitter.com/artsbykev - Using Blockbench",
	"ambientocclusion": false,
	"texture_size": [32, 32],
	"textures": {
		"0": "artsbykev_var/textures/skeleton_parts",
		"particle": "artsbykev_var/textures/skeleton_parts"
	},
	"elements": [
		{
			"from": [6, 2.075, 5],
			"to": [10, 2.075, 8],
			"rotation": {"angle": -22.5, "axis": "y", "origin": [8, 0.075, 6]},
			"faces": {
				"north": {"uv": [4, 3, 6, 4], "texture": "#0"},
				"east": {"uv": [4, 5.5, 5.5, 6.5], "texture": "#0"},
				"south": {"uv": [2, 5, 4, 6], "texture": "#0"},
				"west": {"uv": [5.5, 5.5, 7, 6.5], "texture": "#0"},
				"up": {"uv": [6, 3, 4, 1.5], "texture": "#0"},
				"down": {"uv": [2, 5, 0, 6.5], "texture": "#0"}
			}
		},
		{
			"from": [6, 0.075, 8],
			"to": [10, 2.075, 8],
			"rotation": {"angle": -22.5, "axis": "y", "origin": [8, 0.075, 6]},
			"faces": {
				"north": {"uv": [4, 3, 6, 4], "texture": "#0"},
				"east": {"uv": [4, 5.5, 5.5, 6.5], "texture": "#0"},
				"south": {"uv": [2, 5, 4, 6], "texture": "#0"},
				"west": {"uv": [5.5, 5.5, 7, 6.5], "texture": "#0"},
				"up": {"uv": [6, 3, 4, 1.5], "texture": "#0"},
				"down": {"uv": [2, 5, 0, 6.5], "texture": "#0"}
			}
		},
		{
			"from": [6, 0.075, 5],
			"to": [6, 2.075, 8],
			"rotation": {"angle": -22.5, "axis": "y", "origin": [8, 0.075, 6]},
			"faces": {
				"north": {"uv": [4, 3, 6, 4], "texture": "#0"},
				"east": {"uv": [4, 5.5, 5.5, 6.5], "texture": "#0"},
				"south": {"uv": [2, 5, 4, 6], "texture": "#0"},
				"west": {"uv": [5.5, 5.5, 7, 6.5], "texture": "#0"},
				"up": {"uv": [6, 3, 4, 1.5], "texture": "#0"},
				"down": {"uv": [2, 5, 0, 6.5], "texture": "#0"}
			}
		},
		{
			"from": [6, 0.075, 5],
			"to": [10, 0.075, 8],
			"rotation": {"angle": -22.5, "axis": "y", "origin": [8, 0.075, 6]},
			"faces": {
				"north": {"uv": [4, 3, 6, 4], "texture": "#0"},
				"east": {"uv": [4, 5.5, 5.5, 6.5], "texture": "#0"},
				"south": {"uv": [2, 5, 4, 6], "texture": "#0"},
				"west": {"uv": [5.5, 5.5, 7, 6.5], "texture": "#0"},
				"up": {"uv": [6, 3, 4, 1.5], "texture": "#0"},
				"down": {"uv": [2, 5, 0, 6.5], "texture": "#0"}
			}
		},
		{
			"from": [6, 0.075, 5],
			"to": [10, 2.075, 5],
			"rotation": {"angle": -22.5, "axis": "y", "origin": [8, 0.075, 6]},
			"faces": {
				"north": {"uv": [4, 3, 6, 4], "texture": "#0"},
				"east": {"uv": [4, 5.5, 5.5, 6.5], "texture": "#0"},
				"south": {"uv": [2, 5, 4, 6], "texture": "#0"},
				"west": {"uv": [5.5, 5.5, 7, 6.5], "texture": "#0"},
				"up": {"uv": [6, 3, 4, 1.5], "texture": "#0"},
				"down": {"uv": [2, 5, 0, 6.5], "texture": "#0"}
			}
		},
		{
			"from": [10, 0.075, 5],
			"to": [10, 2.075, 8],
			"rotation": {"angle": -22.5, "axis": "y", "origin": [8, 0.075, 6]},
			"faces": {
				"north": {"uv": [6, 3, 4, 4], "texture": "#0"},
				"east": {"uv": [7, 5.5, 5.5, 6.5], "texture": "#0"},
				"south": {"uv": [4, 5, 2, 6], "texture": "#0"},
				"west": {"uv": [5.5, 5.5, 4, 6.5], "texture": "#0"},
				"up": {"uv": [4, 3, 6, 1.5], "texture": "#0"},
				"down": {"uv": [0, 5, 2, 6.5], "texture": "#0"}
			}
		},
		{
			"from": [4.5, 3.35, 11.15],
			"to": [9.5, 3.35, 16.15],
			"rotation": {"angle": 22.5, "axis": "y", "origin": [4.5, 0.35, 14.15]},
			"faces": {
				"north": {"uv": [2.5, 0, 4, 2.5], "rotation": 270, "texture": "#0"},
				"east": {"uv": [6.5, 5.5, 4, 4], "rotation": 180, "texture": "#0"},
				"south": {"uv": [2.5, 2.5, 4, 5], "rotation": 90, "texture": "#0"},
				"west": {"uv": [6.5, 0, 4, 1.5], "texture": "#0"},
				"up": {"uv": [0, 2.5, 2.5, 5], "rotation": 90, "texture": "#0"},
				"down": {"uv": [0, 0, 2.5, 2.5], "rotation": 90, "texture": "#0"}
			}
		},
		{
			"from": [4.5, 0.35, 11.15],
			"to": [9.5, 0.35, 16.15],
			"rotation": {"angle": 22.5, "axis": "y", "origin": [4.5, 0.35, 14.15]},
			"faces": {
				"north": {"uv": [2.5, 0, 4, 2.5], "rotation": 270, "texture": "#0"},
				"east": {"uv": [6.5, 5.5, 4, 4], "rotation": 180, "texture": "#0"},
				"south": {"uv": [2.5, 2.5, 4, 5], "rotation": 90, "texture": "#0"},
				"west": {"uv": [6.5, 0, 4, 1.5], "texture": "#0"},
				"up": {"uv": [0, 2.5, 2.5, 5], "rotation": 90, "texture": "#0"},
				"down": {"uv": [0, 0, 2.5, 2.5], "rotation": 90, "texture": "#0"}
			}
		},
		{
			"from": [4.5, 0.35, 13.65],
			"to": [10.5, 1.35, 14.65],
			"rotation": {"angle": 22.5, "axis": "y", "origin": [4.5, 0.35, 14.65]},
			"faces": {
				"north": {"uv": [3.5, 6, 4, 9], "rotation": 270, "texture": "#0"},
				"east": {"uv": [7.5, 11.5, 7, 11], "rotation": 180, "texture": "#0"},
				"south": {"uv": [2.5, 6, 3, 9], "rotation": 90, "texture": "#0"},
				"west": {"uv": [8, 11, 7.5, 11.5], "texture": "#0"},
				"up": {"uv": [3, 6, 3.5, 9], "rotation": 90, "texture": "#0"},
				"down": {"uv": [2, 6, 2.5, 9], "rotation": 90, "texture": "#0"}
			}
		},
		{
			"from": [4.5, 0.35, 11.15],
			"to": [9.5, 3.35, 11.15],
			"rotation": {"angle": 22.5, "axis": "y", "origin": [4.5, 0.35, 14.15]},
			"faces": {
				"north": {"uv": [2.5, 0, 4, 2.5], "rotation": 270, "texture": "#0"},
				"east": {"uv": [6.5, 5.5, 4, 4], "rotation": 180, "texture": "#0"},
				"south": {"uv": [2.5, 2.5, 4, 5], "rotation": 90, "texture": "#0"},
				"west": {"uv": [6.5, 0, 4, 1.5], "texture": "#0"},
				"up": {"uv": [0, 2.5, 2.5, 5], "rotation": 90, "texture": "#0"},
				"down": {"uv": [0, 0, 2.5, 2.5], "rotation": 90, "texture": "#0"}
			}
		},
		{
			"from": [9.5, 0.35, 11.15],
			"to": [9.5, 3.35, 16.15],
			"rotation": {"angle": 22.5, "axis": "y", "origin": [4.5, 0.35, 14.15]},
			"faces": {
				"north": {"uv": [2.5, 0, 4, 2.5], "rotation": 270, "texture": "#0"},
				"east": {"uv": [6.5, 5.5, 4, 4], "rotation": 180, "texture": "#0"},
				"south": {"uv": [2.5, 2.5, 4, 5], "rotation": 90, "texture": "#0"},
				"west": {"uv": [6.5, 0, 4, 1.5], "texture": "#0"},
				"up": {"uv": [0, 2.5, 2.5, 5], "rotation": 90, "texture": "#0"},
				"down": {"uv": [0, 0, 2.5, 2.5], "rotation": 90, "texture": "#0"}
			}
		}
	],
	"groups": [
		{
			"name": "lower_leg",
			"origin": [13, 0, 14],
			"children": []
		},
		{
			"name": "hip",
			"origin": [8, 0, 8],
			"children": [0, 1, 2, 3, 4, 5]
		},
		{
			"name": "chest",
			"origin": [7.5, 4.25, 1.15],
			"children": [6, 7, 8, 9, 10]
		}
	]
}