{
	"credit": " (C)ArtsByKev, https://youtube.com/c/artsbykev & https://twitter.com/artsbykev - Using Blockbench",
	"ambientocclusion": false,
	"texture_size": [32, 32],
	"textures": {
		"0": "artsbykev_var/textures/skeleton_parts",
		"particle": "artsbykev_var/textures/skeleton_parts"
	},
	"elements": [
		{
			"from": [5, -0.5, 6.5],
			"to": [6, 4.5, 7.5],
			"rotation": {"angle": 22.5, "axis": "x", "origin": [5, -0.5, 7.5]},
			"faces": {
				"north": {"uv": [6, 1.5, 6.5, 4], "texture": "#0"},
				"east": {"uv": [0, 6.5, 0.5, 9], "texture": "#0"},
				"south": {"uv": [0.5, 6.5, 1, 9], "texture": "#0"},
				"west": {"uv": [1, 6.5, 1.5, 9], "texture": "#0"},
				"up": {"uv": [8, 7.5, 7.5, 7], "texture": "#0"},
				"down": {"uv": [8.5, 7.5, 8, 8], "texture": "#0"}
			}
		},
		{
			"from": [3.5, -0.5, 6.75],
			"to": [4.5, 3.5, 7.75],
			"rotation": {"angle": 22.5, "axis": "x", "origin": [3.5, -0.5, 7.75]},
			"faces": {
				"north": {"uv": [0, 9, 0.5, 11], "texture": "#0"},
				"east": {"uv": [0.5, 9, 1, 11], "texture": "#0"},
				"south": {"uv": [1, 9, 1.5, 11], "texture": "#0"},
				"west": {"uv": [1.5, 9, 2, 11], "texture": "#0"},
				"up": {"uv": [5.5, 9.5, 5, 9], "texture": "#0"},
				"down": {"uv": [9.5, 5, 9, 5.5], "texture": "#0"}
			}
		},
		{
			"from": [5.25, 2.5, 9.25],
			"to": [6.25, 4.5, 10.25],
			"rotation": {"angle": 45, "axis": "z", "origin": [5.25, 4.5, 10.25]},
			"faces": {
				"north": {"uv": [10, 6.5, 10.5, 7.5], "texture": "#0"},
				"east": {"uv": [5, 10.5, 5.5, 11.5], "texture": "#0"},
				"south": {"uv": [5.5, 10.5, 6, 11.5], "texture": "#0"},
				"west": {"uv": [6, 10.5, 6.5, 11.5], "texture": "#0"},
				"up": {"uv": [7.5, 10, 7, 9.5], "texture": "#0"},
				"down": {"uv": [10.5, 4.5, 10, 5], "texture": "#0"}
			}
		},
		{
			"from": [6.5, 2.25, 9.25],
			"to": [7.5, 3.25, 10.25],
			"rotation": {"angle": 0, "axis": "z", "origin": [6.5, 3.25, 10.25]},
			"faces": {
				"north": {"uv": [10.5, 5.5, 11, 6], "texture": "#0"},
				"east": {"uv": [10.5, 6, 11, 6.5], "texture": "#0"},
				"south": {"uv": [10.5, 6.5, 11, 7], "texture": "#0"},
				"west": {"uv": [10.5, 7, 11, 7.5], "texture": "#0"},
				"up": {"uv": [11, 8, 10.5, 7.5], "texture": "#0"},
				"down": {"uv": [11, 8, 10.5, 8.5], "texture": "#0"}
			}
		},
		{
			"from": [4, 3.5, 8.5],
			"to": [6, 4.5, 10.5],
			"rotation": {"angle": 22.5, "axis": "z", "origin": [5, 3.5, 9.5]},
			"faces": {
				"north": {"uv": [10, 2.5, 11, 3], "texture": "#0"},
				"east": {"uv": [10, 3, 11, 3.5], "texture": "#0"},
				"south": {"uv": [10, 3.5, 11, 4], "texture": "#0"},
				"west": {"uv": [10, 4, 11, 4.5], "texture": "#0"},
				"up": {"uv": [3, 10, 2, 9], "texture": "#0"},
				"down": {"uv": [4, 9, 3, 10], "texture": "#0"}
			}
		},
		{
			"from": [3.5, 1.75, 10],
			"to": [4.5, 3.75, 11],
			"rotation": {"angle": -22.5, "axis": "x", "origin": [3.5, 3.75, 11]},
			"faces": {
				"north": {"uv": [9.5, 10.5, 10, 11.5], "texture": "#0"},
				"east": {"uv": [10, 10.5, 10.5, 11.5], "texture": "#0"},
				"south": {"uv": [10.5, 10.5, 11, 11.5], "texture": "#0"},
				"west": {"uv": [10.5, 0, 11, 1], "texture": "#0"},
				"up": {"uv": [11, 5, 10.5, 4.5], "texture": "#0"},
				"down": {"uv": [11, 5, 10.5, 5.5], "texture": "#0"}
			}
		},
		{
			"from": [3.5, 0.75, 10.75],
			"to": [4.5, 1.75, 11.75],
			"rotation": {"angle": 0, "axis": "x", "origin": [3.5, 1.75, 11.75]},
			"faces": {
				"north": {"uv": [1, 11, 1.5, 11.5], "texture": "#0"},
				"east": {"uv": [1.5, 11, 2, 11.5], "texture": "#0"},
				"south": {"uv": [2, 11, 2.5, 11.5], "texture": "#0"},
				"west": {"uv": [2.5, 11, 3, 11.5], "texture": "#0"},
				"up": {"uv": [3.5, 11.5, 3, 11], "texture": "#0"},
				"down": {"uv": [4, 11, 3.5, 11.5], "texture": "#0"}
			}
		},
		{
			"from": [13.75, -0.5, 3.5],
			"to": [14.75, 4.5, 4.5],
			"rotation": {"angle": 45, "axis": "z", "origin": [13.75, -0.5, 4.5]},
			"faces": {
				"north": {"uv": [0.5, 6.5, 0, 9], "texture": "#0"},
				"east": {"uv": [6.5, 1.5, 6, 4], "texture": "#0"},
				"south": {"uv": [1.5, 6.5, 1, 9], "texture": "#0"},
				"west": {"uv": [1, 6.5, 0.5, 9], "texture": "#0"},
				"up": {"uv": [7.5, 7.5, 8, 7], "rotation": 90, "texture": "#0"},
				"down": {"uv": [8, 7.5, 8.5, 8], "rotation": 270, "texture": "#0"}
			}
		},
		{
			"from": [13.5, -0.5, 5],
			"to": [14.5, 3.5, 6],
			"rotation": {"angle": 45, "axis": "z", "origin": [13.5, -0.5, 6]},
			"faces": {
				"north": {"uv": [1, 9, 0.5, 11], "texture": "#0"},
				"east": {"uv": [0.5, 9, 0, 11], "texture": "#0"},
				"south": {"uv": [2, 9, 1.5, 11], "texture": "#0"},
				"west": {"uv": [1.5, 9, 1, 11], "texture": "#0"},
				"up": {"uv": [5, 9.5, 5.5, 9], "rotation": 90, "texture": "#0"},
				"down": {"uv": [9, 5, 9.5, 5.5], "rotation": 270, "texture": "#0"}
			}
		},
		{
			"from": [9.25, 1.5, 3.25],
			"to": [10.25, 3.5, 4.25],
			"rotation": {"angle": 45, "axis": "x", "origin": [9.25, 3.5, 4.25]},
			"faces": {
				"north": {"uv": [5.5, 10.5, 5, 11.5], "texture": "#0"},
				"east": {"uv": [10.5, 6.5, 10, 7.5], "texture": "#0"},
				"south": {"uv": [6.5, 10.5, 6, 11.5], "texture": "#0"},
				"west": {"uv": [6, 10.5, 5.5, 11.5], "texture": "#0"},
				"up": {"uv": [7, 10, 7.5, 9.5], "rotation": 90, "texture": "#0"},
				"down": {"uv": [10, 4.5, 10.5, 5], "rotation": 270, "texture": "#0"}
			}
		},
		{
			"from": [9, 2.5, 3.5],
			"to": [11, 3.5, 5.5],
			"rotation": {"angle": 22.5, "axis": "x", "origin": [10, 2.5, 4.5]},
			"faces": {
				"north": {"uv": [11, 3, 10, 3.5], "texture": "#0"},
				"east": {"uv": [11, 2.5, 10, 3], "texture": "#0"},
				"south": {"uv": [11, 4, 10, 4.5], "texture": "#0"},
				"west": {"uv": [11, 3.5, 10, 4], "texture": "#0"},
				"up": {"uv": [2, 10, 3, 9], "rotation": 90, "texture": "#0"},
				"down": {"uv": [3, 9, 4, 10], "rotation": 270, "texture": "#0"}
			}
		},
		{
			"from": [8.5, 0.75, 5],
			"to": [9.5, 2.75, 6],
			"rotation": {"angle": -22.5, "axis": "z", "origin": [8.5, 2.75, 6]},
			"faces": {
				"north": {"uv": [10.5, 10.5, 10, 11.5], "texture": "#0"},
				"east": {"uv": [10, 10.5, 9.5, 11.5], "texture": "#0"},
				"south": {"uv": [11, 0, 10.5, 1], "texture": "#0"},
				"west": {"uv": [11, 10.5, 10.5, 11.5], "texture": "#0"},
				"up": {"uv": [10.5, 5, 11, 4.5], "rotation": 90, "texture": "#0"},
				"down": {"uv": [10.5, 5, 11, 5.5], "rotation": 270, "texture": "#0"}
			}
		},
		{
			"from": [7.75, -0.25, 5],
			"to": [8.75, 0.75, 6],
			"rotation": {"angle": 0, "axis": "x", "origin": [7.75, 0.75, 6]},
			"faces": {
				"north": {"uv": [2, 11, 1.5, 11.5], "texture": "#0"},
				"east": {"uv": [1.5, 11, 1, 11.5], "texture": "#0"},
				"south": {"uv": [3, 11, 2.5, 11.5], "texture": "#0"},
				"west": {"uv": [2.5, 11, 2, 11.5], "texture": "#0"},
				"up": {"uv": [3, 11.5, 3.5, 11], "rotation": 90, "texture": "#0"},
				"down": {"uv": [3.5, 11, 4, 11.5], "rotation": 270, "texture": "#0"}
			}
		},
		{
			"from": [7.75, 0.25, 3.75],
			"to": [8.75, 1.25, 4.75],
			"rotation": {"angle": 0, "axis": "x", "origin": [7.75, 1.25, 4.75]},
			"faces": {
				"north": {"uv": [11, 9, 10.5, 9.5], "texture": "#0"},
				"east": {"uv": [11, 8.5, 10.5, 9], "texture": "#0"},
				"south": {"uv": [11, 10, 10.5, 10.5], "texture": "#0"},
				"west": {"uv": [11, 9.5, 10.5, 10], "texture": "#0"},
				"up": {"uv": [0, 11.5, 0.5, 11], "rotation": 90, "texture": "#0"},
				"down": {"uv": [0.5, 11, 1, 11.5], "rotation": 270, "texture": "#0"}
			}
		},
		{
			"from": [8.5, 1.5, 3.75],
			"to": [9.5, 3.5, 4.75],
			"rotation": {"angle": -22.5, "axis": "z", "origin": [8.5, 3.5, 4.75]},
			"faces": {
				"north": {"uv": [8.5, 10.5, 8, 11.5], "texture": "#0"},
				"east": {"uv": [7, 10.5, 6.5, 11.5], "texture": "#0"},
				"south": {"uv": [9.5, 10.5, 9, 11.5], "texture": "#0"},
				"west": {"uv": [9, 10.5, 8.5, 11.5], "texture": "#0"},
				"up": {"uv": [10.5, 1.5, 11, 1], "rotation": 90, "texture": "#0"},
				"down": {"uv": [10.5, 1.5, 11, 2], "rotation": 270, "texture": "#0"}
			}
		}
	],
	"groups": [
		{
			"name": "hand",
			"origin": [7.75, 5, 3],
			"children": [0, 1, 2, 3, 4, 5, 6]
		},
		{
			"name": "hand",
			"origin": [7.75, 5, 3],
			"children": [7, 8, 9, 10, 11, 12, 13, 14]
		}
	]
}