{
	"credit": "Made with Blockbench",
	"texture_size": [96, 96],
	"textures": {
		"0": "artsbykev_var/textures/snowman"
	},
	"elements": [
		{
			"from": [2, -2, 2],
			"to": [14, -1, 14],
			"rotation": {"angle": 0, "axis": "y", "origin": [8, -14, 8]},
			"faces": {
				"north": {"uv": [2, 6, 4, 6.16667], "texture": "#0"},
				"east": {"uv": [0, 6, 2, 6.16667], "texture": "#0"},
				"south": {"uv": [6, 6, 8, 6.16667], "texture": "#0"},
				"west": {"uv": [4, 6, 6, 6.16667], "texture": "#0"},
				"up": {"uv": [4, 6, 2, 4], "texture": "#0"},
				"down": {"uv": [6, 4, 4, 6], "texture": "#0"}
			}
		},
		{
			"from": [2, 11, 2],
			"to": [14, 12, 14],
			"rotation": {"angle": 0, "axis": "y", "origin": [8, -1, 8]},
			"faces": {
				"north": {"uv": [8, 8, 10, 8.16667], "texture": "#0"},
				"east": {"uv": [6, 8, 8, 8.16667], "texture": "#0"},
				"south": {"uv": [12, 8, 14, 8.16667], "texture": "#0"},
				"west": {"uv": [10, 8, 12, 8.16667], "texture": "#0"},
				"up": {"uv": [10, 8, 8, 6], "texture": "#0"},
				"down": {"uv": [12, 6, 10, 8], "texture": "#0"}
			}
		},
		{
			"from": [2, -1, 14],
			"to": [14, 11, 15],
			"rotation": {"angle": 0, "axis": "y", "origin": [8, -2, 20]},
			"faces": {
				"north": {"uv": [0.16667, 10, 2.16667, 12], "texture": "#0"},
				"east": {"uv": [0, 10, 0.16667, 12], "texture": "#0"},
				"south": {"uv": [2.33333, 10, 4.33333, 12], "texture": "#0"},
				"west": {"uv": [2.16667, 10, 2.33333, 12], "texture": "#0"},
				"up": {"uv": [2.16667, 10, 0.16667, 9.83333], "texture": "#0"},
				"down": {"uv": [4.16667, 9.83333, 2.16667, 10], "texture": "#0"}
			}
		},
		{
			"from": [4, 1, 15],
			"to": [12, 9, 16],
			"rotation": {"angle": 0, "axis": "y", "origin": [8, -2, 21]},
			"faces": {
				"north": {"uv": [12.16667, 5.66667, 13.5, 7], "texture": "#0"},
				"east": {"uv": [12, 5.66667, 12.16667, 7], "texture": "#0"},
				"south": {"uv": [13.66667, 5.66667, 15, 7], "texture": "#0"},
				"west": {"uv": [13.5, 5.66667, 13.66667, 7], "texture": "#0"},
				"up": {"uv": [13.5, 5.66667, 12.16667, 5.5], "texture": "#0"},
				"down": {"uv": [14.83333, 5.5, 13.5, 5.66667], "texture": "#0"}
			}
		},
		{
			"from": [4, 1, 0],
			"to": [12, 9, 1],
			"rotation": {"angle": 0, "axis": "y", "origin": [8, -2, 6]},
			"faces": {
				"north": {"uv": [3.16667, 12.33333, 4.5, 13.66667], "texture": "#0"},
				"east": {"uv": [3, 12.33333, 3.16667, 13.66667], "texture": "#0"},
				"south": {"uv": [4.66667, 12.33333, 6, 13.66667], "texture": "#0"},
				"west": {"uv": [4.5, 12.33333, 4.66667, 13.66667], "texture": "#0"},
				"up": {"uv": [4.5, 12.33333, 3.16667, 12.16667], "texture": "#0"},
				"down": {"uv": [5.83333, 12.16667, 4.5, 12.33333], "texture": "#0"}
			}
		},
		{
			"from": [2, -1, 1],
			"to": [14, 11, 2],
			"rotation": {"angle": 0, "axis": "y", "origin": [8, -2, 7]},
			"faces": {
				"north": {"uv": [4.5, 10.16667, 6.5, 12.16667], "texture": "#0"},
				"east": {"uv": [4.33333, 10.16667, 4.5, 12.16667], "texture": "#0"},
				"south": {"uv": [6.66667, 10.16667, 8.66667, 12.16667], "texture": "#0"},
				"west": {"uv": [6.5, 10.16667, 6.66667, 12.16667], "texture": "#0"},
				"up": {"uv": [6.5, 10.16667, 4.5, 10], "texture": "#0"},
				"down": {"uv": [8.5, 10, 6.5, 10.16667], "texture": "#0"}
			}
		},
		{
			"from": [15, 1, 4],
			"to": [16, 9, 12],
			"shade": false,
			"rotation": {"angle": 0, "axis": "y", "origin": [22, -2, 8]},
			"faces": {
				"north": {"uv": [11.83333, 12.83333, 11.66667, 14.16667], "texture": "#0"},
				"east": {"uv": [13.16667, 12.83333, 11.83333, 14.16667], "texture": "#0"},
				"south": {"uv": [13.33333, 12.83333, 13.16667, 14.16667], "texture": "#0"},
				"west": {"uv": [11.66667, 12.83333, 10.33333, 14.16667], "texture": "#0"},
				"up": {"uv": [11.66667, 12.83333, 11.83333, 11.5], "texture": "#0"},
				"down": {"uv": [11.83333, 11.5, 12, 12.83333], "texture": "#0"}
			}
		},
		{
			"from": [0, 1, 4],
			"to": [1, 9, 12],
			"rotation": {"angle": 0, "axis": "y", "origin": [-6, -2, 8]},
			"faces": {
				"north": {"uv": [11.66667, 12.83333, 11.83333, 14.16667], "texture": "#0"},
				"east": {"uv": [10.33333, 12.83333, 11.66667, 14.16667], "texture": "#0"},
				"south": {"uv": [13.16667, 12.83333, 13.33333, 14.16667], "texture": "#0"},
				"west": {"uv": [11.83333, 12.83333, 13.16667, 14.16667], "texture": "#0"},
				"up": {"uv": [11.83333, 12.83333, 11.66667, 11.5], "texture": "#0"},
				"down": {"uv": [12, 11.5, 11.83333, 12.83333], "texture": "#0"}
			}
		},
		{
			"from": [1, -1, 2],
			"to": [15, 11, 14],
			"rotation": {"angle": 0, "axis": "y", "origin": [8, -2, 8]},
			"faces": {
				"north": {"uv": [2, 2, 4.33333, 4], "texture": "#0"},
				"east": {"uv": [0, 2, 2, 4], "texture": "#0"},
				"south": {"uv": [6.33333, 2, 8.66667, 4], "texture": "#0"},
				"west": {"uv": [4.33333, 2, 6.33333, 4], "texture": "#0"},
				"up": {"uv": [4.33333, 2, 2, 0], "texture": "#0"},
				"down": {"uv": [6.66667, 0, 4.33333, 2], "texture": "#0"}
			}
		},
		{
			"from": [4, 13, 13],
			"to": [12, 21, 14],
			"rotation": {"angle": 0, "axis": "y", "origin": [8, 12, 18]},
			"faces": {
				"north": {"uv": [0.16667, 12.16667, 1.5, 13.5], "texture": "#0"},
				"east": {"uv": [0, 12.16667, 0.16667, 13.5], "texture": "#0"},
				"south": {"uv": [1.66667, 12.16667, 3, 13.5], "texture": "#0"},
				"west": {"uv": [1.5, 12.16667, 1.66667, 13.5], "texture": "#0"},
				"up": {"uv": [1.5, 12.16667, 0.16667, 12], "texture": "#0"},
				"down": {"uv": [2.83333, 12, 1.5, 12.16667], "texture": "#0"}
			}
		},
		{
			"from": [6, 15, 14],
			"to": [10, 19, 15],
			"rotation": {"angle": 0, "axis": "y", "origin": [8, 12, 19]},
			"faces": {
				"north": {"uv": [0.16667, 4.16667, 0.83333, 4.83333], "texture": "#0"},
				"east": {"uv": [0, 4.16667, 0.16667, 4.83333], "texture": "#0"},
				"south": {"uv": [1, 4.16667, 1.66667, 4.83333], "texture": "#0"},
				"west": {"uv": [0.83333, 4.16667, 1, 4.83333], "texture": "#0"},
				"up": {"uv": [0.83333, 4.16667, 0.16667, 4], "texture": "#0"},
				"down": {"uv": [1.5, 4, 0.83333, 4.16667], "texture": "#0"}
			}
		},
		{
			"from": [4, 13, 2],
			"to": [12, 21, 3],
			"rotation": {"angle": 0, "axis": "y", "origin": [8, 12, 7]},
			"faces": {
				"north": {"uv": [5.16667, 6.33333, 6.5, 7.66667], "texture": "#0"},
				"east": {"uv": [5, 6.33333, 5.16667, 7.66667], "texture": "#0"},
				"south": {"uv": [6.66667, 6.33333, 8, 7.66667], "texture": "#0"},
				"west": {"uv": [6.5, 6.33333, 6.66667, 7.66667], "texture": "#0"},
				"up": {"uv": [6.5, 6.33333, 5.16667, 6.16667], "texture": "#0"},
				"down": {"uv": [7.83333, 6.16667, 6.5, 6.33333], "texture": "#0"}
			}
		},
		{
			"from": [6, 15, 1],
			"to": [10, 19, 2],
			"rotation": {"angle": 0, "axis": "y", "origin": [8, 12, 6]},
			"faces": {
				"north": {"uv": [0.16667, 5, 0.83333, 5.66667], "texture": "#0"},
				"east": {"uv": [0, 5, 0.16667, 5.66667], "texture": "#0"},
				"south": {"uv": [1, 5, 1.66667, 5.66667], "texture": "#0"},
				"west": {"uv": [0.83333, 5, 1, 5.66667], "texture": "#0"},
				"up": {"uv": [0.83333, 5, 0.16667, 4.83333], "texture": "#0"},
				"down": {"uv": [1.5, 4.83333, 0.83333, 5], "texture": "#0"}
			}
		},
		{
			"from": [3, 12, 3],
			"to": [13, 22, 13],
			"rotation": {"angle": 0, "axis": "y", "origin": [8, 12, 8]},
			"faces": {
				"north": {"uv": [1.66667, 8.16667, 3.33333, 9.83333], "texture": "#0"},
				"east": {"uv": [0, 8.16667, 1.66667, 9.83333], "texture": "#0"},
				"south": {"uv": [5, 8.16667, 6.66667, 9.83333], "texture": "#0"},
				"west": {"uv": [3.33333, 8.16667, 5, 9.83333], "texture": "#0"},
				"up": {"uv": [3.33333, 8.16667, 1.66667, 6.5], "texture": "#0"},
				"down": {"uv": [5, 6.5, 3.33333, 8.16667], "texture": "#0"}
			}
		},
		{
			"from": [13, 13, 4],
			"to": [14, 21, 12],
			"shade": false,
			"rotation": {"angle": 0, "axis": "y", "origin": [18, 12, 8]},
			"faces": {
				"north": {"uv": [8.83333, 12.83333, 8.66667, 14.16667], "texture": "#0"},
				"east": {"uv": [10.16667, 12.83333, 8.83333, 14.16667], "texture": "#0"},
				"south": {"uv": [10.33333, 12.83333, 10.16667, 14.16667], "texture": "#0"},
				"west": {"uv": [8.66667, 12.83333, 7.33333, 14.16667], "texture": "#0"},
				"up": {"uv": [8.66667, 12.83333, 8.83333, 11.5], "texture": "#0"},
				"down": {"uv": [8.83333, 11.5, 9, 12.83333], "texture": "#0"}
			}
		},
		{
			"from": [2, 13, 4],
			"to": [3, 21, 12],
			"rotation": {"angle": 0, "axis": "y", "origin": [-2, 12, 8]},
			"faces": {
				"north": {"uv": [8.66667, 12.83333, 8.83333, 14.16667], "texture": "#0"},
				"east": {"uv": [7.33333, 12.83333, 8.66667, 14.16667], "texture": "#0"},
				"south": {"uv": [10.16667, 12.83333, 10.33333, 14.16667], "texture": "#0"},
				"west": {"uv": [8.83333, 12.83333, 10.16667, 14.16667], "texture": "#0"},
				"up": {"uv": [8.83333, 12.83333, 8.66667, 11.5], "texture": "#0"},
				"down": {"uv": [9, 11.5, 8.83333, 12.83333], "texture": "#0"}
			}
		},
		{
			"from": [14, 15, 6],
			"to": [15, 19, 10],
			"shade": false,
			"rotation": {"angle": 0, "axis": "y", "origin": [19, 12, 8]},
			"faces": {
				"north": {"uv": [0.83333, 0.66667, 0.66667, 1.33333], "texture": "#0"},
				"east": {"uv": [1.5, 0.66667, 0.83333, 1.33333], "texture": "#0"},
				"south": {"uv": [1.66667, 0.66667, 1.5, 1.33333], "texture": "#0"},
				"west": {"uv": [0.66667, 0.66667, 0, 1.33333], "texture": "#0"},
				"up": {"uv": [0.66667, 0.66667, 0.83333, 0], "texture": "#0"},
				"down": {"uv": [0.83333, 0, 1, 0.66667], "texture": "#0"}
			}
		},
		{
			"from": [1, 15, 6],
			"to": [2, 19, 10],
			"rotation": {"angle": 0, "axis": "y", "origin": [-3, 12, 8]},
			"faces": {
				"north": {"uv": [0.66667, 0.66667, 0.83333, 1.33333], "texture": "#0"},
				"east": {"uv": [0, 0.66667, 0.66667, 1.33333], "texture": "#0"},
				"south": {"uv": [1.5, 0.66667, 1.66667, 1.33333], "texture": "#0"},
				"west": {"uv": [0.83333, 0.66667, 1.5, 1.33333], "texture": "#0"},
				"up": {"uv": [0.83333, 0.66667, 0.66667, 0], "texture": "#0"},
				"down": {"uv": [1, 0, 0.83333, 0.66667], "texture": "#0"}
			}
		},
		{
			"from": [7.5, 25.70876, -1.00665],
			"to": [8.5, 26.70876, 0.99335],
			"rotation": {"angle": -45, "axis": "x", "origin": [8, 26.1, 0.2]},
			"faces": {
				"north": {"uv": [7, 0.83333, 7.16667, 1], "texture": "#0"},
				"east": {"uv": [6.66667, 0.83333, 7, 1], "texture": "#0"},
				"south": {"uv": [7.5, 0.83333, 7.66667, 1], "texture": "#0"},
				"west": {"uv": [7.16667, 0.83333, 7.5, 1], "texture": "#0"},
				"up": {"uv": [7.16667, 0.83333, 7, 0.5], "texture": "#0"},
				"down": {"uv": [7.33333, 0.5, 7.16667, 0.83333], "texture": "#0"}
			}
		},
		{
			"from": [7.5, 25.81915, 0.07358],
			"to": [8.5, 27.81915, 2.07358],
			"rotation": {"angle": -22.5, "axis": "x", "origin": [7.5, 27, 1.5]},
			"faces": {
				"north": {"uv": [1.33333, 0.33333, 1.5, 0.66667], "texture": "#0"},
				"east": {"uv": [1, 0.33333, 1.33333, 0.66667], "texture": "#0"},
				"south": {"uv": [1.83333, 0.33333, 2, 0.66667], "texture": "#0"},
				"west": {"uv": [1.5, 0.33333, 1.83333, 0.66667], "texture": "#0"},
				"up": {"uv": [1.5, 0.33333, 1.33333, 0], "texture": "#0"},
				"down": {"uv": [1.66667, 0, 1.5, 0.33333], "texture": "#0"}
			}
		},
		{
			"from": [7, 25.95372, 1.30071],
			"to": [9, 27.95372, 3.30071],
			"rotation": {"angle": 0, "axis": "y", "origin": [8, 27, 3]},
			"faces": {
				"north": {"uv": [0.33333, 6.83333, 0.66667, 7.16667], "texture": "#0"},
				"east": {"uv": [0, 6.83333, 0.33333, 7.16667], "texture": "#0"},
				"south": {"uv": [1, 6.83333, 1.33333, 7.16667], "texture": "#0"},
				"west": {"uv": [0.66667, 6.83333, 1, 7.16667], "texture": "#0"},
				"up": {"uv": [0.66667, 6.83333, 0.33333, 6.5], "texture": "#0"},
				"down": {"uv": [1, 6.5, 0.66667, 6.83333], "texture": "#0"}
			}
		},
		{
			"from": [3, 24, 5],
			"to": [4, 30, 11],
			"rotation": {"angle": 0, "axis": "y", "origin": [-1, 22, 8]},
			"faces": {
				"north": {"uv": [13.33333, 11.5, 13.5, 12.5], "texture": "#0"},
				"east": {"uv": [12.33333, 11.5, 13.33333, 12.5], "texture": "#0"},
				"south": {"uv": [14.5, 11.5, 14.66667, 12.5], "texture": "#0"},
				"west": {"uv": [13.5, 11.5, 14.5, 12.5], "texture": "#0"},
				"up": {"uv": [13.5, 11.5, 13.33333, 10.5], "texture": "#0"},
				"down": {"uv": [13.66667, 10.5, 13.5, 11.5], "texture": "#0"}
			}
		},
		{
			"from": [12, 24, 5],
			"to": [13, 30, 11],
			"shade": false,
			"rotation": {"angle": 0, "axis": "y", "origin": [17, 22, 8]},
			"faces": {
				"north": {"uv": [13.5, 11.5, 13.33333, 12.5], "texture": "#0"},
				"east": {"uv": [14.5, 11.5, 13.5, 12.5], "texture": "#0"},
				"south": {"uv": [14.66667, 11.5, 14.5, 12.5], "texture": "#0"},
				"west": {"uv": [13.33333, 11.5, 12.33333, 12.5], "texture": "#0"},
				"up": {"uv": [13.33333, 11.5, 13.5, 10.5], "texture": "#0"},
				"down": {"uv": [13.5, 10.5, 13.66667, 11.5], "texture": "#0"}
			}
		},
		{
			"from": [5, 22, 5],
			"to": [11, 23, 11],
			"rotation": {"angle": 0, "axis": "y", "origin": [8, 23, 8]},
			"faces": {
				"north": {"uv": [11, 9.16667, 12, 9.33333], "texture": "#0"},
				"east": {"uv": [10, 9.16667, 11, 9.33333], "texture": "#0"},
				"south": {"uv": [13, 9.16667, 14, 9.33333], "texture": "#0"},
				"west": {"uv": [12, 9.16667, 13, 9.33333], "texture": "#0"},
				"up": {"uv": [12, 9.16667, 11, 8.16667], "texture": "#0"},
				"down": {"uv": [13, 8.16667, 12, 9.16667], "texture": "#0"}
			}
		},
		{
			"from": [5, 31, 5],
			"to": [11, 32, 11],
			"rotation": {"angle": 0, "axis": "y", "origin": [8, 32, 8]},
			"faces": {
				"north": {"uv": [11, 9.16667, 12, 9.33333], "texture": "#0"},
				"east": {"uv": [10, 9.16667, 11, 9.33333], "texture": "#0"},
				"south": {"uv": [13, 9.16667, 14, 9.33333], "texture": "#0"},
				"west": {"uv": [12, 9.16667, 13, 9.33333], "texture": "#0"},
				"up": {"uv": [12, 9.16667, 11, 8.16667], "texture": "#0"},
				"down": {"uv": [13, 8.16667, 12, 9.16667], "texture": "#0"}
			}
		},
		{
			"from": [4, 23, 4],
			"to": [12, 31, 12],
			"rotation": {"angle": 0, "axis": "y", "origin": [8, 25, 8]},
			"faces": {
				"north": {"uv": [8.66667, 4, 10, 5.33333], "texture": "#0"},
				"east": {"uv": [7.33333, 4, 8.66667, 5.33333], "texture": "#0"},
				"south": {"uv": [11.33333, 4, 12.66667, 5.33333], "texture": "#0"},
				"west": {"uv": [10, 4, 11.33333, 5.33333], "texture": "#0"},
				"up": {"uv": [10, 4, 8.66667, 2.66667], "texture": "#0"},
				"down": {"uv": [11.33333, 2.66667, 10, 4], "texture": "#0"}
			}
		},
		{
			"from": [5, 24, 3],
			"to": [11, 30, 4],
			"rotation": {"angle": 0, "axis": "y", "origin": [8, 21, 8]},
			"faces": {
				"north": {"uv": [12.5, 9.5, 13.5, 10.5], "texture": "#0"},
				"east": {"uv": [12.33333, 9.5, 12.5, 10.5], "texture": "#0"},
				"south": {"uv": [13.66667, 9.5, 14.66667, 10.5], "texture": "#0"},
				"west": {"uv": [13.5, 9.5, 13.66667, 10.5], "texture": "#0"},
				"up": {"uv": [13.5, 9.5, 12.5, 9.33333], "texture": "#0"},
				"down": {"uv": [14.5, 9.33333, 13.5, 9.5], "texture": "#0"}
			}
		},
		{
			"from": [5, 28, 2],
			"to": [11, 29, 3],
			"rotation": {"angle": 0, "axis": "y", "origin": [8, 21, 7]},
			"faces": {
				"north": {"uv": [6.16667, 5.5, 7.16667, 5.66667], "texture": "#0"},
				"east": {"uv": [6, 5.5, 6.16667, 5.66667], "texture": "#0"},
				"south": {"uv": [7.33333, 5.5, 8.33333, 5.66667], "texture": "#0"},
				"west": {"uv": [7.16667, 5.5, 7.33333, 5.66667], "texture": "#0"},
				"up": {"uv": [7.16667, 5.5, 6.16667, 5.33333], "texture": "#0"},
				"down": {"uv": [8.16667, 5.33333, 7.16667, 5.5], "texture": "#0"}
			}
		},
		{
			"from": [5, 24, 12],
			"to": [11, 30, 13],
			"rotation": {"angle": 0, "axis": "y", "origin": [8, 21, 17]},
			"faces": {
				"north": {"uv": [9.16667, 11.66667, 10.16667, 12.66667], "texture": "#0"},
				"east": {"uv": [9, 11.66667, 9.16667, 12.66667], "texture": "#0"},
				"south": {"uv": [10.33333, 11.66667, 11.33333, 12.66667], "texture": "#0"},
				"west": {"uv": [10.16667, 11.66667, 10.33333, 12.66667], "texture": "#0"},
				"up": {"uv": [10.16667, 11.66667, 9.16667, 11.5], "texture": "#0"},
				"down": {"uv": [11.16667, 11.5, 10.16667, 11.66667], "texture": "#0"}
			}
		}
	],
	"display": {
		"thirdperson_righthand": {
			"rotation": [52, 27, -1],
			"translation": [-0.5, 0.5, -1.25],
			"scale": [0.3, 0.3, 0.3]
		},
		"thirdperson_lefthand": {
			"rotation": [52, 27, -1],
			"translation": [-0.5, 0.5, -1.25],
			"scale": [0.3, 0.3, 0.3]
		},
		"firstperson_righthand": {
			"rotation": [-1, 111, 10],
			"translation": [1.75, 0.5, -1.25],
			"scale": [0.3, 0.3, 0.3]
		},
		"firstperson_lefthand": {
			"rotation": [-1, 111, 10],
			"translation": [1.75, 0.5, -1.25],
			"scale": [0.3, 0.3, 0.3]
		},
		"ground": {
			"rotation": [23, 0, -24],
			"translation": [0, 5.25, 0],
			"scale": [0.5, 0.5, 0.5]
		},
		"gui": {
			"rotation": [-4, -177, -24],
			"translation": [0, -2.75, 0],
			"scale": [0.5, 0.5, 0.5]
		},
		"head": {
			"translation": [0, 5, 0],
			"scale": [1.5, 1.5, 1.5]
		},
		"fixed": {
			"rotation": [-90, 0, 0],
			"translation": [0, 0, -20],
			"scale": [2.1, 2.1, 2.1]
		}
	},
	"groups": [0, 1, 2, 3, 4, 5, 6, 7, 8, 9, 10, 11, 12, 13, 14, 15, 16, 17,
		{
			"name": "hat",
			"origin": [0, 33, 0],
			"children": []
		}, 18, 19, 20, 21, 22, 23, 24, 25, 26,
		{
			"name": "eyebrow",
			"origin": [0, 30.5, -5.5],
			"children": [27]
		}, 28]
}