{
	"credit": "Made with Blockbench",
	"texture_size": [64, 64],
	"textures": {
		"0": "artsbykev_var/textures/steel_pole",
		"particle": "artsbykev_var/textures/steel_pole"
	},
	"elements": [
		{
			"from": [12, 0, 2],
			"to": [14, 16, 4],
			"rotation": {"angle": 0, "axis": "y", "origin": [7, 8, 9]},
			"faces": {
				"north": {"uv": [4.5, 6.5, 5, 10.5], "texture": "#0"},
				"east": {"uv": [0, 8, 0.5, 12], "texture": "#0"},
				"south": {"uv": [0.5, 8, 1, 12], "texture": "#0"},
				"west": {"uv": [1, 8, 1.5, 12], "texture": "#0"},
				"up": {"uv": [5, 2.5, 4.5, 2], "texture": "#0"},
				"down": {"uv": [12, 1.75, 11.5, 2.25], "texture": "#0"}
			}
		},
		{
			"from": [2, 0, 2],
			"to": [4, 16, 4],
			"rotation": {"angle": 0, "axis": "y", "origin": [9, 8, 9]},
			"faces": {
				"north": {"uv": [1.5, 8.5, 2, 12.5], "texture": "#0"},
				"east": {"uv": [2, 8.5, 2.5, 12.5], "texture": "#0"},
				"south": {"uv": [2.5, 8.5, 3, 12.5], "texture": "#0"},
				"west": {"uv": [3, 8.5, 3.5, 12.5], "texture": "#0"},
				"up": {"uv": [12, 2.75, 11.5, 2.25], "texture": "#0"},
				"down": {"uv": [12, 8.25, 11.5, 8.75], "texture": "#0"}
			}
		},
		{
			"from": [8.5, 2, 2.75],
			"to": [9.5, 4, 13.75],
			"rotation": {"angle": -22.5, "axis": "y", "origin": [8.5, 3, 13.75]},
			"faces": {
				"north": {"uv": [1.5, 8, 1.75, 8.5], "texture": "#0"},
				"east": {"uv": [6.75, 5.75, 9.5, 6.25], "texture": "#0"},
				"south": {"uv": [4, 12.5, 4.25, 13], "texture": "#0"},
				"west": {"uv": [6.75, 6.25, 9.5, 6.75], "texture": "#0"},
				"up": {"uv": [4.75, 13.25, 4.5, 10.5], "texture": "#0"},
				"down": {"uv": [5, 10.5, 4.75, 13.25], "texture": "#0"}
			}
		},
		{
			"from": [6.5, 0, 2.75],
			"to": [7.5, 2, 13.75],
			"rotation": {"angle": 22.5, "axis": "y", "origin": [7.5, 1, 13.75]},
			"faces": {
				"north": {"uv": [4.25, 12.5, 4.5, 13], "texture": "#0"},
				"east": {"uv": [7.75, 8.5, 10.5, 9], "texture": "#0"},
				"south": {"uv": [7.5, 12.5, 7.75, 13], "texture": "#0"},
				"west": {"uv": [7.75, 9, 10.5, 9.5], "texture": "#0"},
				"up": {"uv": [11, 2.75, 10.75, 0], "texture": "#0"},
				"down": {"uv": [11.25, 11, 11, 13.75], "texture": "#0"}
			}
		},
		{
			"from": [8.5, 12, 2.75],
			"to": [9.5, 14, 13.75],
			"rotation": {"angle": -22.5, "axis": "y", "origin": [8.5, 13, 13.75]},
			"faces": {
				"north": {"uv": [9.5, 12.5, 9.75, 13], "texture": "#0"},
				"east": {"uv": [9.25, 4, 12, 4.5], "texture": "#0"},
				"south": {"uv": [11.5, 12.5, 11.75, 13], "texture": "#0"},
				"west": {"uv": [9.25, 4.5, 12, 5], "texture": "#0"},
				"up": {"uv": [11.25, 2.75, 11, 0], "texture": "#0"},
				"down": {"uv": [11.5, 11.25, 11.25, 14], "texture": "#0"}
			}
		},
		{
			"from": [6.5, 10, 2.75],
			"to": [7.5, 12, 13.75],
			"rotation": {"angle": 22.5, "axis": "y", "origin": [7.5, 11, 13.75]},
			"faces": {
				"north": {"uv": [11.75, 12.5, 12, 13], "texture": "#0"},
				"east": {"uv": [9.25, 5, 12, 5.5], "texture": "#0"},
				"south": {"uv": [12.5, 12.5, 12.75, 13], "texture": "#0"},
				"west": {"uv": [9.25, 6.75, 12, 7.25], "texture": "#0"},
				"up": {"uv": [11.5, 2.75, 11.25, 0], "texture": "#0"},
				"down": {"uv": [9, 11.5, 8.75, 14.25], "texture": "#0"}
			}
		},
		{
			"from": [7, 0, 13],
			"to": [9, 16, 15],
			"faces": {
				"north": {"uv": [3.5, 8.5, 4, 12.5], "texture": "#0"},
				"east": {"uv": [4, 8.5, 4.5, 12.5], "texture": "#0"},
				"south": {"uv": [6.75, 8.5, 7.25, 12.5], "texture": "#0"},
				"west": {"uv": [7.25, 8.5, 7.75, 12.5], "texture": "#0"},
				"up": {"uv": [12, 9.25, 11.5, 8.75], "texture": "#0"},
				"down": {"uv": [12, 9.25, 11.5, 9.75], "texture": "#0"}
			}
		},
		{
			"from": [4, 4, 3],
			"to": [12, 6, 4],
			"rotation": {"angle": 0, "axis": "y", "origin": [8, 5, 8]},
			"faces": {
				"north": {"uv": [2.5, 2, 4.5, 2.5], "texture": "#0"},
				"east": {"uv": [12.5, 0.25, 12.75, 0.75], "texture": "#0"},
				"south": {"uv": [9.25, 7.25, 11.25, 7.75], "texture": "#0"},
				"west": {"uv": [12.5, 0.75, 12.75, 1.25], "texture": "#0"},
				"up": {"uv": [11.75, 4, 9.75, 3.75], "texture": "#0"},
				"down": {"uv": [12, 9.75, 10, 10], "texture": "#0"}
			}
		},
		{
			"from": [4, 14, 3],
			"to": [12, 16, 4],
			"rotation": {"angle": 0, "axis": "y", "origin": [8, 15, 8]},
			"faces": {
				"north": {"uv": [9.25, 7.75, 11.25, 8.25], "texture": "#0"},
				"east": {"uv": [12.5, 1.5, 12.75, 2], "texture": "#0"},
				"south": {"uv": [7.75, 9.5, 9.75, 10], "texture": "#0"},
				"west": {"uv": [12.5, 2, 12.75, 2.5], "texture": "#0"},
				"up": {"uv": [12.75, 3, 10.75, 2.75], "texture": "#0"},
				"down": {"uv": [12.75, 3, 10.75, 3.25], "texture": "#0"}
			}
		},
		{
			"name": "box",
			"from": [9.5, 0.4, 3.75],
			"to": [10.5, 12.4, 4.75],
			"rotation": {"angle": 0, "axis": "x", "origin": [9.5, 4.4, 3.75]},
			"faces": {
				"north": {"uv": [7.75, 10, 8, 13], "texture": "#0"},
				"east": {"uv": [8, 10, 8.25, 13], "texture": "#0"},
				"south": {"uv": [8.25, 10, 8.5, 13], "texture": "#0"},
				"west": {"uv": [8.5, 10, 8.75, 13], "texture": "#0"},
				"up": {"uv": [13, 8.5, 12.75, 8.25], "texture": "#0"},
				"down": {"uv": [13, 8.5, 12.75, 8.75], "texture": "#0"}
			}
		},
		{
			"name": "box",
			"from": [3, 0, -5],
			"to": [13, 16, 2],
			"rotation": {"angle": 0, "axis": "y", "origin": [9, 8, 7]},
			"faces": {
				"north": {"uv": [0, 0, 2.5, 4], "texture": "#0"},
				"east": {"uv": [0, 4, 1.75, 8], "texture": "#0"},
				"south": {"uv": [2.5, 2.5, 5, 6.5], "texture": "#0"},
				"west": {"uv": [5, 5, 6.75, 9], "texture": "#0"},
				"up": {"uv": [9.25, 8.5, 6.75, 6.75], "texture": "#0"},
				"down": {"uv": [9.25, 4, 6.75, 5.75], "texture": "#0"}
			}
		},
		{
			"name": "box",
			"from": [3, 0, -6],
			"to": [4, 16, -5],
			"rotation": {"angle": 0, "axis": "y", "origin": [9, 8, 8]},
			"faces": {
				"north": {"uv": [5, 9, 5.25, 13], "texture": "#0"},
				"east": {"uv": [5.25, 9, 5.5, 13], "texture": "#0"},
				"south": {"uv": [5.5, 9, 5.75, 13], "texture": "#0"},
				"west": {"uv": [5.75, 9, 6, 13], "texture": "#0"},
				"up": {"uv": [13, 9, 12.75, 8.75], "texture": "#0"},
				"down": {"uv": [13, 9.5, 12.75, 9.75], "texture": "#0"}
			}
		},
		{
			"name": "box",
			"from": [4, 0, -6],
			"to": [12, 1, -5],
			"rotation": {"angle": 0, "axis": "y", "origin": [9, 8, 8]},
			"faces": {
				"north": {"uv": [10.75, 3.25, 12.75, 3.5], "texture": "#0"},
				"east": {"uv": [12.75, 9.75, 13, 10], "texture": "#0"},
				"south": {"uv": [11, 10, 13, 10.25], "texture": "#0"},
				"west": {"uv": [12.75, 12.5, 13, 12.75], "texture": "#0"},
				"up": {"uv": [13, 10.5, 11, 10.25], "texture": "#0"},
				"down": {"uv": [13, 10.5, 11, 10.75], "texture": "#0"}
			}
		},
		{
			"name": "box",
			"from": [9.5, 0.4, -8.1],
			"to": [10.5, 4.4, -7.1],
			"rotation": {"angle": 0, "axis": "x", "origin": [9.5, 4.4, -8.1]},
			"faces": {
				"north": {"uv": [9.5, 11.5, 9.75, 12.5], "texture": "#0"},
				"east": {"uv": [0, 12, 0.25, 13], "texture": "#0"},
				"south": {"uv": [0.25, 12, 0.5, 13], "texture": "#0"},
				"west": {"uv": [0.5, 12, 0.75, 13], "texture": "#0"},
				"up": {"uv": [0.25, 13.25, 0, 13], "texture": "#0"},
				"down": {"uv": [0.5, 13, 0.25, 13.25], "texture": "#0"}
			}
		},
		{
			"name": "box",
			"from": [9.5, 5.5, -9],
			"to": [10.5, 6.5, -6],
			"rotation": {"angle": -45, "axis": "x", "origin": [9.5, 6.5, -6]},
			"faces": {
				"north": {"uv": [0.5, 13, 0.75, 13.25], "texture": "#0"},
				"east": {"uv": [9.75, 9.5, 10.5, 9.75], "texture": "#0"},
				"south": {"uv": [1.25, 13, 1.5, 13.25], "texture": "#0"},
				"west": {"uv": [12, 9.5, 12.75, 9.75], "texture": "#0"},
				"up": {"uv": [12.25, 7.25, 12, 6.5], "texture": "#0"},
				"down": {"uv": [1.25, 12.5, 1, 13.25], "texture": "#0"}
			}
		},
		{
			"name": "box",
			"from": [9, 5, -6],
			"to": [11, 7, -5],
			"rotation": {"angle": 0, "axis": "y", "origin": [7, 7, 8]},
			"faces": {
				"north": {"uv": [0.75, 12, 1.25, 12.5], "texture": "#0"},
				"east": {"uv": [12.5, 6.25, 12.75, 6.75], "texture": "#0"},
				"south": {"uv": [11.5, 12, 12, 12.5], "texture": "#0"},
				"west": {"uv": [12.5, 6.75, 12.75, 7.25], "texture": "#0"},
				"up": {"uv": [13, 2.75, 12.5, 2.5], "texture": "#0"},
				"down": {"uv": [13, 7.25, 12.5, 7.5], "texture": "#0"}
			}
		},
		{
			"name": "box",
			"from": [12, 0, -6],
			"to": [13, 16, -5],
			"rotation": {"angle": 0, "axis": "y", "origin": [9, 8, 8]},
			"faces": {
				"north": {"uv": [6, 9, 6.25, 13], "texture": "#0"},
				"east": {"uv": [6.25, 9, 6.5, 13], "texture": "#0"},
				"south": {"uv": [6.5, 9, 6.75, 13], "texture": "#0"},
				"west": {"uv": [9.75, 9.75, 10, 13.75], "texture": "#0"},
				"up": {"uv": [4.25, 13.25, 4, 13], "texture": "#0"},
				"down": {"uv": [4.5, 13, 4.25, 13.25], "texture": "#0"}
			}
		},
		{
			"name": "box",
			"from": [4, 15, -6],
			"to": [12, 16, -5],
			"rotation": {"angle": 0, "axis": "y", "origin": [9, 8, 8]},
			"faces": {
				"north": {"uv": [11, 10.75, 13, 11], "texture": "#0"},
				"east": {"uv": [5, 13, 5.25, 13.25], "texture": "#0"},
				"south": {"uv": [11.25, 5.5, 13.25, 5.75], "texture": "#0"},
				"west": {"uv": [5.25, 13, 5.5, 13.25], "texture": "#0"},
				"up": {"uv": [13.25, 6, 11.25, 5.75], "texture": "#0"},
				"down": {"uv": [13.25, 6, 11.25, 6.25], "texture": "#0"}
			}
		},
		{
			"name": "box",
			"from": [10, 16, -4],
			"to": [11, 18, -3],
			"rotation": {"angle": 0, "axis": "y", "origin": [9, 9, 10]},
			"faces": {
				"north": {"uv": [12.5, 7.5, 12.75, 8], "texture": "#0"},
				"east": {"uv": [12.5, 8, 12.75, 8.5], "texture": "#0"},
				"south": {"uv": [12.5, 8.5, 12.75, 9], "texture": "#0"},
				"west": {"uv": [2.5, 12.75, 2.75, 13.25], "texture": "#0"},
				"up": {"uv": [5.75, 13.25, 5.5, 13], "texture": "#0"},
				"down": {"uv": [6, 13, 5.75, 13.25], "texture": "#0"}
			}
		},
		{
			"name": "box",
			"from": [6, 17, -4],
			"to": [10, 18, -3],
			"rotation": {"angle": 0, "axis": "y", "origin": [9, 10, 10]},
			"faces": {
				"north": {"uv": [11.5, 11.25, 12.5, 11.5], "texture": "#0"},
				"east": {"uv": [6, 13, 6.25, 13.25], "texture": "#0"},
				"south": {"uv": [11.75, 3.75, 12.75, 4], "texture": "#0"},
				"west": {"uv": [6.25, 13, 6.5, 13.25], "texture": "#0"},
				"up": {"uv": [13, 12.25, 12, 12], "texture": "#0"},
				"down": {"uv": [13, 0, 12, 0.25], "texture": "#0"}
			}
		},
		{
			"name": "box",
			"from": [5, 16, -4],
			"to": [6, 18, -3],
			"rotation": {"angle": 0, "axis": "y", "origin": [9, 9, 10]},
			"faces": {
				"north": {"uv": [2.75, 12.75, 3, 13.25], "texture": "#0"},
				"east": {"uv": [3, 12.75, 3.25, 13.25], "texture": "#0"},
				"south": {"uv": [3.25, 12.75, 3.5, 13.25], "texture": "#0"},
				"west": {"uv": [3.5, 12.75, 3.75, 13.25], "texture": "#0"},
				"up": {"uv": [6.75, 13.25, 6.5, 13], "texture": "#0"},
				"down": {"uv": [7.75, 13, 7.5, 13.25], "texture": "#0"}
			}
		},
		{
			"name": "box",
			"from": [9.5, -1.6, -8.1],
			"to": [10.5, 0.4, -7.1],
			"rotation": {"angle": -45, "axis": "x", "origin": [9.5, 0.4, -8.1]},
			"faces": {
				"north": {"uv": [3.75, 12.75, 4, 13.25], "texture": "#0"},
				"east": {"uv": [6.75, 12.75, 7, 13.25], "texture": "#0"},
				"south": {"uv": [7, 12.75, 7.25, 13.25], "texture": "#0"},
				"west": {"uv": [7.25, 12.75, 7.5, 13.25], "texture": "#0"},
				"up": {"uv": [8, 13.25, 7.75, 13], "texture": "#0"},
				"down": {"uv": [8.25, 13, 8, 13.25], "texture": "#0"}
			}
		},
		{
			"name": "box",
			"from": [9.5, -1, -6.7],
			"to": [10.5, 0, 3.3],
			"rotation": {"angle": 0, "axis": "x", "origin": [9.5, 0, -6.7]},
			"faces": {
				"north": {"uv": [8.25, 13, 8.5, 13.25], "texture": "#0"},
				"east": {"uv": [9.5, 6.5, 12, 6.75], "texture": "#0"},
				"south": {"uv": [8.5, 13, 8.75, 13.25], "texture": "#0"},
				"west": {"uv": [9.75, 3.5, 12.25, 3.75], "texture": "#0"},
				"up": {"uv": [9.25, 14, 9, 11.5], "texture": "#0"},
				"down": {"uv": [9.5, 11.5, 9.25, 14], "texture": "#0"}
			}
		},
		{
			"name": "box",
			"from": [9.5, -1.6, 3.75],
			"to": [10.5, 0.4, 4.75],
			"rotation": {"angle": 45, "axis": "x", "origin": [9.5, 0.4, 4.75]},
			"faces": {
				"north": {"uv": [12.75, 12.75, 13, 13.25], "texture": "#0"},
				"east": {"uv": [12.75, 0.25, 13, 0.75], "texture": "#0"},
				"south": {"uv": [12.75, 0.75, 13, 1.25], "texture": "#0"},
				"west": {"uv": [12.75, 1.5, 13, 2], "texture": "#0"},
				"up": {"uv": [9.75, 13.25, 9.5, 13], "texture": "#0"},
				"down": {"uv": [11.75, 13, 11.5, 13.25], "texture": "#0"}
			}
		},
		{
			"name": "box",
			"from": [9, 11, 2.75],
			"to": [11, 13, 3.75],
			"rotation": {"angle": 0, "axis": "y", "origin": [7, 13, 16.75]},
			"faces": {
				"north": {"uv": [12, 0.25, 12.5, 0.75], "texture": "#0"},
				"east": {"uv": [12.75, 2, 13, 2.5], "texture": "#0"},
				"south": {"uv": [12, 0.75, 12.5, 1.25], "texture": "#0"},
				"west": {"uv": [12.75, 2.75, 13, 3.25], "texture": "#0"},
				"up": {"uv": [13, 9.25, 12.5, 9], "texture": "#0"},
				"down": {"uv": [13, 11.25, 12.5, 11.5], "texture": "#0"}
			}
		},
		{
			"name": "box",
			"from": [8.9, 10.9, 1.65],
			"to": [11.1, 13.1, 2.85],
			"rotation": {"angle": 0, "axis": "y", "origin": [7, 13, 15.75]},
			"faces": {
				"north": {"uv": [12, 0.25, 12.5, 0.75], "texture": "#0"},
				"east": {"uv": [12.75, 2, 13, 2.5], "texture": "#0"},
				"south": {"uv": [12, 0.75, 12.5, 1.25], "texture": "#0"},
				"west": {"uv": [12.75, 2.75, 13, 3.25], "texture": "#0"},
				"up": {"uv": [13, 9.25, 12.5, 9], "texture": "#0"},
				"down": {"uv": [13, 11.25, 12.5, 11.5], "texture": "#0"}
			}
		}
	]
}