{
	"credit": "Made with Blockbench",
	"texture_size": [64, 64],
	"textures": {
		"0": "artsbykev_var/textures/steel_pole",
		"particle": "artsbykev_var/textures/steel_pole"
	},
	"elements": [
		{
			"from": [12, 0, 2],
			"to": [14, 16, 4],
			"rotation": {"angle": 0, "axis": "y", "origin": [7, 8, 9]},
			"faces": {
				"north": {"uv": [4.5, 6.5, 5, 10.5], "texture": "#0"},
				"east": {"uv": [0, 8, 0.5, 12], "texture": "#0"},
				"south": {"uv": [0.5, 8, 1, 12], "texture": "#0"},
				"west": {"uv": [1, 8, 1.5, 12], "texture": "#0"},
				"up": {"uv": [5, 2.5, 4.5, 2], "texture": "#0"},
				"down": {"uv": [12, 1.75, 11.5, 2.25], "texture": "#0"}
			}
		},
		{
			"from": [2, 0, 2],
			"to": [4, 16, 4],
			"rotation": {"angle": 0, "axis": "y", "origin": [9, 8, 9]},
			"faces": {
				"north": {"uv": [1.5, 8.5, 2, 12.5], "texture": "#0"},
				"east": {"uv": [2, 8.5, 2.5, 12.5], "texture": "#0"},
				"south": {"uv": [2.5, 8.5, 3, 12.5], "texture": "#0"},
				"west": {"uv": [3, 8.5, 3.5, 12.5], "texture": "#0"},
				"up": {"uv": [12, 2.75, 11.5, 2.25], "texture": "#0"},
				"down": {"uv": [12, 8.25, 11.5, 8.75], "texture": "#0"}
			}
		},
		{
			"from": [8.5, 2, 2.75],
			"to": [9.5, 4, 13.75],
			"rotation": {"angle": -22.5, "axis": "y", "origin": [8.5, 3, 13.75]},
			"faces": {
				"north": {"uv": [1.5, 8, 1.75, 8.5], "texture": "#0"},
				"east": {"uv": [6.75, 5.75, 9.5, 6.25], "texture": "#0"},
				"south": {"uv": [4, 12.5, 4.25, 13], "texture": "#0"},
				"west": {"uv": [6.75, 6.25, 9.5, 6.75], "texture": "#0"},
				"up": {"uv": [4.75, 13.25, 4.5, 10.5], "texture": "#0"},
				"down": {"uv": [5, 10.5, 4.75, 13.25], "texture": "#0"}
			}
		},
		{
			"from": [6.5, 0, 2.75],
			"to": [7.5, 2, 13.75],
			"rotation": {"angle": 22.5, "axis": "y", "origin": [7.5, 1, 13.75]},
			"faces": {
				"north": {"uv": [4.25, 12.5, 4.5, 13], "texture": "#0"},
				"east": {"uv": [7.75, 8.5, 10.5, 9], "texture": "#0"},
				"south": {"uv": [7.5, 12.5, 7.75, 13], "texture": "#0"},
				"west": {"uv": [7.75, 9, 10.5, 9.5], "texture": "#0"},
				"up": {"uv": [11, 2.75, 10.75, 0], "texture": "#0"},
				"down": {"uv": [11.25, 11, 11, 13.75], "texture": "#0"}
			}
		},
		{
			"from": [8.5, 12, 2.75],
			"to": [9.5, 14, 13.75],
			"rotation": {"angle": -22.5, "axis": "y", "origin": [8.5, 13, 13.75]},
			"faces": {
				"north": {"uv": [9.5, 12.5, 9.75, 13], "texture": "#0"},
				"east": {"uv": [9.25, 4, 12, 4.5], "texture": "#0"},
				"south": {"uv": [11.5, 12.5, 11.75, 13], "texture": "#0"},
				"west": {"uv": [9.25, 4.5, 12, 5], "texture": "#0"},
				"up": {"uv": [11.25, 2.75, 11, 0], "texture": "#0"},
				"down": {"uv": [11.5, 11.25, 11.25, 14], "texture": "#0"}
			}
		},
		{
			"from": [6.5, 10, 2.75],
			"to": [7.5, 12, 13.75],
			"rotation": {"angle": 22.5, "axis": "y", "origin": [7.5, 11, 13.75]},
			"faces": {
				"north": {"uv": [11.75, 12.5, 12, 13], "texture": "#0"},
				"east": {"uv": [9.25, 5, 12, 5.5], "texture": "#0"},
				"south": {"uv": [12.5, 12.5, 12.75, 13], "texture": "#0"},
				"west": {"uv": [9.25, 6.75, 12, 7.25], "texture": "#0"},
				"up": {"uv": [11.5, 2.75, 11.25, 0], "texture": "#0"},
				"down": {"uv": [9, 11.5, 8.75, 14.25], "texture": "#0"}
			}
		},
		{
			"from": [9, 4, 3],
			"to": [9, 12, 14],
			"rotation": {"angle": -22.5, "axis": "y", "origin": [9, 5, 14]},
			"faces": {
				"north": {"uv": [0, 0, 0, 2], "texture": "#0"},
				"east": {"uv": [2.5, 0, 5.25, 2], "texture": "#0"},
				"south": {"uv": [0, 0, 0, 2], "texture": "#0"},
				"west": {"uv": [5, 2, 7.75, 4], "texture": "#0"},
				"up": {"uv": [0, 2.75, 0, 0], "texture": "#0"},
				"down": {"uv": [0, 0, 0, 2.75], "texture": "#0"}
			}
		},
		{
			"from": [7, 2, 3],
			"to": [7, 10, 14],
			"rotation": {"angle": 22.5, "axis": "y", "origin": [7, 3, 14]},
			"faces": {
				"north": {"uv": [0, 0, 0, 2], "texture": "#0"},
				"east": {"uv": [5.25, 0, 8, 2], "texture": "#0"},
				"south": {"uv": [0, 0, 0, 2], "texture": "#0"},
				"west": {"uv": [1.75, 6.5, 4.5, 8.5], "texture": "#0"},
				"up": {"uv": [0, 2.75, 0, 0], "texture": "#0"},
				"down": {"uv": [0, 0, 0, 2.75], "texture": "#0"}
			}
		},
		{
			"from": [7, 0, 13],
			"to": [9, 16, 15],
			"faces": {
				"north": {"uv": [3.5, 8.5, 4, 12.5], "texture": "#0"},
				"east": {"uv": [4, 8.5, 4.5, 12.5], "texture": "#0"},
				"south": {"uv": [6.75, 8.5, 7.25, 12.5], "texture": "#0"},
				"west": {"uv": [7.25, 8.5, 7.75, 12.5], "texture": "#0"},
				"up": {"uv": [12, 9.25, 11.5, 8.75], "texture": "#0"},
				"down": {"uv": [12, 9.25, 11.5, 9.75], "texture": "#0"}
			}
		},
		{
			"from": [4, 4, 3],
			"to": [12, 6, 4],
			"rotation": {"angle": 0, "axis": "y", "origin": [8, 5, 8]},
			"faces": {
				"north": {"uv": [2.5, 2, 4.5, 2.5], "texture": "#0"},
				"east": {"uv": [12.5, 0.25, 12.75, 0.75], "texture": "#0"},
				"south": {"uv": [9.25, 7.25, 11.25, 7.75], "texture": "#0"},
				"west": {"uv": [12.5, 0.75, 12.75, 1.25], "texture": "#0"},
				"up": {"uv": [11.75, 4, 9.75, 3.75], "texture": "#0"},
				"down": {"uv": [12, 9.75, 10, 10], "texture": "#0"}
			}
		},
		{
			"from": [4, 14, 3],
			"to": [12, 16, 4],
			"rotation": {"angle": 0, "axis": "y", "origin": [8, 15, 8]},
			"faces": {
				"north": {"uv": [9.25, 7.75, 11.25, 8.25], "texture": "#0"},
				"east": {"uv": [12.5, 1.5, 12.75, 2], "texture": "#0"},
				"south": {"uv": [7.75, 9.5, 9.75, 10], "texture": "#0"},
				"west": {"uv": [12.5, 2, 12.75, 2.5], "texture": "#0"},
				"up": {"uv": [12.75, 3, 10.75, 2.75], "texture": "#0"},
				"down": {"uv": [12.75, 3, 10.75, 3.25], "texture": "#0"}
			}
		},
		{
			"from": [4, 6, 3.5],
			"to": [12, 14, 3.5],
			"rotation": {"angle": 0, "axis": "y", "origin": [8, 15, 7.5]},
			"faces": {
				"north": {"uv": [7.75, 2, 9.75, 4], "texture": "#0"},
				"east": {"uv": [0, 0, 0, 2], "texture": "#0"},
				"south": {"uv": [8, 0, 10, 2], "texture": "#0"},
				"west": {"uv": [0, 0, 0, 2], "texture": "#0"},
				"up": {"uv": [2, 0, 0, 0], "texture": "#0"},
				"down": {"uv": [2, 0, 0, 0], "texture": "#0"}
			}
		}
	]
}