{
	"credit": "Made with Blockbench",
	"texture_size": [64, 64],
	"textures": {
		"0": "artsbykev_var/textures/steel_pole",
		"particle": "artsbykev_var/textures/steel_pole"
	},
	"elements": [
		{
			"from": [12, 0, 2],
			"to": [14, 16, 4],
			"rotation": {"angle": 0, "axis": "y", "origin": [7, 8, 9]},
			"faces": {
				"north": {"uv": [4.5, 6.5, 5, 10.5], "texture": "#0"},
				"east": {"uv": [0, 8, 0.5, 12], "texture": "#0"},
				"south": {"uv": [0.5, 8, 1, 12], "texture": "#0"},
				"west": {"uv": [1, 8, 1.5, 12], "texture": "#0"},
				"up": {"uv": [5, 2.5, 4.5, 2], "texture": "#0"},
				"down": {"uv": [12, 1.75, 11.5, 2.25], "texture": "#0"}
			}
		},
		{
			"from": [2, 0, 2],
			"to": [4, 16, 4],
			"rotation": {"angle": 0, "axis": "y", "origin": [9, 8, 9]},
			"faces": {
				"north": {"uv": [1.5, 8.5, 2, 12.5], "texture": "#0"},
				"east": {"uv": [2, 8.5, 2.5, 12.5], "texture": "#0"},
				"south": {"uv": [2.5, 8.5, 3, 12.5], "texture": "#0"},
				"west": {"uv": [3, 8.5, 3.5, 12.5], "texture": "#0"},
				"up": {"uv": [12, 2.75, 11.5, 2.25], "texture": "#0"},
				"down": {"uv": [12, 8.25, 11.5, 8.75], "texture": "#0"}
			}
		},
		{
			"from": [8.5, 6, 2.75],
			"to": [9.5, 8, 13.75],
			"rotation": {"angle": -22.5, "axis": "y", "origin": [8.5, 7, 13.75]},
			"faces": {
				"north": {"uv": [1.5, 8, 1.75, 8.5], "texture": "#0"},
				"east": {"uv": [6.75, 5.75, 9.5, 6.25], "texture": "#0"},
				"south": {"uv": [4, 12.5, 4.25, 13], "texture": "#0"},
				"west": {"uv": [6.75, 6.25, 9.5, 6.75], "texture": "#0"},
				"up": {"uv": [4.75, 13.25, 4.5, 10.5], "texture": "#0"},
				"down": {"uv": [5, 10.5, 4.75, 13.25], "texture": "#0"}
			}
		},
		{
			"from": [6.5, 6, 2.75],
			"to": [7.5, 8, 13.75],
			"rotation": {"angle": 22.5, "axis": "y", "origin": [7.5, 7, 13.75]},
			"faces": {
				"north": {"uv": [4.25, 12.5, 4.5, 13], "texture": "#0"},
				"east": {"uv": [7.75, 8.5, 10.5, 9], "texture": "#0"},
				"south": {"uv": [7.5, 12.5, 7.75, 13], "texture": "#0"},
				"west": {"uv": [7.75, 9, 10.5, 9.5], "texture": "#0"},
				"up": {"uv": [11, 2.75, 10.75, 0], "texture": "#0"},
				"down": {"uv": [11.25, 11, 11, 13.75], "texture": "#0"}
			}
		},
		{
			"from": [7, 0, 13],
			"to": [9, 16, 15],
			"faces": {
				"north": {"uv": [3.5, 8.5, 4, 12.5], "texture": "#0"},
				"east": {"uv": [4, 8.5, 4.5, 12.5], "texture": "#0"},
				"south": {"uv": [6.75, 8.5, 7.25, 12.5], "texture": "#0"},
				"west": {"uv": [7.25, 8.5, 7.75, 12.5], "texture": "#0"},
				"up": {"uv": [12, 9.25, 11.5, 8.75], "texture": "#0"},
				"down": {"uv": [12, 9.25, 11.5, 9.75], "texture": "#0"}
			}
		},
		{
			"from": [4, 6, 3],
			"to": [12, 8, 4],
			"rotation": {"angle": 0, "axis": "y", "origin": [8, 7, 8]},
			"faces": {
				"north": {"uv": [2.5, 2, 4.5, 2.5], "texture": "#0"},
				"east": {"uv": [12.5, 0.25, 12.75, 0.75], "texture": "#0"},
				"south": {"uv": [9.25, 7.25, 11.25, 7.75], "texture": "#0"},
				"west": {"uv": [12.5, 0.75, 12.75, 1.25], "texture": "#0"},
				"up": {"uv": [11.75, 4, 9.75, 3.75], "texture": "#0"},
				"down": {"uv": [12, 9.75, 10, 10], "texture": "#0"}
			}
		},
		{
			"name": "horn",
			"from": [7, 7, 2],
			"to": [9, 9, 3],
			"rotation": {"angle": 0, "axis": "y", "origin": [8, 8, 3]},
			"faces": {
				"north": {"uv": [12, 1.75, 12.5, 2.25], "texture": "#0"},
				"east": {"uv": [12.75, 6.25, 13, 6.75], "texture": "#0"},
				"south": {"uv": [12, 2.25, 12.5, 2.75], "texture": "#0"},
				"west": {"uv": [12.75, 6.75, 13, 7.25], "texture": "#0"},
				"up": {"uv": [13, 12.5, 12.5, 12.25], "texture": "#0"},
				"down": {"uv": [13.25, 3.25, 12.75, 3.5], "texture": "#0"}
			}
		},
		{
			"name": "horn",
			"from": [3.5, 7, 8],
			"to": [4.5, 9, 10],
			"rotation": {"angle": 22.5, "axis": "y", "origin": [4.5, 8, 9]},
			"faces": {
				"north": {"uv": [12.75, 6.25, 13, 6.75], "texture": "#0"},
				"east": {"uv": [12, 2.25, 12.5, 2.75], "texture": "#0"},
				"south": {"uv": [12.75, 6.75, 13, 7.25], "texture": "#0"},
				"west": {"uv": [12, 1.75, 12.5, 2.25], "texture": "#0"},
				"up": {"uv": [13, 12.5, 12.5, 12.25], "rotation": 270, "texture": "#0"},
				"down": {"uv": [13.25, 3.25, 12.75, 3.5], "rotation": 90, "texture": "#0"}
			}
		},
		{
			"name": "horn",
			"from": [11.5, 7, 8],
			"to": [12.5, 9, 10],
			"rotation": {"angle": -22.5, "axis": "y", "origin": [11.5, 8, 9]},
			"faces": {
				"north": {"uv": [13, 6.25, 12.75, 6.75], "texture": "#0"},
				"east": {"uv": [12.5, 1.75, 12, 2.25], "texture": "#0"},
				"south": {"uv": [13, 6.75, 12.75, 7.25], "texture": "#0"},
				"west": {"uv": [12.5, 2.25, 12, 2.75], "texture": "#0"},
				"up": {"uv": [13, 12.25, 12.5, 12.5], "rotation": 270, "texture": "#0"},
				"down": {"uv": [13.25, 3.5, 12.75, 3.25], "rotation": 90, "texture": "#0"}
			}
		},
		{
			"name": "horn",
			"from": [7, 6, -1],
			"to": [9, 7, 2],
			"rotation": {"angle": 0, "axis": "y", "origin": [8, 8, 3]},
			"faces": {
				"north": {"uv": [12.75, 3.75, 13.25, 4], "texture": "#0"},
				"east": {"uv": [12, 9.75, 12.75, 10], "texture": "#0"},
				"south": {"uv": [12.75, 7.5, 13.25, 7.75], "texture": "#0"},
				"west": {"uv": [12.25, 3.5, 13, 3.75], "texture": "#0"},
				"up": {"uv": [10.5, 12.25, 10, 11.5], "texture": "#0"},
				"down": {"uv": [11, 11.5, 10.5, 12.25], "texture": "#0"}
			}
		},
		{
			"name": "horn",
			"from": [0.5, 6, 8],
			"to": [3.5, 7, 10],
			"rotation": {"angle": 22.5, "axis": "y", "origin": [4.5, 8, 9]},
			"faces": {
				"north": {"uv": [12, 9.75, 12.75, 10], "texture": "#0"},
				"east": {"uv": [12.75, 7.5, 13.25, 7.75], "texture": "#0"},
				"south": {"uv": [12.25, 3.5, 13, 3.75], "texture": "#0"},
				"west": {"uv": [12.75, 3.75, 13.25, 4], "texture": "#0"},
				"up": {"uv": [10.5, 12.25, 10, 11.5], "rotation": 270, "texture": "#0"},
				"down": {"uv": [11, 11.5, 10.5, 12.25], "rotation": 90, "texture": "#0"}
			}
		},
		{
			"name": "horn",
			"from": [12.5, 6, 8],
			"to": [15.5, 7, 10],
			"rotation": {"angle": -22.5, "axis": "y", "origin": [11.5, 8, 9]},
			"faces": {
				"north": {"uv": [12.75, 9.75, 12, 10], "texture": "#0"},
				"east": {"uv": [13.25, 3.75, 12.75, 4], "texture": "#0"},
				"south": {"uv": [13, 3.5, 12.25, 3.75], "texture": "#0"},
				"west": {"uv": [13.25, 7.5, 12.75, 7.75], "texture": "#0"},
				"up": {"uv": [10.5, 11.5, 10, 12.25], "rotation": 270, "texture": "#0"},
				"down": {"uv": [11, 12.25, 10.5, 11.5], "rotation": 90, "texture": "#0"}
			}
		},
		{
			"name": "horn",
			"from": [6, 5, -7],
			"to": [10, 6, -4],
			"rotation": {"angle": 0, "axis": "y", "origin": [8, 8, 3]},
			"faces": {
				"north": {"uv": [12, 1.25, 13, 1.5], "texture": "#0"},
				"east": {"uv": [12.25, 11, 13, 11.25], "texture": "#0"},
				"south": {"uv": [12, 4, 13, 4.25], "texture": "#0"},
				"west": {"uv": [12.25, 11.5, 13, 11.75], "texture": "#0"},
				"up": {"uv": [10.75, 2.75, 9.75, 2], "texture": "#0"},
				"down": {"uv": [10.75, 2.75, 9.75, 3.5], "texture": "#0"}
			}
		},
		{
			"name": "horn",
			"from": [-5.5, 5, 7],
			"to": [-2.5, 6, 11],
			"rotation": {"angle": 22.5, "axis": "y", "origin": [4.5, 8, 9]},
			"faces": {
				"north": {"uv": [12.25, 11, 13, 11.25], "texture": "#0"},
				"east": {"uv": [12, 4, 13, 4.25], "texture": "#0"},
				"south": {"uv": [12.25, 11.5, 13, 11.75], "texture": "#0"},
				"west": {"uv": [12, 1.25, 13, 1.5], "texture": "#0"},
				"up": {"uv": [10.75, 2.75, 9.75, 2], "rotation": 270, "texture": "#0"},
				"down": {"uv": [10.75, 2.75, 9.75, 3.5], "rotation": 90, "texture": "#0"}
			}
		},
		{
			"name": "horn",
			"from": [18.5, 5, 7],
			"to": [21.5, 6, 11],
			"rotation": {"angle": -22.5, "axis": "y", "origin": [11.5, 8, 9]},
			"faces": {
				"north": {"uv": [13, 11, 12.25, 11.25], "texture": "#0"},
				"east": {"uv": [13, 1.25, 12, 1.5], "texture": "#0"},
				"south": {"uv": [13, 11.5, 12.25, 11.75], "texture": "#0"},
				"west": {"uv": [13, 4, 12, 4.25], "texture": "#0"},
				"up": {"uv": [10.75, 2, 9.75, 2.75], "rotation": 270, "texture": "#0"},
				"down": {"uv": [10.75, 3.5, 9.75, 2.75], "rotation": 90, "texture": "#0"}
			}
		},
		{
			"name": "horn",
			"from": [6, 4, -8],
			"to": [10, 5, -7],
			"rotation": {"angle": 0, "axis": "y", "origin": [8, 8, 3]},
			"faces": {
				"north": {"uv": [12, 4.25, 13, 4.5], "texture": "#0"},
				"east": {"uv": [11.75, 13, 12, 13.25], "texture": "#0"},
				"south": {"uv": [12, 4.5, 13, 4.75], "texture": "#0"},
				"west": {"uv": [12.5, 13, 12.75, 13.25], "texture": "#0"},
				"up": {"uv": [13, 5, 12, 4.75], "texture": "#0"},
				"down": {"uv": [13, 5, 12, 5.25], "texture": "#0"}
			}
		},
		{
			"name": "horn",
			"from": [-6.5, 4, 7],
			"to": [-5.5, 5, 11],
			"rotation": {"angle": 22.5, "axis": "y", "origin": [4.5, 8, 9]},
			"faces": {
				"north": {"uv": [11.75, 13, 12, 13.25], "texture": "#0"},
				"east": {"uv": [12, 4.5, 13, 4.75], "texture": "#0"},
				"south": {"uv": [12.5, 13, 12.75, 13.25], "texture": "#0"},
				"west": {"uv": [12, 4.25, 13, 4.5], "texture": "#0"},
				"up": {"uv": [13, 5, 12, 4.75], "rotation": 270, "texture": "#0"},
				"down": {"uv": [13, 5, 12, 5.25], "rotation": 90, "texture": "#0"}
			}
		},
		{
			"name": "horn",
			"from": [21.5, 4, 7],
			"to": [22.5, 5, 11],
			"rotation": {"angle": -22.5, "axis": "y", "origin": [11.5, 8, 9]},
			"faces": {
				"north": {"uv": [12, 13, 11.75, 13.25], "texture": "#0"},
				"east": {"uv": [13, 4.25, 12, 4.5], "texture": "#0"},
				"south": {"uv": [12.75, 13, 12.5, 13.25], "texture": "#0"},
				"west": {"uv": [13, 4.5, 12, 4.75], "texture": "#0"},
				"up": {"uv": [13, 4.75, 12, 5], "rotation": 270, "texture": "#0"},
				"down": {"uv": [13, 5.25, 12, 5], "rotation": 90, "texture": "#0"}
			}
		},
		{
			"name": "horn",
			"from": [6, 7, -1],
			"to": [10, 9, 2],
			"rotation": {"angle": 0, "axis": "y", "origin": [8, 8, 3]},
			"faces": {
				"north": {"uv": [11.25, 7.25, 12.25, 7.75], "texture": "#0"},
				"east": {"uv": [1.75, 6, 2.5, 6.5], "texture": "#0"},
				"south": {"uv": [11.25, 7.75, 12.25, 8.25], "texture": "#0"},
				"west": {"uv": [11.5, 11.5, 12.25, 12], "texture": "#0"},
				"up": {"uv": [9.75, 10.75, 8.75, 10], "texture": "#0"},
				"down": {"uv": [11, 10, 10, 10.75], "texture": "#0"}
			}
		},
		{
			"name": "horn",
			"from": [0.5, 7, 7],
			"to": [3.5, 9, 11],
			"rotation": {"angle": 22.5, "axis": "y", "origin": [4.5, 8, 9]},
			"faces": {
				"north": {"uv": [1.75, 6, 2.5, 6.5], "texture": "#0"},
				"east": {"uv": [11.25, 7.75, 12.25, 8.25], "texture": "#0"},
				"south": {"uv": [11.5, 11.5, 12.25, 12], "texture": "#0"},
				"west": {"uv": [11.25, 7.25, 12.25, 7.75], "texture": "#0"},
				"up": {"uv": [9.75, 10.75, 8.75, 10], "rotation": 270, "texture": "#0"},
				"down": {"uv": [11, 10, 10, 10.75], "rotation": 90, "texture": "#0"}
			}
		},
		{
			"name": "horn",
			"from": [12.5, 7, 7],
			"to": [15.5, 9, 11],
			"rotation": {"angle": -22.5, "axis": "y", "origin": [11.5, 8, 9]},
			"faces": {
				"north": {"uv": [2.5, 6, 1.75, 6.5], "texture": "#0"},
				"east": {"uv": [12.25, 7.25, 11.25, 7.75], "texture": "#0"},
				"south": {"uv": [12.25, 11.5, 11.5, 12], "texture": "#0"},
				"west": {"uv": [12.25, 7.75, 11.25, 8.25], "texture": "#0"},
				"up": {"uv": [9.75, 10, 8.75, 10.75], "rotation": 270, "texture": "#0"},
				"down": {"uv": [11, 10.75, 10, 10], "rotation": 90, "texture": "#0"}
			}
		},
		{
			"name": "horn",
			"from": [10, 6, -7],
			"to": [11, 10, -4],
			"rotation": {"angle": 0, "axis": "y", "origin": [8, 8, 3]},
			"faces": {
				"north": {"uv": [1.25, 12, 1.5, 13], "texture": "#0"},
				"east": {"uv": [1.75, 4, 2.5, 5], "texture": "#0"},
				"south": {"uv": [12, 8.25, 12.25, 9.25], "texture": "#0"},
				"west": {"uv": [1.75, 5, 2.5, 6], "texture": "#0"},
				"up": {"uv": [1.75, 13.25, 1.5, 12.5], "texture": "#0"},
				"down": {"uv": [2, 12.5, 1.75, 13.25], "texture": "#0"}
			}
		},
		{
			"name": "horn",
			"from": [-5.5, 6, 6],
			"to": [-2.5, 10, 7],
			"rotation": {"angle": 22.5, "axis": "y", "origin": [4.5, 8, 9]},
			"faces": {
				"north": {"uv": [1.75, 4, 2.5, 5], "texture": "#0"},
				"east": {"uv": [12, 8.25, 12.25, 9.25], "texture": "#0"},
				"south": {"uv": [1.75, 5, 2.5, 6], "texture": "#0"},
				"west": {"uv": [1.25, 12, 1.5, 13], "texture": "#0"},
				"up": {"uv": [1.75, 13.25, 1.5, 12.5], "rotation": 270, "texture": "#0"},
				"down": {"uv": [2, 12.5, 1.75, 13.25], "rotation": 90, "texture": "#0"}
			}
		},
		{
			"name": "horn",
			"from": [18.5, 6, 6],
			"to": [21.5, 10, 7],
			"rotation": {"angle": -22.5, "axis": "y", "origin": [11.5, 8, 9]},
			"faces": {
				"north": {"uv": [2.5, 4, 1.75, 5], "texture": "#0"},
				"east": {"uv": [1.5, 12, 1.25, 13], "texture": "#0"},
				"south": {"uv": [2.5, 5, 1.75, 6], "texture": "#0"},
				"west": {"uv": [12.25, 8.25, 12, 9.25], "texture": "#0"},
				"up": {"uv": [1.75, 12.5, 1.5, 13.25], "rotation": 270, "texture": "#0"},
				"down": {"uv": [2, 13.25, 1.75, 12.5], "rotation": 90, "texture": "#0"}
			}
		},
		{
			"name": "horn",
			"from": [11, 6, -8],
			"to": [12, 10, -7],
			"rotation": {"angle": 0, "axis": "y", "origin": [8, 8, 3]},
			"faces": {
				"north": {"uv": [10, 12.25, 10.25, 13.25], "texture": "#0"},
				"east": {"uv": [10.25, 12.25, 10.5, 13.25], "texture": "#0"},
				"south": {"uv": [10.5, 12.25, 10.75, 13.25], "texture": "#0"},
				"west": {"uv": [10.75, 12.25, 11, 13.25], "texture": "#0"},
				"up": {"uv": [13.25, 13.25, 13, 13], "texture": "#0"},
				"down": {"uv": [13.25, 0, 13, 0.25], "texture": "#0"}
			}
		},
		{
			"name": "horn",
			"from": [-6.5, 6, 5],
			"to": [-5.5, 10, 6],
			"rotation": {"angle": 22.5, "axis": "y", "origin": [4.5, 8, 9]},
			"faces": {
				"north": {"uv": [10.25, 12.25, 10.5, 13.25], "texture": "#0"},
				"east": {"uv": [10.5, 12.25, 10.75, 13.25], "texture": "#0"},
				"south": {"uv": [10.75, 12.25, 11, 13.25], "texture": "#0"},
				"west": {"uv": [10, 12.25, 10.25, 13.25], "texture": "#0"},
				"up": {"uv": [13.25, 13.25, 13, 13], "rotation": 270, "texture": "#0"},
				"down": {"uv": [13.25, 0, 13, 0.25], "rotation": 90, "texture": "#0"}
			}
		},
		{
			"name": "horn",
			"from": [21.5, 6, 5],
			"to": [22.5, 10, 6],
			"rotation": {"angle": -22.5, "axis": "y", "origin": [11.5, 8, 9]},
			"faces": {
				"north": {"uv": [10.5, 12.25, 10.25, 13.25], "texture": "#0"},
				"east": {"uv": [10.25, 12.25, 10, 13.25], "texture": "#0"},
				"south": {"uv": [11, 12.25, 10.75, 13.25], "texture": "#0"},
				"west": {"uv": [10.75, 12.25, 10.5, 13.25], "texture": "#0"},
				"up": {"uv": [13.25, 13, 13, 13.25], "rotation": 270, "texture": "#0"},
				"down": {"uv": [13.25, 0.25, 13, 0], "rotation": 90, "texture": "#0"}
			}
		},
		{
			"name": "horn",
			"from": [10, 10, -8],
			"to": [11, 11, -7],
			"rotation": {"angle": 0, "axis": "y", "origin": [8, 8, 3]},
			"faces": {
				"north": {"uv": [13, 0.25, 13.25, 0.5], "texture": "#0"},
				"east": {"uv": [13, 0.5, 13.25, 0.75], "texture": "#0"},
				"south": {"uv": [13, 0.75, 13.25, 1], "texture": "#0"},
				"west": {"uv": [13, 1, 13.25, 1.25], "texture": "#0"},
				"up": {"uv": [13.25, 1.5, 13, 1.25], "texture": "#0"},
				"down": {"uv": [13.25, 1.5, 13, 1.75], "texture": "#0"}
			}
		},
		{
			"name": "horn",
			"from": [-6.5, 10, 6],
			"to": [-5.5, 11, 7],
			"rotation": {"angle": 22.5, "axis": "y", "origin": [4.5, 8, 9]},
			"faces": {
				"north": {"uv": [13, 0.5, 13.25, 0.75], "texture": "#0"},
				"east": {"uv": [13, 0.75, 13.25, 1], "texture": "#0"},
				"south": {"uv": [13, 1, 13.25, 1.25], "texture": "#0"},
				"west": {"uv": [13, 0.25, 13.25, 0.5], "texture": "#0"},
				"up": {"uv": [13.25, 1.5, 13, 1.25], "rotation": 270, "texture": "#0"},
				"down": {"uv": [13.25, 1.5, 13, 1.75], "rotation": 90, "texture": "#0"}
			}
		},
		{
			"name": "horn",
			"from": [21.5, 10, 6],
			"to": [22.5, 11, 7],
			"rotation": {"angle": -22.5, "axis": "y", "origin": [11.5, 8, 9]},
			"faces": {
				"north": {"uv": [13.25, 0.5, 13, 0.75], "texture": "#0"},
				"east": {"uv": [13.25, 0.25, 13, 0.5], "texture": "#0"},
				"south": {"uv": [13.25, 1, 13, 1.25], "texture": "#0"},
				"west": {"uv": [13.25, 0.75, 13, 1], "texture": "#0"},
				"up": {"uv": [13.25, 1.25, 13, 1.5], "rotation": 270, "texture": "#0"},
				"down": {"uv": [13.25, 1.75, 13, 1.5], "rotation": 90, "texture": "#0"}
			}
		},
		{
			"name": "horn",
			"from": [10, 5, -8],
			"to": [11, 6, -7],
			"rotation": {"angle": 0, "axis": "y", "origin": [8, 8, 3]},
			"faces": {
				"north": {"uv": [13, 1.75, 13.25, 2], "texture": "#0"},
				"east": {"uv": [13, 2, 13.25, 2.25], "texture": "#0"},
				"south": {"uv": [13, 2.25, 13.25, 2.5], "texture": "#0"},
				"west": {"uv": [13, 2.5, 13.25, 2.75], "texture": "#0"},
				"up": {"uv": [13.25, 3, 13, 2.75], "texture": "#0"},
				"down": {"uv": [13.25, 3, 13, 3.25], "texture": "#0"}
			}
		},
		{
			"name": "horn",
			"from": [-6.5, 5, 6],
			"to": [-5.5, 6, 7],
			"rotation": {"angle": 22.5, "axis": "y", "origin": [4.5, 8, 9]},
			"faces": {
				"north": {"uv": [13, 2, 13.25, 2.25], "texture": "#0"},
				"east": {"uv": [13, 2.25, 13.25, 2.5], "texture": "#0"},
				"south": {"uv": [13, 2.5, 13.25, 2.75], "texture": "#0"},
				"west": {"uv": [13, 1.75, 13.25, 2], "texture": "#0"},
				"up": {"uv": [13.25, 3, 13, 2.75], "rotation": 270, "texture": "#0"},
				"down": {"uv": [13.25, 3, 13, 3.25], "rotation": 90, "texture": "#0"}
			}
		},
		{
			"name": "horn",
			"from": [21.5, 5, 6],
			"to": [22.5, 6, 7],
			"rotation": {"angle": -22.5, "axis": "y", "origin": [11.5, 8, 9]},
			"faces": {
				"north": {"uv": [13.25, 2, 13, 2.25], "texture": "#0"},
				"east": {"uv": [13.25, 1.75, 13, 2], "texture": "#0"},
				"south": {"uv": [13.25, 2.5, 13, 2.75], "texture": "#0"},
				"west": {"uv": [13.25, 2.25, 13, 2.5], "texture": "#0"},
				"up": {"uv": [13.25, 2.75, 13, 3], "rotation": 270, "texture": "#0"},
				"down": {"uv": [13.25, 3.25, 13, 3], "rotation": 90, "texture": "#0"}
			}
		},
		{
			"name": "horn",
			"from": [5, 10, -8],
			"to": [6, 11, -7],
			"rotation": {"angle": 0, "axis": "y", "origin": [8, 8, 3]},
			"faces": {
				"north": {"uv": [13, 3.5, 13.25, 3.75], "texture": "#0"},
				"east": {"uv": [13, 4, 13.25, 4.25], "texture": "#0"},
				"south": {"uv": [13, 4.25, 13.25, 4.5], "texture": "#0"},
				"west": {"uv": [13, 4.5, 13.25, 4.75], "texture": "#0"},
				"up": {"uv": [13.25, 5, 13, 4.75], "texture": "#0"},
				"down": {"uv": [13.25, 5, 13, 5.25], "texture": "#0"}
			}
		},
		{
			"name": "horn",
			"from": [-6.5, 10, 11],
			"to": [-5.5, 11, 12],
			"rotation": {"angle": 22.5, "axis": "y", "origin": [4.5, 8, 9]},
			"faces": {
				"north": {"uv": [13, 4, 13.25, 4.25], "texture": "#0"},
				"east": {"uv": [13, 4.25, 13.25, 4.5], "texture": "#0"},
				"south": {"uv": [13, 4.5, 13.25, 4.75], "texture": "#0"},
				"west": {"uv": [13, 3.5, 13.25, 3.75], "texture": "#0"},
				"up": {"uv": [13.25, 5, 13, 4.75], "rotation": 270, "texture": "#0"},
				"down": {"uv": [13.25, 5, 13, 5.25], "rotation": 90, "texture": "#0"}
			}
		},
		{
			"name": "horn",
			"from": [21.5, 10, 11],
			"to": [22.5, 11, 12],
			"rotation": {"angle": -22.5, "axis": "y", "origin": [11.5, 8, 9]},
			"faces": {
				"north": {"uv": [13.25, 4, 13, 4.25], "texture": "#0"},
				"east": {"uv": [13.25, 3.5, 13, 3.75], "texture": "#0"},
				"south": {"uv": [13.25, 4.5, 13, 4.75], "texture": "#0"},
				"west": {"uv": [13.25, 4.25, 13, 4.5], "texture": "#0"},
				"up": {"uv": [13.25, 4.75, 13, 5], "rotation": 270, "texture": "#0"},
				"down": {"uv": [13.25, 5.25, 13, 5], "rotation": 90, "texture": "#0"}
			}
		},
		{
			"name": "horn",
			"from": [5, 5, -8],
			"to": [6, 6, -7],
			"rotation": {"angle": 0, "axis": "y", "origin": [8, 8, 3]},
			"faces": {
				"north": {"uv": [13, 5.25, 13.25, 5.5], "texture": "#0"},
				"east": {"uv": [13, 6.25, 13.25, 6.5], "texture": "#0"},
				"south": {"uv": [13, 6.5, 13.25, 6.75], "texture": "#0"},
				"west": {"uv": [13, 6.75, 13.25, 7], "texture": "#0"},
				"up": {"uv": [13.25, 7.25, 13, 7], "texture": "#0"},
				"down": {"uv": [13.25, 7.25, 13, 7.5], "texture": "#0"}
			}
		},
		{
			"name": "horn",
			"from": [-6.5, 5, 11],
			"to": [-5.5, 6, 12],
			"rotation": {"angle": 22.5, "axis": "y", "origin": [4.5, 8, 9]},
			"faces": {
				"north": {"uv": [13, 6.25, 13.25, 6.5], "texture": "#0"},
				"east": {"uv": [13, 6.5, 13.25, 6.75], "texture": "#0"},
				"south": {"uv": [13, 6.75, 13.25, 7], "texture": "#0"},
				"west": {"uv": [13, 5.25, 13.25, 5.5], "texture": "#0"},
				"up": {"uv": [13.25, 7.25, 13, 7], "rotation": 270, "texture": "#0"},
				"down": {"uv": [13.25, 7.25, 13, 7.5], "rotation": 90, "texture": "#0"}
			}
		},
		{
			"name": "horn",
			"from": [21.5, 5, 11],
			"to": [22.5, 6, 12],
			"rotation": {"angle": -22.5, "axis": "y", "origin": [11.5, 8, 9]},
			"faces": {
				"north": {"uv": [13.25, 6.25, 13, 6.5], "texture": "#0"},
				"east": {"uv": [13.25, 5.25, 13, 5.5], "texture": "#0"},
				"south": {"uv": [13.25, 6.75, 13, 7], "texture": "#0"},
				"west": {"uv": [13.25, 6.5, 13, 6.75], "texture": "#0"},
				"up": {"uv": [13.25, 7, 13, 7.25], "rotation": 270, "texture": "#0"},
				"down": {"uv": [13.25, 7.5, 13, 7.25], "rotation": 90, "texture": "#0"}
			}
		},
		{
			"name": "horn",
			"from": [5, 6, -7],
			"to": [6, 10, -4],
			"rotation": {"angle": 0, "axis": "y", "origin": [8, 8, 3]},
			"faces": {
				"north": {"uv": [12, 12.25, 12.25, 13.25], "texture": "#0"},
				"east": {"uv": [6, 4, 6.75, 5], "texture": "#0"},
				"south": {"uv": [12.25, 12.25, 12.5, 13.25], "texture": "#0"},
				"west": {"uv": [10, 0, 10.75, 1], "texture": "#0"},
				"up": {"uv": [2.25, 13.25, 2, 12.5], "texture": "#0"},
				"down": {"uv": [2.5, 12.5, 2.25, 13.25], "texture": "#0"}
			}
		},
		{
			"name": "horn",
			"from": [-5.5, 6, 11],
			"to": [-2.5, 10, 12],
			"rotation": {"angle": 22.5, "axis": "y", "origin": [4.5, 8, 9]},
			"faces": {
				"north": {"uv": [6, 4, 6.75, 5], "texture": "#0"},
				"east": {"uv": [12.25, 12.25, 12.5, 13.25], "texture": "#0"},
				"south": {"uv": [10, 0, 10.75, 1], "texture": "#0"},
				"west": {"uv": [12, 12.25, 12.25, 13.25], "texture": "#0"},
				"up": {"uv": [2.25, 13.25, 2, 12.5], "rotation": 270, "texture": "#0"},
				"down": {"uv": [2.5, 12.5, 2.25, 13.25], "rotation": 90, "texture": "#0"}
			}
		},
		{
			"name": "horn",
			"from": [18.5, 6, 11],
			"to": [21.5, 10, 12],
			"rotation": {"angle": -22.5, "axis": "y", "origin": [11.5, 8, 9]},
			"faces": {
				"north": {"uv": [6.75, 4, 6, 5], "texture": "#0"},
				"east": {"uv": [12.25, 12.25, 12, 13.25], "texture": "#0"},
				"south": {"uv": [10.75, 0, 10, 1], "texture": "#0"},
				"west": {"uv": [12.5, 12.25, 12.25, 13.25], "texture": "#0"},
				"up": {"uv": [2.25, 12.5, 2, 13.25], "rotation": 270, "texture": "#0"},
				"down": {"uv": [2.5, 13.25, 2.25, 12.5], "rotation": 90, "texture": "#0"}
			}
		},
		{
			"name": "horn",
			"from": [4, 6, -8],
			"to": [5, 10, -7],
			"rotation": {"angle": 0, "axis": "y", "origin": [8, 8, 3]},
			"faces": {
				"north": {"uv": [12.25, 6.25, 12.5, 7.25], "texture": "#0"},
				"east": {"uv": [12.25, 7.25, 12.5, 8.25], "texture": "#0"},
				"south": {"uv": [12.25, 8.25, 12.5, 9.25], "texture": "#0"},
				"west": {"uv": [0.75, 12.5, 1, 13.5], "texture": "#0"},
				"up": {"uv": [13.25, 8.5, 13, 8.25], "texture": "#0"},
				"down": {"uv": [13.25, 8.5, 13, 8.75], "texture": "#0"}
			}
		},
		{
			"name": "horn",
			"from": [-6.5, 6, 12],
			"to": [-5.5, 10, 13],
			"rotation": {"angle": 22.5, "axis": "y", "origin": [4.5, 8, 9]},
			"faces": {
				"north": {"uv": [12.25, 7.25, 12.5, 8.25], "texture": "#0"},
				"east": {"uv": [12.25, 8.25, 12.5, 9.25], "texture": "#0"},
				"south": {"uv": [0.75, 12.5, 1, 13.5], "texture": "#0"},
				"west": {"uv": [12.25, 6.25, 12.5, 7.25], "texture": "#0"},
				"up": {"uv": [13.25, 8.5, 13, 8.25], "rotation": 270, "texture": "#0"},
				"down": {"uv": [13.25, 8.5, 13, 8.75], "rotation": 90, "texture": "#0"}
			}
		},
		{
			"name": "horn",
			"from": [21.5, 6, 12],
			"to": [22.5, 10, 13],
			"rotation": {"angle": -22.5, "axis": "y", "origin": [11.5, 8, 9]},
			"faces": {
				"north": {"uv": [12.5, 7.25, 12.25, 8.25], "texture": "#0"},
				"east": {"uv": [12.5, 6.25, 12.25, 7.25], "texture": "#0"},
				"south": {"uv": [1, 12.5, 0.75, 13.5], "texture": "#0"},
				"west": {"uv": [12.5, 8.25, 12.25, 9.25], "texture": "#0"},
				"up": {"uv": [13.25, 8.25, 13, 8.5], "rotation": 270, "texture": "#0"},
				"down": {"uv": [13.25, 8.75, 13, 8.5], "rotation": 90, "texture": "#0"}
			}
		},
		{
			"name": "horn",
			"from": [6, 6, -4],
			"to": [10, 10, -1],
			"rotation": {"angle": 0, "axis": "y", "origin": [8, 8, 3]},
			"faces": {
				"north": {"uv": [5, 4, 6, 5], "texture": "#0"},
				"east": {"uv": [10, 1, 10.75, 2], "texture": "#0"},
				"south": {"uv": [9.5, 5.5, 10.5, 6.5], "texture": "#0"},
				"west": {"uv": [10.5, 5.5, 11.25, 6.5], "texture": "#0"},
				"up": {"uv": [11.5, 9, 10.5, 8.25], "texture": "#0"},
				"down": {"uv": [11.5, 9, 10.5, 9.75], "texture": "#0"}
			}
		},
		{
			"name": "horn",
			"from": [-2.5, 6, 7],
			"to": [0.5, 10, 11],
			"rotation": {"angle": 22.5, "axis": "y", "origin": [4.5, 8, 9]},
			"faces": {
				"north": {"uv": [10, 1, 10.75, 2], "texture": "#0"},
				"east": {"uv": [9.5, 5.5, 10.5, 6.5], "texture": "#0"},
				"south": {"uv": [10.5, 5.5, 11.25, 6.5], "texture": "#0"},
				"west": {"uv": [5, 4, 6, 5], "texture": "#0"},
				"up": {"uv": [11.5, 9, 10.5, 8.25], "rotation": 270, "texture": "#0"},
				"down": {"uv": [11.5, 9, 10.5, 9.75], "rotation": 90, "texture": "#0"}
			}
		},
		{
			"name": "horn",
			"from": [15.5, 6, 7],
			"to": [18.5, 10, 11],
			"rotation": {"angle": -22.5, "axis": "y", "origin": [11.5, 8, 9]},
			"faces": {
				"north": {"uv": [10.75, 1, 10, 2], "texture": "#0"},
				"east": {"uv": [6, 4, 5, 5], "texture": "#0"},
				"south": {"uv": [11.25, 5.5, 10.5, 6.5], "texture": "#0"},
				"west": {"uv": [10.5, 5.5, 9.5, 6.5], "texture": "#0"},
				"up": {"uv": [11.5, 8.25, 10.5, 9], "rotation": 270, "texture": "#0"},
				"down": {"uv": [11.5, 9.75, 10.5, 9], "rotation": 90, "texture": "#0"}
			}
		},
		{
			"name": "horn",
			"from": [7, 9, -1],
			"to": [9, 10, 2],
			"rotation": {"angle": 0, "axis": "y", "origin": [8, 8, 3]},
			"faces": {
				"north": {"uv": [12.75, 7.75, 13.25, 8], "texture": "#0"},
				"east": {"uv": [12.25, 11.75, 13, 12], "texture": "#0"},
				"south": {"uv": [12.75, 8, 13.25, 8.25], "texture": "#0"},
				"west": {"uv": [2.5, 12.5, 3.25, 12.75], "texture": "#0"},
				"up": {"uv": [12, 0.75, 11.5, 0], "texture": "#0"},
				"down": {"uv": [12, 0.75, 11.5, 1.5], "texture": "#0"}
			}
		},
		{
			"name": "horn",
			"from": [0.5, 9, 8],
			"to": [3.5, 10, 10],
			"rotation": {"angle": 22.5, "axis": "y", "origin": [4.5, 8, 9]},
			"faces": {
				"north": {"uv": [12.25, 11.75, 13, 12], "texture": "#0"},
				"east": {"uv": [12.75, 8, 13.25, 8.25], "texture": "#0"},
				"south": {"uv": [2.5, 12.5, 3.25, 12.75], "texture": "#0"},
				"west": {"uv": [12.75, 7.75, 13.25, 8], "texture": "#0"},
				"up": {"uv": [12, 0.75, 11.5, 0], "rotation": 270, "texture": "#0"},
				"down": {"uv": [12, 0.75, 11.5, 1.5], "rotation": 90, "texture": "#0"}
			}
		},
		{
			"name": "horn",
			"from": [12.5, 9, 8],
			"to": [15.5, 10, 10],
			"rotation": {"angle": -22.5, "axis": "y", "origin": [11.5, 8, 9]},
			"faces": {
				"north": {"uv": [13, 11.75, 12.25, 12], "texture": "#0"},
				"east": {"uv": [13.25, 7.75, 12.75, 8], "texture": "#0"},
				"south": {"uv": [3.25, 12.5, 2.5, 12.75], "texture": "#0"},
				"west": {"uv": [13.25, 8, 12.75, 8.25], "texture": "#0"},
				"up": {"uv": [12, 0, 11.5, 0.75], "rotation": 270, "texture": "#0"},
				"down": {"uv": [12, 1.5, 11.5, 0.75], "rotation": 90, "texture": "#0"}
			}
		},
		{
			"name": "horn",
			"from": [6, 10, -7],
			"to": [10, 11, -4],
			"rotation": {"angle": 0, "axis": "y", "origin": [8, 8, 3]},
			"faces": {
				"north": {"uv": [12, 5.25, 13, 5.5], "texture": "#0"},
				"east": {"uv": [3.25, 12.5, 4, 12.75], "texture": "#0"},
				"south": {"uv": [12, 9.25, 13, 9.5], "texture": "#0"},
				"west": {"uv": [6.75, 12.5, 7.5, 12.75], "texture": "#0"},
				"up": {"uv": [9.75, 11.5, 8.75, 10.75], "texture": "#0"},
				"down": {"uv": [11, 10.75, 10, 11.5], "texture": "#0"}
			}
		},
		{
			"name": "horn",
			"from": [-5.5, 10, 7],
			"to": [-2.5, 11, 11],
			"rotation": {"angle": 22.5, "axis": "y", "origin": [4.5, 8, 9]},
			"faces": {
				"north": {"uv": [3.25, 12.5, 4, 12.75], "texture": "#0"},
				"east": {"uv": [12, 9.25, 13, 9.5], "texture": "#0"},
				"south": {"uv": [6.75, 12.5, 7.5, 12.75], "texture": "#0"},
				"west": {"uv": [12, 5.25, 13, 5.5], "texture": "#0"},
				"up": {"uv": [9.75, 11.5, 8.75, 10.75], "rotation": 270, "texture": "#0"},
				"down": {"uv": [11, 10.75, 10, 11.5], "rotation": 90, "texture": "#0"}
			}
		},
		{
			"name": "horn",
			"from": [18.5, 10, 7],
			"to": [21.5, 11, 11],
			"rotation": {"angle": -22.5, "axis": "y", "origin": [11.5, 8, 9]},
			"faces": {
				"north": {"uv": [4, 12.5, 3.25, 12.75], "texture": "#0"},
				"east": {"uv": [13, 5.25, 12, 5.5], "texture": "#0"},
				"south": {"uv": [7.5, 12.5, 6.75, 12.75], "texture": "#0"},
				"west": {"uv": [13, 9.25, 12, 9.5], "texture": "#0"},
				"up": {"uv": [9.75, 10.75, 8.75, 11.5], "rotation": 270, "texture": "#0"},
				"down": {"uv": [11, 11.5, 10, 10.75], "rotation": 90, "texture": "#0"}
			}
		},
		{
			"name": "horn",
			"from": [6, 11, -8],
			"to": [10, 12, -7],
			"rotation": {"angle": 0, "axis": "y", "origin": [8, 8, 3]},
			"faces": {
				"north": {"uv": [9.25, 8.25, 10.25, 8.5], "texture": "#0"},
				"east": {"uv": [9.25, 5.5, 9.5, 5.75], "texture": "#0"},
				"south": {"uv": [11.25, 6.25, 12.25, 6.5], "texture": "#0"},
				"west": {"uv": [10.25, 8.25, 10.5, 8.5], "texture": "#0"},
				"up": {"uv": [12.25, 11.25, 11.25, 11], "texture": "#0"},
				"down": {"uv": [12.5, 1.5, 11.5, 1.75], "texture": "#0"}
			}
		},
		{
			"name": "horn",
			"from": [-6.5, 11, 7],
			"to": [-5.5, 12, 11],
			"rotation": {"angle": 22.5, "axis": "y", "origin": [4.5, 8, 9]},
			"faces": {
				"north": {"uv": [9.25, 5.5, 9.5, 5.75], "texture": "#0"},
				"east": {"uv": [11.25, 6.25, 12.25, 6.5], "texture": "#0"},
				"south": {"uv": [10.25, 8.25, 10.5, 8.5], "texture": "#0"},
				"west": {"uv": [9.25, 8.25, 10.25, 8.5], "texture": "#0"},
				"up": {"uv": [12.25, 11.25, 11.25, 11], "rotation": 270, "texture": "#0"},
				"down": {"uv": [12.5, 1.5, 11.5, 1.75], "rotation": 90, "texture": "#0"}
			}
		},
		{
			"name": "horn",
			"from": [21.5, 11, 7],
			"to": [22.5, 12, 11],
			"rotation": {"angle": -22.5, "axis": "y", "origin": [11.5, 8, 9]},
			"faces": {
				"north": {"uv": [9.5, 5.5, 9.25, 5.75], "texture": "#0"},
				"east": {"uv": [10.25, 8.25, 9.25, 8.5], "texture": "#0"},
				"south": {"uv": [10.5, 8.25, 10.25, 8.5], "texture": "#0"},
				"west": {"uv": [12.25, 6.25, 11.25, 6.5], "texture": "#0"},
				"up": {"uv": [12.25, 11, 11.25, 11.25], "rotation": 270, "texture": "#0"},
				"down": {"uv": [12.5, 1.75, 11.5, 1.5], "rotation": 90, "texture": "#0"}
			}
		}
	]
}