{
	"credit": "Designed by Kevin *ArtsByKev* www.youtube.com/c/artsbykev , www.twitter.com/artsbykev, Made with Blockbench",
	"ambientocclusion": false,
	"texture_size": [64, 64],
	"textures": {
		"0": "artsbykev_var/textures/stickpath",
		"particle": "artsbykev_var/textures/stickpath"
	},
	"elements": [
		{
			"from": [1, 0, 0],
			"to": [3, 1, 16],
			"rotation": {"angle": 0, "axis": "y", "origin": [9, 8, 8]},
			"faces": {
				"north": {"uv": [8, 4.75, 8.5, 5], "texture": "#0"},
				"east": {"uv": [3.5, 3, 7.5, 3.25], "texture": "#0"},
				"south": {"uv": [8, 7.5, 8.5, 7.75], "texture": "#0"},
				"west": {"uv": [3.5, 3.25, 7.5, 3.5], "texture": "#0"},
				"up": {"uv": [0.5, 4, 0, 0], "texture": "#0"},
				"down": {"uv": [1, 0.5, 0.5, 4.5], "texture": "#0"}
			}
		},
		{
			"from": [0.25, 0.25, 0],
			"to": [2.25, 2.25, 9],
			"rotation": {"angle": 0, "axis": "y", "origin": [8.25, 8.25, 8]},
			"faces": {
				"north": {"uv": [2.5, 7.75, 3, 8.25], "texture": "#0"},
				"east": {"uv": [2.5, 2, 4.75, 2.5], "texture": "#0"},
				"south": {"uv": [3.5, 7.75, 4, 8.25], "texture": "#0"},
				"west": {"uv": [3, 2.5, 5.25, 3], "texture": "#0"},
				"up": {"uv": [0.5, 6.25, 0, 4], "texture": "#0"},
				"down": {"uv": [4.5, 4, 4, 6.25], "texture": "#0"}
			}
		},
		{
			"from": [13, 0, 0],
			"to": [15, 2, 13],
			"rotation": {"angle": 0, "axis": "y", "origin": [21, 8, 8]},
			"faces": {
				"north": {"uv": [5, 8, 5.5, 8.5], "texture": "#0"},
				"east": {"uv": [1.5, 1, 4.75, 1.5], "texture": "#0"},
				"south": {"uv": [5.5, 8, 6, 8.5], "texture": "#0"},
				"west": {"uv": [2, 1.5, 5.25, 2], "texture": "#0"},
				"up": {"uv": [3.5, 6.25, 3, 3], "texture": "#0"},
				"down": {"uv": [4, 3.5, 3.5, 6.75], "texture": "#0"}
			}
		},
		{
			"from": [0.25, -0.2, -4],
			"to": [2.25, 1.8, 0],
			"rotation": {"angle": 0, "axis": "y", "origin": [8.25, 7.8, -1]},
			"faces": {
				"north": {"uv": [6, 7.75, 6.5, 8.25], "texture": "#0", "cullface": "north"},
				"east": {"uv": [6.25, 2.25, 7.25, 2.75], "texture": "#0", "cullface": "east"},
				"south": {"uv": [7.75, 5.25, 8.25, 5.75], "texture": "#0"},
				"west": {"uv": [6.25, 4, 7.25, 4.5], "texture": "#0", "cullface": "west"},
				"up": {"uv": [4, 7.75, 3.5, 6.75], "texture": "#0", "cullface": "up"},
				"down": {"uv": [5.5, 6.75, 5, 7.75], "texture": "#0", "cullface": "down"}
			}
		},
		{
			"from": [13, -0.45, -7],
			"to": [15, 1.55, 0],
			"rotation": {"angle": 0, "axis": "y", "origin": [21, 7.55, -1]},
			"faces": {
				"north": {"uv": [0, 8, 0.5, 8.5], "texture": "#0", "cullface": "north"},
				"east": {"uv": [5.5, 5, 7.25, 5.5], "texture": "#0", "cullface": "east"},
				"south": {"uv": [3, 8, 3.5, 8.5], "texture": "#0"},
				"west": {"uv": [6.25, 0.5, 8, 1], "texture": "#0", "cullface": "west"},
				"up": {"uv": [0.5, 8, 0, 6.25], "texture": "#0", "cullface": "up"},
				"down": {"uv": [3.5, 6.25, 3, 8], "texture": "#0", "cullface": "down"}
			}
		},
		{
			"from": [6, 0, 0],
			"to": [8, 1, 7],
			"rotation": {"angle": 0, "axis": "y", "origin": [14, 8, 8]},
			"faces": {
				"north": {"uv": [8.25, 3.25, 8.75, 3.5], "texture": "#0"},
				"east": {"uv": [6.75, 1.75, 8.5, 2], "texture": "#0"},
				"south": {"uv": [8.25, 3.5, 8.75, 3.75], "texture": "#0"},
				"west": {"uv": [6.75, 2, 8.5, 2.25], "texture": "#0"},
				"up": {"uv": [6, 7.75, 5.5, 6], "texture": "#0"},
				"down": {"uv": [6.5, 6, 6, 7.75], "texture": "#0"}
			}
		},
		{
			"from": [1, 0.2, 16],
			"to": [3, 1.2, 20],
			"rotation": {"angle": 0, "axis": "y", "origin": [9, 8.2, 24]},
			"faces": {
				"north": {"uv": [7.5, 8.25, 8, 8.5], "texture": "#0"},
				"east": {"uv": [7.25, 5.75, 8.25, 6], "texture": "#0", "cullface": "east"},
				"south": {"uv": [8, 8.25, 8.5, 8.5], "texture": "#0", "cullface": "south"},
				"west": {"uv": [7.25, 7, 8.25, 7.25], "texture": "#0", "cullface": "west"},
				"up": {"uv": [5, 7.25, 4.5, 6.25], "texture": "#0", "cullface": "up"},
				"down": {"uv": [6.75, 1.25, 6.25, 2.25], "texture": "#0", "cullface": "down"}
			}
		},
		{
			"from": [5, -3, 16],
			"to": [7, -2, 20],
			"rotation": {"angle": 0, "axis": "y", "origin": [13, 5, 24]},
			"faces": {
				"north": {"uv": [8.25, 0.25, 8.75, 0.5], "texture": "#0"},
				"east": {"uv": [5, 7.75, 6, 8], "texture": "#0", "cullface": "east"},
				"south": {"uv": [8.25, 0.5, 8.75, 0.75], "texture": "#0", "cullface": "south"},
				"west": {"uv": [7.75, 2.75, 8.75, 3], "texture": "#0", "cullface": "west"},
				"up": {"uv": [7, 7.5, 6.5, 6.5], "texture": "#0", "cullface": "up"},
				"down": {"uv": [1.5, 6.75, 1, 7.75], "texture": "#0", "cullface": "down"}
			}
		},
		{
			"from": [5, 0, 2],
			"to": [7, 2, 16],
			"rotation": {"angle": 0, "axis": "y", "origin": [13, 8, 8]},
			"faces": {
				"north": {"uv": [4.75, 1, 5.25, 1.5], "texture": "#0"},
				"east": {"uv": [0.5, 0, 4, 0.5], "texture": "#0"},
				"south": {"uv": [4.75, 2, 5.25, 2.5], "texture": "#0"},
				"west": {"uv": [1, 0.5, 4.5, 1], "texture": "#0"},
				"up": {"uv": [2.5, 5.5, 2, 2], "texture": "#0"},
				"down": {"uv": [3, 2.5, 2.5, 6], "texture": "#0"}
			}
		},
		{
			"from": [5, 0.2, 16],
			"to": [7, 2.2, 23],
			"rotation": {"angle": 0, "axis": "y", "origin": [13, 8.2, 22]},
			"faces": {
				"north": {"uv": [7.25, 5.25, 7.75, 5.75], "texture": "#0"},
				"east": {"uv": [4.5, 0.5, 6.25, 1], "texture": "#0", "cullface": "east"},
				"south": {"uv": [7.5, 7.5, 8, 8], "texture": "#0", "cullface": "south"},
				"west": {"uv": [4.5, 4, 6.25, 4.5], "texture": "#0", "cullface": "west"},
				"up": {"uv": [5.5, 6.75, 5, 5], "texture": "#0", "cullface": "up"},
				"down": {"uv": [5.75, 1, 5.25, 2.75], "texture": "#0", "cullface": "down"}
			}
		},
		{
			"from": [6, -0.45, -7],
			"to": [8, 0.55, 0],
			"rotation": {"angle": 0, "axis": "y", "origin": [14, 7.55, -1]},
			"faces": {
				"north": {"uv": [8.25, 0.75, 8.75, 1], "texture": "#0", "cullface": "north"},
				"east": {"uv": [6.75, 1.25, 8.5, 1.5], "texture": "#0", "cullface": "east"},
				"south": {"uv": [8.25, 3, 8.75, 3.25], "texture": "#0"},
				"west": {"uv": [6.75, 1.5, 8.5, 1.75], "texture": "#0", "cullface": "west"},
				"up": {"uv": [6.25, 2.75, 5.75, 1], "texture": "#0", "cullface": "up"},
				"down": {"uv": [3, 6, 2.5, 7.75], "texture": "#0", "cullface": "down"}
			}
		},
		{
			"from": [8, -3, 16],
			"to": [10, -1, 23],
			"rotation": {"angle": 0, "axis": "y", "origin": [16, 5, 22]},
			"faces": {
				"north": {"uv": [7.5, 3, 8, 3.5], "texture": "#0"},
				"east": {"uv": [5, 4.5, 6.75, 5], "texture": "#0", "cullface": "east"},
				"south": {"uv": [1, 7.75, 1.5, 8.25], "texture": "#0", "cullface": "south"},
				"west": {"uv": [5.5, 5.5, 7.25, 6], "texture": "#0", "cullface": "west"},
				"up": {"uv": [2, 7.25, 1.5, 5.5], "texture": "#0", "cullface": "up"},
				"down": {"uv": [2.5, 5.5, 2, 7.25], "texture": "#0", "cullface": "down"}
			}
		},
		{
			"from": [12, 0, 0],
			"to": [14, 1, 16],
			"rotation": {"angle": 0, "axis": "y", "origin": [20, 8, 8]},
			"faces": {
				"north": {"uv": [8, 7.75, 8.5, 8], "texture": "#0"},
				"east": {"uv": [4, 0, 8, 0.25], "texture": "#0"},
				"south": {"uv": [2.5, 8.25, 3, 8.5], "texture": "#0"},
				"west": {"uv": [4, 0.25, 8, 0.5], "texture": "#0"},
				"up": {"uv": [1.5, 5, 1, 1], "texture": "#0"},
				"down": {"uv": [2, 1.5, 1.5, 5.5], "texture": "#0"}
			}
		},
		{
			"from": [12, 0.2, 16],
			"to": [14, 1.2, 23],
			"rotation": {"angle": 0, "axis": "y", "origin": [20, 8.2, 24]},
			"faces": {
				"north": {"uv": [3.5, 8.25, 4, 8.5], "texture": "#0"},
				"east": {"uv": [6.5, 6, 8.25, 6.25], "texture": "#0", "cullface": "east"},
				"south": {"uv": [6, 8.25, 6.5, 8.5], "texture": "#0", "cullface": "south"},
				"west": {"uv": [6.5, 6.25, 8.25, 6.5], "texture": "#0", "cullface": "west"},
				"up": {"uv": [5, 6.25, 4.5, 4.5], "texture": "#0", "cullface": "up"},
				"down": {"uv": [1.5, 5, 1, 6.75], "texture": "#0", "cullface": "down"}
			}
		},
		{
			"from": [10, 0, 0],
			"to": [11, 1, 16],
			"rotation": {"angle": 0, "axis": "y", "origin": [18, 8, 8]},
			"faces": {
				"north": {"uv": [7, 8.25, 7.25, 8.5], "texture": "#0"},
				"east": {"uv": [4, 3.5, 8, 3.75], "texture": "#0"},
				"south": {"uv": [8.25, 5.25, 8.5, 5.5], "texture": "#0"},
				"west": {"uv": [4, 3.75, 8, 4], "texture": "#0"},
				"up": {"uv": [0.75, 8.5, 0.5, 4.5], "texture": "#0"},
				"down": {"uv": [1, 4.5, 0.75, 8.5], "texture": "#0"}
			}
		},
		{
			"from": [10, 0.2, 16],
			"to": [11, 1.2, 21],
			"rotation": {"angle": 0, "axis": "y", "origin": [18, 8.2, 24]},
			"faces": {
				"north": {"uv": [8.25, 6.5, 8.5, 6.75], "texture": "#0"},
				"east": {"uv": [6.75, 4.5, 8, 4.75], "texture": "#0", "cullface": "east"},
				"south": {"uv": [8.25, 6.75, 8.5, 7], "texture": "#0", "cullface": "south"},
				"west": {"uv": [6.75, 4.75, 8, 5], "texture": "#0", "cullface": "west"},
				"up": {"uv": [7.25, 8.25, 7, 7], "texture": "#0", "cullface": "up"},
				"down": {"uv": [1.75, 7.25, 1.5, 8.5], "texture": "#0", "cullface": "down"}
			}
		},
		{
			"from": [10, -0.45, -5],
			"to": [11, 0.55, 0],
			"rotation": {"angle": 0, "axis": "y", "origin": [18, 7.55, 3]},
			"faces": {
				"north": {"uv": [2, 8.5, 2.25, 8.75], "texture": "#0", "cullface": "north"},
				"east": {"uv": [7.25, 4.25, 8.5, 4.5], "texture": "#0", "cullface": "east"},
				"south": {"uv": [2.25, 8.5, 2.5, 8.75], "texture": "#0"},
				"west": {"uv": [7.25, 5, 8.5, 5.25], "texture": "#0", "cullface": "west"},
				"up": {"uv": [7, 8.75, 6.75, 7.5], "texture": "#0", "cullface": "up"},
				"down": {"uv": [7.5, 7.5, 7.25, 8.75], "texture": "#0", "cullface": "down"}
			}
		},
		{
			"from": [14, -2, 16],
			"to": [15, -1, 21],
			"rotation": {"angle": 0, "axis": "y", "origin": [22, 6, 24]},
			"faces": {
				"north": {"uv": [0.5, 8.5, 0.75, 8.75], "texture": "#0"},
				"east": {"uv": [7.25, 7.25, 8.5, 7.5], "texture": "#0", "cullface": "east"},
				"south": {"uv": [0.75, 8.5, 1, 8.75], "texture": "#0", "cullface": "south"},
				"west": {"uv": [7.25, 2.25, 8.5, 2.5], "texture": "#0", "cullface": "west"},
				"up": {"uv": [2.5, 8.5, 2.25, 7.25], "texture": "#0", "cullface": "up"},
				"down": {"uv": [4.75, 7.25, 4.5, 8.5], "texture": "#0", "cullface": "down"}
			}
		},
		{
			"from": [0, -2, 16],
			"to": [1, -1, 21],
			"rotation": {"angle": 0, "axis": "y", "origin": [8, 6, 24]},
			"faces": {
				"north": {"uv": [1.5, 8.5, 1.75, 8.75], "texture": "#0"},
				"east": {"uv": [7.25, 2.5, 8.5, 2.75], "texture": "#0", "cullface": "east"},
				"south": {"uv": [1.75, 8.5, 2, 8.75], "texture": "#0", "cullface": "south"},
				"west": {"uv": [7.25, 4, 8.5, 4.25], "texture": "#0", "cullface": "west"},
				"up": {"uv": [5, 8.5, 4.75, 7.25], "texture": "#0", "cullface": "up"},
				"down": {"uv": [6.75, 7.5, 6.5, 8.75], "texture": "#0", "cullface": "down"}
			}
		},
		{
			"from": [3, -2, 16],
			"to": [4, -1, 21],
			"rotation": {"angle": 0, "axis": "y", "origin": [11, 6, 24]},
			"faces": {
				"north": {"uv": [8.25, 7, 8.5, 7.25], "texture": "#0"},
				"east": {"uv": [7, 6.5, 8.25, 6.75], "texture": "#0"},
				"south": {"uv": [8.25, 8, 8.5, 8.25], "texture": "#0", "cullface": "south"},
				"west": {"uv": [7, 6.75, 8.25, 7], "texture": "#0", "cullface": "west"},
				"up": {"uv": [2, 8.5, 1.75, 7.25], "texture": "#0"},
				"down": {"uv": [2.25, 7.25, 2, 8.5], "texture": "#0", "cullface": "down"}
			}
		},
		{
			"from": [15, 0, 6],
			"to": [16, 1, 16],
			"rotation": {"angle": 0, "axis": "y", "origin": [23, 8, 8]},
			"faces": {
				"north": {"uv": [8.25, 5.5, 8.5, 5.75], "texture": "#0"},
				"east": {"uv": [5.25, 2.75, 7.75, 3], "texture": "#0"},
				"south": {"uv": [8.25, 5.75, 8.5, 6], "texture": "#0"},
				"west": {"uv": [6.25, 1, 8.75, 1.25], "texture": "#0"},
				"up": {"uv": [4.25, 8.75, 4, 6.25], "texture": "#0"},
				"down": {"uv": [4.5, 6.25, 4.25, 8.75], "texture": "#0"}
			}
		},
		{
			"from": [15, 0.2, 16],
			"to": [16, 1.2, 19],
			"rotation": {"angle": 0, "axis": "y", "origin": [23, 8.2, 18]},
			"faces": {
				"north": {"uv": [8.25, 6, 8.5, 6.25], "texture": "#0"},
				"east": {"uv": [7.5, 8, 8.25, 8.25], "texture": "#0", "cullface": "east"},
				"south": {"uv": [8.25, 6.25, 8.5, 6.5], "texture": "#0", "cullface": "south"},
				"west": {"uv": [8, 0, 8.75, 0.25], "texture": "#0", "cullface": "west"},
				"up": {"uv": [8.25, 1, 8, 0.25], "texture": "#0", "cullface": "up"},
				"down": {"uv": [8.25, 3, 8, 3.75], "texture": "#0", "cullface": "down"}
			}
		},
		{
			"from": [11, -2, 16],
			"to": [12, -1, 19],
			"rotation": {"angle": 0, "axis": "y", "origin": [19, 6, 18]},
			"faces": {
				"north": {"uv": [0, 8.5, 0.25, 8.75], "texture": "#0"},
				"east": {"uv": [8, 3.75, 8.75, 4], "texture": "#0"},
				"south": {"uv": [0.25, 8.5, 0.5, 8.75], "texture": "#0"},
				"west": {"uv": [8, 4.5, 8.75, 4.75], "texture": "#0", "cullface": "west"},
				"up": {"uv": [1.25, 9, 1, 8.25], "texture": "#0"},
				"down": {"uv": [1.5, 8.25, 1.25, 9], "texture": "#0", "cullface": "down"}
			}
		},
		{
			"name": "top_plank",
			"from": [3, 2, 2],
			"to": [16, 3, 5],
			"rotation": {"angle": 0, "axis": "y", "origin": [9, 10, 2]},
			"faces": {
				"north": {"uv": [12, 15.25, 16, 15.5], "texture": "#0"},
				"east": {"uv": [14.75, 15.25, 15.75, 15.5], "texture": "#0"},
				"south": {"uv": [0, 15.25, 4, 15.5], "texture": "#0"},
				"west": {"uv": [0.25, 15.25, 1.25, 15.5], "texture": "#0"},
				"up": {"uv": [11.25, 2, 14.5, 2.75], "texture": "#0"},
				"down": {"uv": [10.75, 2, 14.75, 3], "texture": "#0"}
			}
		},
		{
			"name": "top_plank",
			"from": [0, 2, 9],
			"to": [13, 3, 13],
			"rotation": {"angle": 0, "axis": "y", "origin": [6, 10, 10]},
			"faces": {
				"north": {"uv": [12, 15.25, 16, 15.5], "texture": "#0"},
				"east": {"uv": [14.75, 15.25, 15.75, 15.5], "texture": "#0"},
				"south": {"uv": [0, 15.25, 4, 15.5], "texture": "#0"},
				"west": {"uv": [0.25, 15.25, 1.25, 15.5], "texture": "#0"},
				"up": {"uv": [11, 1.75, 14.25, 2.75], "texture": "#0"},
				"down": {"uv": [0, 12.75, 3.25, 13.75], "texture": "#0"}
			}
		}
	]
}