{
	"credit": "Made with Blockbench",
	"ambientocclusion": false,
	"texture_size": [64, 64],
	"textures": {
		"0": "artsbykev_var/textures/stones",
		"particle": "artsbykev_var/textures/stones"
	},
	"elements": [
		{
			"from": [4, 0, 2],
			"to": [13, 2, 12],
			"rotation": {"angle": 22.5, "axis": "y", "origin": [12, 0, 10]},
			"faces": {
				"north": {"uv": [8, 8.75, 10.25, 9.25], "texture": "#0"},
				"east": {"uv": [7.75, 7, 10.25, 7.5], "texture": "#0"},
				"south": {"uv": [4.25, 9, 6.5, 9.5], "texture": "#0"},
				"west": {"uv": [4.25, 8.5, 6.75, 9], "texture": "#0"},
				"up": {"uv": [2.25, 2.5, 0, 0], "texture": "#0"},
				"down": {"uv": [4.5, 2.25, 2.25, 4.75], "texture": "#0"}
			}
		},
		{
			"from": [10.06147, -0.60896, 3],
			"to": [15.06147, 3.39104, 11],
			"rotation": {"angle": 22.5, "axis": "z", "origin": [14, 0, 12]},
			"faces": {
				"north": {"uv": [0, 8.5, 1.25, 9.5], "texture": "#0"},
				"east": {"uv": [6.5, 2, 8.5, 3], "texture": "#0"},
				"south": {"uv": [8.5, 2, 9.75, 3], "texture": "#0"},
				"west": {"uv": [6.5, 3, 8.5, 4], "texture": "#0"},
				"up": {"uv": [1.25, 8.5, 0, 6.5], "texture": "#0"},
				"down": {"uv": [7.75, 6.5, 6.5, 8.5], "texture": "#0"}
			}
		},
		{
			"from": [2, -1.75701, 7.83311],
			"to": [7, 2.24299, 13.83311],
			"rotation": {"angle": -22.5, "axis": "x", "origin": [4, 0, 11]},
			"faces": {
				"north": {"uv": [8.5, 3, 9.75, 4], "texture": "#0"},
				"east": {"uv": [8, 0, 9.5, 1], "texture": "#0"},
				"south": {"uv": [8.5, 4, 9.75, 5], "texture": "#0"},
				"west": {"uv": [8, 1, 9.5, 2], "texture": "#0"},
				"up": {"uv": [2.5, 8.25, 1.25, 6.75], "texture": "#0"},
				"down": {"uv": [3.75, 6.75, 2.5, 8.25], "texture": "#0"}
			}
		},
		{
			"from": [3.14386, 0, 1.77791],
			"to": [8.14386, 4, 7.77791],
			"rotation": {"angle": -22.5, "axis": "y", "origin": [6, 0, 6]},
			"faces": {
				"north": {"uv": [8.5, 5, 9.75, 6], "texture": "#0"},
				"east": {"uv": [1.25, 8.25, 2.75, 9.25], "texture": "#0"},
				"south": {"uv": [6.75, 8.75, 8, 9.75], "texture": "#0"},
				"west": {"uv": [2.75, 8.25, 4.25, 9.25], "texture": "#0"},
				"up": {"uv": [5, 8.25, 3.75, 6.75], "texture": "#0"},
				"down": {"uv": [6.25, 6.75, 5, 8.25], "texture": "#0"}
			}
		},
		{
			"from": [4, 2, 10],
			"to": [12, 11, 10],
			"rotation": {"angle": -22.5, "axis": "y", "origin": [11, 2, 10]},
			"faces": {
				"north": {"uv": [4.25, 0, 6.25, 2.25], "texture": "#0"},
				"east": {"uv": [0, 0, 0, 2.25], "texture": "#0"},
				"south": {"uv": [4.25, 0, 6.25, 2.25], "texture": "#0"},
				"west": {"uv": [0, 0, 0, 2.25], "texture": "#0"},
				"up": {"uv": [2, 0, 0, 0], "texture": "#0"},
				"down": {"uv": [2, 0, 0, 0], "texture": "#0"}
			}
		},
		{
			"from": [8, 2, 5],
			"to": [8, 11, 13],
			"rotation": {"angle": -22.5, "axis": "y", "origin": [8, 2, 12]},
			"faces": {
				"north": {"uv": [0, 0, 0, 2.25], "texture": "#0"},
				"east": {"uv": [2.25, 0, 4.25, 2.25], "texture": "#0"},
				"south": {"uv": [0, 0, 0, 2.25], "texture": "#0"},
				"west": {"uv": [2.25, 0, 4.25, 2.25], "texture": "#0"},
				"up": {"uv": [0, 2, 0, 0], "texture": "#0"},
				"down": {"uv": [0, 0, 0, 2], "texture": "#0"}
			}
		}
	]
}