{
	"credit": "Made with Blockbench",
	"ambientocclusion": false,
	"texture_size": [64, 64],
	"textures": {
		"0": "artsbykev_var/textures/stones",
		"particle": "artsbykev_var/textures/stones"
	},
	"elements": [
		{
			"from": [4, 0, 5],
			"to": [13, 2, 15],
			"rotation": {"angle": -22.5, "axis": "y", "origin": [12, 0, 13]},
			"faces": {
				"north": {"uv": [8, 8.75, 10.25, 9.25], "texture": "#0"},
				"east": {"uv": [7.75, 7, 10.25, 7.5], "texture": "#0"},
				"south": {"uv": [4.25, 9, 6.5, 9.5], "texture": "#0"},
				"west": {"uv": [4.25, 8.5, 6.75, 9], "texture": "#0"},
				"up": {"uv": [2.25, 2.5, 0, 0], "texture": "#0"},
				"down": {"uv": [4.5, 2.25, 2.25, 4.75], "texture": "#0"}
			}
		},
		{
			"from": [1.54328, -0.5, 8.2961],
			"to": [9.54328, 1.5, 15.2961],
			"rotation": {"angle": 22.5, "axis": "y", "origin": [3, -0.5, 14]},
			"faces": {
				"north": {"uv": [4.5, 4, 6.5, 4.5], "texture": "#0"},
				"east": {"uv": [4.25, 9.5, 6, 10], "texture": "#0"},
				"south": {"uv": [1.25, 9.25, 3.25, 9.75], "texture": "#0"},
				"west": {"uv": [9.5, 0, 11.25, 0.5], "texture": "#0"},
				"up": {"uv": [6.5, 4, 4.5, 2.25], "texture": "#0"},
				"down": {"uv": [2, 4.75, 0, 6.5], "texture": "#0"}
			}
		},
		{
			"from": [1.06147, -0.60896, 2],
			"to": [6.06147, 3.39104, 10],
			"rotation": {"angle": 22.5, "axis": "z", "origin": [5, 0, 11]},
			"faces": {
				"north": {"uv": [0, 8.5, 1.25, 9.5], "texture": "#0"},
				"east": {"uv": [6.5, 2, 8.5, 3], "texture": "#0"},
				"south": {"uv": [8.5, 2, 9.75, 3], "texture": "#0"},
				"west": {"uv": [6.5, 3, 8.5, 4], "texture": "#0"},
				"up": {"uv": [1.25, 8.5, 0, 6.5], "texture": "#0"},
				"down": {"uv": [7.75, 6.5, 6.5, 8.5], "texture": "#0"}
			}
		},
		{
			"from": [9, 0, 8],
			"to": [16, 4, 16],
			"rotation": {"angle": 0, "axis": "z", "origin": [16, 0, 12]},
			"faces": {
				"north": {"uv": [7.75, 7.75, 9.5, 8.75], "texture": "#0"},
				"east": {"uv": [6.5, 4, 8.5, 5], "texture": "#0"},
				"south": {"uv": [7.75, 6, 9.5, 7], "texture": "#0"},
				"west": {"uv": [6.5, 5, 8.5, 6], "texture": "#0"},
				"up": {"uv": [3.75, 6.75, 2, 4.75], "texture": "#0"},
				"down": {"uv": [8, 0, 6.25, 2], "texture": "#0"}
			}
		},
		{
			"from": [3, -0.75701, -0.16689],
			"to": [8, 3.24299, 5.83311],
			"rotation": {"angle": -22.5, "axis": "x", "origin": [5, 1, 3]},
			"faces": {
				"north": {"uv": [8.5, 3, 9.75, 4], "texture": "#0"},
				"east": {"uv": [8, 0, 9.5, 1], "texture": "#0"},
				"south": {"uv": [8.5, 4, 9.75, 5], "texture": "#0"},
				"west": {"uv": [8, 1, 9.5, 2], "texture": "#0"},
				"up": {"uv": [2.5, 8.25, 1.25, 6.75], "texture": "#0"},
				"down": {"uv": [3.75, 6.75, 2.5, 8.25], "texture": "#0"}
			}
		},
		{
			"from": [7.77791, 0, 0.85614],
			"to": [13.77791, 4, 5.85614],
			"rotation": {"angle": 0, "axis": "y", "origin": [12, 0, 3]},
			"faces": {
				"north": {"uv": [1.25, 8.25, 2.75, 9.25], "texture": "#0"},
				"east": {"uv": [6.75, 8.75, 8, 9.75], "texture": "#0"},
				"south": {"uv": [2.75, 8.25, 4.25, 9.25], "texture": "#0"},
				"west": {"uv": [8.5, 5, 9.75, 6], "texture": "#0"},
				"up": {"uv": [5, 8.25, 3.75, 6.75], "rotation": 270, "texture": "#0"},
				"down": {"uv": [6.25, 6.75, 5, 8.25], "rotation": 90, "texture": "#0"}
			}
		},
		{
			"from": [6.60266, 3, 3.08447],
			"to": [10.60266, 6, 7.08447],
			"rotation": {"angle": 22.5, "axis": "y", "origin": [9, 3, 6]},
			"faces": {
				"north": {"uv": [9.5, 0.5, 10.5, 1.25], "texture": "#0"},
				"east": {"uv": [9.5, 1.25, 10.5, 2], "texture": "#0"},
				"south": {"uv": [9.5, 6, 10.5, 6.75], "texture": "#0"},
				"west": {"uv": [9.5, 7.5, 10.5, 8.25], "texture": "#0"},
				"up": {"uv": [4.25, 10.25, 3.25, 9.25], "texture": "#0"},
				"down": {"uv": [9, 9.25, 8, 10.25], "texture": "#0"}
			}
		},
		{
			"from": [9.06147, 4, 8.39104],
			"to": [13.06147, 6, 12.39104],
			"rotation": {"angle": -22.5, "axis": "y", "origin": [12, 4, 10]},
			"faces": {
				"north": {"uv": [6.5, 6, 7.5, 6.5], "texture": "#0"},
				"east": {"uv": [9.5, 8.25, 10.5, 8.75], "texture": "#0"},
				"south": {"uv": [1, 9.75, 2, 10.25], "texture": "#0"},
				"west": {"uv": [2, 9.75, 3, 10.25], "texture": "#0"},
				"up": {"uv": [10, 10.25, 9, 9.25], "texture": "#0"},
				"down": {"uv": [1, 9.5, 0, 10.5], "texture": "#0"}
			}
		},
		{
			"from": [7, 4, 14],
			"to": [15, 13, 14],
			"rotation": {"angle": -22.5, "axis": "y", "origin": [14, 4, 14]},
			"faces": {
				"north": {"uv": [4.25, 0, 6.25, 2.25], "texture": "#0"},
				"east": {"uv": [0, 0, 0, 2.25], "texture": "#0"},
				"south": {"uv": [4.25, 0, 6.25, 2.25], "texture": "#0"},
				"west": {"uv": [0, 0, 0, 2.25], "texture": "#0"},
				"up": {"uv": [2, 0, 0, 0], "texture": "#0"},
				"down": {"uv": [2, 0, 0, 0], "texture": "#0"}
			}
		},
		{
			"from": [2, 2, 10],
			"to": [10, 11, 10],
			"rotation": {"angle": -22.5, "axis": "y", "origin": [9, 2, 10]},
			"faces": {
				"north": {"uv": [4.5, 4.5, 6.5, 6.75], "texture": "#0"},
				"east": {"uv": [0, 0, 0, 2.25], "texture": "#0"},
				"south": {"uv": [4.5, 4.5, 6.5, 6.75], "texture": "#0"},
				"west": {"uv": [0, 0, 0, 2.25], "texture": "#0"},
				"up": {"uv": [2, 0, 0, 0], "texture": "#0"},
				"down": {"uv": [2, 0, 0, 0], "texture": "#0"}
			}
		},
		{
			"from": [11, 4, 9],
			"to": [11, 13, 17],
			"rotation": {"angle": -22.5, "axis": "y", "origin": [11, 4, 16]},
			"faces": {
				"north": {"uv": [0, 0, 0, 2.25], "texture": "#0"},
				"east": {"uv": [2.25, 0, 4.25, 2.25], "texture": "#0"},
				"south": {"uv": [0, 0, 0, 2.25], "texture": "#0"},
				"west": {"uv": [2.25, 0, 4.25, 2.25], "texture": "#0"},
				"up": {"uv": [0, 2, 0, 0], "texture": "#0"},
				"down": {"uv": [0, 0, 0, 2], "texture": "#0"}
			}
		},
		{
			"from": [5, 2, 4],
			"to": [5, 11, 12],
			"rotation": {"angle": -22.5, "axis": "y", "origin": [5, 2, 11]},
			"faces": {
				"north": {"uv": [0, 0, 0, 2.25], "texture": "#0"},
				"east": {"uv": [0, 2.5, 2, 4.75], "texture": "#0"},
				"south": {"uv": [0, 0, 0, 2.25], "texture": "#0"},
				"west": {"uv": [0, 2.5, 2, 4.75], "texture": "#0"},
				"up": {"uv": [0, 2, 0, 0], "texture": "#0"},
				"down": {"uv": [0, 0, 0, 2], "texture": "#0"}
			}
		}
	]
}