{
	"credit": "Made with Blockbench",
	"ambientocclusion": false,
	"texture_size": [64, 64],
	"textures": {
		"0": "artsbykev_var/textures/stones",
		"particle": "artsbykev_var/textures/stones"
	},
	"elements": [
		{
			"from": [3, 0, 5],
			"to": [12, 2, 15],
			"rotation": {"angle": -22.5, "axis": "y", "origin": [11, 0, 13]},
			"faces": {
				"north": {"uv": [8, 8.75, 10.25, 9.25], "texture": "#0"},
				"east": {"uv": [7.75, 7, 10.25, 7.5], "texture": "#0"},
				"south": {"uv": [4.25, 9, 6.5, 9.5], "texture": "#0"},
				"west": {"uv": [4.25, 8.5, 6.75, 9], "texture": "#0"},
				"up": {"uv": [2.25, 2.5, 0, 0], "texture": "#0"},
				"down": {"uv": [4.5, 2.25, 2.25, 4.75], "texture": "#0"}
			}
		},
		{
			"from": [3.14386, 0, 1.77791],
			"to": [8.14386, 4, 7.77791],
			"rotation": {"angle": 22.5, "axis": "y", "origin": [6, 0, 6]},
			"faces": {
				"north": {"uv": [8.5, 5, 9.75, 6], "texture": "#0"},
				"east": {"uv": [1.25, 8.25, 2.75, 9.25], "texture": "#0"},
				"south": {"uv": [6.75, 8.75, 8, 9.75], "texture": "#0"},
				"west": {"uv": [2.75, 8.25, 4.25, 9.25], "texture": "#0"},
				"up": {"uv": [5, 8.25, 3.75, 6.75], "texture": "#0"},
				"down": {"uv": [6.25, 6.75, 5, 8.25], "texture": "#0"}
			}
		},
		{
			"from": [7.60266, 2.25, 8.08447],
			"to": [11.60266, 5.25, 12.08447],
			"rotation": {"angle": 22.5, "axis": "y", "origin": [10, 2.25, 11]},
			"faces": {
				"north": {"uv": [9.5, 0.5, 10.5, 1.25], "texture": "#0"},
				"east": {"uv": [9.5, 1.25, 10.5, 2], "texture": "#0"},
				"south": {"uv": [9.5, 6, 10.5, 6.75], "texture": "#0"},
				"west": {"uv": [9.5, 7.5, 10.5, 8.25], "texture": "#0"},
				"up": {"uv": [4.25, 10.25, 3.25, 9.25], "texture": "#0"},
				"down": {"uv": [9, 9.25, 8, 10.25], "texture": "#0"}
			}
		},
		{
			"from": [4.06147, 4, 3.39104],
			"to": [8.06147, 6, 7.39104],
			"rotation": {"angle": -22.5, "axis": "y", "origin": [7, 4, 5]},
			"faces": {
				"north": {"uv": [6.5, 6, 7.5, 6.5], "texture": "#0"},
				"east": {"uv": [9.5, 8.25, 10.5, 8.75], "texture": "#0"},
				"south": {"uv": [1, 9.75, 2, 10.25], "texture": "#0"},
				"west": {"uv": [2, 9.75, 3, 10.25], "texture": "#0"},
				"up": {"uv": [10, 10.25, 9, 9.25], "texture": "#0"},
				"down": {"uv": [1, 9.5, 0, 10.5], "texture": "#0"}
			}
		},
		{
			"from": [-1, 0, 14],
			"to": [7, 9, 14],
			"rotation": {"angle": -22.5, "axis": "y", "origin": [6, 0, 14]},
			"faces": {
				"north": {"uv": [4.25, 0, 6.25, 2.25], "texture": "#0"},
				"east": {"uv": [0, 0, 0, 2.25], "texture": "#0"},
				"south": {"uv": [4.25, 0, 6.25, 2.25], "texture": "#0"},
				"west": {"uv": [0, 0, 0, 2.25], "texture": "#0"},
				"up": {"uv": [2, 0, 0, 0], "texture": "#0"},
				"down": {"uv": [2, 0, 0, 0], "texture": "#0"}
			}
		},
		{
			"from": [3, 0, 9],
			"to": [3, 9, 17],
			"rotation": {"angle": -22.5, "axis": "y", "origin": [3, 0, 16]},
			"faces": {
				"north": {"uv": [0, 0, 0, 2.25], "texture": "#0"},
				"east": {"uv": [2.25, 0, 4.25, 2.25], "texture": "#0"},
				"south": {"uv": [0, 0, 0, 2.25], "texture": "#0"},
				"west": {"uv": [2.25, 0, 4.25, 2.25], "texture": "#0"},
				"up": {"uv": [0, 2, 0, 0], "texture": "#0"},
				"down": {"uv": [0, 0, 0, 2], "texture": "#0"}
			}
		}
	]
}