{
	"credit": "Made with Blockbench",
	"ambientocclusion": false,
	"texture_size": [64, 64],
	"textures": {
		"0": "artsbykev_var/textures/stones",
		"particle": "artsbykev_var/textures/stones"
	},
	"elements": [
		{
			"from": [5.14386, 0, 1.77791],
			"to": [10.14386, 4, 7.77791],
			"rotation": {"angle": 22.5, "axis": "y", "origin": [8, 0, 6]},
			"faces": {
				"north": {"uv": [8.5, 5, 9.75, 6], "texture": "#0"},
				"east": {"uv": [1.25, 8.25, 2.75, 9.25], "texture": "#0"},
				"south": {"uv": [6.75, 8.75, 8, 9.75], "texture": "#0"},
				"west": {"uv": [2.75, 8.25, 4.25, 9.25], "texture": "#0"},
				"up": {"uv": [5, 8.25, 3.75, 6.75], "texture": "#0"},
				"down": {"uv": [6.25, 6.75, 5, 8.25], "texture": "#0"}
			}
		},
		{
			"from": [8.91553, 0, 5.60266],
			"to": [12.91553, 3, 9.60266],
			"rotation": {"angle": -22.5, "axis": "y", "origin": [10, 0, 8]},
			"faces": {
				"north": {"uv": [9.5, 7.5, 10.5, 8.25], "texture": "#0"},
				"east": {"uv": [9.5, 0.5, 10.5, 1.25], "texture": "#0"},
				"south": {"uv": [9.5, 1.25, 10.5, 2], "texture": "#0"},
				"west": {"uv": [9.5, 6, 10.5, 6.75], "texture": "#0"},
				"up": {"uv": [4.25, 10.25, 3.25, 9.25], "rotation": 90, "texture": "#0"},
				"down": {"uv": [9, 9.25, 8, 10.25], "rotation": 270, "texture": "#0"}
			}
		},
		{
			"from": [2.06147, -0.5, 11.39104],
			"to": [6.06147, 1.5, 15.39104],
			"rotation": {"angle": -22.5, "axis": "y", "origin": [5, -0.5, 13]},
			"faces": {
				"north": {"uv": [6.5, 6, 7.5, 6.5], "texture": "#0"},
				"east": {"uv": [9.5, 8.25, 10.5, 8.75], "texture": "#0"},
				"south": {"uv": [1, 9.75, 2, 10.25], "texture": "#0"},
				"west": {"uv": [2, 9.75, 3, 10.25], "texture": "#0"},
				"up": {"uv": [10, 10.25, 9, 9.25], "texture": "#0"},
				"down": {"uv": [1, 9.5, 0, 10.5], "texture": "#0"}
			}
		}
	]
}