{
	"credit": "Made with Blockbench",
	"ambientocclusion": false,
	"texture_size": [64, 64],
	"textures": {
		"0": "artsbykev_var/textures/stones",
		"particle": "artsbykev_var/textures/stones"
	},
	"elements": [
		{
			"from": [7.54328, 0, 8.2961],
			"to": [15.54328, 2, 15.2961],
			"rotation": {"angle": 22.5, "axis": "y", "origin": [9, 0, 14]},
			"faces": {
				"north": {"uv": [4.5, 4, 6.5, 4.5], "texture": "#0"},
				"east": {"uv": [4.25, 9.5, 6, 10], "texture": "#0"},
				"south": {"uv": [1.25, 9.25, 3.25, 9.75], "texture": "#0"},
				"west": {"uv": [9.5, 0, 11.25, 0.5], "texture": "#0"},
				"up": {"uv": [6.5, 4, 4.5, 2.25], "texture": "#0"},
				"down": {"uv": [2, 4.75, 0, 6.5], "texture": "#0"}
			}
		},
		{
			"from": [1.06147, -0.60896, 4],
			"to": [6.06147, 3.39104, 12],
			"rotation": {"angle": 22.5, "axis": "z", "origin": [5, 0, 13]},
			"faces": {
				"north": {"uv": [0, 8.5, 1.25, 9.5], "texture": "#0"},
				"east": {"uv": [6.5, 2, 8.5, 3], "texture": "#0"},
				"south": {"uv": [8.5, 2, 9.75, 3], "texture": "#0"},
				"west": {"uv": [6.5, 3, 8.5, 4], "texture": "#0"},
				"up": {"uv": [1.25, 8.5, 0, 6.5], "texture": "#0"},
				"down": {"uv": [7.75, 6.5, 6.5, 8.5], "texture": "#0"}
			}
		},
		{
			"from": [5, 0, 7],
			"to": [12, 4, 15],
			"rotation": {"angle": 0, "axis": "z", "origin": [12, 0, 11]},
			"faces": {
				"north": {"uv": [7.75, 7.75, 9.5, 8.75], "texture": "#0"},
				"east": {"uv": [6.5, 4, 8.5, 5], "texture": "#0"},
				"south": {"uv": [7.75, 6, 9.5, 7], "texture": "#0"},
				"west": {"uv": [6.5, 5, 8.5, 6], "texture": "#0"},
				"up": {"uv": [3.75, 6.75, 2, 4.75], "texture": "#0"},
				"down": {"uv": [8, 0, 6.25, 2], "texture": "#0"}
			}
		},
		{
			"from": [4, -1.75701, 0.83311],
			"to": [9, 2.24299, 6.83311],
			"rotation": {"angle": -22.5, "axis": "x", "origin": [6, 0, 4]},
			"faces": {
				"north": {"uv": [8.5, 3, 9.75, 4], "texture": "#0"},
				"east": {"uv": [8, 0, 9.5, 1], "texture": "#0"},
				"south": {"uv": [8.5, 4, 9.75, 5], "texture": "#0"},
				"west": {"uv": [8, 1, 9.5, 2], "texture": "#0"},
				"up": {"uv": [2.5, 8.25, 1.25, 6.75], "texture": "#0"},
				"down": {"uv": [3.75, 6.75, 2.5, 8.25], "texture": "#0"}
			}
		},
		{
			"from": [9.60266, 0, 3.08447],
			"to": [13.60266, 3, 7.08447],
			"rotation": {"angle": -22.5, "axis": "y", "origin": [12, 0, 6]},
			"faces": {
				"north": {"uv": [9.5, 0.5, 10.5, 1.25], "texture": "#0"},
				"east": {"uv": [9.5, 1.25, 10.5, 2], "texture": "#0"},
				"south": {"uv": [9.5, 6, 10.5, 6.75], "texture": "#0"},
				"west": {"uv": [9.5, 7.5, 10.5, 8.25], "texture": "#0"},
				"up": {"uv": [4.25, 10.25, 3.25, 9.25], "texture": "#0"},
				"down": {"uv": [9, 9.25, 8, 10.25], "texture": "#0"}
			}
		},
		{
			"from": [8, 2, 12],
			"to": [16, 11, 12],
			"rotation": {"angle": -22.5, "axis": "y", "origin": [15, 2, 12]},
			"faces": {
				"north": {"uv": [4.25, 0, 6.25, 2.25], "texture": "#0"},
				"east": {"uv": [0, 0, 0, 2.25], "texture": "#0"},
				"south": {"uv": [4.25, 0, 6.25, 2.25], "texture": "#0"},
				"west": {"uv": [0, 0, 0, 2.25], "texture": "#0"},
				"up": {"uv": [2, 0, 0, 0], "texture": "#0"},
				"down": {"uv": [2, 0, 0, 0], "texture": "#0"}
			}
		},
		{
			"from": [2, 1, 8],
			"to": [10, 10, 8],
			"rotation": {"angle": -22.5, "axis": "y", "origin": [9, 1, 8]},
			"faces": {
				"north": {"uv": [4.5, 4.5, 6.5, 6.75], "texture": "#0"},
				"east": {"uv": [0, 0, 0, 2.25], "texture": "#0"},
				"south": {"uv": [4.5, 4.5, 6.5, 6.75], "texture": "#0"},
				"west": {"uv": [0, 0, 0, 2.25], "texture": "#0"},
				"up": {"uv": [2, 0, 0, 0], "texture": "#0"},
				"down": {"uv": [2, 0, 0, 0], "texture": "#0"}
			}
		},
		{
			"from": [12, 2, 7],
			"to": [12, 11, 15],
			"rotation": {"angle": -22.5, "axis": "y", "origin": [12, 2, 14]},
			"faces": {
				"north": {"uv": [0, 0, 0, 2.25], "texture": "#0"},
				"east": {"uv": [2.25, 0, 4.25, 2.25], "texture": "#0"},
				"south": {"uv": [0, 0, 0, 2.25], "texture": "#0"},
				"west": {"uv": [2.25, 0, 4.25, 2.25], "texture": "#0"},
				"up": {"uv": [0, 2, 0, 0], "texture": "#0"},
				"down": {"uv": [0, 0, 0, 2], "texture": "#0"}
			}
		},
		{
			"from": [5, 1, 2],
			"to": [5, 10, 10],
			"rotation": {"angle": -22.5, "axis": "y", "origin": [5, 1, 9]},
			"faces": {
				"north": {"uv": [0, 0, 0, 2.25], "texture": "#0"},
				"east": {"uv": [0, 2.5, 2, 4.75], "texture": "#0"},
				"south": {"uv": [0, 0, 0, 2.25], "texture": "#0"},
				"west": {"uv": [0, 2.5, 2, 4.75], "texture": "#0"},
				"up": {"uv": [0, 2, 0, 0], "texture": "#0"},
				"down": {"uv": [0, 0, 0, 2], "texture": "#0"}
			}
		}
	]
}