{
	"credit": "Made with Blockbench",
	"ambientocclusion": false,
	"texture_size": [64, 64],
	"textures": {
		"0": "artsbykev_var/textures/stones",
		"particle": "artsbykev_var/textures/stones"
	},
	"elements": [
		{
			"from": [4.54328, 0, 3.2961],
			"to": [12.54328, 2, 10.2961],
			"rotation": {"angle": 22.5, "axis": "y", "origin": [6, 0, 9]},
			"faces": {
				"north": {"uv": [4.5, 4, 6.5, 4.5], "texture": "#0"},
				"east": {"uv": [4.25, 9.5, 6, 10], "texture": "#0"},
				"south": {"uv": [1.25, 9.25, 3.25, 9.75], "texture": "#0"},
				"west": {"uv": [9.5, 0, 11.25, 0.5], "texture": "#0"},
				"up": {"uv": [6.5, 4, 4.5, 2.25], "texture": "#0"},
				"down": {"uv": [2, 4.75, 0, 6.5], "texture": "#0"}
			}
		},
		{
			"from": [0, 0, 6],
			"to": [7, 4, 14],
			"rotation": {"angle": 0, "axis": "z", "origin": [7, 0, 10]},
			"faces": {
				"north": {"uv": [7.75, 7.75, 9.5, 8.75], "texture": "#0"},
				"east": {"uv": [6.5, 4, 8.5, 5], "texture": "#0"},
				"south": {"uv": [7.75, 6, 9.5, 7], "texture": "#0"},
				"west": {"uv": [6.5, 5, 8.5, 6], "texture": "#0"},
				"up": {"uv": [3.75, 6.75, 2, 4.75], "texture": "#0"},
				"down": {"uv": [8, 0, 6.25, 2], "texture": "#0"}
			}
		},
		{
			"from": [9, -1.75701, 7.83311],
			"to": [14, 2.24299, 13.83311],
			"rotation": {"angle": -22.5, "axis": "x", "origin": [11, 0, 11]},
			"faces": {
				"north": {"uv": [8.5, 3, 9.75, 4], "texture": "#0"},
				"east": {"uv": [8, 0, 9.5, 1], "texture": "#0"},
				"south": {"uv": [8.5, 4, 9.75, 5], "texture": "#0"},
				"west": {"uv": [8, 1, 9.5, 2], "texture": "#0"},
				"up": {"uv": [2.5, 8.25, 1.25, 6.75], "texture": "#0"},
				"down": {"uv": [3.75, 6.75, 2.5, 8.25], "texture": "#0"}
			}
		},
		{
			"from": [9.60266, 0, 2.08447],
			"to": [13.60266, 3, 6.08447],
			"rotation": {"angle": -22.5, "axis": "y", "origin": [12, 0, 5]},
			"faces": {
				"north": {"uv": [9.5, 0.5, 10.5, 1.25], "texture": "#0"},
				"east": {"uv": [9.5, 1.25, 10.5, 2], "texture": "#0"},
				"south": {"uv": [9.5, 6, 10.5, 6.75], "texture": "#0"},
				"west": {"uv": [9.5, 7.5, 10.5, 8.25], "texture": "#0"},
				"up": {"uv": [4.25, 10.25, 3.25, 9.25], "texture": "#0"},
				"down": {"uv": [9, 9.25, 8, 10.25], "texture": "#0"}
			}
		},
		{
			"from": [4, 2, 10],
			"to": [12, 11, 10],
			"rotation": {"angle": -22.5, "axis": "y", "origin": [11, 2, 10]},
			"faces": {
				"north": {"uv": [4.25, 0, 6.25, 2.25], "texture": "#0"},
				"east": {"uv": [0, 0, 0, 2.25], "texture": "#0"},
				"south": {"uv": [4.25, 0, 6.25, 2.25], "texture": "#0"},
				"west": {"uv": [0, 0, 0, 2.25], "texture": "#0"},
				"up": {"uv": [2, 0, 0, 0], "texture": "#0"},
				"down": {"uv": [2, 0, 0, 0], "texture": "#0"}
			}
		},
		{
			"from": [8, 2, 5],
			"to": [8, 11, 13],
			"rotation": {"angle": -22.5, "axis": "y", "origin": [8, 2, 12]},
			"faces": {
				"north": {"uv": [0, 0, 0, 2.25], "texture": "#0"},
				"east": {"uv": [2.25, 0, 4.25, 2.25], "texture": "#0"},
				"south": {"uv": [0, 0, 0, 2.25], "texture": "#0"},
				"west": {"uv": [2.25, 0, 4.25, 2.25], "texture": "#0"},
				"up": {"uv": [0, 2, 0, 0], "texture": "#0"},
				"down": {"uv": [0, 0, 0, 2], "texture": "#0"}
			}
		}
	]
}