{
	"credit": "Made with Blockbench",
	"ambientocclusion": false,
	"texture_size": [64, 64],
	"textures": {
		"0": "artsbykev_var/textures/stones",
		"particle": "artsbykev_var/textures/stones"
	},
	"elements": [
		{
			"from": [2.54328, 0, 8.2961],
			"to": [10.54328, 2, 15.2961],
			"rotation": {"angle": 22.5, "axis": "y", "origin": [4, 0, 14]},
			"faces": {
				"north": {"uv": [4.5, 4, 6.5, 4.5], "texture": "#0"},
				"east": {"uv": [4.25, 9.5, 6, 10], "texture": "#0"},
				"south": {"uv": [1.25, 9.25, 3.25, 9.75], "texture": "#0"},
				"west": {"uv": [9.5, 0, 11.25, 0.5], "texture": "#0"},
				"up": {"uv": [6.5, 4, 4.5, 2.25], "texture": "#0"},
				"down": {"uv": [2, 4.75, 0, 6.5], "texture": "#0"}
			}
		},
		{
			"from": [9, -2.75701, 0.83311],
			"to": [14, 1.24299, 6.83311],
			"rotation": {"angle": -22.5, "axis": "x", "origin": [11, -1, 4]},
			"faces": {
				"north": {"uv": [8.5, 3, 9.75, 4], "texture": "#0"},
				"east": {"uv": [8, 0, 9.5, 1], "texture": "#0"},
				"south": {"uv": [8.5, 4, 9.75, 5], "texture": "#0"},
				"west": {"uv": [8, 1, 9.5, 2], "texture": "#0"},
				"up": {"uv": [2.5, 8.25, 1.25, 6.75], "texture": "#0"},
				"down": {"uv": [3.75, 6.75, 2.5, 8.25], "texture": "#0"}
			}
		},
		{
			"from": [3.14386, 0, 1.77791],
			"to": [8.14386, 4, 7.77791],
			"rotation": {"angle": -22.5, "axis": "y", "origin": [6, 0, 6]},
			"faces": {
				"north": {"uv": [8.5, 5, 9.75, 6], "texture": "#0"},
				"east": {"uv": [1.25, 8.25, 2.75, 9.25], "texture": "#0"},
				"south": {"uv": [6.75, 8.75, 8, 9.75], "texture": "#0"},
				"west": {"uv": [2.75, 8.25, 4.25, 9.25], "texture": "#0"},
				"up": {"uv": [5, 8.25, 3.75, 6.75], "texture": "#0"},
				"down": {"uv": [6.25, 6.75, 5, 8.25], "texture": "#0"}
			}
		},
		{
			"from": [10.60266, 0, 5.08447],
			"to": [14.60266, 3, 9.08447],
			"rotation": {"angle": -22.5, "axis": "y", "origin": [13, 0, 8]},
			"faces": {
				"north": {"uv": [9.5, 0.5, 10.5, 1.25], "texture": "#0"},
				"east": {"uv": [9.5, 1.25, 10.5, 2], "texture": "#0"},
				"south": {"uv": [9.5, 6, 10.5, 6.75], "texture": "#0"},
				"west": {"uv": [9.5, 7.5, 10.5, 8.25], "texture": "#0"},
				"up": {"uv": [4.25, 10.25, 3.25, 9.25], "texture": "#0"},
				"down": {"uv": [9, 9.25, 8, 10.25], "texture": "#0"}
			}
		},
		{
			"from": [7.06147, -0.5, 11.39104],
			"to": [11.06147, 1.5, 15.39104],
			"rotation": {"angle": -22.5, "axis": "y", "origin": [10, -0.5, 13]},
			"faces": {
				"north": {"uv": [6.5, 6, 7.5, 6.5], "texture": "#0"},
				"east": {"uv": [9.5, 8.25, 10.5, 8.75], "texture": "#0"},
				"south": {"uv": [1, 9.75, 2, 10.25], "texture": "#0"},
				"west": {"uv": [2, 9.75, 3, 10.25], "texture": "#0"},
				"up": {"uv": [10, 10.25, 9, 9.25], "texture": "#0"},
				"down": {"uv": [1, 9.5, 0, 10.5], "texture": "#0"}
			}
		},
		{
			"from": [8, 0, 12],
			"to": [16, 9, 12],
			"rotation": {"angle": -22.5, "axis": "y", "origin": [15, 0, 12]},
			"faces": {
				"north": {"uv": [4.5, 4.5, 6.5, 6.75], "texture": "#0"},
				"east": {"uv": [0, 0, 0, 2.25], "texture": "#0"},
				"south": {"uv": [4.5, 4.5, 6.5, 6.75], "texture": "#0"},
				"west": {"uv": [0, 0, 0, 2.25], "texture": "#0"},
				"up": {"uv": [2, 0, 0, 0], "texture": "#0"},
				"down": {"uv": [2, 0, 0, 0], "texture": "#0"}
			}
		},
		{
			"from": [11, 0, 6],
			"to": [11, 9, 14],
			"rotation": {"angle": -22.5, "axis": "y", "origin": [11, 0, 13]},
			"faces": {
				"north": {"uv": [0, 0, 0, 2.25], "texture": "#0"},
				"east": {"uv": [0, 2.5, 2, 4.75], "texture": "#0"},
				"south": {"uv": [0, 0, 0, 2.25], "texture": "#0"},
				"west": {"uv": [0, 2.5, 2, 4.75], "texture": "#0"},
				"up": {"uv": [0, 2, 0, 0], "texture": "#0"},
				"down": {"uv": [0, 0, 0, 2], "texture": "#0"}
			}
		}
	]
}