{
	"credit": "Designed by Kevin *ArtsByKev* www.youtube.com/c/artsbykev , www.twitter.com/artsbykev, Made with Blockbench",
	"ambientocclusion": false,
	"texture_size": [32, 32],
	"textures": {
		"0": "artsbykev_var/textures/swamp_struct",
		"particle": "artsbykev_var/textures/swamp_struct"
	},
	"elements": [
		{
			"from": [7, 0.25, -3],
			"to": [17, 6.25, 11],
			"rotation": {"angle": 0, "axis": "y", "origin": [12, 8.25, 4]},
			"faces": {
				"north": {"uv": [9.5, 13, 14.5, 16], "texture": "#0"},
				"east": {"uv": [0, 0, 7, 3], "texture": "#0"},
				"south": {"uv": [1.5, 13, 6.5, 16], "texture": "#0"},
				"west": {"uv": [0, 0, 7, 3], "texture": "#0"},
				"up": {"uv": [0, 0, 5, 7], "texture": "#0"},
				"down": {"uv": [0, 0, 5, 7], "texture": "#0"}
			}
		},
		{
			"from": [-5, 0.25, 6],
			"to": [5, 6.25, 15],
			"rotation": {"angle": 0, "axis": "y", "origin": [0, 8.25, 13]},
			"faces": {
				"north": {"uv": [9.5, 13, 14.5, 16], "texture": "#0"},
				"east": {"uv": [0, 0, 4.5, 3], "texture": "#0"},
				"south": {"uv": [1.5, 13, 6.5, 16], "texture": "#0"},
				"west": {"uv": [0, 0, 4.5, 3], "texture": "#0"},
				"up": {"uv": [0, 0, 5, 4.5], "texture": "#0"},
				"down": {"uv": [0, 0, 5, 4.5], "texture": "#0"}
			}
		},
		{
			"from": [9, 6.25, -1],
			"to": [15, 12.25, 9],
			"rotation": {"angle": 0, "axis": "y", "origin": [12, 14.25, 4]},
			"faces": {
				"north": {"uv": [0, 0, 3, 3], "texture": "#0"},
				"east": {"uv": [0, 0, 5, 3], "texture": "#0"},
				"south": {"uv": [2.5, 10, 5.5, 13], "texture": "#0"},
				"west": {"uv": [0, 0, 5, 3], "texture": "#0"},
				"up": {"uv": [0, 0, 3, 5], "texture": "#0"},
				"down": {"uv": [0, 0, 3, 5], "texture": "#0"}
			}
		},
		{
			"from": [-4, 6.25, 7],
			"to": [2, 12.25, 14],
			"rotation": {"angle": 0, "axis": "y", "origin": [-1, 14.25, 12]},
			"faces": {
				"north": {"uv": [0, 0, 3, 3], "texture": "#0"},
				"east": {"uv": [0, 0, 3.5, 3], "texture": "#0"},
				"south": {"uv": [2.5, 10, 5.5, 13], "texture": "#0"},
				"west": {"uv": [0, 0, 3.5, 3], "texture": "#0"},
				"up": {"uv": [0, 0, 3, 3.5], "texture": "#0"},
				"down": {"uv": [0, 0, 3, 5], "texture": "#0"}
			}
		},
		{
			"from": [9, 12.25, 1],
			"to": [15, 18.25, 7],
			"rotation": {"angle": 0, "axis": "y", "origin": [12, 20.25, 2]},
			"faces": {
				"north": {"uv": [0, 0, 3, 3], "texture": "#0"},
				"east": {"uv": [10.5, 7, 13.5, 10], "texture": "#0"},
				"south": {"uv": [2.5, 7, 5.5, 10], "texture": "#0"},
				"west": {"uv": [10, 10, 13, 13], "texture": "#0"},
				"up": {"uv": [0, 0, 3, 3], "texture": "#0"},
				"down": {"uv": [0, 0, 3, 3], "texture": "#0"}
			}
		},
		{
			"from": [-3, 12.25, 8],
			"to": [2, 14.25, 12],
			"rotation": {"angle": 0, "axis": "y", "origin": [-1, 20.25, 9]},
			"faces": {
				"north": {"uv": [0, 0, 2.5, 1], "texture": "#0"},
				"east": {"uv": [10.5, 7, 12.5, 8], "texture": "#0"},
				"south": {"uv": [2.5, 7, 5, 8], "texture": "#0"},
				"west": {"uv": [10, 10, 12, 11], "texture": "#0"},
				"up": {"uv": [0, 0, 2.5, 2], "texture": "#0"},
				"down": {"uv": [0, 0, 3, 3], "texture": "#0"}
			}
		},
		{
			"from": [10, 18.25, 2],
			"to": [13, 23.25, 6],
			"rotation": {"angle": 0, "axis": "y", "origin": [12, 26.25, 2]},
			"faces": {
				"north": {"uv": [0, 0, 1.5, 2.5], "texture": "#0"},
				"east": {"uv": [0, 0, 2, 2.5], "texture": "#0"},
				"south": {"uv": [0, 0, 1.5, 2.5], "texture": "#0"},
				"west": {"uv": [0, 0, 2, 2.5], "texture": "#0"},
				"up": {"uv": [0, 0, 1.5, 2], "texture": "#0"},
				"down": {"uv": [0, 0, 1.5, 2], "texture": "#0"}
			}
		},
		{
			"from": [-2, 14.25, 8],
			"to": [1, 19.25, 12],
			"rotation": {"angle": 0, "axis": "y", "origin": [0, 22.25, 8]},
			"faces": {
				"north": {"uv": [0, 0, 1.5, 2.5], "texture": "#0"},
				"east": {"uv": [0, 0, 2, 2.5], "texture": "#0"},
				"south": {"uv": [0, 0, 1.5, 2.5], "texture": "#0"},
				"west": {"uv": [0, 0, 2, 2.5], "texture": "#0"},
				"up": {"uv": [0, 0, 1.5, 2], "texture": "#0"},
				"down": {"uv": [0, 0, 1.5, 2], "texture": "#0"}
			}
		},
		{
			"from": [7, -5.75, -2],
			"to": [17, 0.25, 10],
			"rotation": {"angle": 0, "axis": "y", "origin": [12, 2.25, 4]},
			"faces": {
				"north": {"uv": [0, 13, 5, 16], "texture": "#0"},
				"east": {"uv": [0, 0, 6, 3], "texture": "#0"},
				"south": {"uv": [0, 0, 5, 3], "texture": "#0"},
				"west": {"uv": [0, 0, 6, 3], "texture": "#0"},
				"up": {"uv": [0, 0, 5, 6], "texture": "#0"},
				"down": {"uv": [0, 0, 5, 6], "texture": "#0"}
			}
		},
		{
			"from": [-4, -5.75, 5],
			"to": [7, 0.25, 14],
			"rotation": {"angle": 0, "axis": "y", "origin": [2, 2.25, 8]},
			"faces": {
				"north": {"uv": [0, 13, 5.5, 16], "texture": "#0"},
				"east": {"uv": [0, 0, 4.5, 3], "texture": "#0"},
				"south": {"uv": [0, 0, 5.5, 3], "texture": "#0"},
				"west": {"uv": [0, 0, 4.5, 3], "texture": "#0"},
				"up": {"uv": [0, 0, 5.5, 4.5], "texture": "#0"},
				"down": {"uv": [0, 0, 5.5, 4.5], "texture": "#0"}
			}
		},
		{
			"from": [17, 0.25, -1],
			"to": [19, 6.25, 9],
			"rotation": {"angle": 0, "axis": "y", "origin": [14, 8.25, 4]},
			"faces": {
				"north": {"uv": [0, 0, 1, 3], "texture": "#0"},
				"east": {"uv": [9.5, 13, 14.5, 16], "texture": "#0"},
				"south": {"uv": [0, 0, 1, 3], "texture": "#0"},
				"west": {"uv": [0, 0, 5, 3], "texture": "#0"},
				"up": {"uv": [0, 0, 1, 5], "texture": "#0"},
				"down": {"uv": [0, 0, 1, 5], "texture": "#0"}
			}
		},
		{
			"from": [5, 0.25, -1],
			"to": [7, 6.25, 9],
			"rotation": {"angle": 0, "axis": "y", "origin": [2, 8.25, 4]},
			"faces": {
				"north": {"uv": [0, 0, 1, 3], "texture": "#0"},
				"east": {"uv": [0, 0, 5, 3], "texture": "#0"},
				"south": {"uv": [0, 0, 1, 3], "texture": "#0"},
				"west": {"uv": [1.5, 13, 6.5, 16], "texture": "#0"},
				"up": {"uv": [0, 0, 1, 5], "texture": "#0"},
				"down": {"uv": [0, 0, 1, 5], "texture": "#0"}
			}
		},
		{
			"from": [7, 6.25, 1],
			"to": [9, 12.25, 6],
			"rotation": {"angle": 0, "axis": "y", "origin": [4, 14.25, 4]},
			"faces": {
				"north": {"uv": [0, 0, 1, 3], "texture": "#0"},
				"east": {"uv": [0, 0, 2.5, 3], "texture": "#0"},
				"south": {"uv": [0, 0, 1, 3], "texture": "#0"},
				"west": {"uv": [0, 0, 2.5, 3], "texture": "#0"},
				"up": {"uv": [0, 0, 1, 2.5], "texture": "#0"},
				"down": {"uv": [0, 0, 1, 2.5], "texture": "#0"}
			}
		},
		{
			"from": [15, 6.25, 2],
			"to": [17, 12.25, 7],
			"rotation": {"angle": 0, "axis": "y", "origin": [12, 14.25, 5]},
			"faces": {
				"north": {"uv": [0, 0, 1, 3], "texture": "#0"},
				"east": {"uv": [0, 0, 2.5, 3], "texture": "#0"},
				"south": {"uv": [5.5, 10, 6.5, 13], "texture": "#0"},
				"west": {"uv": [0, 0, 2.5, 3], "texture": "#0"},
				"up": {"uv": [0, 0, 1, 2.5], "texture": "#0"},
				"down": {"uv": [0, 0, 1, 2.5], "texture": "#0"}
			}
		},
		{
			"from": [2, 6.25, 8],
			"to": [4, 12.25, 13],
			"rotation": {"angle": 0, "axis": "y", "origin": [-1, 14.25, 11]},
			"faces": {
				"north": {"uv": [0, 0, 1, 3], "texture": "#0"},
				"east": {"uv": [0, 0, 2.5, 3], "texture": "#0"},
				"south": {"uv": [5.5, 10, 6.5, 13], "texture": "#0"},
				"west": {"uv": [0, 0, 2.5, 3], "texture": "#0"},
				"up": {"uv": [0, 0, 1, 2.5], "texture": "#0"},
				"down": {"uv": [0, 0, 1, 2.5], "texture": "#0"}
			}
		},
		{
			"from": [17, -5.75, -1],
			"to": [18, 0.25, 8],
			"rotation": {"angle": 0, "axis": "y", "origin": [14, 2.25, 4]},
			"faces": {
				"north": {"uv": [0, 0, 0.5, 3], "texture": "#0"},
				"east": {"uv": [0, 0, 4.5, 3], "texture": "#0"},
				"south": {"uv": [0, 0, 0.5, 3], "texture": "#0"},
				"west": {"uv": [0, 0, 4.5, 3], "texture": "#0"},
				"up": {"uv": [0, 0, 0.5, 4.5], "texture": "#0"},
				"down": {"uv": [0, 0, 0.5, 4.5], "texture": "#0"}
			}
		},
		{
			"from": [17, -5.75, -1],
			"to": [18, 0.25, 8],
			"rotation": {"angle": 0, "axis": "y", "origin": [14, 2.25, 4]},
			"faces": {
				"north": {"uv": [0, 0, 0.5, 3], "texture": "#0"},
				"east": {"uv": [0, 0, 4.5, 3], "texture": "#0"},
				"south": {"uv": [0, 0, 0.5, 3], "texture": "#0"},
				"west": {"uv": [0, 0, 4.5, 3], "texture": "#0"},
				"up": {"uv": [0, 0, 0.5, 4.5], "texture": "#0"},
				"down": {"uv": [6.5, 10, 7, 14.5], "texture": "#0"}
			}
		}
	]
}