{
	"credit": "Designed by Kevin *ArtsByKev* www.youtube.com/c/artsbykev , www.twitter.com/artsbykev, Made with Blockbench",
	"ambientocclusion": false,
	"texture_size": [32, 32],
	"textures": {
		"0": "artsbykev_var/textures/swamp_struct",
		"particle": "artsbykev_var/textures/swamp_struct"
	},
	"elements": [
		{
			"from": [4, 2.25, 4],
			"to": [14, 8.25, 18],
			"rotation": {"angle": 0, "axis": "y", "origin": [9, 10.25, 11]},
			"faces": {
				"north": {"uv": [9.5, 13, 14.5, 16], "texture": "#0"},
				"east": {"uv": [0, 0, 7, 3], "texture": "#0"},
				"south": {"uv": [1.5, 13, 6.5, 16], "texture": "#0"},
				"west": {"uv": [0, 0, 7, 3], "texture": "#0"},
				"up": {"uv": [0, 0, 5, 7], "texture": "#0"},
				"down": {"uv": [0, 0, 5, 7], "texture": "#0"}
			}
		},
		{
			"from": [-5, 3.25, 0],
			"to": [5, 9.25, 9],
			"rotation": {"angle": 0, "axis": "y", "origin": [0, 11.25, 7]},
			"faces": {
				"north": {"uv": [9.5, 13, 14.5, 16], "texture": "#0"},
				"east": {"uv": [0, 0, 4.5, 3], "texture": "#0"},
				"south": {"uv": [1.5, 13, 6.5, 16], "texture": "#0"},
				"west": {"uv": [0, 0, 4.5, 3], "texture": "#0"},
				"up": {"uv": [0, 0, 5, 4.5], "texture": "#0"},
				"down": {"uv": [0, 0, 5, 4.5], "texture": "#0"}
			}
		},
		{
			"from": [6, 8.25, 6],
			"to": [12, 14.25, 16],
			"rotation": {"angle": 0, "axis": "y", "origin": [9, 16.25, 11]},
			"faces": {
				"north": {"uv": [0, 0, 3, 3], "texture": "#0"},
				"east": {"uv": [0, 0, 5, 3], "texture": "#0"},
				"south": {"uv": [2.5, 10, 5.5, 13], "texture": "#0"},
				"west": {"uv": [0, 0, 5, 3], "texture": "#0"},
				"up": {"uv": [0, 0, 3, 5], "texture": "#0"},
				"down": {"uv": [0, 0, 3, 5], "texture": "#0"}
			}
		},
		{
			"from": [-4, 9.25, 1],
			"to": [2, 15.25, 8],
			"rotation": {"angle": 0, "axis": "y", "origin": [-1, 17.25, 6]},
			"faces": {
				"north": {"uv": [0, 0, 3, 3], "texture": "#0"},
				"east": {"uv": [0, 0, 3.5, 3], "texture": "#0"},
				"south": {"uv": [2.5, 10, 5.5, 13], "texture": "#0"},
				"west": {"uv": [0, 0, 3.5, 3], "texture": "#0"},
				"up": {"uv": [0, 0, 3, 3.5], "texture": "#0"},
				"down": {"uv": [0, 0, 3, 5], "texture": "#0"}
			}
		},
		{
			"from": [6, 14.25, 8],
			"to": [12, 20.25, 14],
			"rotation": {"angle": 0, "axis": "y", "origin": [9, 22.25, 9]},
			"faces": {
				"north": {"uv": [0, 0, 3, 3], "texture": "#0"},
				"east": {"uv": [10.5, 7, 13.5, 10], "texture": "#0"},
				"south": {"uv": [2.5, 7, 5.5, 10], "texture": "#0"},
				"west": {"uv": [10, 10, 13, 13], "texture": "#0"},
				"up": {"uv": [0, 0, 3, 3], "texture": "#0"},
				"down": {"uv": [0, 0, 3, 3], "texture": "#0"}
			}
		},
		{
			"from": [-3, 15.25, 2],
			"to": [2, 17.25, 6],
			"rotation": {"angle": 0, "axis": "y", "origin": [-1, 23.25, 3]},
			"faces": {
				"north": {"uv": [0, 0, 2.5, 1], "texture": "#0"},
				"east": {"uv": [10.5, 7, 12.5, 8], "texture": "#0"},
				"south": {"uv": [2.5, 7, 5, 8], "texture": "#0"},
				"west": {"uv": [10, 10, 12, 11], "texture": "#0"},
				"up": {"uv": [0, 0, 2.5, 2], "texture": "#0"},
				"down": {"uv": [0, 0, 3, 3], "texture": "#0"}
			}
		},
		{
			"from": [7, 20.25, 9],
			"to": [10, 25.25, 13],
			"rotation": {"angle": 0, "axis": "y", "origin": [9, 28.25, 9]},
			"faces": {
				"north": {"uv": [0, 0, 1.5, 2.5], "texture": "#0"},
				"east": {"uv": [0, 0, 2, 2.5], "texture": "#0"},
				"south": {"uv": [0, 0, 1.5, 2.5], "texture": "#0"},
				"west": {"uv": [0, 0, 2, 2.5], "texture": "#0"},
				"up": {"uv": [0, 0, 1.5, 2], "texture": "#0"},
				"down": {"uv": [0, 0, 1.5, 2], "texture": "#0"}
			}
		},
		{
			"from": [-2, 17.25, 2],
			"to": [1, 22.25, 6],
			"rotation": {"angle": 0, "axis": "y", "origin": [0, 25.25, 2]},
			"faces": {
				"north": {"uv": [0, 0, 1.5, 2.5], "texture": "#0"},
				"east": {"uv": [0, 0, 2, 2.5], "texture": "#0"},
				"south": {"uv": [0, 0, 1.5, 2.5], "texture": "#0"},
				"west": {"uv": [0, 0, 2, 2.5], "texture": "#0"},
				"up": {"uv": [0, 0, 1.5, 2], "texture": "#0"},
				"down": {"uv": [0, 0, 1.5, 2], "texture": "#0"}
			}
		},
		{
			"from": [3, -3.75, 5],
			"to": [13, 2.25, 17],
			"rotation": {"angle": 0, "axis": "y", "origin": [8, 4.25, 11]},
			"faces": {
				"north": {"uv": [0, 13, 5, 16], "texture": "#0"},
				"east": {"uv": [0, 0, 6, 3], "texture": "#0"},
				"south": {"uv": [0, 0, 5, 3], "texture": "#0"},
				"west": {"uv": [0, 0, 6, 3], "texture": "#0"},
				"up": {"uv": [0, 0, 5, 6], "texture": "#0"},
				"down": {"uv": [0, 0, 5, 6], "texture": "#0"}
			}
		},
		{
			"from": [-4, -2.75, -1],
			"to": [7, 3.25, 8],
			"rotation": {"angle": 0, "axis": "y", "origin": [2, 5.25, 2]},
			"faces": {
				"north": {"uv": [0, 13, 5.5, 16], "texture": "#0"},
				"east": {"uv": [0, 0, 4.5, 3], "texture": "#0"},
				"south": {"uv": [0, 0, 5.5, 3], "texture": "#0"},
				"west": {"uv": [0, 0, 4.5, 3], "texture": "#0"},
				"up": {"uv": [0, 0, 5.5, 4.5], "texture": "#0"},
				"down": {"uv": [0, 0, 5.5, 4.5], "texture": "#0"}
			}
		},
		{
			"from": [14, 2.25, 6],
			"to": [16, 8.25, 16],
			"rotation": {"angle": 0, "axis": "y", "origin": [11, 10.25, 11]},
			"faces": {
				"north": {"uv": [0, 0, 1, 3], "texture": "#0"},
				"east": {"uv": [9.5, 13, 14.5, 16], "texture": "#0"},
				"south": {"uv": [0, 0, 1, 3], "texture": "#0"},
				"west": {"uv": [0, 0, 5, 3], "texture": "#0"},
				"up": {"uv": [0, 0, 1, 5], "texture": "#0"},
				"down": {"uv": [0, 0, 1, 5], "texture": "#0"}
			}
		},
		{
			"from": [1, 0.25, -2],
			"to": [3, 6.25, 8],
			"rotation": {"angle": 0, "axis": "y", "origin": [-2, 8.25, 3]},
			"faces": {
				"north": {"uv": [0, 0, 1, 3], "texture": "#0"},
				"east": {"uv": [0, 0, 5, 3], "texture": "#0"},
				"south": {"uv": [0, 0, 1, 3], "texture": "#0"},
				"west": {"uv": [1.5, 13, 6.5, 16], "texture": "#0"},
				"up": {"uv": [0, 0, 1, 5], "texture": "#0"},
				"down": {"uv": [0, 0, 1, 5], "texture": "#0"}
			}
		},
		{
			"from": [4, 8.25, 8],
			"to": [6, 14.25, 13],
			"rotation": {"angle": 0, "axis": "y", "origin": [1, 16.25, 11]},
			"faces": {
				"north": {"uv": [0, 0, 1, 3], "texture": "#0"},
				"east": {"uv": [0, 0, 2.5, 3], "texture": "#0"},
				"south": {"uv": [0, 0, 1, 3], "texture": "#0"},
				"west": {"uv": [0, 0, 2.5, 3], "texture": "#0"},
				"up": {"uv": [0, 0, 1, 2.5], "texture": "#0"},
				"down": {"uv": [0, 0, 1, 2.5], "texture": "#0"}
			}
		},
		{
			"from": [12, 8.25, 9],
			"to": [14, 14.25, 14],
			"rotation": {"angle": 0, "axis": "y", "origin": [9, 16.25, 12]},
			"faces": {
				"north": {"uv": [0, 0, 1, 3], "texture": "#0"},
				"east": {"uv": [0, 0, 2.5, 3], "texture": "#0"},
				"south": {"uv": [5.5, 10, 6.5, 13], "texture": "#0"},
				"west": {"uv": [0, 0, 2.5, 3], "texture": "#0"},
				"up": {"uv": [0, 0, 1, 2.5], "texture": "#0"},
				"down": {"uv": [0, 0, 1, 2.5], "texture": "#0"}
			}
		},
		{
			"from": [7, -2.75, 2],
			"to": [9, 3.25, 7],
			"rotation": {"angle": 0, "axis": "y", "origin": [4, 5.25, 5]},
			"faces": {
				"north": {"uv": [0, 0, 1, 3], "texture": "#0"},
				"east": {"uv": [0, 0, 2.5, 3], "texture": "#0"},
				"south": {"uv": [5.5, 10, 6.5, 13], "texture": "#0"},
				"west": {"uv": [0, 0, 2.5, 3], "texture": "#0"},
				"up": {"uv": [0, 0, 1, 2.5], "texture": "#0"},
				"down": {"uv": [0, 0, 1, 2.5], "texture": "#0"}
			}
		},
		{
			"from": [2, 9.25, 3],
			"to": [4, 15.25, 8],
			"rotation": {"angle": 0, "axis": "y", "origin": [-1, 17.25, 6]},
			"faces": {
				"north": {"uv": [0, 0, 1, 3], "texture": "#0"},
				"east": {"uv": [0, 0, 2.5, 3], "texture": "#0"},
				"south": {"uv": [5.5, 10, 6.5, 13], "texture": "#0"},
				"west": {"uv": [0, 0, 2.5, 3], "texture": "#0"},
				"up": {"uv": [0, 0, 1, 2.5], "texture": "#0"},
				"down": {"uv": [0, 0, 1, 2.5], "texture": "#0"}
			}
		},
		{
			"from": [13, -3.75, 7],
			"to": [14, 2.25, 16],
			"rotation": {"angle": 0, "axis": "y", "origin": [10, 4.25, 12]},
			"faces": {
				"north": {"uv": [0, 0, 0.5, 3], "texture": "#0"},
				"east": {"uv": [0, 0, 4.5, 3], "texture": "#0"},
				"south": {"uv": [0, 0, 0.5, 3], "texture": "#0"},
				"west": {"uv": [0, 0, 4.5, 3], "texture": "#0"},
				"up": {"uv": [0, 0, 0.5, 4.5], "texture": "#0"},
				"down": {"uv": [0, 0, 0.5, 4.5], "texture": "#0"}
			}
		}
	]
}