{
	"credit": "Designed by Kevin *ArtsByKev* www.youtube.com/c/artsbykev , www.twitter.com/artsbykev, Made with Blockbench",
	"ambientocclusion": false,
	"texture_size": [64, 64],
	"textures": {
		"0": "artsbykev_var/textures/swamp_grass",
		"1": "artsbykev_var/textures/swamp_grass_roots",
		"particle": "artsbykev_var/textures/swamp_grass"
	},
	"elements": [
		{
			"from": [-1, -1.5, -5],
			"to": [15, -1.5, 6],
			"rotation": {"angle": 22.5, "axis": "x", "origin": [7, -1.5, 6]},
			"faces": {
				"north": {"uv": [0, 0, 4, 0], "texture": "#0"},
				"east": {"uv": [0, 0, 2.75, 0], "texture": "#0"},
				"south": {"uv": [0, 0, 4, 0], "texture": "#0"},
				"west": {"uv": [0, 0, 2.75, 0], "texture": "#0"},
				"up": {"uv": [16, 6.5, 0, 16], "texture": "#0"},
				"down": {"uv": [16, 16, 0, 6.5], "texture": "#0"}
			}
		},
		{
			"from": [8.84478, -1.27021, -1],
			"to": [19.84478, -1.27021, 15],
			"rotation": {"angle": 22.5, "axis": "z", "origin": [10, 1.51875, 7]},
			"faces": {
				"north": {"uv": [0, 0, 2.75, 0], "texture": "#0"},
				"east": {"uv": [0, 0, 4, 0], "texture": "#0"},
				"south": {"uv": [0, 0, 2.75, 0], "texture": "#0"},
				"west": {"uv": [0, 0, 4, 0], "texture": "#0"},
				"up": {"uv": [16, 6.5, 0, 16], "rotation": 90, "texture": "#0"},
				"down": {"uv": [16, 16, 0, 6.5], "rotation": 270, "texture": "#0"}
			}
		},
		{
			"from": [4.84478, -1.27021, 1],
			"to": [15.84478, -1.27021, 17],
			"rotation": {"angle": 45, "axis": "z", "origin": [6, 1.51875, 9]},
			"faces": {
				"north": {"uv": [0, 0, 2.75, 0], "texture": "#0"},
				"east": {"uv": [0, 0, 4, 0], "texture": "#0"},
				"south": {"uv": [0, 0, 2.75, 0], "texture": "#0"},
				"west": {"uv": [0, 0, 4, 0], "texture": "#0"},
				"up": {"uv": [16, 6.5, 0, 16], "rotation": 90, "texture": "#0"},
				"down": {"uv": [16, 16, 0, 6.5], "rotation": 270, "texture": "#0"}
			}
		},
		{
			"from": [0, -1.27021, 2.84478],
			"to": [16, -1.27021, 13.84478],
			"rotation": {"angle": -45, "axis": "x", "origin": [8, 1.51875, 4]},
			"faces": {
				"north": {"uv": [0, 0, 4, 0], "texture": "#0"},
				"east": {"uv": [0, 0, 2.75, 0], "texture": "#0"},
				"south": {"uv": [0, 0, 4, 0], "texture": "#0"},
				"west": {"uv": [0, 0, 2.75, 0], "texture": "#0"},
				"up": {"uv": [16, 6.5, 0, 16], "rotation": 180, "texture": "#0"},
				"down": {"uv": [16, 16, 0, 6.5], "rotation": 180, "texture": "#0"}
			}
		},
		{
			"from": [1.15522, -1.27021, -2],
			"to": [12.15522, -1.27021, 14],
			"rotation": {"angle": -45, "axis": "z", "origin": [11, 1.51875, 6]},
			"faces": {
				"north": {"uv": [2.75, 0, 0, 0], "texture": "#0"},
				"east": {"uv": [4, 0, 0, 0], "texture": "#0"},
				"south": {"uv": [2.75, 0, 0, 0], "texture": "#0"},
				"west": {"uv": [4, 0, 0, 0], "texture": "#0"},
				"up": {"uv": [16, 16, 0, 6.5], "rotation": 90, "texture": "#0"},
				"down": {"uv": [16, 6.5, 0, 16], "rotation": 270, "texture": "#0"}
			}
		},
		{
			"from": [0, -1.27021, 1.15522],
			"to": [16, -1.27021, 12.15522],
			"rotation": {"angle": 45, "axis": "x", "origin": [8, 1.51875, 11]},
			"faces": {
				"north": {"uv": [4, 0, 0, 0], "texture": "#0"},
				"east": {"uv": [2.75, 0, 0, 0], "texture": "#0"},
				"south": {"uv": [4, 0, 0, 0], "texture": "#0"},
				"west": {"uv": [2.75, 0, 0, 0], "texture": "#0"},
				"up": {"uv": [16, 16, 0, 6.5], "rotation": 180, "texture": "#0"},
				"down": {"uv": [16, 6.5, 0, 16], "rotation": 180, "texture": "#0"}
			}
		},
		{
			"from": [1, -1.5, 9],
			"to": [17, -1.5, 20],
			"rotation": {"angle": -22.5, "axis": "x", "origin": [9, -1.5, 9]},
			"faces": {
				"north": {"uv": [4, 0, 0, 0], "texture": "#0"},
				"east": {"uv": [2.75, 0, 0, 0], "texture": "#0"},
				"south": {"uv": [4, 0, 0, 0], "texture": "#0"},
				"west": {"uv": [2.75, 0, 0, 0], "texture": "#0"},
				"up": {"uv": [16, 16, 0, 6.5], "texture": "#0"},
				"down": {"uv": [16, 6.5, 0, 16], "texture": "#0"}
			}
		},
		{
			"from": [-2.84478, -1.27021, -1],
			"to": [8.15522, -1.27021, 15],
			"rotation": {"angle": -22.5, "axis": "z", "origin": [7, 1.51875, 7]},
			"faces": {
				"north": {"uv": [2.75, 0, 0, 0], "texture": "#0"},
				"east": {"uv": [4, 0, 0, 0], "texture": "#0"},
				"south": {"uv": [2.75, 0, 0, 0], "texture": "#0"},
				"west": {"uv": [4, 0, 0, 0], "texture": "#0"},
				"up": {"uv": [16, 16, 0, 6.5], "rotation": 90, "texture": "#0"},
				"down": {"uv": [16, 6.5, 0, 16], "rotation": 270, "texture": "#0"}
			}
		},
		{
			"from": [-2, -1.5, -9],
			"to": [14, -1.5, 2],
			"rotation": {"angle": 45, "axis": "x", "origin": [6, -1.5, 2]},
			"faces": {
				"north": {"uv": [0, 0, 4, 0], "texture": "#0"},
				"east": {"uv": [0, 0, 2.75, 0], "texture": "#0"},
				"south": {"uv": [0, 0, 4, 0], "texture": "#0"},
				"west": {"uv": [0, 0, 2.75, 0], "texture": "#0"},
				"up": {"uv": [16, 0, 0, 9.5], "texture": "#0"},
				"down": {"uv": [16, 16, 0, 6.5], "texture": "#0"}
			}
		},
		{
			"from": [-2, -1.5, -9],
			"to": [14, -1.5, 2],
			"rotation": {"angle": -45, "axis": "x", "origin": [6, -1.5, 2]},
			"faces": {
				"north": {"uv": [0, 0, 4, 0], "texture": "#0"},
				"east": {"uv": [0, 0, 2.75, 0], "texture": "#0"},
				"south": {"uv": [0, 0, 4, 0], "texture": "#0"},
				"west": {"uv": [0, 0, 2.75, 0], "texture": "#0"},
				"up": {"uv": [16, 6.5, 0, 16], "texture": "#1"},
				"down": {"uv": [16, 16, 0, 6.5], "texture": "#1"}
			}
		},
		{
			"from": [11.27964, -2.03004, -4],
			"to": [22.27964, -2.03004, 12],
			"rotation": {"angle": 45, "axis": "z", "origin": [12, 1.51875, 4]},
			"faces": {
				"north": {"uv": [0, 0, 2.75, 0], "texture": "#0"},
				"east": {"uv": [0, 0, 4, 0], "texture": "#0"},
				"south": {"uv": [0, 0, 2.75, 0], "texture": "#0"},
				"west": {"uv": [0, 0, 4, 0], "texture": "#0"},
				"up": {"uv": [16, 0, 0, 9.5], "rotation": 90, "texture": "#0"},
				"down": {"uv": [16, 16, 0, 6.5], "rotation": 270, "texture": "#0"}
			}
		},
		{
			"from": [16.29839, -3.04878, -4],
			"to": [27.29839, -3.04878, 12],
			"rotation": {"angle": -45, "axis": "z", "origin": [17.01875, 0.50001, 4]},
			"faces": {
				"north": {"uv": [0, 0, 2.75, 0], "texture": "#0"},
				"east": {"uv": [0, 0, 4, 0], "texture": "#0"},
				"south": {"uv": [0, 0, 2.75, 0], "texture": "#0"},
				"west": {"uv": [0, 0, 4, 0], "texture": "#0"},
				"up": {"uv": [16, 6.5, 0, 16], "rotation": 90, "texture": "#1"},
				"down": {"uv": [16, 16, 0, 6.5], "rotation": 270, "texture": "#1"}
			}
		},
		{
			"from": [4, -1.5, 13],
			"to": [20, -1.5, 24],
			"rotation": {"angle": -45, "axis": "x", "origin": [12, -1.5, 13]},
			"faces": {
				"north": {"uv": [4, 0, 0, 0], "texture": "#0"},
				"east": {"uv": [2.75, 0, 0, 0], "texture": "#0"},
				"south": {"uv": [4, 0, 0, 0], "texture": "#0"},
				"west": {"uv": [2.75, 0, 0, 0], "texture": "#0"},
				"up": {"uv": [16, 9.5, 0, 0], "texture": "#0"},
				"down": {"uv": [16, 6.5, 0, 16], "texture": "#0"}
			}
		},
		{
			"from": [4, -1.5, 13],
			"to": [20, -1.5, 24],
			"rotation": {"angle": 45, "axis": "x", "origin": [12, -1.5, 13]},
			"faces": {
				"north": {"uv": [4, 0, 0, 0], "texture": "#0"},
				"east": {"uv": [2.75, 0, 0, 0], "texture": "#0"},
				"south": {"uv": [4, 0, 0, 0], "texture": "#0"},
				"west": {"uv": [2.75, 0, 0, 0], "texture": "#0"},
				"up": {"uv": [16, 16, 0, 6.5], "texture": "#1"},
				"down": {"uv": [16, 6.5, 0, 16], "texture": "#1"}
			}
		},
		{
			"from": [-5.27964, -2.03004, 4],
			"to": [5.72036, -2.03004, 20],
			"rotation": {"angle": -45, "axis": "z", "origin": [5, 1.51875, 12]},
			"faces": {
				"north": {"uv": [2.75, 0, 0, 0], "texture": "#0"},
				"east": {"uv": [4, 0, 0, 0], "texture": "#0"},
				"south": {"uv": [2.75, 0, 0, 0], "texture": "#0"},
				"west": {"uv": [4, 0, 0, 0], "texture": "#0"},
				"up": {"uv": [16, 9.5, 0, 0], "rotation": 90, "texture": "#0"},
				"down": {"uv": [16, 6.5, 0, 16], "rotation": 270, "texture": "#0"}
			}
		},
		{
			"from": [-10.29768, -3.04808, 4],
			"to": [0.70232, -3.04808, 20],
			"rotation": {"angle": 45, "axis": "z", "origin": [-0.01804, 0.50071, 12]},
			"faces": {
				"north": {"uv": [2.75, 0, 0, 0], "texture": "#0"},
				"east": {"uv": [4, 0, 0, 0], "texture": "#0"},
				"south": {"uv": [2.75, 0, 0, 0], "texture": "#0"},
				"west": {"uv": [4, 0, 0, 0], "texture": "#0"},
				"up": {"uv": [16, 16, 0, 6.5], "rotation": 90, "texture": "#1"},
				"down": {"uv": [16, 6.5, 0, 16], "rotation": 270, "texture": "#1"}
			}
		},
		{
			"from": [-1, 2.71044, -10.16229],
			"to": [15, 2.71044, -4.16229],
			"rotation": {"angle": -22.5, "axis": "x", "origin": [7, 2.71044, -4.16229]},
			"faces": {
				"north": {"uv": [0, 0, 4, 0], "texture": "#0"},
				"east": {"uv": [0, 0, 1.5, 0], "texture": "#0"},
				"south": {"uv": [0, 0, 4, 0], "texture": "#0"},
				"west": {"uv": [0, 0, 1.5, 0], "texture": "#0"},
				"up": {"uv": [16, 0, 0, 6.5], "texture": "#0"},
				"down": {"uv": [16, 6.5, 0, 0], "texture": "#0"}
			}
		},
		{
			"from": [18.93269, 6.50867, -1],
			"to": [24.93269, 6.50867, 15],
			"rotation": {"angle": -22.5, "axis": "z", "origin": [10, 1.51875, 7]},
			"faces": {
				"north": {"uv": [0, 0, 1.5, 0], "texture": "#0"},
				"east": {"uv": [0, 0, 4, 0], "texture": "#0"},
				"south": {"uv": [0, 0, 1.5, 0], "texture": "#0"},
				"west": {"uv": [0, 0, 4, 0], "texture": "#0"},
				"up": {"uv": [16, 0, 0, 6.5], "rotation": 90, "texture": "#0"},
				"down": {"uv": [16, 6.5, 0, 0], "rotation": 270, "texture": "#0"}
			}
		},
		{
			"from": [14.93269, 6.50867, 1],
			"to": [20.93269, 6.50867, 17],
			"rotation": {"angle": -22.5, "axis": "z", "origin": [14.93269, 6.50867, 9]},
			"faces": {
				"north": {"uv": [0, 0, 1.5, 0], "texture": "#0"},
				"east": {"uv": [0, 0, 4, 0], "texture": "#0"},
				"south": {"uv": [0, 0, 1.5, 0], "texture": "#0"},
				"west": {"uv": [0, 0, 4, 0], "texture": "#0"},
				"up": {"uv": [16, 0, 0, 6.5], "rotation": 90, "texture": "#0"},
				"down": {"uv": [16, 6.5, 0, 0], "rotation": 270, "texture": "#0"}
			}
		},
		{
			"from": [0, 6.50867, 12.93269],
			"to": [16, 6.50867, 18.93269],
			"rotation": {"angle": 22.5, "axis": "x", "origin": [8, 6.50867, 12.93269]},
			"faces": {
				"north": {"uv": [0, 0, 4, 0], "texture": "#0"},
				"east": {"uv": [0, 0, 1.5, 0], "texture": "#0"},
				"south": {"uv": [0, 0, 4, 0], "texture": "#0"},
				"west": {"uv": [0, 0, 1.5, 0], "texture": "#0"},
				"up": {"uv": [16, 0, 0, 6.5], "rotation": 180, "texture": "#0"},
				"down": {"uv": [16, 6.5, 0, 0], "rotation": 180, "texture": "#0"}
			}
		},
		{
			"from": [-3.93269, 6.50867, -2],
			"to": [2.06731, 6.50867, 14],
			"rotation": {"angle": 22.5, "axis": "z", "origin": [2.06731, 6.50867, 6]},
			"faces": {
				"north": {"uv": [1.5, 0, 0, 0], "texture": "#0"},
				"east": {"uv": [4, 0, 0, 0], "texture": "#0"},
				"south": {"uv": [1.5, 0, 0, 0], "texture": "#0"},
				"west": {"uv": [4, 0, 0, 0], "texture": "#0"},
				"up": {"uv": [16, 6.5, 0, 0], "rotation": 90, "texture": "#0"},
				"down": {"uv": [16, 0, 0, 6.5], "rotation": 270, "texture": "#0"}
			}
		},
		{
			"from": [0, 6.50867, -3.93269],
			"to": [16, 6.50867, 2.06731],
			"rotation": {"angle": -22.5, "axis": "x", "origin": [8, 6.50867, 2.06731]},
			"faces": {
				"north": {"uv": [4, 0, 0, 0], "texture": "#0"},
				"east": {"uv": [1.5, 0, 0, 0], "texture": "#0"},
				"south": {"uv": [4, 0, 0, 0], "texture": "#0"},
				"west": {"uv": [1.5, 0, 0, 0], "texture": "#0"},
				"up": {"uv": [16, 6.5, 0, 0], "rotation": 180, "texture": "#0"},
				"down": {"uv": [16, 0, 0, 6.5], "rotation": 180, "texture": "#0"}
			}
		},
		{
			"from": [1, 2.71044, 19.16229],
			"to": [17, 2.71044, 25.16229],
			"rotation": {"angle": 22.5, "axis": "x", "origin": [9, 2.71044, 19.16229]},
			"faces": {
				"north": {"uv": [4, 0, 0, 0], "texture": "#0"},
				"east": {"uv": [1.5, 0, 0, 0], "texture": "#0"},
				"south": {"uv": [4, 0, 0, 0], "texture": "#0"},
				"west": {"uv": [1.5, 0, 0, 0], "texture": "#0"},
				"up": {"uv": [16, 6.5, 0, 0], "texture": "#0"},
				"down": {"uv": [16, 0, 0, 6.5], "texture": "#0"}
			}
		},
		{
			"from": [-7.93269, 6.50867, -1],
			"to": [-1.93269, 6.50867, 15],
			"rotation": {"angle": 22.5, "axis": "z", "origin": [7, 1.51875, 7]},
			"faces": {
				"north": {"uv": [1.5, 0, 0, 0], "texture": "#0"},
				"east": {"uv": [4, 0, 0, 0], "texture": "#0"},
				"south": {"uv": [1.5, 0, 0, 0], "texture": "#0"},
				"west": {"uv": [4, 0, 0, 0], "texture": "#0"},
				"up": {"uv": [16, 6.5, 0, 0], "rotation": 90, "texture": "#0"},
				"down": {"uv": [16, 0, 0, 6.5], "rotation": 270, "texture": "#0"}
			}
		}
	]
}