{
	"credit": "Designed by Kevin *ArtsByKev* www.youtube.com/c/artsbykev , www.twitter.com/artsbykev, Made with Blockbench",
	"ambientocclusion": false,
	"texture_size": [32, 32],
	"textures": {
		"0": "artsbykev_var/textures/swamp_struct",
		"particle": "artsbykev_var/textures/swamp_struct"
	},
	"elements": [
		{
			"from": [8, 2.75, 4],
			"to": [19, 11.75, 18],
			"rotation": {"angle": 0, "axis": "y", "origin": [14, 10.75, 11]},
			"faces": {
				"north": {"uv": [9.5, 13, 14.5, 16], "texture": "#0"},
				"east": {"uv": [0, 0, 7, 3], "texture": "#0"},
				"south": {"uv": [1.5, 13, 6.5, 16], "texture": "#0"},
				"west": {"uv": [0, 0, 7, 4.5], "texture": "#0"},
				"up": {"uv": [0, 0, 5, 7], "texture": "#0"},
				"down": {"uv": [0, 0, 5, 7], "texture": "#0"}
			}
		},
		{
			"from": [-9, 3.75, -0.1],
			"to": [1, 9.75, 8.9],
			"rotation": {"angle": 0, "axis": "y", "origin": [-4, 11.75, 6.9]},
			"faces": {
				"north": {"uv": [9.5, 13, 14.5, 16], "texture": "#0"},
				"east": {"uv": [0, 0, 4.5, 3], "texture": "#0"},
				"south": {"uv": [1.5, 13, 6.5, 16], "texture": "#0"},
				"west": {"uv": [0, 0, 4.5, 3], "texture": "#0"},
				"up": {"uv": [0, 0, 5, 4.5], "texture": "#0"},
				"down": {"uv": [0, 0, 5, 4.5], "texture": "#0"}
			}
		},
		{
			"from": [11, 11.75, 6],
			"to": [17, 17.75, 16],
			"rotation": {"angle": 0, "axis": "y", "origin": [14, 19.75, 11]},
			"faces": {
				"north": {"uv": [0, 0, 3, 3], "texture": "#0"},
				"east": {"uv": [0, 0, 5, 3], "texture": "#0"},
				"south": {"uv": [2.5, 10, 5.5, 13], "texture": "#0"},
				"west": {"uv": [0, 0, 5, 3], "texture": "#0"},
				"up": {"uv": [0, 0, 3, 5], "texture": "#0"},
				"down": {"uv": [0, 0, 3, 5], "texture": "#0"}
			}
		},
		{
			"from": [-8, 9.75, 0.9],
			"to": [-2, 15.75, 7.9],
			"rotation": {"angle": 0, "axis": "y", "origin": [-5, 17.75, 5.9]},
			"faces": {
				"north": {"uv": [0, 0, 3, 3], "texture": "#0"},
				"east": {"uv": [0, 0, 3.5, 3], "texture": "#0"},
				"south": {"uv": [2.5, 10, 5.5, 13], "texture": "#0"},
				"west": {"uv": [0, 0, 3.5, 3], "texture": "#0"},
				"up": {"uv": [0, 0, 3, 3.5], "texture": "#0"},
				"down": {"uv": [0, 0, 3, 5], "texture": "#0"}
			}
		},
		{
			"from": [11, 17.75, 8],
			"to": [17, 25.75, 14],
			"rotation": {"angle": 0, "axis": "y", "origin": [14, 25.75, 9]},
			"faces": {
				"north": {"uv": [0, 0, 3, 3], "texture": "#0"},
				"east": {"uv": [10.5, 7, 13.5, 10], "texture": "#0"},
				"south": {"uv": [2.5, 7, 5.5, 10], "texture": "#0"},
				"west": {"uv": [10, 10, 13, 14], "texture": "#0"},
				"up": {"uv": [0, 0, 3, 3], "texture": "#0"},
				"down": {"uv": [0, 0, 3, 3], "texture": "#0"}
			}
		},
		{
			"from": [-7, 15.75, 1.9],
			"to": [-2, 19.75, 5.9],
			"rotation": {"angle": 0, "axis": "y", "origin": [-5, 23.75, 2.9]},
			"faces": {
				"north": {"uv": [0, 0, 2.5, 1], "texture": "#0"},
				"east": {"uv": [10.5, 7, 12.5, 8], "texture": "#0"},
				"south": {"uv": [2.5, 7, 5, 9], "texture": "#0"},
				"west": {"uv": [10, 10, 12, 12], "texture": "#0"},
				"up": {"uv": [0, 0, 2.5, 2], "texture": "#0"},
				"down": {"uv": [0, 0, 3, 3], "texture": "#0"}
			}
		},
		{
			"from": [0, 8.75, 7],
			"to": [5, 12.75, 11],
			"rotation": {"angle": 0, "axis": "y", "origin": [2, 16.75, 8]},
			"faces": {
				"north": {"uv": [0, 0, 2.5, 1], "texture": "#0"},
				"east": {"uv": [10.5, 7, 12.5, 8], "texture": "#0"},
				"south": {"uv": [2.5, 7, 5, 9], "texture": "#0"},
				"west": {"uv": [10, 10, 12, 12], "texture": "#0"},
				"up": {"uv": [0, 0, 2.5, 2], "texture": "#0"},
				"down": {"uv": [0, 0, 3, 3], "texture": "#0"}
			}
		},
		{
			"from": [12, 24.75, 9],
			"to": [15, 31.75, 13],
			"rotation": {"angle": 0, "axis": "y", "origin": [14, 32.75, 9]},
			"faces": {
				"north": {"uv": [0, 0, 1.5, 2.5], "texture": "#0"},
				"east": {"uv": [0, 0, 2, 2.5], "texture": "#0"},
				"south": {"uv": [0, 0, 1.5, 2.5], "texture": "#0"},
				"west": {"uv": [0, 0, 2, 2.5], "texture": "#0"},
				"up": {"uv": [0, 0, 1.5, 2], "texture": "#0"},
				"down": {"uv": [0, 0, 1.5, 2], "texture": "#0"}
			}
		},
		{
			"from": [-6, 19.75, 1.9],
			"to": [-3, 24.75, 5.9],
			"rotation": {"angle": 0, "axis": "y", "origin": [-4, 27.75, 1.9]},
			"faces": {
				"north": {"uv": [0, 0, 1.5, 2.5], "texture": "#0"},
				"east": {"uv": [0, 0, 2, 2.5], "texture": "#0"},
				"south": {"uv": [0, 0, 1.5, 2.5], "texture": "#0"},
				"west": {"uv": [0, 0, 2, 2.5], "texture": "#0"},
				"up": {"uv": [0, 0, 1.5, 2], "texture": "#0"},
				"down": {"uv": [0, 0, 1.5, 2], "texture": "#0"}
			}
		},
		{
			"from": [-3, 3.75, 7],
			"to": [9, 8.75, 13],
			"rotation": {"angle": 0, "axis": "y", "origin": [4, 9.75, 13]},
			"faces": {
				"north": {"uv": [0, 13, 5, 16], "texture": "#0"},
				"east": {"uv": [0, 0, 6, 3], "texture": "#0"},
				"south": {"uv": [0, 0, 6, 2.5], "texture": "#0"},
				"west": {"uv": [0, 0, 6, 3], "texture": "#0"},
				"up": {"uv": [0, 0, 5, 6], "texture": "#0"},
				"down": {"uv": [0, 0, 5, 6], "texture": "#0"}
			}
		},
		{
			"from": [4, -1.25, 3],
			"to": [14, 4.75, 16],
			"rotation": {"angle": 0, "axis": "y", "origin": [9, 6.75, 10]},
			"faces": {
				"north": {"uv": [0, 13, 5, 16], "texture": "#0"},
				"east": {"uv": [0, 0, 6, 3], "texture": "#0"},
				"south": {"uv": [0, 0, 5, 3], "texture": "#0"},
				"west": {"uv": [0, 0, 6, 3], "texture": "#0"},
				"up": {"uv": [0, 0, 5, 6], "texture": "#0"},
				"down": {"uv": [0, 0, 5, 6.5], "texture": "#0"}
			}
		},
		{
			"from": [-6, -0.25, 5],
			"to": [5, 5.75, 14],
			"rotation": {"angle": 0, "axis": "y", "origin": [0, 7.75, 8]},
			"faces": {
				"north": {"uv": [0, 13, 5.5, 16], "texture": "#0"},
				"east": {"uv": [0, 0, 4.5, 3], "texture": "#0"},
				"south": {"uv": [0, 0, 5.5, 3], "texture": "#0"},
				"west": {"uv": [0, 0, 4.5, 3], "texture": "#0"},
				"up": {"uv": [0, 0, 5.5, 4.5], "texture": "#0"},
				"down": {"uv": [0, 0, 5.5, 4.5], "texture": "#0"}
			}
		},
		{
			"from": [-2, -3.25, 6],
			"to": [13, -0.25, 13],
			"rotation": {"angle": 0, "axis": "y", "origin": [8, 1.75, 8]},
			"faces": {
				"north": {"uv": [0, 13, 7.5, 14.5], "texture": "#0"},
				"east": {"uv": [0, 0, 3.5, 1.5], "texture": "#0"},
				"south": {"uv": [0, 0, 7.5, 1.5], "texture": "#0"},
				"west": {"uv": [0, 0, 3.5, 1.5], "texture": "#0"},
				"up": {"uv": [0, 0, 5.5, 4.5], "texture": "#0"},
				"down": {"uv": [0, 0, 7.5, 3.5], "texture": "#0"}
			}
		},
		{
			"from": [19, 2.75, 6],
			"to": [21, 8.75, 16],
			"rotation": {"angle": 0, "axis": "y", "origin": [16, 10.75, 11]},
			"faces": {
				"north": {"uv": [0, 0, 1, 3], "texture": "#0"},
				"east": {"uv": [9.5, 13, 14.5, 16], "texture": "#0"},
				"south": {"uv": [0, 0, 1, 3], "texture": "#0"},
				"west": {"uv": [0, 0, 5, 3], "texture": "#0"},
				"up": {"uv": [0, 0, 1, 5], "texture": "#0"},
				"down": {"uv": [0, 0, 1, 5], "texture": "#0"}
			}
		},
		{
			"from": [9, 11.75, 8],
			"to": [11, 19.75, 13],
			"rotation": {"angle": 0, "axis": "y", "origin": [6, 19.75, 11]},
			"faces": {
				"north": {"uv": [0, 0, 1, 3], "texture": "#0"},
				"east": {"uv": [0, 0, 2.5, 3], "texture": "#0"},
				"south": {"uv": [0, 0, 1, 3], "texture": "#0"},
				"west": {"uv": [0, 0, 2.5, 4], "texture": "#0"},
				"up": {"uv": [0, 0, 1, 2.5], "texture": "#0"},
				"down": {"uv": [0, 0, 1, 2.5], "texture": "#0"}
			}
		},
		{
			"from": [17, 11.75, 9],
			"to": [19, 16.75, 14],
			"rotation": {"angle": 0, "axis": "y", "origin": [14, 19.75, 12]},
			"faces": {
				"north": {"uv": [0, 0, 1, 3], "texture": "#0"},
				"east": {"uv": [0, 0, 2.5, 3], "texture": "#0"},
				"south": {"uv": [5.5, 10, 6.5, 13], "texture": "#0"},
				"west": {"uv": [0, 0, 2.5, 3], "texture": "#0"},
				"up": {"uv": [0, 0, 1, 2.5], "texture": "#0"},
				"down": {"uv": [0, 0, 1, 2.5], "texture": "#0"}
			}
		},
		{
			"from": [-8, -2.25, 1.9],
			"to": [0, 3.75, 7.9],
			"rotation": {"angle": 0, "axis": "y", "origin": [-11, 5.75, 4.9]},
			"faces": {
				"north": {"uv": [0, 0, 4, 3], "texture": "#0"},
				"east": {"uv": [0, 0, 2.5, 3], "texture": "#0"},
				"south": {"uv": [5.5, 10, 9.5, 13], "texture": "#0"},
				"west": {"uv": [0, 0, 2.5, 3], "texture": "#0"},
				"up": {"uv": [0, 0, 1, 2.5], "texture": "#0"},
				"down": {"uv": [0, 0, 4, 3], "texture": "#0"}
			}
		},
		{
			"from": [12, -2.25, 8],
			"to": [20, 3.75, 14],
			"rotation": {"angle": 0, "axis": "y", "origin": [9, 5.75, 11]},
			"faces": {
				"north": {"uv": [0, 0, 4, 3], "texture": "#0"},
				"east": {"uv": [0, 0, 2.5, 3], "texture": "#0"},
				"south": {"uv": [5.5, 10, 9.5, 13], "texture": "#0"},
				"west": {"uv": [0, 0, 2.5, 3], "texture": "#0"},
				"up": {"uv": [0, 0, 1, 2.5], "texture": "#0"},
				"down": {"uv": [0, 0, 4, 3], "texture": "#0"}
			}
		},
		{
			"from": [-2, 9.75, 2],
			"to": [0, 15.75, 7],
			"rotation": {"angle": 0, "axis": "y", "origin": [-5, 17.75, 5]},
			"faces": {
				"north": {"uv": [0, 0, 1, 3], "texture": "#0"},
				"east": {"uv": [0, 0, 2.5, 3], "texture": "#0"},
				"south": {"uv": [5.5, 10, 6.5, 13], "texture": "#0"},
				"west": {"uv": [0, 0, 2.5, 3], "texture": "#0"},
				"up": {"uv": [0, 0, 1, 2.5], "texture": "#0"},
				"down": {"uv": [0, 0, 1, 2.5], "texture": "#0"}
			}
		}
	]
}