{
	"credit": "Designed by Kevin *ArtsByKev* www.youtube.com/c/artsbykev , www.twitter.com/artsbykev, Made with Blockbench",
	"ambientocclusion": false,
	"texture_size": [64, 64],
	"textures": {
		"0": "artsbykev_var/textures/swamp_grass",
		"1": "artsbykev_var/textures/swamp_grass_roots",
		"particle": "artsbykev_var/textures/swamp_grass"
	},
	"elements": [
		{
			"from": [-1, -2.25, -2],
			"to": [15, -2.25, 9],
			"rotation": {"angle": 22.5, "axis": "x", "origin": [7, -2.25, 9]},
			"faces": {
				"north": {"uv": [0, 0, 4, 0], "texture": "#0"},
				"east": {"uv": [0, 0, 2.75, 0], "texture": "#0"},
				"south": {"uv": [0, 0, 4, 0], "texture": "#0"},
				"west": {"uv": [0, 0, 2.75, 0], "texture": "#0"},
				"up": {"uv": [16, 6.5, 0, 16], "texture": "#0"},
				"down": {"uv": [16, 16, 0, 6.5], "texture": "#0"}
			}
		},
		{
			"from": [4.84478, -2.02021, -1],
			"to": [15.84478, -2.02021, 15],
			"rotation": {"angle": 22.5, "axis": "z", "origin": [6, 0.76875, 7]},
			"faces": {
				"north": {"uv": [0, 0, 2.75, 0], "texture": "#0"},
				"east": {"uv": [0, 0, 4, 0], "texture": "#0"},
				"south": {"uv": [0, 0, 2.75, 0], "texture": "#0"},
				"west": {"uv": [0, 0, 4, 0], "texture": "#0"},
				"up": {"uv": [16, 6.5, 0, 16], "rotation": 90, "texture": "#0"},
				"down": {"uv": [16, 16, 0, 6.5], "rotation": 270, "texture": "#0"}
			}
		},
		{
			"from": [4.84478, -2.02021, 1],
			"to": [15.84478, -2.02021, 17],
			"rotation": {"angle": 45, "axis": "z", "origin": [6, 0.76875, 9]},
			"faces": {
				"north": {"uv": [0, 0, 2.75, 0], "texture": "#0"},
				"east": {"uv": [0, 0, 4, 0], "texture": "#0"},
				"south": {"uv": [0, 0, 2.75, 0], "texture": "#0"},
				"west": {"uv": [0, 0, 4, 0], "texture": "#0"},
				"up": {"uv": [16, 6.5, 0, 16], "rotation": 90, "texture": "#0"},
				"down": {"uv": [16, 16, 0, 6.5], "rotation": 270, "texture": "#0"}
			}
		},
		{
			"from": [2, -2.02021, 0.84478],
			"to": [18, -2.02021, 11.84478],
			"rotation": {"angle": -45, "axis": "x", "origin": [10, 0.76875, 2]},
			"faces": {
				"north": {"uv": [0, 0, 4, 0], "texture": "#0"},
				"east": {"uv": [0, 0, 2.75, 0], "texture": "#0"},
				"south": {"uv": [0, 0, 4, 0], "texture": "#0"},
				"west": {"uv": [0, 0, 2.75, 0], "texture": "#0"},
				"up": {"uv": [16, 6.5, 0, 16], "rotation": 180, "texture": "#0"},
				"down": {"uv": [16, 16, 0, 6.5], "rotation": 180, "texture": "#0"}
			}
		},
		{
			"from": [1.15522, -2.02021, -2],
			"to": [12.15522, -2.02021, 14],
			"rotation": {"angle": -45, "axis": "z", "origin": [11, 0.76875, 6]},
			"faces": {
				"north": {"uv": [2.75, 0, 0, 0], "texture": "#0"},
				"east": {"uv": [4, 0, 0, 0], "texture": "#0"},
				"south": {"uv": [2.75, 0, 0, 0], "texture": "#0"},
				"west": {"uv": [4, 0, 0, 0], "texture": "#0"},
				"up": {"uv": [16, 16, 0, 6.5], "rotation": 90, "texture": "#0"},
				"down": {"uv": [16, 6.5, 0, 16], "rotation": 270, "texture": "#0"}
			}
		},
		{
			"from": [0, -2.02021, 1.15522],
			"to": [16, -2.02021, 12.15522],
			"rotation": {"angle": 45, "axis": "x", "origin": [8, 0.76875, 11]},
			"faces": {
				"north": {"uv": [4, 0, 0, 0], "texture": "#0"},
				"east": {"uv": [2.75, 0, 0, 0], "texture": "#0"},
				"south": {"uv": [4, 0, 0, 0], "texture": "#0"},
				"west": {"uv": [2.75, 0, 0, 0], "texture": "#0"},
				"up": {"uv": [16, 16, 0, 6.5], "rotation": 180, "texture": "#0"},
				"down": {"uv": [16, 6.5, 0, 16], "rotation": 180, "texture": "#0"}
			}
		},
		{
			"from": [1, -2.25, 7],
			"to": [17, -2.25, 18],
			"rotation": {"angle": -22.5, "axis": "x", "origin": [9, -2.25, 7]},
			"faces": {
				"north": {"uv": [4, 0, 0, 0], "texture": "#0"},
				"east": {"uv": [2.75, 0, 0, 0], "texture": "#0"},
				"south": {"uv": [4, 0, 0, 0], "texture": "#0"},
				"west": {"uv": [2.75, 0, 0, 0], "texture": "#0"},
				"up": {"uv": [16, 16, 0, 6.5], "texture": "#0"},
				"down": {"uv": [16, 6.5, 0, 16], "texture": "#0"}
			}
		},
		{
			"from": [-1.84478, -2.02021, 1],
			"to": [9.15522, -2.02021, 17],
			"rotation": {"angle": -22.5, "axis": "z", "origin": [8, 0.76875, 9]},
			"faces": {
				"north": {"uv": [2.75, 0, 0, 0], "texture": "#0"},
				"east": {"uv": [4, 0, 0, 0], "texture": "#0"},
				"south": {"uv": [2.75, 0, 0, 0], "texture": "#0"},
				"west": {"uv": [4, 0, 0, 0], "texture": "#0"},
				"up": {"uv": [16, 16, 0, 6.5], "rotation": 90, "texture": "#0"},
				"down": {"uv": [16, 6.5, 0, 16], "rotation": 270, "texture": "#0"}
			}
		},
		{
			"from": [1, -2.25, -5],
			"to": [17, -2.25, 6],
			"rotation": {"angle": 45, "axis": "x", "origin": [9, -2.25, 6]},
			"faces": {
				"north": {"uv": [0, 0, 4, 0], "texture": "#0"},
				"east": {"uv": [0, 0, 2.75, 0], "texture": "#0"},
				"south": {"uv": [0, 0, 4, 0], "texture": "#0"},
				"west": {"uv": [0, 0, 2.75, 0], "texture": "#0"},
				"up": {"uv": [16, 0, 0, 9.5], "texture": "#0"},
				"down": {"uv": [16, 16, 0, 6.5], "texture": "#0"}
			}
		},
		{
			"from": [1, -2.25, -5],
			"to": [17, -2.25, 6],
			"rotation": {"angle": -45, "axis": "x", "origin": [9, -2.25, 6]},
			"faces": {
				"north": {"uv": [0, 0, 4, 0], "texture": "#1"},
				"east": {"uv": [0, 0, 2.75, 0], "texture": "#0"},
				"south": {"uv": [0, 0, 4, 0], "texture": "#0"},
				"west": {"uv": [0, 0, 2.75, 0], "texture": "#0"},
				"up": {"uv": [16, 6.5, 0, 16], "texture": "#1"},
				"down": {"uv": [16, 16, 0, 6.5], "texture": "#1"}
			}
		},
		{
			"from": [1, -13.25, 9],
			"to": [17, -2.25, 9],
			"rotation": {"angle": -45, "axis": "x", "origin": [9, -2.25, 9]},
			"faces": {
				"north": {"uv": [16, 6.5, 0, 16], "rotation": 180, "texture": "#1"},
				"east": {"uv": [0, 0, 2.75, 0], "rotation": 90, "texture": "#0"},
				"south": {"uv": [16, 16, 0, 6.5], "texture": "#1"},
				"west": {"uv": [0, 0, 2.75, 0], "rotation": 270, "texture": "#0"},
				"up": {"uv": [0, 0, 4, 0], "texture": "#1"},
				"down": {"uv": [0, 0, 4, 0], "rotation": 180, "texture": "#1"}
			}
		},
		{
			"from": [8.27964, -2.78004, 0],
			"to": [19.27964, -2.78004, 16],
			"rotation": {"angle": 45, "axis": "z", "origin": [9, 0.76875, 8]},
			"faces": {
				"north": {"uv": [0, 0, 2.75, 0], "texture": "#0"},
				"east": {"uv": [0, 0, 4, 0], "texture": "#0"},
				"south": {"uv": [0, 0, 2.75, 0], "texture": "#0"},
				"west": {"uv": [0, 0, 4, 0], "texture": "#0"},
				"up": {"uv": [16, 0, 0, 9.5], "rotation": 90, "texture": "#0"},
				"down": {"uv": [16, 16, 0, 6.5], "rotation": 270, "texture": "#0"}
			}
		},
		{
			"from": [13.29768, -3.79949, 0],
			"to": [24.29768, -3.79949, 16],
			"rotation": {"angle": -45, "axis": "z", "origin": [14.01804, -0.2507, 8]},
			"faces": {
				"north": {"uv": [0, 0, 2.75, 0], "texture": "#1"},
				"east": {"uv": [0, 0, 4, 0], "texture": "#0"},
				"south": {"uv": [0, 0, 2.75, 0], "texture": "#0"},
				"west": {"uv": [0, 0, 4, 0], "texture": "#0"},
				"up": {"uv": [16, 6.5, 0, 16], "rotation": 90, "texture": "#1"},
				"down": {"uv": [16, 16, 0, 6.5], "rotation": 270, "texture": "#1"}
			}
		},
		{
			"from": [2, -2.25, 9],
			"to": [18, -2.25, 20],
			"rotation": {"angle": -45, "axis": "x", "origin": [10, -2.25, 9]},
			"faces": {
				"north": {"uv": [4, 0, 0, 0], "texture": "#0"},
				"east": {"uv": [2.75, 0, 0, 0], "texture": "#0"},
				"south": {"uv": [4, 0, 0, 0], "texture": "#0"},
				"west": {"uv": [2.75, 0, 0, 0], "texture": "#0"},
				"up": {"uv": [16, 9.5, 0, 0], "texture": "#0"},
				"down": {"uv": [16, 6.5, 0, 16], "texture": "#0"}
			}
		},
		{
			"from": [-2.27964, -2.78004, 1],
			"to": [8.72036, -2.78004, 17],
			"rotation": {"angle": -45, "axis": "z", "origin": [8, 0.76875, 9]},
			"faces": {
				"north": {"uv": [2.75, 0, 0, 0], "texture": "#0"},
				"east": {"uv": [4, 0, 0, 0], "texture": "#0"},
				"south": {"uv": [2.75, 0, 0, 0], "texture": "#0"},
				"west": {"uv": [4, 0, 0, 0], "texture": "#0"},
				"up": {"uv": [16, 9.5, 0, 0], "rotation": 90, "texture": "#0"},
				"down": {"uv": [16, 6.5, 0, 16], "rotation": 270, "texture": "#0"}
			}
		},
		{
			"from": [-7.29838, -3.79878, -1],
			"to": [3.70162, -3.79878, 15],
			"rotation": {"angle": 45, "axis": "z", "origin": [2.98126, -0.24999, 7]},
			"faces": {
				"north": {"uv": [2.75, 0, 0, 0], "texture": "#1"},
				"east": {"uv": [4, 0, 0, 0], "texture": "#0"},
				"south": {"uv": [2.75, 0, 0, 0], "texture": "#0"},
				"west": {"uv": [4, 0, 0, 0], "texture": "#0"},
				"up": {"uv": [16, 16, 0, 6.5], "rotation": 90, "texture": "#1"},
				"down": {"uv": [16, 6.5, 0, 16], "rotation": 270, "texture": "#1"}
			}
		},
		{
			"from": [-1, 1.96044, -7.16229],
			"to": [15, 1.96044, -1.16229],
			"rotation": {"angle": -22.5, "axis": "x", "origin": [7, 1.96044, -1.16229]},
			"faces": {
				"north": {"uv": [0, 0, 4, 0], "texture": "#0"},
				"east": {"uv": [0, 0, 1.5, 0], "texture": "#0"},
				"south": {"uv": [0, 0, 4, 0], "texture": "#0"},
				"west": {"uv": [0, 0, 1.5, 0], "texture": "#0"},
				"up": {"uv": [16, 0, 0, 6.5], "texture": "#0"},
				"down": {"uv": [16, 6.5, 0, 0], "texture": "#0"}
			}
		},
		{
			"from": [14.93269, 5.75867, -1],
			"to": [20.93269, 5.75867, 15],
			"rotation": {"angle": -22.5, "axis": "z", "origin": [6, 0.76875, 7]},
			"faces": {
				"north": {"uv": [0, 0, 1.5, 0], "texture": "#0"},
				"east": {"uv": [0, 0, 4, 0], "texture": "#0"},
				"south": {"uv": [0, 0, 1.5, 0], "texture": "#0"},
				"west": {"uv": [0, 0, 4, 0], "texture": "#0"},
				"up": {"uv": [16, 0, 0, 6.5], "rotation": 90, "texture": "#0"},
				"down": {"uv": [16, 6.5, 0, 0], "rotation": 270, "texture": "#0"}
			}
		},
		{
			"from": [14.93269, 5.75867, 1],
			"to": [20.93269, 5.75867, 17],
			"rotation": {"angle": -22.5, "axis": "z", "origin": [14.93269, 5.75867, 9]},
			"faces": {
				"north": {"uv": [0, 0, 1.5, 0], "texture": "#0"},
				"east": {"uv": [0, 0, 4, 0], "texture": "#0"},
				"south": {"uv": [0, 0, 1.5, 0], "texture": "#0"},
				"west": {"uv": [0, 0, 4, 0], "texture": "#0"},
				"up": {"uv": [16, 0, 0, 6.5], "rotation": 90, "texture": "#0"},
				"down": {"uv": [16, 6.5, 0, 0], "rotation": 270, "texture": "#0"}
			}
		},
		{
			"from": [2, 5.75867, 10.93269],
			"to": [18, 5.75867, 16.93269],
			"rotation": {"angle": 22.5, "axis": "x", "origin": [10, 5.75867, 10.93269]},
			"faces": {
				"north": {"uv": [0, 0, 4, 0], "texture": "#0"},
				"east": {"uv": [0, 0, 1.5, 0], "texture": "#0"},
				"south": {"uv": [0, 0, 4, 0], "texture": "#0"},
				"west": {"uv": [0, 0, 1.5, 0], "texture": "#0"},
				"up": {"uv": [16, 0, 0, 6.5], "rotation": 180, "texture": "#0"},
				"down": {"uv": [16, 6.5, 0, 0], "rotation": 180, "texture": "#0"}
			}
		},
		{
			"from": [-3.93269, 5.75867, -2],
			"to": [2.06731, 5.75867, 14],
			"rotation": {"angle": 22.5, "axis": "z", "origin": [2.06731, 5.75867, 6]},
			"faces": {
				"north": {"uv": [1.5, 0, 0, 0], "texture": "#0"},
				"east": {"uv": [4, 0, 0, 0], "texture": "#0"},
				"south": {"uv": [1.5, 0, 0, 0], "texture": "#0"},
				"west": {"uv": [4, 0, 0, 0], "texture": "#0"},
				"up": {"uv": [16, 6.5, 0, 0], "rotation": 90, "texture": "#0"},
				"down": {"uv": [16, 0, 0, 6.5], "rotation": 270, "texture": "#0"}
			}
		},
		{
			"from": [0, 5.75867, -3.93269],
			"to": [16, 5.75867, 2.06731],
			"rotation": {"angle": -22.5, "axis": "x", "origin": [8, 5.75867, 2.06731]},
			"faces": {
				"north": {"uv": [4, 0, 0, 0], "texture": "#0"},
				"east": {"uv": [1.5, 0, 0, 0], "texture": "#0"},
				"south": {"uv": [4, 0, 0, 0], "texture": "#0"},
				"west": {"uv": [1.5, 0, 0, 0], "texture": "#0"},
				"up": {"uv": [16, 6.5, 0, 0], "rotation": 180, "texture": "#0"},
				"down": {"uv": [16, 0, 0, 6.5], "rotation": 180, "texture": "#0"}
			}
		},
		{
			"from": [1, 1.96044, 17.16229],
			"to": [17, 1.96044, 23.16229],
			"rotation": {"angle": 22.5, "axis": "x", "origin": [9, 1.96044, 17.16229]},
			"faces": {
				"north": {"uv": [4, 0, 0, 0], "texture": "#0"},
				"east": {"uv": [1.5, 0, 0, 0], "texture": "#0"},
				"south": {"uv": [4, 0, 0, 0], "texture": "#0"},
				"west": {"uv": [1.5, 0, 0, 0], "texture": "#0"},
				"up": {"uv": [16, 6.5, 0, 0], "texture": "#0"},
				"down": {"uv": [16, 0, 0, 6.5], "texture": "#0"}
			}
		},
		{
			"from": [-6.93269, 5.75867, 1],
			"to": [-0.93269, 5.75867, 17],
			"rotation": {"angle": 22.5, "axis": "z", "origin": [8, 0.76875, 9]},
			"faces": {
				"north": {"uv": [1.5, 0, 0, 0], "texture": "#0"},
				"east": {"uv": [4, 0, 0, 0], "texture": "#0"},
				"south": {"uv": [1.5, 0, 0, 0], "texture": "#0"},
				"west": {"uv": [4, 0, 0, 0], "texture": "#0"},
				"up": {"uv": [16, 6.5, 0, 0], "rotation": 90, "texture": "#0"},
				"down": {"uv": [16, 0, 0, 6.5], "rotation": 270, "texture": "#0"}
			}
		}
	]
}