{
	"credit": " (C)ArtsByKev, https://youtube.com/c/artsbykev & https://twitter.com/artsbykev - Using Blockbench",
	"texture_size": [32, 32],
	"textures": {
		"0": "artsbykev_var/textures/tall_fern",
		"particle": "artsbykev_var/textures/tall_fern"
	},
	"elements": [
		{
			"from": [6, 0, 8],
			"to": [10, 16, 8],
			"rotation": {"angle": 0, "axis": "y", "origin": [8, 0, 8]},
			"faces": {
				"north": {"uv": [14, 0, 16, 9], "texture": "#0", "tintindex": 0},
				"east": {"uv": [14, 0, 16, 9], "texture": "#0", "tintindex": 0},
				"south": {"uv": [14, 0, 16, 9], "texture": "#0", "tintindex": 0},
				"west": {"uv": [14, 0, 16, 9], "texture": "#0", "tintindex": 0},
				"up": {"uv": [0, 0, 2, 0], "texture": "#0", "tintindex": 0},
				"down": {"uv": [0, 0, 2, 0], "texture": "#0", "tintindex": 0}
			}
		},
		{
			"from": [8, 0, 6],
			"to": [8, 16, 10],
			"rotation": {"angle": 0, "axis": "y", "origin": [8, 0, 8]},
			"faces": {
				"north": {"uv": [14, 0, 16, 9], "texture": "#0", "tintindex": 0},
				"east": {"uv": [14, 0, 16, 9], "texture": "#0", "tintindex": 0},
				"south": {"uv": [14, 0, 16, 9], "texture": "#0", "tintindex": 0},
				"west": {"uv": [14, 0, 16, 9], "texture": "#0", "tintindex": 0},
				"up": {"uv": [0, 0, 2, 0], "texture": "#0", "tintindex": 0},
				"down": {"uv": [0, 0, 2, 0], "texture": "#0", "tintindex": 0}
			}
		}
	]
}