{
	"credit": " (C)ArtsByKev, https://youtube.com/c/artsbykev & https://twitter.com/artsbykev - Using Blockbench",
	"texture_size": [32, 32],
	"textures": {
		"0": "artsbykev_var/textures/tall_fern",
		"particle": "artsbykev_var/textures/tall_fern"
	},
	"elements": [
		{
			"from": [6, 18, 8],
			"to": [11, 18, 17],
			"rotation": {"angle": 45, "axis": "y", "origin": [8, 18, 8]},
			"faces": {
				"north": {"uv": [3, 0, 0, 0], "rotation": 180, "texture": "#0", "tintindex": 0},
				"east": {"uv": [0, 0, 0, 11], "rotation": 270, "texture": "#0", "tintindex": 0},
				"south": {"uv": [3, 0, 0, 0], "texture": "#0", "tintindex": 0},
				"west": {"uv": [0, 0, 0, 11], "rotation": 90, "texture": "#0", "tintindex": 0},
				"up": {"uv": [3.75, 0, 6.25, 4.5], "rotation": 180, "texture": "#0", "tintindex": 0},
				"down": {"uv": [0, 0, 3, 11], "texture": "#0", "tintindex": 0}
			}
		},
		{
			"from": [6, 14, 9],
			"to": [11, 14, 18],
			"rotation": {"angle": 45, "axis": "x", "origin": [8, 14, 9]},
			"faces": {
				"north": {"uv": [3, 0, 0, 0], "rotation": 180, "texture": "#0", "tintindex": 0},
				"east": {"uv": [0, 0, 0, 11], "rotation": 270, "texture": "#0", "tintindex": 0},
				"south": {"uv": [3, 0, 0, 0], "texture": "#0", "tintindex": 0},
				"west": {"uv": [0, 0, 0, 11], "rotation": 90, "texture": "#0", "tintindex": 0},
				"up": {"uv": [3.75, 0, 6.25, 4.5], "rotation": 180, "texture": "#0", "tintindex": 0},
				"down": {"uv": [0, 0, 3, 11], "texture": "#0", "tintindex": 0}
			}
		},
		{
			"from": [6, 18, 8],
			"to": [11, 18, 17],
			"rotation": {"angle": -45, "axis": "y", "origin": [8, 18, 8]},
			"faces": {
				"north": {"uv": [3, 0, 0, 0], "rotation": 180, "texture": "#0", "tintindex": 0},
				"east": {"uv": [0, 0, 0, 11], "rotation": 270, "texture": "#0", "tintindex": 0},
				"south": {"uv": [3, 0, 0, 0], "texture": "#0", "tintindex": 0},
				"west": {"uv": [0, 0, 0, 11], "rotation": 90, "texture": "#0", "tintindex": 0},
				"up": {"uv": [3.75, 0, 6.25, 4.5], "rotation": 180, "texture": "#0", "tintindex": 0},
				"down": {"uv": [0, 0, 3, 11], "texture": "#0", "tintindex": 0}
			}
		},
		{
			"from": [-2, 14, 6],
			"to": [7, 14, 11],
			"rotation": {"angle": 45, "axis": "z", "origin": [7, 14, 8]},
			"faces": {
				"north": {"uv": [0, 0, 0, 11], "rotation": 90, "texture": "#0", "tintindex": 0},
				"east": {"uv": [3, 0, 0, 0], "rotation": 180, "texture": "#0", "tintindex": 0},
				"south": {"uv": [0, 0, 0, 11], "rotation": 270, "texture": "#0", "tintindex": 0},
				"west": {"uv": [3, 0, 0, 0], "texture": "#0", "tintindex": 0},
				"up": {"uv": [3.75, 0, 6.25, 4.5], "rotation": 270, "texture": "#0", "tintindex": 0},
				"down": {"uv": [0, 0, 3, 11], "rotation": 270, "texture": "#0", "tintindex": 0}
			}
		},
		{
			"from": [5, 18, -1],
			"to": [10, 18, 8],
			"rotation": {"angle": 45, "axis": "y", "origin": [8, 18, 8]},
			"faces": {
				"north": {"uv": [3, 0, 0, 0], "texture": "#0", "tintindex": 0},
				"east": {"uv": [0, 0, 0, 11], "rotation": 90, "texture": "#0", "tintindex": 0},
				"south": {"uv": [3, 0, 0, 0], "rotation": 180, "texture": "#0", "tintindex": 0},
				"west": {"uv": [0, 0, 0, 11], "rotation": 270, "texture": "#0", "tintindex": 0},
				"up": {"uv": [3.75, 0, 6.25, 4.5], "texture": "#0", "tintindex": 0},
				"down": {"uv": [0, 0, 3, 11], "rotation": 180, "texture": "#0", "tintindex": 0}
			}
		},
		{
			"from": [5, 14, -2],
			"to": [10, 14, 7],
			"rotation": {"angle": -45, "axis": "x", "origin": [8, 14, 7]},
			"faces": {
				"north": {"uv": [3, 0, 0, 0], "texture": "#0", "tintindex": 0},
				"east": {"uv": [0, 0, 0, 11], "rotation": 90, "texture": "#0", "tintindex": 0},
				"south": {"uv": [3, 0, 0, 0], "rotation": 180, "texture": "#0", "tintindex": 0},
				"west": {"uv": [0, 0, 0, 11], "rotation": 270, "texture": "#0", "tintindex": 0},
				"up": {"uv": [3.75, 0, 6.25, 4.5], "texture": "#0", "tintindex": 0},
				"down": {"uv": [0, 0, 3, 11], "rotation": 180, "texture": "#0", "tintindex": 0}
			}
		},
		{
			"from": [5, 18, -1],
			"to": [10, 18, 8],
			"rotation": {"angle": -45, "axis": "y", "origin": [8, 18, 8]},
			"faces": {
				"north": {"uv": [3, 0, 0, 0], "texture": "#0", "tintindex": 0},
				"east": {"uv": [0, 0, 0, 11], "rotation": 90, "texture": "#0", "tintindex": 0},
				"south": {"uv": [3, 0, 0, 0], "rotation": 180, "texture": "#0", "tintindex": 0},
				"west": {"uv": [0, 0, 0, 11], "rotation": 270, "texture": "#0", "tintindex": 0},
				"up": {"uv": [3.75, 0, 6.25, 4.5], "texture": "#0", "tintindex": 0},
				"down": {"uv": [0, 0, 3, 11], "rotation": 180, "texture": "#0", "tintindex": 0}
			}
		},
		{
			"from": [9, 14, 5],
			"to": [18, 14, 10],
			"rotation": {"angle": -45, "axis": "z", "origin": [9, 14, 8]},
			"faces": {
				"north": {"uv": [0, 0, 0, 11], "rotation": 270, "texture": "#0", "tintindex": 0},
				"east": {"uv": [3, 0, 0, 0], "texture": "#0", "tintindex": 0},
				"south": {"uv": [0, 0, 0, 11], "rotation": 90, "texture": "#0", "tintindex": 0},
				"west": {"uv": [3, 0, 0, 0], "rotation": 180, "texture": "#0", "tintindex": 0},
				"up": {"uv": [3.75, 0, 6.25, 4.5], "rotation": 90, "texture": "#0", "tintindex": 0},
				"down": {"uv": [0, 0, 3, 11], "rotation": 90, "texture": "#0", "tintindex": 0}
			}
		},
		{
			"from": [4, 18, 8],
			"to": [12, 29, 8],
			"rotation": {"angle": 45, "axis": "x", "origin": [8, 18, 8]},
			"faces": {
				"north": {"uv": [7, 0, 11, 5.5], "texture": "#0", "tintindex": 0},
				"east": {"uv": [0, 0, 0, 5.5], "texture": "#0", "tintindex": 0},
				"south": {"uv": [7, 0, 11, 5.5], "texture": "#0", "tintindex": 0},
				"west": {"uv": [0, 0, 0, 5.5], "texture": "#0", "tintindex": 0},
				"up": {"uv": [4, 0, 0, 0], "texture": "#0", "tintindex": 0},
				"down": {"uv": [4, 0, 0, 0], "texture": "#0", "tintindex": 0}
			}
		},
		{
			"from": [4, 18, 8],
			"to": [12, 29, 8],
			"rotation": {"angle": -45, "axis": "x", "origin": [8, 18, 8]},
			"faces": {
				"north": {"uv": [7, 0, 11, 5.5], "texture": "#0", "tintindex": 0},
				"east": {"uv": [0, 0, 0, 5.5], "texture": "#0", "tintindex": 0},
				"south": {"uv": [7, 0, 11, 5.5], "texture": "#0", "tintindex": 0},
				"west": {"uv": [0, 0, 0, 5.5], "texture": "#0", "tintindex": 0},
				"up": {"uv": [0, 0, 4, 0], "texture": "#0", "tintindex": 0},
				"down": {"uv": [0, 0, 4, 0], "texture": "#0", "tintindex": 0}
			}
		},
		{
			"from": [4, 25.77747, 15.77888],
			"to": [12, 25.77747, 24.77888],
			"rotation": {"angle": -22.5, "axis": "x", "origin": [8, 25.77747, 15.77888]},
			"faces": {
				"north": {"uv": [4, 0, 0, 0], "rotation": 180, "texture": "#0", "tintindex": 0},
				"east": {"uv": [0, 0, 0, 4.5], "rotation": 270, "texture": "#0", "tintindex": 0},
				"south": {"uv": [4, 0, 0, 0], "texture": "#0", "tintindex": 0},
				"west": {"uv": [0, 0, 0, 4.5], "rotation": 90, "texture": "#0", "tintindex": 0},
				"up": {"uv": [3, 0, 7, 4.5], "rotation": 180, "texture": "#0", "tintindex": 0},
				"down": {"uv": [3, 0, 7, 4.5], "texture": "#0", "tintindex": 0}
			}
		},
		{
			"from": [4, 25.77747, -8.77888],
			"to": [12, 25.77747, 0.22112],
			"rotation": {"angle": 22.5, "axis": "x", "origin": [8, 25.77747, 0.22112]},
			"faces": {
				"north": {"uv": [4, 0, 0, 0], "texture": "#0", "tintindex": 0},
				"east": {"uv": [0, 0, 0, 4.5], "rotation": 90, "texture": "#0", "tintindex": 0},
				"south": {"uv": [4, 0, 0, 0], "rotation": 180, "texture": "#0", "tintindex": 0},
				"west": {"uv": [0, 0, 0, 4.5], "rotation": 270, "texture": "#0", "tintindex": 0},
				"up": {"uv": [7, 4.5, 3, 0], "rotation": 180, "texture": "#0", "tintindex": 0},
				"down": {"uv": [7, 4.5, 3, 0], "texture": "#0", "tintindex": 0}
			}
		},
		{
			"from": [4, 22.20852, 18.16267],
			"to": [12, 22.20852, 27.16267],
			"rotation": {"angle": 22.5, "axis": "x", "origin": [8, 22.20852, 18.16267]},
			"faces": {
				"north": {"uv": [4, 0, 0, 0], "rotation": 180, "texture": "#0", "tintindex": 0},
				"east": {"uv": [0, 0, 0, 4.5], "rotation": 270, "texture": "#0", "tintindex": 0},
				"south": {"uv": [4, 0, 0, 0], "texture": "#0", "tintindex": 0},
				"west": {"uv": [0, 0, 0, 4.5], "rotation": 90, "texture": "#0", "tintindex": 0},
				"up": {"uv": [3, 0, 7, 4.5], "rotation": 180, "texture": "#0", "tintindex": 0},
				"down": {"uv": [3, 0, 7, 4.5], "texture": "#0", "tintindex": 0}
			}
		},
		{
			"from": [4, 22.20852, -11.16267],
			"to": [12, 22.20852, -2.16267],
			"rotation": {"angle": -22.5, "axis": "x", "origin": [8, 22.20852, -2.16267]},
			"faces": {
				"north": {"uv": [4, 0, 0, 0], "texture": "#0", "tintindex": 0},
				"east": {"uv": [0, 0, 0, 4.5], "rotation": 90, "texture": "#0", "tintindex": 0},
				"south": {"uv": [4, 0, 0, 0], "rotation": 180, "texture": "#0", "tintindex": 0},
				"west": {"uv": [0, 0, 0, 4.5], "rotation": 270, "texture": "#0", "tintindex": 0},
				"up": {"uv": [7, 4.5, 3, 0], "rotation": 180, "texture": "#0", "tintindex": 0},
				"down": {"uv": [7, 4.5, 3, 0], "texture": "#0", "tintindex": 0}
			}
		},
		{
			"from": [4, 18, 8],
			"to": [12, 18, 19],
			"rotation": {"angle": -22.5, "axis": "x", "origin": [8, 18, 8]},
			"faces": {
				"north": {"uv": [4, 0, 0, 0], "rotation": 180, "texture": "#0", "tintindex": 0},
				"east": {"uv": [0, 0, 0, 5.5], "rotation": 270, "texture": "#0", "tintindex": 0},
				"south": {"uv": [4, 0, 0, 0], "texture": "#0", "tintindex": 0},
				"west": {"uv": [0, 0, 0, 5.5], "rotation": 90, "texture": "#0", "tintindex": 0},
				"up": {"uv": [7, 0, 11, 5.5], "rotation": 180, "texture": "#0", "tintindex": 0},
				"down": {"uv": [7, 0, 11, 5.5], "texture": "#0", "tintindex": 0}
			}
		},
		{
			"from": [4, 18, -3],
			"to": [12, 18, 8],
			"rotation": {"angle": 22.5, "axis": "x", "origin": [8, 18, 8]},
			"faces": {
				"north": {"uv": [4, 0, 0, 0], "texture": "#0", "tintindex": 0},
				"east": {"uv": [0, 0, 0, 5.5], "rotation": 90, "texture": "#0", "tintindex": 0},
				"south": {"uv": [4, 0, 0, 0], "rotation": 180, "texture": "#0", "tintindex": 0},
				"west": {"uv": [0, 0, 0, 5.5], "rotation": 270, "texture": "#0", "tintindex": 0},
				"up": {"uv": [11, 5.5, 7, 0], "rotation": 180, "texture": "#0", "tintindex": 0},
				"down": {"uv": [11, 5.5, 7, 0], "texture": "#0", "tintindex": 0}
			}
		},
		{
			"from": [-3, 18, 5],
			"to": [8, 18, 11],
			"rotation": {"angle": 22.5, "axis": "z", "origin": [8, 18, 8]},
			"faces": {
				"north": {"uv": [0, 0, 0, 11], "rotation": 90, "texture": "#0", "tintindex": 0},
				"east": {"uv": [0, 0, 3, 0], "texture": "#0", "tintindex": 0},
				"south": {"uv": [0, 0, 0, 11], "rotation": 270, "texture": "#0", "tintindex": 0},
				"west": {"uv": [0, 0, 3, 0], "rotation": 180, "texture": "#0", "tintindex": 0},
				"up": {"uv": [0, 5.5, 3, 11], "rotation": 270, "texture": "#0", "tintindex": 0},
				"down": {"uv": [0, 5.5, 3, 11], "rotation": 270, "texture": "#0", "tintindex": 0}
			}
		},
		{
			"from": [5, 18, -3],
			"to": [11, 18, 8],
			"rotation": {"angle": -22.5, "axis": "x", "origin": [8, 18, 8]},
			"faces": {
				"north": {"uv": [0, 0, 3, 0], "rotation": 180, "texture": "#0", "tintindex": 0},
				"east": {"uv": [0, 0, 0, 11], "rotation": 90, "texture": "#0", "tintindex": 0},
				"south": {"uv": [0, 0, 3, 0], "texture": "#0", "tintindex": 0},
				"west": {"uv": [0, 0, 0, 11], "rotation": 270, "texture": "#0", "tintindex": 0},
				"up": {"uv": [0, 5.5, 3, 11], "texture": "#0", "tintindex": 0},
				"down": {"uv": [0, 5.5, 3, 11], "rotation": 180, "texture": "#0", "tintindex": 0}
			}
		},
		{
			"from": [8, 18, 5],
			"to": [19, 18, 11],
			"rotation": {"angle": -22.5, "axis": "z", "origin": [8, 18, 8]},
			"faces": {
				"north": {"uv": [0, 11, 0, 0], "rotation": 90, "texture": "#0", "tintindex": 0},
				"east": {"uv": [3, 0, 0, 0], "rotation": 180, "texture": "#0", "tintindex": 0},
				"south": {"uv": [0, 11, 0, 0], "rotation": 270, "texture": "#0", "tintindex": 0},
				"west": {"uv": [3, 0, 0, 0], "texture": "#0", "tintindex": 0},
				"up": {"uv": [0, 11, 3, 5.5], "rotation": 270, "texture": "#0", "tintindex": 0},
				"down": {"uv": [0, 11, 3, 5.5], "rotation": 270, "texture": "#0", "tintindex": 0}
			}
		},
		{
			"from": [5, 18, 8],
			"to": [11, 18, 19],
			"rotation": {"angle": 22.5, "axis": "x", "origin": [8, 18, 8]},
			"faces": {
				"north": {"uv": [3, 0, 0, 0], "texture": "#0", "tintindex": 0},
				"east": {"uv": [0, 11, 0, 0], "rotation": 90, "texture": "#0", "tintindex": 0},
				"south": {"uv": [3, 0, 0, 0], "rotation": 180, "texture": "#0", "tintindex": 0},
				"west": {"uv": [0, 11, 0, 0], "rotation": 270, "texture": "#0", "tintindex": 0},
				"up": {"uv": [0, 11, 3, 5.5], "texture": "#0", "tintindex": 0},
				"down": {"uv": [0, 11, 3, 5.5], "rotation": 180, "texture": "#0", "tintindex": 0}
			}
		},
		{
			"from": [-13.16267, 13.79048, 5],
			"to": [-2.16267, 13.79048, 11],
			"rotation": {"angle": 45, "axis": "z", "origin": [-2.16267, 13.79048, 8]},
			"faces": {
				"north": {"uv": [0, 0, 0, 11], "rotation": 90, "texture": "#0", "tintindex": 0},
				"east": {"uv": [0, 0, 3, 0], "texture": "#0", "tintindex": 0},
				"south": {"uv": [0, 0, 0, 11], "rotation": 270, "texture": "#0", "tintindex": 0},
				"west": {"uv": [0, 0, 3, 0], "rotation": 180, "texture": "#0", "tintindex": 0},
				"up": {"uv": [0, 0, 3, 5.5], "rotation": 270, "texture": "#0", "tintindex": 0},
				"down": {"uv": [0, 0, 3, 5.5], "rotation": 270, "texture": "#0", "tintindex": 0}
			}
		},
		{
			"from": [5, 2.79048, -2.16267],
			"to": [11, 13.79048, -2.16267],
			"rotation": {"angle": 22.5, "axis": "x", "origin": [8, 13.79048, -2.16267]},
			"faces": {
				"north": {"uv": [0, 0, 3, 5.5], "rotation": 180, "texture": "#0", "tintindex": 0},
				"east": {"uv": [0, 0, 0, 11], "rotation": 180, "texture": "#0", "tintindex": 0},
				"south": {"uv": [0, 0, 3, 5.5], "rotation": 180, "texture": "#0", "tintindex": 0},
				"west": {"uv": [0, 0, 0, 11], "rotation": 180, "texture": "#0", "tintindex": 0},
				"up": {"uv": [0, 0, 3, 0], "texture": "#0", "tintindex": 0},
				"down": {"uv": [0, 0, 3, 0], "texture": "#0", "tintindex": 0}
			}
		},
		{
			"from": [18.16267, 13.79048, 5],
			"to": [29.16267, 13.79048, 11],
			"rotation": {"angle": -45, "axis": "z", "origin": [18.16267, 13.79048, 8]},
			"faces": {
				"north": {"uv": [0, 11, 0, 0], "rotation": 90, "texture": "#0", "tintindex": 0},
				"east": {"uv": [3, 0, 0, 0], "rotation": 180, "texture": "#0", "tintindex": 0},
				"south": {"uv": [0, 11, 0, 0], "rotation": 270, "texture": "#0", "tintindex": 0},
				"west": {"uv": [3, 0, 0, 0], "texture": "#0", "tintindex": 0},
				"up": {"uv": [0, 5.5, 3, 0], "rotation": 270, "texture": "#0", "tintindex": 0},
				"down": {"uv": [0, 5.5, 3, 0], "rotation": 270, "texture": "#0", "tintindex": 0}
			}
		},
		{
			"from": [5, 2.79048, 18.16267],
			"to": [11, 13.79048, 18.16267],
			"rotation": {"angle": -22.5, "axis": "x", "origin": [8, 13.79048, 18.16267]},
			"faces": {
				"north": {"uv": [0, 5.5, 3, 0], "texture": "#0", "tintindex": 0},
				"east": {"uv": [0, 11, 0, 0], "texture": "#0", "tintindex": 0},
				"south": {"uv": [0, 5.5, 3, 0], "texture": "#0", "tintindex": 0},
				"west": {"uv": [0, 11, 0, 0], "texture": "#0", "tintindex": 0},
				"up": {"uv": [3, 0, 0, 0], "rotation": 180, "texture": "#0", "tintindex": 0},
				"down": {"uv": [3, 0, 0, 0], "rotation": 180, "texture": "#0", "tintindex": 0}
			}
		},
		{
			"from": [8, 18, 4],
			"to": [19, 18, 12],
			"rotation": {"angle": 22.5, "axis": "z", "origin": [8, 18, 8]},
			"faces": {
				"north": {"uv": [0, 0, 0, 5.5], "rotation": 270, "texture": "#0", "tintindex": 0},
				"east": {"uv": [4, 0, 0, 0], "texture": "#0", "tintindex": 0},
				"south": {"uv": [0, 0, 0, 5.5], "rotation": 90, "texture": "#0", "tintindex": 0},
				"west": {"uv": [4, 0, 0, 0], "rotation": 180, "texture": "#0", "tintindex": 0},
				"up": {"uv": [7, 0, 11, 5.5], "rotation": 90, "texture": "#0", "tintindex": 0},
				"down": {"uv": [7, 0, 11, 5.5], "rotation": 90, "texture": "#0", "tintindex": 0}
			}
		},
		{
			"from": [-3, 18, 4],
			"to": [8, 18, 12],
			"rotation": {"angle": -22.5, "axis": "z", "origin": [8, 18, 8]},
			"faces": {
				"north": {"uv": [0, 0, 0, 5.5], "rotation": 90, "texture": "#0", "tintindex": 0},
				"east": {"uv": [4, 0, 0, 0], "rotation": 180, "texture": "#0", "tintindex": 0},
				"south": {"uv": [0, 0, 0, 5.5], "rotation": 270, "texture": "#0", "tintindex": 0},
				"west": {"uv": [4, 0, 0, 0], "texture": "#0", "tintindex": 0},
				"up": {"uv": [11, 5.5, 7, 0], "rotation": 90, "texture": "#0", "tintindex": 0},
				"down": {"uv": [11, 5.5, 7, 0], "rotation": 90, "texture": "#0", "tintindex": 0}
			}
		},
		{
			"from": [15.77888, 25.77747, 4],
			"to": [24.77888, 25.77747, 12],
			"rotation": {"angle": 22.5, "axis": "z", "origin": [15.77888, 25.77747, 8]},
			"faces": {
				"north": {"uv": [0, 0, 0, 4.5], "rotation": 270, "texture": "#0", "tintindex": 0},
				"east": {"uv": [4, 0, 0, 0], "texture": "#0", "tintindex": 0},
				"south": {"uv": [0, 0, 0, 4.5], "rotation": 90, "texture": "#0", "tintindex": 0},
				"west": {"uv": [4, 0, 0, 0], "rotation": 180, "texture": "#0", "tintindex": 0},
				"up": {"uv": [3, 0, 7, 4.5], "rotation": 90, "texture": "#0", "tintindex": 0},
				"down": {"uv": [3, 0, 7, 4.5], "rotation": 90, "texture": "#0", "tintindex": 0}
			}
		},
		{
			"from": [-8.77888, 25.77747, 4],
			"to": [0.22112, 25.77747, 12],
			"rotation": {"angle": -22.5, "axis": "z", "origin": [0.22112, 25.77747, 8]},
			"faces": {
				"north": {"uv": [0, 0, 0, 4.5], "rotation": 90, "texture": "#0", "tintindex": 0},
				"east": {"uv": [4, 0, 0, 0], "rotation": 180, "texture": "#0", "tintindex": 0},
				"south": {"uv": [0, 0, 0, 4.5], "rotation": 270, "texture": "#0", "tintindex": 0},
				"west": {"uv": [4, 0, 0, 0], "texture": "#0", "tintindex": 0},
				"up": {"uv": [7, 4.5, 3, 0], "rotation": 90, "texture": "#0", "tintindex": 0},
				"down": {"uv": [7, 4.5, 3, 0], "rotation": 90, "texture": "#0", "tintindex": 0}
			}
		},
		{
			"from": [18.16267, 22.20952, 4],
			"to": [27.16267, 22.20952, 12],
			"rotation": {"angle": -22.5, "axis": "z", "origin": [18.16267, 22.20952, 8]},
			"faces": {
				"north": {"uv": [0, 0, 0, 4.5], "rotation": 270, "texture": "#0", "tintindex": 0},
				"east": {"uv": [4, 0, 0, 0], "texture": "#0", "tintindex": 0},
				"south": {"uv": [0, 0, 0, 4.5], "rotation": 90, "texture": "#0", "tintindex": 0},
				"west": {"uv": [4, 0, 0, 0], "rotation": 180, "texture": "#0", "tintindex": 0},
				"up": {"uv": [3, 0, 7, 4.5], "rotation": 90, "texture": "#0", "tintindex": 0},
				"down": {"uv": [3, 0, 7, 4.5], "rotation": 90, "texture": "#0", "tintindex": 0}
			}
		},
		{
			"from": [-11.16267, 22.20952, 4],
			"to": [-2.16267, 22.20952, 12],
			"rotation": {"angle": 22.5, "axis": "z", "origin": [-2.16267, 22.20952, 8]},
			"faces": {
				"north": {"uv": [0, 0, 0, 4.5], "rotation": 90, "texture": "#0", "tintindex": 0},
				"east": {"uv": [4, 0, 0, 0], "rotation": 180, "texture": "#0", "tintindex": 0},
				"south": {"uv": [0, 0, 0, 4.5], "rotation": 270, "texture": "#0", "tintindex": 0},
				"west": {"uv": [4, 0, 0, 0], "texture": "#0", "tintindex": 0},
				"up": {"uv": [7, 4.5, 3, 0], "rotation": 90, "texture": "#0", "tintindex": 0},
				"down": {"uv": [7, 4.5, 3, 0], "rotation": 90, "texture": "#0", "tintindex": 0}
			}
		},
		{
			"from": [8, 18, 4],
			"to": [8, 29, 12],
			"rotation": {"angle": -45, "axis": "z", "origin": [8, 18, 8]},
			"faces": {
				"north": {"uv": [0, 0, 0, 5.5], "texture": "#0", "tintindex": 0},
				"east": {"uv": [7, 0, 11, 5.5], "texture": "#0", "tintindex": 0},
				"south": {"uv": [0, 0, 0, 5.5], "texture": "#0", "tintindex": 0},
				"west": {"uv": [7, 0, 11, 5.5], "texture": "#0", "tintindex": 0},
				"up": {"uv": [4, 0, 0, 0], "rotation": 270, "texture": "#0", "tintindex": 0},
				"down": {"uv": [4, 0, 0, 0], "rotation": 90, "texture": "#0", "tintindex": 0}
			}
		},
		{
			"from": [8, 18, 4],
			"to": [8, 29, 12],
			"rotation": {"angle": 45, "axis": "z", "origin": [8, 18, 8]},
			"faces": {
				"north": {"uv": [0, 0, 0, 5.5], "texture": "#0", "tintindex": 0},
				"east": {"uv": [7, 0, 11, 5.5], "texture": "#0", "tintindex": 0},
				"south": {"uv": [0, 0, 0, 5.5], "texture": "#0", "tintindex": 0},
				"west": {"uv": [7, 0, 11, 5.5], "texture": "#0", "tintindex": 0},
				"up": {"uv": [0, 0, 4, 0], "rotation": 270, "texture": "#0", "tintindex": 0},
				"down": {"uv": [0, 0, 4, 0], "rotation": 90, "texture": "#0", "tintindex": 0}
			}
		},
		{
			"from": [6, 0, 8],
			"to": [10, 18, 8],
			"rotation": {"angle": 0, "axis": "y", "origin": [8, 0, 8]},
			"faces": {
				"north": {"uv": [14, 0, 16, 9], "texture": "#0", "tintindex": 0},
				"east": {"uv": [14, 0, 16, 9], "texture": "#0", "tintindex": 0},
				"south": {"uv": [14, 0, 16, 9], "texture": "#0", "tintindex": 0},
				"west": {"uv": [14, 0, 16, 9], "texture": "#0", "tintindex": 0},
				"up": {"uv": [0, 0, 2, 0], "texture": "#0", "tintindex": 0},
				"down": {"uv": [0, 0, 2, 0], "texture": "#0", "tintindex": 0}
			}
		},
		{
			"from": [8, 0, 6],
			"to": [8, 18, 10],
			"rotation": {"angle": 0, "axis": "y", "origin": [8, 0, 8]},
			"faces": {
				"north": {"uv": [14, 0, 16, 9], "texture": "#0", "tintindex": 0},
				"east": {"uv": [14, 0, 16, 9], "texture": "#0", "tintindex": 0},
				"south": {"uv": [14, 0, 16, 9], "texture": "#0", "tintindex": 0},
				"west": {"uv": [14, 0, 16, 9], "texture": "#0", "tintindex": 0},
				"up": {"uv": [0, 0, 2, 0], "texture": "#0", "tintindex": 0},
				"down": {"uv": [0, 0, 2, 0], "texture": "#0", "tintindex": 0}
			}
		}
	]
}