{
	"credit": "Designed by Kevin *ArtsByKev* www.twitter.com/artsbykev, Made with Blockbench",
	"texture_size": [128, 128],
	"textures": {
		"0": "artsbykev_var/textures/tent",
		"particle": "artsbykev_var/textures/tent"
	},
	"elements": [
		{
			"from": [0, 0, -9],
			"to": [16, 1, 25],
			"faces": {
				"north": {"uv": [5.25, 5.125, 7.25, 5.25], "texture": "#0"},
				"east": {"uv": [7.25, 5.25, 11.5, 5.375], "texture": "#0"},
				"south": {"uv": [7.25, 5.5, 9.25, 5.625], "texture": "#0"},
				"west": {"uv": [7.25, 5.375, 11.5, 5.5], "texture": "#0"},
				"up": {"uv": [7.25, 9.5, 5.25, 5.25], "texture": "#0"},
				"down": {"uv": [7.25, 0, 5.25, 4.25], "texture": "#0"}
			}
		},
		{
			"from": [1, 1, 17],
			"to": [15, 2, 24],
			"rotation": {"angle": 0, "axis": "y", "origin": [8, 9, 8]},
			"faces": {
				"north": {"uv": [7.25, 5.625, 9, 5.75], "texture": "#0"},
				"east": {"uv": [7.25, 4, 8.125, 4.125], "texture": "#0"},
				"south": {"uv": [7.25, 5.75, 9, 5.875], "texture": "#0"},
				"west": {"uv": [7.25, 4.125, 8.125, 4.25], "texture": "#0"},
				"up": {"uv": [7, 5.125, 5.25, 4.25], "texture": "#0"},
				"down": {"uv": [8.75, 4.25, 7, 5.125], "texture": "#0"}
			}
		},
		{
			"from": [7.4, -11.5, -13],
			"to": [8.4, 30.5, 29],
			"rotation": {"angle": 45, "axis": "z", "origin": [8.4, 30.5, 8]},
			"faces": {
				"north": {"uv": [8.75, 8.75, 8.875, 14], "texture": "#0"},
				"east": {"uv": [0, 0, 5.25, 5.25], "texture": "#0"},
				"south": {"uv": [8.75, 0, 8.875, 5.25], "texture": "#0"},
				"west": {"uv": [0, 5.25, 5.25, 10.5], "texture": "#0"},
				"up": {"uv": [9, 14.125, 8.875, 8.875], "texture": "#0"},
				"down": {"uv": [9, 0, 8.875, 5.25], "texture": "#0"}
			}
		},
		{
			"from": [7.6, -11.5, -13],
			"to": [8.6, 30.5, 29],
			"rotation": {"angle": -45, "axis": "z", "origin": [7.6, 30.5, 8]},
			"faces": {
				"north": {"uv": [8.875, 8.75, 8.75, 14], "texture": "#0"},
				"east": {"uv": [5.25, 5.25, 0, 10.5], "texture": "#0"},
				"south": {"uv": [8.875, 0, 8.75, 5.25], "texture": "#0"},
				"west": {"uv": [5.25, 0, 0, 5.25], "texture": "#0"},
				"up": {"uv": [8.875, 14.125, 9, 8.875], "texture": "#0"},
				"down": {"uv": [8.875, 0, 9, 5.25], "texture": "#0"}
			}
		},
		{
			"from": [7, 0, -14],
			"to": [9, 32, -12],
			"rotation": {"angle": 0, "axis": "y", "origin": [8, 0, -13]},
			"faces": {
				"north": {"uv": [7.25, 7.25, 7.5, 11.25], "texture": "#0"},
				"east": {"uv": [7.25, 0, 7.5, 4], "texture": "#0"},
				"south": {"uv": [7.5, 7.5, 7.75, 11.5], "texture": "#0"},
				"west": {"uv": [7.5, 0, 7.75, 4], "texture": "#0"},
				"up": {"uv": [7.5, 6.5, 7.25, 6.25], "texture": "#0"},
				"down": {"uv": [7.5, 6.5, 7.25, 6.75], "texture": "#0"}
			}
		},
		{
			"from": [8, -12, -13.5],
			"to": [9, 31, -12.5],
			"rotation": {"angle": 45, "axis": "z", "origin": [9, 31, -12.5]},
			"faces": {
				"north": {"uv": [8.25, 8.25, 8.375, 13.625], "texture": "#0"},
				"east": {"uv": [8.375, 8.375, 8.5, 13.75], "texture": "#0"},
				"south": {"uv": [8.5, 8.5, 8.625, 13.875], "texture": "#0"},
				"west": {"uv": [8.625, 8.625, 8.75, 14], "texture": "#0"},
				"up": {"uv": [7.625, 6.375, 7.5, 6.25], "texture": "#0"},
				"down": {"uv": [7.625, 6.375, 7.5, 6.5], "texture": "#0"}
			}
		},
		{
			"from": [7, -12, -13.5],
			"to": [8, 31, -12.5],
			"rotation": {"angle": -45, "axis": "z", "origin": [7, 31, -12.5]},
			"faces": {
				"north": {"uv": [8.375, 8.25, 8.25, 13.625], "texture": "#0"},
				"east": {"uv": [8.75, 8.625, 8.625, 14], "texture": "#0"},
				"south": {"uv": [8.625, 8.5, 8.5, 13.875], "texture": "#0"},
				"west": {"uv": [8.5, 8.375, 8.375, 13.75], "texture": "#0"},
				"up": {"uv": [7.5, 6.375, 7.625, 6.25], "texture": "#0"},
				"down": {"uv": [7.5, 6.375, 7.625, 6.5], "texture": "#0"}
			}
		},
		{
			"from": [8, -12, 28.5],
			"to": [9, 31, 29.5],
			"rotation": {"angle": 45, "axis": "z", "origin": [9, 31, 29.5]},
			"faces": {
				"north": {"uv": [8.25, 8.25, 8.375, 13.625], "texture": "#0"},
				"east": {"uv": [8.375, 8.375, 8.5, 13.75], "texture": "#0"},
				"south": {"uv": [8.5, 8.5, 8.625, 13.875], "texture": "#0"},
				"west": {"uv": [8.625, 8.625, 8.75, 14], "texture": "#0"},
				"up": {"uv": [7.625, 6.375, 7.5, 6.25], "texture": "#0"},
				"down": {"uv": [7.625, 6.375, 7.5, 6.5], "texture": "#0"}
			}
		},
		{
			"from": [7, -12, 28.5],
			"to": [8, 31, 29.5],
			"rotation": {"angle": -45, "axis": "z", "origin": [7, 31, 29.5]},
			"faces": {
				"north": {"uv": [8.375, 8.25, 8.25, 13.625], "texture": "#0"},
				"east": {"uv": [8.75, 8.625, 8.625, 14], "texture": "#0"},
				"south": {"uv": [8.625, 8.5, 8.5, 13.875], "texture": "#0"},
				"west": {"uv": [8.5, 8.375, 8.375, 13.75], "texture": "#0"},
				"up": {"uv": [7.5, 6.375, 7.625, 6.25], "texture": "#0"},
				"down": {"uv": [7.5, 6.375, 7.625, 6.5], "texture": "#0"}
			}
		},
		{
			"from": [6.2, -11.8, -13.3],
			"to": [11.8, -11.2, -12.7],
			"rotation": {"angle": 45, "axis": "z", "origin": [8, 32, -12.5]},
			"faces": {
				"north": {"uv": [7.25, 5.125, 8, 5.25], "texture": "#0"},
				"east": {"uv": [7.5, 6.5, 7.625, 6.625], "texture": "#0"},
				"south": {"uv": [7.25, 5.875, 8, 6], "texture": "#0"},
				"west": {"uv": [7.5, 6.625, 7.625, 6.75], "texture": "#0"},
				"up": {"uv": [8, 6.125, 7.25, 6], "texture": "#0"},
				"down": {"uv": [8, 6.125, 7.25, 6.25], "texture": "#0"}
			}
		},
		{
			"from": [4.2, -11.8, -13.3],
			"to": [9.8, -11.2, -12.7],
			"rotation": {"angle": -45, "axis": "z", "origin": [8, 32, -12.5]},
			"faces": {
				"north": {"uv": [8, 5.125, 7.25, 5.25], "texture": "#0"},
				"east": {"uv": [7.625, 6.625, 7.5, 6.75], "texture": "#0"},
				"south": {"uv": [8, 5.875, 7.25, 6], "texture": "#0"},
				"west": {"uv": [7.625, 6.5, 7.5, 6.625], "texture": "#0"},
				"up": {"uv": [7.25, 6.125, 8, 6], "texture": "#0"},
				"down": {"uv": [7.25, 6.125, 8, 6.25], "texture": "#0"}
			}
		},
		{
			"from": [6.2, -11.8, 28.7],
			"to": [11.8, -11.2, 29.3],
			"rotation": {"angle": 45, "axis": "z", "origin": [8, 32, 29.5]},
			"faces": {
				"north": {"uv": [7.25, 5.125, 8, 5.25], "texture": "#0"},
				"east": {"uv": [7.5, 6.5, 7.625, 6.625], "texture": "#0"},
				"south": {"uv": [7.25, 5.875, 8, 6], "texture": "#0"},
				"west": {"uv": [7.5, 6.625, 7.625, 6.75], "texture": "#0"},
				"up": {"uv": [8, 6.125, 7.25, 6], "texture": "#0"},
				"down": {"uv": [8, 6.125, 7.25, 6.25], "texture": "#0"}
			}
		},
		{
			"from": [4.2, -11.8, 28.7],
			"to": [9.8, -11.2, 29.3],
			"rotation": {"angle": -45, "axis": "z", "origin": [8, 32, 29.5]},
			"faces": {
				"north": {"uv": [8, 5.125, 7.25, 5.25], "texture": "#0"},
				"east": {"uv": [7.625, 6.625, 7.5, 6.75], "texture": "#0"},
				"south": {"uv": [8, 5.875, 7.25, 6], "texture": "#0"},
				"west": {"uv": [7.625, 6.5, 7.5, 6.625], "texture": "#0"},
				"up": {"uv": [7.25, 6.125, 8, 6], "texture": "#0"},
				"down": {"uv": [7.25, 6.125, 8, 6.25], "texture": "#0"}
			}
		},
		{
			"from": [7, 0, 28],
			"to": [9, 32, 30],
			"rotation": {"angle": 0, "axis": "y", "origin": [8, 0, 29]},
			"faces": {
				"north": {"uv": [7.75, 7.75, 8, 11.75], "texture": "#0"},
				"east": {"uv": [7.75, 0, 8, 4], "texture": "#0"},
				"south": {"uv": [8, 8, 8.25, 12], "texture": "#0"},
				"west": {"uv": [8, 0, 8.25, 4], "texture": "#0"},
				"up": {"uv": [7.5, 7, 7.25, 6.75], "texture": "#0"},
				"down": {"uv": [7.5, 7, 7.25, 7.25], "texture": "#0"}
			}
		}
	]
}