{
	"credit": "Made with Blockbench",
	"textures": {
		"0": "block/stripped_oak_log",
		"1": "block/oak_planks",
		"particle": "block/stripped_oak_log"
	},
	"elements": [
		{
			"from": [6.25, 0, 3.75],
			"to": [10.25, 6, 11.75],
			"rotation": {"angle": 0, "axis": "y", "origin": [8.25, 8, 7.75]},
			"faces": {
				"north": {"uv": [6, 10, 10, 16], "texture": "#0"},
				"east": {"uv": [4, 10, 12, 16], "texture": "#0"},
				"south": {"uv": [6, 10, 10, 16], "texture": "#0"},
				"west": {"uv": [4, 10, 12, 16], "texture": "#0"},
				"up": {"uv": [6, 4, 10, 12], "texture": "#0"},
				"down": {"uv": [6, 4, 10, 12], "texture": "#0"}
			}
		},
		{
			"from": [6.25, 11, 4],
			"to": [10.25, 16, 12],
			"rotation": {"angle": 0, "axis": "y", "origin": [8.25, 8, 8]},
			"faces": {
				"north": {"uv": [6.25, 0, 10.25, 5], "texture": "#0"},
				"east": {"uv": [3.75, 0, 11.75, 5], "texture": "#0"},
				"south": {"uv": [5.75, 0, 9.75, 5], "texture": "#0"},
				"west": {"uv": [4.25, 0, 12.25, 5], "texture": "#0"},
				"up": {"uv": [5.75, 4.25, 9.75, 12.25], "texture": "#0"},
				"down": {"uv": [5.75, 3.75, 9.75, 11.75], "texture": "#0"}
			}
		},
		{
			"from": [4, 6, 0.25],
			"to": [12, 11, 16.25],
			"rotation": {"angle": 0, "axis": "y", "origin": [8, 15, 4.25]},
			"faces": {
				"north": {"uv": [4, 5, 12, 10], "texture": "#1"},
				"east": {"uv": [0, 5, 15.75, 10], "texture": "#1"},
				"south": {"uv": [4, 5, 12, 10], "texture": "#1"},
				"west": {"uv": [0.25, 5, 16, 10], "texture": "#1"},
				"up": {"uv": [4, 0.25, 12, 16], "texture": "#1"},
				"down": {"uv": [3.75, 0, 11.75, 15.75], "texture": "#1"}
			}
		},
		{
			"from": [12, 6, 3.25],
			"to": [16, 11, 14.25],
			"rotation": {"angle": 0, "axis": "y", "origin": [14, 15, 7.25]},
			"faces": {
				"north": {"uv": [0, 5, 4, 10], "texture": "#1"},
				"east": {"uv": [1.75, 5, 12.75, 10], "texture": "#1"},
				"south": {"uv": [12, 5, 16, 10], "texture": "#1"},
				"west": {"uv": [3.75, 5, 11.75, 10], "texture": "#1"},
				"up": {"uv": [12, 3.25, 16, 14.25], "texture": "#1"},
				"down": {"uv": [11.75, 1.75, 16, 12.75], "texture": "#1"}
			}
		},
		{
			"from": [0, 6, 2],
			"to": [4, 11, 13],
			"rotation": {"angle": 0, "axis": "y", "origin": [3, 15, 6]},
			"faces": {
				"north": {"uv": [12, 5, 16, 10], "texture": "#1"},
				"east": {"uv": [4.25, 5, 12.25, 10], "texture": "#1"},
				"south": {"uv": [0, 5, 4, 10], "texture": "#1"},
				"west": {"uv": [2, 5, 13, 10], "texture": "#1"},
				"up": {"uv": [0, 2, 4, 13], "texture": "#1"},
				"down": {"uv": [0, 1.75, 3.75, 12.75], "texture": "#1"}
			}
		},
		{
			"from": [10.25, 0, 5.75],
			"to": [12.25, 6, 9.75],
			"rotation": {"angle": 0, "axis": "y", "origin": [10.25, 8, 7.75]},
			"faces": {
				"north": {"uv": [4, 10, 6, 16], "texture": "#0"},
				"east": {"uv": [6, 10, 10, 16], "texture": "#0"},
				"south": {"uv": [10, 10, 12, 16], "texture": "#0"},
				"west": {"uv": [0, 0, 4, 6], "texture": "#0"},
				"up": {"uv": [10, 6, 12, 10], "texture": "#0"},
				"down": {"uv": [10, 6, 12, 10], "texture": "#0"}
			}
		},
		{
			"from": [10.25, 11, 6],
			"to": [12.25, 16, 10],
			"rotation": {"angle": 0, "axis": "y", "origin": [10.25, 8, 8]},
			"faces": {
				"north": {"uv": [4.25, 0, 6.25, 5], "texture": "#0"},
				"east": {"uv": [5.75, 0, 9.75, 5], "texture": "#0"},
				"south": {"uv": [9.75, 0, 11.75, 5], "texture": "#0"},
				"west": {"uv": [0, 0, 4, 5], "texture": "#0"},
				"up": {"uv": [9.75, 6.25, 11.75, 10.25], "texture": "#0"},
				"down": {"uv": [0, 0, 2, 4], "texture": "#0"}
			}
		},
		{
			"from": [4.25, 0, 5.75],
			"to": [6.25, 6, 9.75],
			"rotation": {"angle": 0, "axis": "y", "origin": [4.25, 8, 7.75]},
			"faces": {
				"north": {"uv": [10, 10, 12, 16], "texture": "#0"},
				"east": {"uv": [0, 0, 4, 6], "texture": "#0"},
				"south": {"uv": [4, 10, 6, 16], "texture": "#0"},
				"west": {"uv": [6, 10, 10, 16], "texture": "#0"},
				"up": {"uv": [4, 6, 6, 10], "texture": "#0"},
				"down": {"uv": [4, 6, 6, 10], "texture": "#0"}
			}
		},
		{
			"from": [4.25, 11, 6],
			"to": [6.25, 16, 10],
			"rotation": {"angle": 0, "axis": "y", "origin": [4.25, 8, 8]},
			"faces": {
				"north": {"uv": [10.25, 0, 12.25, 5], "texture": "#0"},
				"east": {"uv": [0, 0, 4, 5], "texture": "#0"},
				"south": {"uv": [3.75, 0, 5.75, 5], "texture": "#0"},
				"west": {"uv": [6.25, 0, 10.25, 5], "texture": "#0"},
				"up": {"uv": [3.75, 6.25, 5.75, 10.25], "texture": "#0"},
				"down": {"uv": [3.75, 5.75, 5.75, 9.75], "texture": "#0"}
			}
		}
	]
}