{
	"credit": "Made with Blockbench",
	"textures": {
		"0": "block/stripped_acacia_log",
		"particle": "block/stripped_acacia_log"
	},
	"elements": [
		{
			"from": [10.25, 4, 5.75],
			"to": [16.25, 12, 9.75],
			"rotation": {"angle": 0, "axis": "y", "origin": [8.25, 8, 7.75]},
			"faces": {
				"north": {"uv": [4, 10, 12, 16], "rotation": 90, "texture": "#0"},
				"east": {"uv": [6, 4, 10, 12], "rotation": 180, "texture": "#0"},
				"south": {"uv": [4, 10, 12, 16], "rotation": 270, "texture": "#0"},
				"west": {"uv": [6, 4, 10, 12], "texture": "#0"},
				"up": {"uv": [6, 10, 10, 16], "rotation": 270, "texture": "#0"},
				"down": {"uv": [6, 10, 10, 16], "rotation": 270, "texture": "#0"}
			}
		},
		{
			"from": [16.25, 3.8, 5.75],
			"to": [22.25, 11.8, 9.75],
			"rotation": {"angle": 0, "axis": "y", "origin": [14.25, 7.8, 7.75]},
			"faces": {
				"north": {"uv": [4, 10, 12, 16], "rotation": 90, "texture": "#0"},
				"east": {"uv": [6, 4, 10, 12], "rotation": 180, "texture": "#0"},
				"south": {"uv": [4, 10, 12, 16], "rotation": 270, "texture": "#0"},
				"west": {"uv": [6, 4, 10, 12], "texture": "#0"},
				"up": {"uv": [6, 10, 10, 16], "rotation": 270, "texture": "#0"},
				"down": {"uv": [6, 10, 10, 16], "rotation": 270, "texture": "#0"}
			}
		},
		{
			"from": [0.25, 3.75, 5.75],
			"to": [5.25, 11.75, 9.75],
			"rotation": {"angle": 0, "axis": "y", "origin": [8.25, 7.75, 7.75]},
			"faces": {
				"north": {"uv": [4.25, 0, 12.25, 5], "rotation": 90, "texture": "#0"},
				"east": {"uv": [5.75, 3.75, 9.75, 11.75], "rotation": 180, "texture": "#0"},
				"south": {"uv": [3.75, 0, 11.75, 5], "rotation": 270, "texture": "#0"},
				"west": {"uv": [5.75, 4.25, 9.75, 12.25], "texture": "#0"},
				"up": {"uv": [6.25, 0, 10.25, 5], "rotation": 270, "texture": "#0"},
				"down": {"uv": [5.75, 0, 9.75, 5], "rotation": 270, "texture": "#0"}
			}
		},
		{
			"from": [5.25, 3.5, 5.25],
			"to": [10.25, 11.5, 9.25],
			"rotation": {"angle": 0, "axis": "y", "origin": [1.25, 7.5, 7.25]},
			"faces": {
				"north": {"uv": [3.75, 5, 11.75, 10], "rotation": 90, "texture": "#0"},
				"east": {"uv": [6.25, 4.25, 10.25, 12.25], "rotation": 180, "texture": "#0"},
				"south": {"uv": [4.25, 5, 12.25, 10], "rotation": 270, "texture": "#0"},
				"west": {"uv": [6.25, 3.75, 10.25, 11.75], "texture": "#0"},
				"up": {"uv": [5.75, 5, 9.75, 10], "rotation": 270, "texture": "#0"},
				"down": {"uv": [6.25, 5, 10.25, 10], "rotation": 270, "texture": "#0"}
			}
		},
		{
			"from": [10.25, 6, 9.75],
			"to": [16.25, 10, 11.75],
			"rotation": {"angle": 0, "axis": "y", "origin": [8.25, 8, 9.75]},
			"faces": {
				"north": {"uv": [0, 0, 4, 6], "rotation": 90, "texture": "#0"},
				"east": {"uv": [10, 6, 12, 10], "rotation": 180, "texture": "#0"},
				"south": {"uv": [6, 10, 10, 16], "rotation": 270, "texture": "#0"},
				"west": {"uv": [10, 6, 12, 10], "texture": "#0"},
				"up": {"uv": [4, 10, 6, 16], "rotation": 270, "texture": "#0"},
				"down": {"uv": [10, 10, 12, 16], "rotation": 270, "texture": "#0"}
			}
		},
		{
			"from": [16.25, 5.8, 9.75],
			"to": [22.25, 9.8, 11.75],
			"rotation": {"angle": 0, "axis": "y", "origin": [14.25, 7.8, 9.75]},
			"faces": {
				"north": {"uv": [0, 0, 4, 6], "rotation": 90, "texture": "#0"},
				"east": {"uv": [10, 6, 12, 10], "rotation": 180, "texture": "#0"},
				"south": {"uv": [6, 10, 10, 16], "rotation": 270, "texture": "#0"},
				"west": {"uv": [10, 6, 12, 10], "texture": "#0"},
				"up": {"uv": [4, 10, 6, 16], "rotation": 270, "texture": "#0"},
				"down": {"uv": [10, 10, 12, 16], "rotation": 270, "texture": "#0"}
			}
		},
		{
			"from": [0.25, 5.75, 9.75],
			"to": [5.25, 9.75, 11.75],
			"rotation": {"angle": 0, "axis": "y", "origin": [8.25, 7.75, 9.75]},
			"faces": {
				"north": {"uv": [0, 0, 4, 5], "rotation": 90, "texture": "#0"},
				"east": {"uv": [0, 0, 2, 4], "rotation": 180, "texture": "#0"},
				"south": {"uv": [5.75, 0, 9.75, 5], "rotation": 270, "texture": "#0"},
				"west": {"uv": [9.75, 6.25, 11.75, 10.25], "texture": "#0"},
				"up": {"uv": [4.25, 0, 6.25, 5], "rotation": 270, "texture": "#0"},
				"down": {"uv": [9.75, 0, 11.75, 5], "rotation": 270, "texture": "#0"}
			}
		},
		{
			"from": [5.25, 6, 9.25],
			"to": [10.25, 10, 11.25],
			"rotation": {"angle": 0, "axis": "y", "origin": [1.25, 8, 9.25]},
			"faces": {
				"north": {"uv": [0, 0, 4, 5], "rotation": 90, "texture": "#0"},
				"east": {"uv": [0, 0, 2, 4], "rotation": 180, "texture": "#0"},
				"south": {"uv": [6.25, 5, 10.25, 10], "rotation": 270, "texture": "#0"},
				"west": {"uv": [10.25, 5.75, 12.25, 9.75], "texture": "#0"},
				"up": {"uv": [3.75, 5, 5.75, 10], "rotation": 270, "texture": "#0"},
				"down": {"uv": [10.25, 5, 12.25, 10], "rotation": 270, "texture": "#0"}
			}
		},
		{
			"from": [10.25, 6, 3.75],
			"to": [16.25, 10, 5.75],
			"rotation": {"angle": 0, "axis": "y", "origin": [8.25, 8, 3.75]},
			"faces": {
				"north": {"uv": [6, 10, 10, 16], "rotation": 90, "texture": "#0"},
				"east": {"uv": [4, 6, 6, 10], "rotation": 180, "texture": "#0"},
				"south": {"uv": [0, 0, 4, 6], "rotation": 270, "texture": "#0"},
				"west": {"uv": [4, 6, 6, 10], "texture": "#0"},
				"up": {"uv": [10, 10, 12, 16], "rotation": 270, "texture": "#0"},
				"down": {"uv": [4, 10, 6, 16], "rotation": 270, "texture": "#0"}
			}
		},
		{
			"from": [16.25, 5.8, 3.75],
			"to": [22.25, 9.8, 5.75],
			"rotation": {"angle": 0, "axis": "y", "origin": [14.25, 7.8, 3.75]},
			"faces": {
				"north": {"uv": [6, 10, 10, 16], "rotation": 90, "texture": "#0"},
				"east": {"uv": [4, 6, 6, 10], "rotation": 180, "texture": "#0"},
				"south": {"uv": [0, 0, 4, 6], "rotation": 270, "texture": "#0"},
				"west": {"uv": [4, 6, 6, 10], "texture": "#0"},
				"up": {"uv": [10, 10, 12, 16], "rotation": 270, "texture": "#0"},
				"down": {"uv": [4, 10, 6, 16], "rotation": 270, "texture": "#0"}
			}
		},
		{
			"from": [0.25, 5.75, 3.75],
			"to": [5.25, 9.75, 5.75],
			"rotation": {"angle": 0, "axis": "y", "origin": [8.25, 7.75, 3.75]},
			"faces": {
				"north": {"uv": [6.25, 0, 10.25, 5], "rotation": 90, "texture": "#0"},
				"east": {"uv": [3.75, 5.75, 5.75, 9.75], "rotation": 180, "texture": "#0"},
				"south": {"uv": [0, 0, 4, 5], "rotation": 270, "texture": "#0"},
				"west": {"uv": [3.75, 6.25, 5.75, 10.25], "texture": "#0"},
				"up": {"uv": [10.25, 0, 12.25, 5], "rotation": 270, "texture": "#0"},
				"down": {"uv": [3.75, 0, 5.75, 5], "rotation": 270, "texture": "#0"}
			}
		},
		{
			"from": [5.25, 5.5, 3.25],
			"to": [10.25, 9.5, 5.25],
			"rotation": {"angle": 0, "axis": "y", "origin": [1.25, 7.5, 3.25]},
			"faces": {
				"north": {"uv": [5.75, 5, 9.75, 10], "rotation": 90, "texture": "#0"},
				"east": {"uv": [0, 0, 2, 4], "rotation": 180, "texture": "#0"},
				"south": {"uv": [0, 0, 4, 5], "rotation": 270, "texture": "#0"},
				"west": {"uv": [4.25, 5.75, 6.25, 9.75], "texture": "#0"},
				"up": {"uv": [9.75, 5, 11.75, 10], "rotation": 270, "texture": "#0"},
				"down": {"uv": [4.25, 5, 6.25, 10], "rotation": 270, "texture": "#0"}
			}
		}
	]
}