{
	"credit": "Made with Blockbench",
	"textures": {
		"0": "block/stripped_oak_log",
		"particle": "block/stripped_oak_log"
	},
	"elements": [
		{
			"from": [6.25, 0, 3.75],
			"to": [10.25, 6, 11.75],
			"rotation": {"angle": 0, "axis": "y", "origin": [8.25, 8, 7.75]},
			"faces": {
				"north": {"uv": [6, 10, 10, 16], "texture": "#0"},
				"east": {"uv": [4, 10, 12, 16], "texture": "#0"},
				"south": {"uv": [6, 10, 10, 16], "texture": "#0"},
				"west": {"uv": [4, 10, 12, 16], "texture": "#0"},
				"up": {"uv": [6, 4, 10, 12], "texture": "#0"},
				"down": {"uv": [6, 4, 10, 12], "texture": "#0"}
			}
		},
		{
			"from": [6.25, 11, 4],
			"to": [10.25, 16, 12],
			"rotation": {"angle": 0, "axis": "y", "origin": [8.25, 8, 8]},
			"faces": {
				"north": {"uv": [6.25, 0, 10.25, 5], "texture": "#0"},
				"east": {"uv": [3.75, 0, 11.75, 5], "texture": "#0"},
				"south": {"uv": [5.75, 0, 9.75, 5], "texture": "#0"},
				"west": {"uv": [4.25, 0, 12.25, 5], "texture": "#0"},
				"up": {"uv": [5.75, 4.25, 9.75, 12.25], "texture": "#0"},
				"down": {"uv": [5.75, 3.75, 9.75, 11.75], "texture": "#0"}
			}
		},
		{
			"from": [5.75, 6, 4.25],
			"to": [9.75, 11, 12.25],
			"rotation": {"angle": 0, "axis": "y", "origin": [7.75, 15, 8.25]},
			"faces": {
				"north": {"uv": [5.75, 5, 9.75, 10], "texture": "#0"},
				"east": {"uv": [4.25, 5, 12.25, 10], "texture": "#0"},
				"south": {"uv": [6.25, 5, 10.25, 10], "texture": "#0"},
				"west": {"uv": [3.75, 5, 11.75, 10], "texture": "#0"},
				"up": {"uv": [6.25, 3.75, 10.25, 11.75], "texture": "#0"},
				"down": {"uv": [6.25, 4.25, 10.25, 12.25], "texture": "#0"}
			}
		},
		{
			"from": [10.25, 0, 5.75],
			"to": [12.25, 6, 9.75],
			"rotation": {"angle": 0, "axis": "y", "origin": [10.25, 8, 7.75]},
			"faces": {
				"north": {"uv": [4, 10, 6, 16], "texture": "#0"},
				"east": {"uv": [6, 10, 10, 16], "texture": "#0"},
				"south": {"uv": [10, 10, 12, 16], "texture": "#0"},
				"west": {"uv": [0, 0, 4, 6], "texture": "#0"},
				"up": {"uv": [10, 6, 12, 10], "texture": "#0"},
				"down": {"uv": [10, 6, 12, 10], "texture": "#0"}
			}
		},
		{
			"from": [10.25, 11, 6],
			"to": [12.25, 16, 10],
			"rotation": {"angle": 0, "axis": "y", "origin": [10.25, 8, 8]},
			"faces": {
				"north": {"uv": [4.25, 0, 6.25, 5], "texture": "#0"},
				"east": {"uv": [5.75, 0, 9.75, 5], "texture": "#0"},
				"south": {"uv": [9.75, 0, 11.75, 5], "texture": "#0"},
				"west": {"uv": [0, 0, 4, 5], "texture": "#0"},
				"up": {"uv": [9.75, 6.25, 11.75, 10.25], "texture": "#0"},
				"down": {"uv": [0, 0, 2, 4], "texture": "#0"}
			}
		},
		{
			"from": [9.75, 6, 5.75],
			"to": [11.75, 11, 9.75],
			"rotation": {"angle": 0, "axis": "y", "origin": [9.75, 15, 7.75]},
			"faces": {
				"north": {"uv": [3.75, 5, 5.75, 10], "texture": "#0"},
				"east": {"uv": [6.25, 5, 10.25, 10], "texture": "#0"},
				"south": {"uv": [10.25, 5, 12.25, 10], "texture": "#0"},
				"west": {"uv": [0, 0, 4, 5], "texture": "#0"},
				"up": {"uv": [10.25, 5.75, 12.25, 9.75], "texture": "#0"},
				"down": {"uv": [0, 0, 2, 4], "texture": "#0"}
			}
		},
		{
			"from": [4.25, 0, 5.75],
			"to": [6.25, 6, 9.75],
			"rotation": {"angle": 0, "axis": "y", "origin": [4.25, 8, 7.75]},
			"faces": {
				"north": {"uv": [10, 10, 12, 16], "texture": "#0"},
				"east": {"uv": [0, 0, 4, 6], "texture": "#0"},
				"south": {"uv": [4, 10, 6, 16], "texture": "#0"},
				"west": {"uv": [6, 10, 10, 16], "texture": "#0"},
				"up": {"uv": [4, 6, 6, 10], "texture": "#0"},
				"down": {"uv": [4, 6, 6, 10], "texture": "#0"}
			}
		},
		{
			"from": [4.25, 11, 6],
			"to": [6.25, 16, 10],
			"rotation": {"angle": 0, "axis": "y", "origin": [4.25, 8, 8]},
			"faces": {
				"north": {"uv": [10.25, 0, 12.25, 5], "texture": "#0"},
				"east": {"uv": [0, 0, 4, 5], "texture": "#0"},
				"south": {"uv": [3.75, 0, 5.75, 5], "texture": "#0"},
				"west": {"uv": [6.25, 0, 10.25, 5], "texture": "#0"},
				"up": {"uv": [3.75, 6.25, 5.75, 10.25], "texture": "#0"},
				"down": {"uv": [3.75, 5.75, 5.75, 9.75], "texture": "#0"}
			}
		},
		{
			"from": [3.75, 6, 6.25],
			"to": [5.75, 11, 10.25],
			"rotation": {"angle": 0, "axis": "y", "origin": [3.75, 15, 8.25]},
			"faces": {
				"north": {"uv": [9.75, 5, 11.75, 10], "texture": "#0"},
				"east": {"uv": [0, 0, 4, 5], "texture": "#0"},
				"south": {"uv": [4.25, 5, 6.25, 10], "texture": "#0"},
				"west": {"uv": [5.75, 5, 9.75, 10], "texture": "#0"},
				"up": {"uv": [4.25, 5.75, 6.25, 9.75], "texture": "#0"},
				"down": {"uv": [0, 0, 2, 4], "texture": "#0"}
			}
		}
	]
}