{
	"credit": "Made with Blockbench",
	"texture_size": [64, 64],
	"textures": {
		"0": "artsbykev_var/textures/toilet",
		"particle": "artsbykev_var/textures/toilet"
	},
	"elements": [
		{
			"from": [6, 0, 3],
			"to": [10, 1, 10],
			"faces": {
				"north": {"uv": [7.5, 7.25, 8.5, 7.5], "texture": "#0"},
				"east": {"uv": [10.5, 10.5, 12.25, 10.75], "texture": "#0"},
				"south": {"uv": [8.5, 6.25, 9.5, 6.5], "texture": "#0"},
				"west": {"uv": [10.5, 0, 12.25, 0.25], "texture": "#0"},
				"up": {"uv": [2, 7.25, 1, 5.5], "texture": "#0"},
				"down": {"uv": [8.5, 7.5, 7.5, 9.25], "texture": "#0"}
			}
		},
		{
			"from": [7, 1, 4],
			"to": [9, 2, 9],
			"faces": {
				"north": {"uv": [3, 11, 3.5, 11.25], "texture": "#0"},
				"east": {"uv": [10.5, 6.25, 11.75, 6.5], "texture": "#0"},
				"south": {"uv": [5, 11, 5.5, 11.25], "texture": "#0"},
				"west": {"uv": [10.5, 6.5, 11.75, 6.75], "texture": "#0"},
				"up": {"uv": [10.5, 1.25, 10, 0], "texture": "#0"},
				"down": {"uv": [0.5, 10.25, 0, 11.5], "texture": "#0"}
			}
		},
		{
			"from": [7, 2, 4],
			"to": [9, 4, 13],
			"rotation": {"angle": 0, "axis": "y", "origin": [8, 9, 9]},
			"faces": {
				"north": {"uv": [4, 10.75, 4.5, 11.25], "texture": "#0"},
				"east": {"uv": [8.5, 5.25, 10.75, 5.75], "texture": "#0"},
				"south": {"uv": [4.5, 10.75, 5, 11.25], "texture": "#0"},
				"west": {"uv": [8.5, 5.75, 10.75, 6.25], "texture": "#0"},
				"up": {"uv": [7, 11, 6.5, 8.75], "texture": "#0"},
				"down": {"uv": [7.5, 8.75, 7, 11], "texture": "#0"}
			}
		},
		{
			"from": [7, 1, 13],
			"to": [9, 8, 15],
			"rotation": {"angle": 0, "axis": "y", "origin": [8, 8, 13]},
			"faces": {
				"north": {"uv": [2, 5.5, 2.5, 7.25], "texture": "#0"},
				"east": {"uv": [1.5, 9, 2, 10.75], "texture": "#0"},
				"south": {"uv": [7.5, 9.25, 8, 11], "texture": "#0"},
				"west": {"uv": [8, 9.25, 8.5, 11], "texture": "#0"},
				"up": {"uv": [2, 11.25, 1.5, 10.75], "texture": "#0"},
				"down": {"uv": [4, 10.75, 3.5, 11.25], "texture": "#0"}
			}
		},
		{
			"from": [6, 4, 3],
			"to": [10, 5, 10],
			"rotation": {"angle": 0, "axis": "y", "origin": [8, 9, 8]},
			"faces": {
				"north": {"uv": [10.5, 8.25, 11.5, 8.5], "texture": "#0"},
				"east": {"uv": [10.5, 0.25, 12.25, 0.5], "texture": "#0"},
				"south": {"uv": [0.5, 10.75, 1.5, 11], "texture": "#0"},
				"west": {"uv": [10.5, 0.5, 12.25, 0.75], "texture": "#0"},
				"up": {"uv": [8.5, 6.5, 7.5, 4.75], "texture": "#0"},
				"down": {"uv": [6, 7.75, 5, 9.5], "texture": "#0"}
			}
		},
		{
			"from": [5, 5, 2],
			"to": [11, 6, 11],
			"rotation": {"angle": 0, "axis": "y", "origin": [8, 10, 8]},
			"faces": {
				"north": {"uv": [10.5, 0.75, 12, 1], "texture": "#0"},
				"east": {"uv": [10, 7.25, 12.25, 7.5], "texture": "#0"},
				"south": {"uv": [10.5, 1, 12, 1.25], "texture": "#0"},
				"west": {"uv": [10, 7.5, 12.25, 7.75], "texture": "#0"},
				"up": {"uv": [6.5, 4.75, 5, 2.5], "texture": "#0"},
				"down": {"uv": [4, 5.25, 2.5, 7.5], "texture": "#0"}
			}
		},
		{
			"from": [7, 4, 2],
			"to": [9, 5, 3],
			"rotation": {"angle": 0, "axis": "y", "origin": [8, 9, 7]},
			"faces": {
				"north": {"uv": [5.5, 11, 6, 11.25], "texture": "#0"},
				"east": {"uv": [9, 11, 9.25, 11.25], "texture": "#0"},
				"south": {"uv": [6.5, 11, 7, 11.25], "texture": "#0"},
				"west": {"uv": [9.25, 11, 9.5, 11.25], "texture": "#0"},
				"up": {"uv": [7.5, 11.25, 7, 11], "texture": "#0"},
				"down": {"uv": [8, 11, 7.5, 11.25], "texture": "#0"}
			}
		},
		{
			"from": [6, 5, 1],
			"to": [10, 6, 2],
			"rotation": {"angle": 0, "axis": "y", "origin": [8, 10, 6]},
			"faces": {
				"north": {"uv": [5, 10.75, 6, 11], "texture": "#0"},
				"east": {"uv": [9.5, 11, 9.75, 11.25], "texture": "#0"},
				"south": {"uv": [8.5, 10.75, 9.5, 11], "texture": "#0"},
				"west": {"uv": [9.75, 11, 10, 11.25], "texture": "#0"},
				"up": {"uv": [10.5, 11, 9.5, 10.75], "texture": "#0"},
				"down": {"uv": [11.5, 10.75, 10.5, 11], "texture": "#0"}
			}
		},
		{
			"from": [4, 9, -1],
			"to": [12, 11, 0],
			"rotation": {"angle": 0, "axis": "y", "origin": [8, 9, 6]},
			"faces": {
				"north": {"uv": [8.5, 8, 10.5, 8.5], "texture": "#0"},
				"east": {"uv": [8, 11, 8.25, 11.5], "texture": "#0"},
				"south": {"uv": [9, 4, 11, 4.5], "texture": "#0"},
				"west": {"uv": [8.25, 11, 8.5, 11.5], "texture": "#0"},
				"up": {"uv": [12, 8, 10, 7.75], "texture": "#0"},
				"down": {"uv": [12, 9, 10, 9.25], "texture": "#0"}
			}
		},
		{
			"from": [3, 9, 0],
			"to": [13, 11, 1],
			"rotation": {"angle": 0, "axis": "y", "origin": [8, 9, 6]},
			"faces": {
				"north": {"uv": [8.5, 3.5, 11, 4], "texture": "#0"},
				"east": {"uv": [8.5, 11, 8.75, 11.5], "texture": "#0"},
				"south": {"uv": [8.5, 4.75, 11, 5.25], "texture": "#0"},
				"west": {"uv": [8.75, 11, 9, 11.5], "texture": "#0"},
				"up": {"uv": [7.5, 5, 5, 4.75], "texture": "#0"},
				"down": {"uv": [12.5, 1.25, 10, 1.5], "texture": "#0"}
			}
		},
		{
			"from": [5, 9, 10],
			"to": [11, 11, 12],
			"rotation": {"angle": 0, "axis": "y", "origin": [8, 9, 6]},
			"faces": {
				"north": {"uv": [0, 9.75, 1.5, 10.25], "texture": "#0"},
				"east": {"uv": [10.75, 5.75, 11.25, 6.25], "texture": "#0"},
				"south": {"uv": [3.5, 9.75, 5, 10.25], "texture": "#0"},
				"west": {"uv": [0.5, 11, 1, 11.5], "texture": "#0"},
				"up": {"uv": [10, 10.25, 8.5, 9.75], "texture": "#0"},
				"down": {"uv": [11.5, 10, 10, 10.5], "texture": "#0"}
			}
		},
		{
			"from": [5, 6, 0],
			"to": [11, 9, 1],
			"rotation": {"angle": 0, "axis": "y", "origin": [8, 9, 6]},
			"faces": {
				"north": {"uv": [3.5, 9, 5, 9.75], "texture": "#0"},
				"east": {"uv": [2.5, 11, 2.75, 11.75], "texture": "#0"},
				"south": {"uv": [8.5, 9, 10, 9.75], "texture": "#0"},
				"west": {"uv": [2.75, 11, 3, 11.75], "texture": "#0"},
				"up": {"uv": [2.5, 7.5, 1, 7.25], "texture": "#0"},
				"down": {"uv": [10, 10.25, 8.5, 10.5], "texture": "#0"}
			}
		},
		{
			"from": [5, 6, 11],
			"to": [11, 9, 12],
			"rotation": {"angle": 0, "axis": "y", "origin": [8, 9, 6]},
			"faces": {
				"north": {"uv": [10, 9, 8.5, 9.75], "texture": "#0"},
				"east": {"uv": [2.75, 11, 2.5, 11.75], "texture": "#0"},
				"south": {"uv": [5, 9, 3.5, 9.75], "texture": "#0"},
				"west": {"uv": [3, 11, 2.75, 11.75], "texture": "#0"},
				"up": {"uv": [2.5, 7.25, 1, 7.5], "texture": "#0"},
				"down": {"uv": [10, 10.5, 8.5, 10.25], "texture": "#0"}
			}
		},
		{
			"from": [4, 6, 1],
			"to": [12, 9, 11],
			"rotation": {"angle": 0, "axis": "y", "origin": [8, 13, 8]},
			"faces": {
				"north": {"uv": [7.5, 6.5, 9.5, 7.25], "texture": "#0"},
				"east": {"uv": [6.5, 4, 9, 4.75], "texture": "#0"},
				"south": {"uv": [0, 8.25, 2, 9], "texture": "#0"},
				"west": {"uv": [1, 7.5, 3.5, 8.25], "texture": "#0"},
				"up": {"uv": [4.5, 2.5, 2.5, 0], "texture": "#0"},
				"down": {"uv": [6.5, 0, 4.5, 2.5], "texture": "#0"}
			}
		},
		{
			"from": [5, 8, 12],
			"to": [11, 11, 16],
			"rotation": {"angle": 0, "axis": "y", "origin": [8, 13, 8]},
			"faces": {
				"north": {"uv": [8.5, 7.25, 10, 8], "texture": "#0"},
				"east": {"uv": [5, 9.5, 6, 10.25], "texture": "#0"},
				"south": {"uv": [0, 9, 1.5, 9.75], "texture": "#0"},
				"west": {"uv": [9.5, 6.25, 10.5, 7], "texture": "#0"},
				"up": {"uv": [7.5, 8.75, 6, 7.75], "texture": "#0"},
				"down": {"uv": [5, 8, 3.5, 9], "texture": "#0"}
			}
		},
		{
			"from": [3, 11, 12],
			"to": [13, 22, 16],
			"rotation": {"angle": 0, "axis": "y", "origin": [8, 13, 8]},
			"faces": {
				"north": {"uv": [0, 0, 2.5, 2.75], "texture": "#0"},
				"east": {"uv": [4, 5.25, 5, 8], "texture": "#0"},
				"south": {"uv": [2.5, 2.5, 5, 5.25], "texture": "#0"},
				"west": {"uv": [0, 5.5, 1, 8.25], "texture": "#0"},
				"up": {"uv": [9, 1, 6.5, 0], "texture": "#0"},
				"down": {"uv": [9, 1, 6.5, 2], "texture": "#0"}
			}
		},
		{
			"from": [4, 22, 12],
			"to": [12, 23, 16],
			"rotation": {"angle": 0, "axis": "y", "origin": [8, 13, 8]},
			"faces": {
				"north": {"uv": [10, 9.25, 12, 9.5], "texture": "#0"},
				"east": {"uv": [10.75, 5.25, 11.75, 5.5], "texture": "#0"},
				"south": {"uv": [10, 9.5, 12, 9.75], "texture": "#0"},
				"west": {"uv": [10.75, 5.5, 11.75, 5.75], "texture": "#0"},
				"up": {"uv": [8.5, 3, 6.5, 2], "texture": "#0"},
				"down": {"uv": [8.5, 3, 6.5, 4], "texture": "#0"}
			}
		},
		{
			"from": [11, 9, 1],
			"to": [13, 11, 12],
			"rotation": {"angle": 0, "axis": "y", "origin": [8, 14, 8]},
			"faces": {
				"north": {"uv": [3.5, 7.5, 4, 8], "texture": "#0"},
				"east": {"uv": [8.5, 8.5, 11.25, 9], "texture": "#0"},
				"south": {"uv": [5.5, 10.25, 6, 10.75], "texture": "#0"},
				"west": {"uv": [8.5, 2, 11.25, 2.5], "texture": "#0"},
				"up": {"uv": [2.5, 11, 2, 8.25], "texture": "#0"},
				"down": {"uv": [3, 8.25, 2.5, 11], "texture": "#0"}
			}
		},
		{
			"from": [3, 9, 1],
			"to": [5, 11, 12],
			"rotation": {"angle": 0, "axis": "y", "origin": [8, 14, 8]},
			"faces": {
				"north": {"uv": [1, 11, 1.5, 11.5], "texture": "#0"},
				"east": {"uv": [8.5, 2.5, 11.25, 3], "texture": "#0"},
				"south": {"uv": [2, 11, 2.5, 11.5], "texture": "#0"},
				"west": {"uv": [8.5, 3, 11.25, 3.5], "texture": "#0"},
				"up": {"uv": [3.5, 11, 3, 8.25], "texture": "#0"},
				"down": {"uv": [6.5, 8.75, 6, 11.5], "texture": "#0"}
			}
		},
		{
			"from": [6, 0, 12],
			"to": [10, 1, 16],
			"faces": {
				"north": {"uv": [0.5, 10.25, 1.5, 10.5], "texture": "#0"},
				"east": {"uv": [0.5, 10.5, 1.5, 10.75], "texture": "#0"},
				"south": {"uv": [10.5, 6.75, 11.5, 7], "texture": "#0"},
				"west": {"uv": [10.5, 8, 11.5, 8.25], "texture": "#0"},
				"up": {"uv": [10, 1, 9, 0], "texture": "#0"},
				"down": {"uv": [10, 1, 9, 2], "texture": "#0"}
			}
		},
		{
			"name": "lid",
			"from": [3, 11, 11],
			"to": [13, 22, 12],
			"rotation": {"angle": -22.5, "axis": "x", "origin": [8, 11, 11]},
			"faces": {
				"north": {"uv": [7.5, 5, 5, 7.75], "rotation": 180, "texture": "#0"},
				"east": {"uv": [9, 4.5, 11.75, 4.75], "rotation": 270, "texture": "#0"},
				"south": {"uv": [2.5, 5.5, 0, 2.75], "texture": "#0"},
				"west": {"uv": [9.5, 7, 12.25, 7.25], "rotation": 90, "texture": "#0"},
				"up": {"uv": [10, 1.5, 12.5, 1.75], "rotation": 180, "texture": "#0"},
				"down": {"uv": [10, 1.75, 12.5, 2], "texture": "#0"}
			}
		},
		{
			"name": "lid",
			"from": [4, 22, 11],
			"to": [12, 23, 12],
			"rotation": {"angle": -22.5, "axis": "x", "origin": [8, 11, 11]},
			"faces": {
				"north": {"uv": [10.5, 10.5, 8.5, 10.75], "rotation": 180, "texture": "#0"},
				"east": {"uv": [10, 11, 10.25, 11.25], "rotation": 270, "texture": "#0"},
				"south": {"uv": [5.5, 10.75, 3.5, 10.5], "texture": "#0"},
				"west": {"uv": [10.25, 11, 10.5, 11.25], "rotation": 90, "texture": "#0"},
				"up": {"uv": [10, 9.75, 12, 10], "rotation": 180, "texture": "#0"},
				"down": {"uv": [3.5, 10.25, 5.5, 10.5], "texture": "#0"}
			}
		}
	]
}