{
	"credit": "Made with Blockbench",
	"texture_size": [64, 64],
	"ambient_occlusion": false,
	"textures": {
		"0": "artsbykev_var/textures/tourist_center",
		"particle": "artsbykev_var/textures/tourist_center"
	},
	"elements": [
		{
			"from": [-10, 0, 12],
			"to": [26, 16, 13],
			"rotation": {"angle": 0, "axis": "y", "origin": [8, 8, 5]},
			"faces": {
				"north": {"uv": [0, 0, 9, 4], "texture": "#0"},
				"east": {"uv": [2, 8.5, 2.25, 12.5], "texture": "#0"},
				"south": {"uv": [0, 4, 9, 8], "texture": "#0"},
				"west": {"uv": [2.25, 8.5, 2.5, 12.5], "texture": "#0"},
				"up": {"uv": [9, 8.25, 0, 8], "texture": "#0"},
				"down": {"uv": [9, 8.25, 0, 8.5], "texture": "#0"}
			}
		},
		{
			"from": [-12, 1, 12],
			"to": [-10, 15, 13],
			"rotation": {"angle": 0, "axis": "y", "origin": [6, 8, 5]},
			"faces": {
				"north": {"uv": [0, 8.5, 0.5, 12], "texture": "#0"},
				"east": {"uv": [2.5, 8.5, 2.75, 12], "texture": "#0"},
				"south": {"uv": [0.5, 8.5, 1, 12], "texture": "#0"},
				"west": {"uv": [2.75, 8.5, 3, 12], "texture": "#0"},
				"up": {"uv": [8.25, 9, 7.75, 8.75], "texture": "#0"},
				"down": {"uv": [9.25, 8.75, 8.75, 9], "texture": "#0"}
			}
		},
		{
			"from": [26, 1, 12],
			"to": [28, 15, 13],
			"rotation": {"angle": 0, "axis": "y", "origin": [10, 8, 5]},
			"faces": {
				"north": {"uv": [1, 8.5, 1.5, 12], "texture": "#0"},
				"east": {"uv": [3, 8.5, 3.25, 12], "texture": "#0"},
				"south": {"uv": [1.5, 8.5, 2, 12], "texture": "#0"},
				"west": {"uv": [3.25, 8.5, 3.5, 12], "texture": "#0"},
				"up": {"uv": [9.25, 8.75, 8.75, 8.5], "texture": "#0"},
				"down": {"uv": [8.25, 9, 7.75, 9.25], "texture": "#0"}
			}
		},
		{
			"from": [-13, 2, 12],
			"to": [-12, 14, 13],
			"rotation": {"angle": 0, "axis": "y", "origin": [5, 8, 5]},
			"faces": {
				"north": {"uv": [5.5, 8.5, 5.75, 11.5], "texture": "#0"},
				"east": {"uv": [5.75, 8.5, 6, 11.5], "texture": "#0"},
				"south": {"uv": [6, 8.5, 6.25, 11.5], "texture": "#0"},
				"west": {"uv": [6.25, 8.5, 6.5, 11.5], "texture": "#0"},
				"up": {"uv": [9.25, 4.5, 9, 4.25], "texture": "#0"},
				"down": {"uv": [9.25, 4.5, 9, 4.75], "texture": "#0"}
			}
		},
		{
			"from": [28, 2, 12],
			"to": [29, 14, 13],
			"rotation": {"angle": 0, "axis": "y", "origin": [11, 8, 5]},
			"faces": {
				"north": {"uv": [6.5, 8.5, 6.75, 11.5], "texture": "#0"},
				"east": {"uv": [6.75, 8.5, 7, 11.5], "texture": "#0"},
				"south": {"uv": [7, 8.5, 7.25, 11.5], "texture": "#0"},
				"west": {"uv": [7.25, 8.5, 7.5, 11.5], "texture": "#0"},
				"up": {"uv": [9.25, 5, 9, 4.75], "texture": "#0"},
				"down": {"uv": [9.25, 5, 9, 5.25], "texture": "#0"}
			}
		},
		{
			"from": [1, 1, 13],
			"to": [2, 15, 14],
			"rotation": {"angle": 0, "axis": "y", "origin": [8, 8, 6]},
			"faces": {
				"north": {"uv": [3.5, 8.5, 3.75, 12], "texture": "#0"},
				"east": {"uv": [3.75, 8.5, 4, 12], "texture": "#0"},
				"south": {"uv": [4, 8.5, 4.25, 12], "texture": "#0"},
				"west": {"uv": [4.25, 8.5, 4.5, 12], "texture": "#0"},
				"up": {"uv": [9.25, 5.5, 9, 5.25], "texture": "#0"},
				"down": {"uv": [9.25, 5.5, 9, 5.75], "texture": "#0"}
			}
		},
		{
			"from": [14, 1, 13],
			"to": [15, 15, 14],
			"rotation": {"angle": 0, "axis": "y", "origin": [8, 8, 6]},
			"faces": {
				"north": {"uv": [4.5, 8.5, 4.75, 12], "texture": "#0"},
				"east": {"uv": [4.75, 8.5, 5, 12], "texture": "#0"},
				"south": {"uv": [5, 8.5, 5.25, 12], "texture": "#0"},
				"west": {"uv": [5.25, 8.5, 5.5, 12], "texture": "#0"},
				"up": {"uv": [9.25, 6, 9, 5.75], "texture": "#0"},
				"down": {"uv": [9.25, 6, 9, 6.25], "texture": "#0"}
			}
		},
		{
			"from": [1, 1, 14],
			"to": [2, 2, 16],
			"rotation": {"angle": 0, "axis": "y", "origin": [8, 8, 7]},
			"faces": {
				"north": {"uv": [9, 6.25, 9.25, 6.5], "texture": "#0"},
				"east": {"uv": [8.25, 9, 8.75, 9.25], "texture": "#0"},
				"south": {"uv": [9, 6.5, 9.25, 6.75], "texture": "#0"},
				"west": {"uv": [8.75, 9, 9.25, 9.25], "texture": "#0"},
				"up": {"uv": [9.25, 0.5, 9, 0], "texture": "#0"},
				"down": {"uv": [9.25, 0.5, 9, 1], "texture": "#0"}
			}
		},
		{
			"from": [14, 1, 14],
			"to": [15, 2, 16],
			"rotation": {"angle": 0, "axis": "y", "origin": [8, 8, 7]},
			"faces": {
				"north": {"uv": [9, 6.75, 9.25, 7], "texture": "#0"},
				"east": {"uv": [9, 1, 9.5, 1.25], "texture": "#0"},
				"south": {"uv": [9, 7, 9.25, 7.25], "texture": "#0"},
				"west": {"uv": [9, 1.25, 9.5, 1.5], "texture": "#0"},
				"up": {"uv": [9.25, 2, 9, 1.5], "texture": "#0"},
				"down": {"uv": [9.25, 2, 9, 2.5], "texture": "#0"}
			}
		},
		{
			"from": [1, 14, 14],
			"to": [2, 15, 16],
			"rotation": {"angle": 0, "axis": "y", "origin": [8, 5, 7]},
			"faces": {
				"north": {"uv": [9, 7.25, 9.25, 7.5], "texture": "#0"},
				"east": {"uv": [9, 2.5, 9.5, 2.75], "texture": "#0"},
				"south": {"uv": [9, 7.5, 9.25, 7.75], "texture": "#0"},
				"west": {"uv": [9, 2.75, 9.5, 3], "texture": "#0"},
				"up": {"uv": [9.25, 3.5, 9, 3], "texture": "#0"},
				"down": {"uv": [9.25, 3.5, 9, 4], "texture": "#0"}
			}
		},
		{
			"from": [14, 14, 14],
			"to": [15, 15, 16],
			"rotation": {"angle": 0, "axis": "y", "origin": [8, 5, 7]},
			"faces": {
				"north": {"uv": [8.25, 8.75, 8.5, 9], "texture": "#0"},
				"east": {"uv": [7.5, 8.5, 8, 8.75], "texture": "#0"},
				"south": {"uv": [9, 4, 9.25, 4.25], "texture": "#0"},
				"west": {"uv": [8, 8.5, 8.5, 8.75], "texture": "#0"},
				"up": {"uv": [8.75, 9, 8.5, 8.5], "texture": "#0"},
				"down": {"uv": [7.75, 8.75, 7.5, 9.25], "texture": "#0"}
			}
		}
	]
}