{
	"credit": "Designed by Kevin *ArtsByKev* www.youtube.com/c/artsbykev , www.twitter.com/artsbykev, Made with Blockbench",
	"ambientocclusion": false,
	"texture_size": [64, 64],
	"textures": {
		"0": "artsbykev_var/textures/vass",
		"particle": "artsbykev_var/textures/vass"
	},
	"elements": [
		{
			"from": [9, -16, 10],
			"to": [10, 23, 11],
			"rotation": {"angle": 0, "axis": "x", "origin": [10, -16, 11]},
			"faces": {
				"north": {"uv": [9.75, 1.25, 10, 9.75], "texture": "#0"},
				"east": {"uv": [10, 1.25, 10.25, 9.75], "texture": "#0"},
				"south": {"uv": [10.25, 1.25, 10.5, 9.75], "texture": "#0"},
				"west": {"uv": [10.5, 1.25, 10.75, 9.75], "texture": "#0"},
				"up": {"uv": [3.5, 2.75, 3.25, 2.5], "texture": "#0"},
				"down": {"uv": [3.5, 2.75, 3.25, 3], "texture": "#0"}
			}
		},
		{
			"from": [8.75, 21, 9.75],
			"to": [10.25, 27.75, 11.5],
			"rotation": {"angle": 0, "axis": "y", "origin": [10.25, 9, 10.75]},
			"faces": {
				"north": {"uv": [5.25, 0, 5.5, 1.5], "texture": "#0"},
				"east": {"uv": [5.25, 1.5, 5.5, 3], "texture": "#0"},
				"south": {"uv": [5.5, 0, 5.75, 1.5], "texture": "#0"},
				"west": {"uv": [5.5, 1.5, 5.75, 3], "texture": "#0"},
				"up": {"uv": [3.5, 3.25, 3.25, 3], "texture": "#0"},
				"down": {"uv": [3.75, 2.5, 3.5, 2.75], "texture": "#0"}
			}
		},
		{
			"from": [3.25, 26, 10.25],
			"to": [4.25, 32, 11.25],
			"rotation": {"angle": 0, "axis": "y", "origin": [4.25, 14, 11.25]},
			"faces": {
				"north": {"uv": [5.25, 0, 5.5, 1.5], "texture": "#0"},
				"east": {"uv": [5.25, 1.5, 5.5, 3], "texture": "#0"},
				"south": {"uv": [5.5, 0, 5.75, 1.5], "texture": "#0"},
				"west": {"uv": [5.5, 1.5, 5.75, 3], "texture": "#0"},
				"up": {"uv": [3.5, 3.25, 3.25, 3], "texture": "#0"},
				"down": {"uv": [3.75, 2.5, 3.5, 2.75], "texture": "#0"}
			}
		},
		{
			"from": [2.5, 19, 10.75],
			"to": [3.5, 25, 11.75],
			"rotation": {"angle": 22.5, "axis": "x", "origin": [3.5, 19, 11.75]},
			"faces": {
				"north": {"uv": [5.25, 0, 5.5, 1.5], "texture": "#0"},
				"east": {"uv": [5.25, 1.5, 5.5, 3], "texture": "#0"},
				"south": {"uv": [5.5, 0, 5.75, 1.5], "texture": "#0"},
				"west": {"uv": [5.5, 1.5, 5.75, 3], "texture": "#0"},
				"up": {"uv": [3.5, 3.25, 3.25, 3], "texture": "#0"},
				"down": {"uv": [3.75, 2.5, 3.5, 2.75], "texture": "#0"}
			}
		},
		{
			"from": [0, -12, 11.5],
			"to": [13, 13, 11.5],
			"rotation": {"angle": 45, "axis": "y", "origin": [0, 4, 12.5]},
			"faces": {
				"north": {"uv": [6.5, 6.5, 9.75, 12.75], "texture": "#0"},
				"east": {"uv": [0, 0, 0, 6.25], "texture": "#0"},
				"south": {"uv": [6.5, 0, 9.75, 6.25], "texture": "#0"},
				"west": {"uv": [0, 0, 0, 6.25], "texture": "#0"},
				"up": {"uv": [3.25, 0, 0, 0], "texture": "#0"},
				"down": {"uv": [3.25, 0, 0, 0], "texture": "#0"}
			}
		},
		{
			"from": [16, -13, -2.5],
			"to": [16, 12, 10.5],
			"rotation": {"angle": 45, "axis": "y", "origin": [17, 3, 10.5]},
			"faces": {
				"north": {"uv": [0, 0, 0, 6.25], "texture": "#0"},
				"east": {"uv": [6.5, 0, 9.75, 6.25], "texture": "#0"},
				"south": {"uv": [0, 0, 0, 6.25], "texture": "#0"},
				"west": {"uv": [6.5, 6.5, 9.75, 12.75], "texture": "#0"},
				"up": {"uv": [3.25, 0, 0, 0], "rotation": 270, "texture": "#0"},
				"down": {"uv": [3.25, 0, 0, 0], "rotation": 90, "texture": "#0"}
			}
		},
		{
			"from": [5, 5, -1],
			"to": [10, 5, 7],
			"rotation": {"angle": 45, "axis": "x", "origin": [8, 5, 7]},
			"faces": {
				"north": {"uv": [0, 0, 1.25, 0], "texture": "#0"},
				"east": {"uv": [0, 0, 2, 0], "texture": "#0"},
				"south": {"uv": [0, 0, 1.25, 0], "texture": "#0"},
				"west": {"uv": [0, 0, 2, 0], "texture": "#0"},
				"up": {"uv": [5.25, 1.25, 3.25, 0], "rotation": 270, "texture": "#0"},
				"down": {"uv": [5.25, 1.25, 3.25, 2.5], "rotation": 90, "texture": "#0"}
			}
		},
		{
			"from": [7, 1, 11],
			"to": [12, 1, 19],
			"rotation": {"angle": -45, "axis": "x", "origin": [10, 1, 11]},
			"faces": {
				"north": {"uv": [1.25, 0, 0, 0], "texture": "#0"},
				"east": {"uv": [2, 0, 0, 0], "texture": "#0"},
				"south": {"uv": [1.25, 0, 0, 0], "texture": "#0"},
				"west": {"uv": [2, 0, 0, 0], "texture": "#0"},
				"up": {"uv": [3.25, 1.25, 5.25, 0], "rotation": 270, "texture": "#0"},
				"down": {"uv": [3.25, 1.25, 5.25, 2.5], "rotation": 90, "texture": "#0"}
			}
		},
		{
			"from": [9, 15, 8],
			"to": [17, 15, 13],
			"rotation": {"angle": 22.5, "axis": "z", "origin": [9, 15, 11]},
			"faces": {
				"north": {"uv": [0, 0, 2, 0], "texture": "#0"},
				"east": {"uv": [0, 0, 1.25, 0], "texture": "#0"},
				"south": {"uv": [0, 0, 2, 0], "texture": "#0"},
				"west": {"uv": [0, 0, 1.25, 0], "texture": "#0"},
				"up": {"uv": [5.25, 1.25, 3.25, 0], "texture": "#0"},
				"down": {"uv": [5.25, 1.25, 3.25, 2.5], "texture": "#0"}
			}
		},
		{
			"from": [6, 8, 6],
			"to": [6, 16, 11],
			"rotation": {"angle": 22.5, "axis": "z", "origin": [6, 8, 9]},
			"faces": {
				"north": {"uv": [2, 0, 0, 0], "rotation": 270, "texture": "#0"},
				"east": {"uv": [3.25, 1.25, 5.25, 0], "rotation": 90, "texture": "#0"},
				"south": {"uv": [2, 0, 0, 0], "rotation": 90, "texture": "#0"},
				"west": {"uv": [3.25, 1.25, 5.25, 2.5], "rotation": 90, "texture": "#0"},
				"up": {"uv": [1.25, 0, 0, 0], "rotation": 90, "texture": "#0"},
				"down": {"uv": [1.25, 0, 0, 0], "rotation": 90, "texture": "#0"}
			}
		},
		{
			"from": [10, 1, 8],
			"to": [10, 9, 13],
			"rotation": {"angle": -22.5, "axis": "z", "origin": [10, 1, 11]},
			"faces": {
				"north": {"uv": [2, 0, 0, 0], "rotation": 270, "texture": "#0"},
				"east": {"uv": [3.25, 2.5, 5.25, 1.25], "rotation": 90, "texture": "#0"},
				"south": {"uv": [2, 0, 0, 0], "rotation": 90, "texture": "#0"},
				"west": {"uv": [3.25, 0, 5.25, 1.25], "rotation": 90, "texture": "#0"},
				"up": {"uv": [1.25, 0, 0, 0], "rotation": 90, "texture": "#0"},
				"down": {"uv": [1.25, 0, 0, 0], "rotation": 90, "texture": "#0"}
			}
		},
		{
			"from": [16.39104, 18.06147, 8],
			"to": [24.39104, 18.06147, 13],
			"rotation": {"angle": -22.5, "axis": "z", "origin": [16.39104, 18.06147, 11]},
			"faces": {
				"north": {"uv": [0, 0, 2, 0], "texture": "#0"},
				"east": {"uv": [0, 0, 1.25, 0], "texture": "#0"},
				"south": {"uv": [0, 0, 2, 0], "texture": "#0"},
				"west": {"uv": [0, 0, 1.25, 0], "texture": "#0"},
				"up": {"uv": [11.75, 11, 9.75, 9.75], "texture": "#0"},
				"down": {"uv": [11.75, 0, 9.75, 1.25], "texture": "#0"}
			}
		},
		{
			"from": [-5.06016, 15.3905, 6],
			"to": [2.93984, 15.3905, 11],
			"rotation": {"angle": -45, "axis": "z", "origin": [2.93984, 15.3905, 9]},
			"faces": {
				"north": {"uv": [2, 0, 0, 0], "texture": "#0"},
				"east": {"uv": [1.25, 0, 0, 0], "texture": "#0"},
				"south": {"uv": [2, 0, 0, 0], "texture": "#0"},
				"west": {"uv": [1.25, 0, 0, 0], "texture": "#0"},
				"up": {"uv": [9.75, 11, 11.75, 9.75], "texture": "#0"},
				"down": {"uv": [9.75, 0, 11.75, 1.25], "texture": "#0"}
			}
		},
		{
			"from": [13.06016, 8.3905, 8],
			"to": [21.06016, 8.3905, 13],
			"rotation": {"angle": 45, "axis": "z", "origin": [13.06016, 8.3905, 11]},
			"faces": {
				"north": {"uv": [0, 0, 2, 0], "texture": "#0"},
				"east": {"uv": [0, 0, 1.25, 0], "texture": "#0"},
				"south": {"uv": [0, 0, 2, 0], "texture": "#0"},
				"west": {"uv": [0, 0, 1.25, 0], "texture": "#0"},
				"up": {"uv": [11.75, 11, 9.75, 9.75], "texture": "#0"},
				"down": {"uv": [11.75, 0, 9.75, 1.25], "texture": "#0"}
			}
		},
		{
			"from": [5, 10.65756, -6.65615],
			"to": [10, 10.65756, 1.34385],
			"rotation": {"angle": 22.5, "axis": "x", "origin": [8, 10.65756, 1.34385]},
			"faces": {
				"north": {"uv": [0, 0, 1.25, 0], "texture": "#0"},
				"east": {"uv": [0, 0, 2, 0], "texture": "#0"},
				"south": {"uv": [0, 0, 1.25, 0], "texture": "#0"},
				"west": {"uv": [0, 0, 2, 0], "texture": "#0"},
				"up": {"uv": [11.75, 11, 9.75, 9.75], "rotation": 270, "texture": "#0"},
				"down": {"uv": [11.75, 0, 9.75, 1.25], "rotation": 90, "texture": "#0"}
			}
		},
		{
			"from": [7, 6.65756, 16.65615],
			"to": [12, 6.65756, 24.65615],
			"rotation": {"angle": -22.5, "axis": "x", "origin": [10, 6.65756, 16.65615]},
			"faces": {
				"north": {"uv": [1.25, 0, 0, 0], "texture": "#0"},
				"east": {"uv": [2, 0, 0, 0], "texture": "#0"},
				"south": {"uv": [1.25, 0, 0, 0], "texture": "#0"},
				"west": {"uv": [2, 0, 0, 0], "texture": "#0"},
				"up": {"uv": [9.75, 11, 11.75, 9.75], "rotation": 270, "texture": "#0"},
				"down": {"uv": [9.75, 0, 11.75, 1.25], "rotation": 90, "texture": "#0"}
			}
		},
		{
			"from": [0, -16, 8],
			"to": [13, 32, 8],
			"rotation": {"angle": 45, "axis": "y", "origin": [7, 0, 9]},
			"faces": {
				"north": {"uv": [0, 0, 3.25, 12], "texture": "#0"},
				"east": {"uv": [0, 0, 0, 12], "texture": "#0"},
				"south": {"uv": [3.25, 3.25, 6.5, 15.25], "texture": "#0"},
				"west": {"uv": [0, 0, 0, 12], "texture": "#0"},
				"up": {"uv": [3.25, 0, 0, 0], "texture": "#0"},
				"down": {"uv": [3.25, 0, 0, 0], "texture": "#0"}
			}
		}
	]
}