{
	"credit": "Designed by Kevin *ArtsByKev* www.youtube.com/c/artsbykev , www.twitter.com/artsbykev, Made with Blockbench",
	"ambientocclusion": false,
	"texture_size": [64, 64],
	"textures": {
		"0": "artsbykev_var/textures/vass",
		"particle": "artsbykev_var/textures/vass"
	},
	"elements": [
		{
			"from": [7, -16, 2],
			"to": [8, 18, 3],
			"rotation": {"angle": 0, "axis": "x", "origin": [8, -16, 3]},
			"faces": {
				"north": {"uv": [9.75, 1.25, 10, 9.75], "texture": "#0"},
				"east": {"uv": [10, 1.25, 10.25, 9.75], "texture": "#0"},
				"south": {"uv": [10.25, 1.25, 10.5, 9.75], "texture": "#0"},
				"west": {"uv": [10.5, 1.25, 10.75, 9.75], "texture": "#0"},
				"up": {"uv": [3.5, 2.75, 3.25, 2.5], "texture": "#0"},
				"down": {"uv": [3.5, 2.75, 3.25, 3], "texture": "#0"}
			}
		},
		{
			"from": [1, -16, 11],
			"to": [2, 18, 12],
			"rotation": {"angle": 0, "axis": "y", "origin": [2, -16, 12]},
			"faces": {
				"north": {"uv": [9.75, 1.25, 10, 9.75], "texture": "#0"},
				"east": {"uv": [10, 1.25, 10.25, 9.75], "texture": "#0"},
				"south": {"uv": [10.25, 1.25, 10.5, 9.75], "texture": "#0"},
				"west": {"uv": [10.5, 1.25, 10.75, 9.75], "texture": "#0"},
				"up": {"uv": [3.5, 2.75, 3.25, 2.5], "texture": "#0"},
				"down": {"uv": [3.5, 2.75, 3.25, 3], "texture": "#0"}
			}
		},
		{
			"from": [9, -16, 12],
			"to": [10, 23, 13],
			"rotation": {"angle": 0, "axis": "x", "origin": [10, -16, 13]},
			"faces": {
				"north": {"uv": [9.75, 1.25, 10, 9.75], "texture": "#0"},
				"east": {"uv": [10, 1.25, 10.25, 9.75], "texture": "#0"},
				"south": {"uv": [10.25, 1.25, 10.5, 9.75], "texture": "#0"},
				"west": {"uv": [10.5, 1.25, 10.75, 9.75], "texture": "#0"},
				"up": {"uv": [3.5, 2.75, 3.25, 2.5], "texture": "#0"},
				"down": {"uv": [3.5, 2.75, 3.25, 3], "texture": "#0"}
			}
		},
		{
			"from": [1.75, 26, 2.25],
			"to": [2.75, 32, 3.25],
			"rotation": {"angle": 0, "axis": "y", "origin": [2.75, 14, 3.25]},
			"faces": {
				"north": {"uv": [5.25, 0, 5.5, 1.5], "texture": "#0"},
				"east": {"uv": [5.25, 1.5, 5.5, 3], "texture": "#0"},
				"south": {"uv": [5.5, 0, 5.75, 1.5], "texture": "#0"},
				"west": {"uv": [5.5, 1.5, 5.75, 3], "texture": "#0"},
				"up": {"uv": [3.5, 3.25, 3.25, 3], "texture": "#0"},
				"down": {"uv": [3.75, 2.5, 3.5, 2.75], "texture": "#0"}
			}
		},
		{
			"from": [12.25, 19, 8],
			"to": [13.25, 25, 9],
			"rotation": {"angle": 0, "axis": "y", "origin": [13.25, 7, 9]},
			"faces": {
				"north": {"uv": [5.25, 0, 5.5, 1.5], "texture": "#0"},
				"east": {"uv": [5.25, 1.5, 5.5, 3], "texture": "#0"},
				"south": {"uv": [5.5, 0, 5.75, 1.5], "texture": "#0"},
				"west": {"uv": [5.5, 1.5, 5.75, 3], "texture": "#0"},
				"up": {"uv": [3.5, 3.25, 3.25, 3], "texture": "#0"},
				"down": {"uv": [3.75, 2.5, 3.5, 2.75], "texture": "#0"}
			}
		},
		{
			"from": [6.75, 18, 1.75],
			"to": [8.25, 24.75, 3.5],
			"rotation": {"angle": 0, "axis": "y", "origin": [8.25, 6, 2.75]},
			"faces": {
				"north": {"uv": [5.25, 0, 5.5, 1.5], "texture": "#0"},
				"east": {"uv": [5.25, 1.5, 5.5, 3], "texture": "#0"},
				"south": {"uv": [5.5, 0, 5.75, 1.5], "texture": "#0"},
				"west": {"uv": [5.5, 1.5, 5.75, 3], "texture": "#0"},
				"up": {"uv": [3.5, 3.25, 3.25, 3], "texture": "#0"},
				"down": {"uv": [3.75, 2.5, 3.5, 2.75], "texture": "#0"}
			}
		},
		{
			"from": [8.75, 21, 11.75],
			"to": [10.25, 27.75, 13.5],
			"rotation": {"angle": 0, "axis": "y", "origin": [10.25, 9, 12.75]},
			"faces": {
				"north": {"uv": [5.25, 0, 5.5, 1.5], "texture": "#0"},
				"east": {"uv": [5.25, 1.5, 5.5, 3], "texture": "#0"},
				"south": {"uv": [5.5, 0, 5.75, 1.5], "texture": "#0"},
				"west": {"uv": [5.5, 1.5, 5.75, 3], "texture": "#0"},
				"up": {"uv": [3.5, 3.25, 3.25, 3], "texture": "#0"},
				"down": {"uv": [3.75, 2.5, 3.5, 2.75], "texture": "#0"}
			}
		},
		{
			"from": [0.75, 17, 10.75],
			"to": [2.25, 23.75, 12.5],
			"rotation": {"angle": 0, "axis": "y", "origin": [2.25, 5, 11.75]},
			"faces": {
				"north": {"uv": [5.25, 0, 5.5, 1.5], "texture": "#0"},
				"east": {"uv": [5.25, 1.5, 5.5, 3], "texture": "#0"},
				"south": {"uv": [5.5, 0, 5.75, 1.5], "texture": "#0"},
				"west": {"uv": [5.5, 1.5, 5.75, 3], "texture": "#0"},
				"up": {"uv": [3.5, 3.25, 3.25, 3], "texture": "#0"},
				"down": {"uv": [3.75, 2.5, 3.5, 2.75], "texture": "#0"}
			}
		},
		{
			"from": [3.25, 26, 12.25],
			"to": [4.25, 32, 13.25],
			"rotation": {"angle": 0, "axis": "y", "origin": [4.25, 14, 13.25]},
			"faces": {
				"north": {"uv": [5.25, 0, 5.5, 1.5], "texture": "#0"},
				"east": {"uv": [5.25, 1.5, 5.5, 3], "texture": "#0"},
				"south": {"uv": [5.5, 0, 5.75, 1.5], "texture": "#0"},
				"west": {"uv": [5.5, 1.5, 5.75, 3], "texture": "#0"},
				"up": {"uv": [3.5, 3.25, 3.25, 3], "texture": "#0"},
				"down": {"uv": [3.75, 2.5, 3.5, 2.75], "texture": "#0"}
			}
		},
		{
			"from": [2.5, 19, 12.75],
			"to": [3.5, 25, 13.75],
			"rotation": {"angle": 22.5, "axis": "x", "origin": [3.5, 19, 13.75]},
			"faces": {
				"north": {"uv": [5.25, 0, 5.5, 1.5], "texture": "#0"},
				"east": {"uv": [5.25, 1.5, 5.5, 3], "texture": "#0"},
				"south": {"uv": [5.5, 0, 5.75, 1.5], "texture": "#0"},
				"west": {"uv": [5.5, 1.5, 5.75, 3], "texture": "#0"},
				"up": {"uv": [3.5, 3.25, 3.25, 3], "texture": "#0"},
				"down": {"uv": [3.75, 2.5, 3.5, 2.75], "texture": "#0"}
			}
		},
		{
			"from": [0, -16, 9.5],
			"to": [13, 9, 9.5],
			"rotation": {"angle": 45, "axis": "y", "origin": [0, 0, 10.5]},
			"faces": {
				"north": {"uv": [6.5, 6.5, 9.75, 12.75], "texture": "#0"},
				"east": {"uv": [0, 0, 0, 6.25], "texture": "#0"},
				"south": {"uv": [6.5, 0, 9.75, 6.25], "texture": "#0"},
				"west": {"uv": [0, 0, 0, 6.25], "texture": "#0"},
				"up": {"uv": [3.25, 0, 0, 0], "texture": "#0"},
				"down": {"uv": [3.25, 0, 0, 0], "texture": "#0"}
			}
		},
		{
			"from": [16, -16, -0.5],
			"to": [16, 9, 12.5],
			"rotation": {"angle": 45, "axis": "y", "origin": [17, 0, 12.5]},
			"faces": {
				"north": {"uv": [0, 0, 0, 6.25], "texture": "#0"},
				"east": {"uv": [6.5, 0, 9.75, 6.25], "texture": "#0"},
				"south": {"uv": [0, 0, 0, 6.25], "texture": "#0"},
				"west": {"uv": [6.5, 6.5, 9.75, 12.75], "texture": "#0"},
				"up": {"uv": [3.25, 0, 0, 0], "rotation": 270, "texture": "#0"},
				"down": {"uv": [3.25, 0, 0, 0], "rotation": 90, "texture": "#0"}
			}
		},
		{
			"from": [5, 8, -6],
			"to": [10, 8, 2],
			"rotation": {"angle": 45, "axis": "x", "origin": [8, 8, 2]},
			"faces": {
				"north": {"uv": [0, 0, 1.25, 0], "texture": "#0"},
				"east": {"uv": [0, 0, 2, 0], "texture": "#0"},
				"south": {"uv": [0, 0, 1.25, 0], "texture": "#0"},
				"west": {"uv": [0, 0, 2, 0], "texture": "#0"},
				"up": {"uv": [5.25, 1.25, 3.25, 0], "rotation": 270, "texture": "#0"},
				"down": {"uv": [5.25, 1.25, 3.25, 2.5], "rotation": 90, "texture": "#0"}
			}
		},
		{
			"from": [7, 1, 13],
			"to": [12, 1, 21],
			"rotation": {"angle": -45, "axis": "x", "origin": [10, 1, 13]},
			"faces": {
				"north": {"uv": [1.25, 0, 0, 0], "texture": "#0"},
				"east": {"uv": [2, 0, 0, 0], "texture": "#0"},
				"south": {"uv": [1.25, 0, 0, 0], "texture": "#0"},
				"west": {"uv": [2, 0, 0, 0], "texture": "#0"},
				"up": {"uv": [3.25, 1.25, 5.25, 0], "rotation": 270, "texture": "#0"},
				"down": {"uv": [3.25, 1.25, 5.25, 2.5], "rotation": 90, "texture": "#0"}
			}
		},
		{
			"from": [8, 8, 0],
			"to": [16, 8, 5],
			"rotation": {"angle": 22.5, "axis": "z", "origin": [8, 8, 3]},
			"faces": {
				"north": {"uv": [0, 0, 2, 0], "texture": "#0"},
				"east": {"uv": [0, 0, 1.25, 0], "texture": "#0"},
				"south": {"uv": [0, 0, 2, 0], "texture": "#0"},
				"west": {"uv": [0, 0, 1.25, 0], "texture": "#0"},
				"up": {"uv": [5.25, 1.25, 3.25, 0], "texture": "#0"},
				"down": {"uv": [5.25, 1.25, 3.25, 2.5], "texture": "#0"}
			}
		},
		{
			"from": [1, 8, 9],
			"to": [1, 16, 14],
			"rotation": {"angle": 22.5, "axis": "z", "origin": [1, 8, 12]},
			"faces": {
				"north": {"uv": [2, 0, 0, 0], "rotation": 270, "texture": "#0"},
				"east": {"uv": [3.25, 1.25, 5.25, 0], "rotation": 90, "texture": "#0"},
				"south": {"uv": [2, 0, 0, 0], "rotation": 90, "texture": "#0"},
				"west": {"uv": [3.25, 1.25, 5.25, 2.5], "rotation": 90, "texture": "#0"},
				"up": {"uv": [1.25, 0, 0, 0], "rotation": 90, "texture": "#0"},
				"down": {"uv": [1.25, 0, 0, 0], "rotation": 90, "texture": "#0"}
			}
		},
		{
			"from": [10, 4, 10],
			"to": [10, 12, 15],
			"rotation": {"angle": -22.5, "axis": "z", "origin": [10, 4, 13]},
			"faces": {
				"north": {"uv": [2, 0, 0, 0], "rotation": 270, "texture": "#0"},
				"east": {"uv": [3.25, 2.5, 5.25, 1.25], "rotation": 90, "texture": "#0"},
				"south": {"uv": [2, 0, 0, 0], "rotation": 90, "texture": "#0"},
				"west": {"uv": [3.25, 0, 5.25, 1.25], "rotation": 90, "texture": "#0"},
				"up": {"uv": [1.25, 0, 0, 0], "rotation": 90, "texture": "#0"},
				"down": {"uv": [1.25, 0, 0, 0], "rotation": 90, "texture": "#0"}
			}
		},
		{
			"from": [15.39104, 11.06147, 0],
			"to": [23.39104, 11.06147, 5],
			"rotation": {"angle": -22.5, "axis": "z", "origin": [15.39104, 11.06147, 3]},
			"faces": {
				"north": {"uv": [0, 0, 2, 0], "texture": "#0"},
				"east": {"uv": [0, 0, 1.25, 0], "texture": "#0"},
				"south": {"uv": [0, 0, 2, 0], "texture": "#0"},
				"west": {"uv": [0, 0, 1.25, 0], "texture": "#0"},
				"up": {"uv": [11.75, 11, 9.75, 9.75], "texture": "#0"},
				"down": {"uv": [11.75, 0, 9.75, 1.25], "texture": "#0"}
			}
		},
		{
			"from": [-10.06016, 15.3905, 9],
			"to": [-2.06016, 15.3905, 14],
			"rotation": {"angle": -45, "axis": "z", "origin": [-2.06016, 15.3905, 12]},
			"faces": {
				"north": {"uv": [2, 0, 0, 0], "texture": "#0"},
				"east": {"uv": [1.25, 0, 0, 0], "texture": "#0"},
				"south": {"uv": [2, 0, 0, 0], "texture": "#0"},
				"west": {"uv": [1.25, 0, 0, 0], "texture": "#0"},
				"up": {"uv": [9.75, 11, 11.75, 9.75], "texture": "#0"},
				"down": {"uv": [9.75, 0, 11.75, 1.25], "texture": "#0"}
			}
		},
		{
			"from": [13.06016, 11.3905, 10],
			"to": [21.06016, 11.3905, 15],
			"rotation": {"angle": 45, "axis": "z", "origin": [13.06016, 11.3905, 13]},
			"faces": {
				"north": {"uv": [0, 0, 2, 0], "texture": "#0"},
				"east": {"uv": [0, 0, 1.25, 0], "texture": "#0"},
				"south": {"uv": [0, 0, 2, 0], "texture": "#0"},
				"west": {"uv": [0, 0, 1.25, 0], "texture": "#0"},
				"up": {"uv": [11.75, 11, 9.75, 9.75], "texture": "#0"},
				"down": {"uv": [11.75, 0, 9.75, 1.25], "texture": "#0"}
			}
		},
		{
			"from": [5, 13.65756, -11.65615],
			"to": [10, 13.65756, -3.65615],
			"rotation": {"angle": 22.5, "axis": "x", "origin": [8, 13.65756, -3.65615]},
			"faces": {
				"north": {"uv": [0, 0, 1.25, 0], "texture": "#0"},
				"east": {"uv": [0, 0, 2, 0], "texture": "#0"},
				"south": {"uv": [0, 0, 1.25, 0], "texture": "#0"},
				"west": {"uv": [0, 0, 2, 0], "texture": "#0"},
				"up": {"uv": [11.75, 11, 9.75, 9.75], "rotation": 270, "texture": "#0"},
				"down": {"uv": [11.75, 0, 9.75, 1.25], "rotation": 90, "texture": "#0"}
			}
		},
		{
			"from": [7, 6.65756, 18.65615],
			"to": [12, 6.65756, 26.65615],
			"rotation": {"angle": -22.5, "axis": "x", "origin": [10, 6.65756, 18.65615]},
			"faces": {
				"north": {"uv": [1.25, 0, 0, 0], "texture": "#0"},
				"east": {"uv": [2, 0, 0, 0], "texture": "#0"},
				"south": {"uv": [1.25, 0, 0, 0], "texture": "#0"},
				"west": {"uv": [2, 0, 0, 0], "texture": "#0"},
				"up": {"uv": [9.75, 11, 11.75, 9.75], "rotation": 270, "texture": "#0"},
				"down": {"uv": [9.75, 0, 11.75, 1.25], "rotation": 90, "texture": "#0"}
			}
		},
		{
			"from": [-3, -16, 5],
			"to": [10, 32, 5],
			"rotation": {"angle": -45, "axis": "y", "origin": [4, 0, 6]},
			"faces": {
				"north": {"uv": [0, 0, 3.25, 12], "texture": "#0"},
				"east": {"uv": [0, 0, 0, 12], "texture": "#0"},
				"south": {"uv": [3.25, 3.25, 6.5, 15.25], "texture": "#0"},
				"west": {"uv": [0, 0, 0, 12], "texture": "#0"},
				"up": {"uv": [3.25, 0, 0, 0], "texture": "#0"},
				"down": {"uv": [3.25, 0, 0, 0], "texture": "#0"}
			}
		},
		{
			"from": [4, -16, 7],
			"to": [17, 23, 7],
			"rotation": {"angle": -22.5, "axis": "y", "origin": [10, 0, 6]},
			"faces": {
				"north": {"uv": [3.25, 3.25, 6.5, 15.25], "texture": "#0"},
				"east": {"uv": [0, 0, 0, 12], "texture": "#0"},
				"south": {"uv": [0, 0, 3.25, 12], "texture": "#0"},
				"west": {"uv": [0, 0, 0, 12], "texture": "#0"},
				"up": {"uv": [3.25, 0, 0, 0], "rotation": 180, "texture": "#0"},
				"down": {"uv": [3.25, 0, 0, 0], "rotation": 180, "texture": "#0"}
			}
		},
		{
			"from": [-3, -14, 9.25975],
			"to": [10, 23, 9.25975],
			"rotation": {"angle": -22.5, "axis": "x", "origin": [4, -13, 16]},
			"faces": {
				"north": {"uv": [0, 0, 3.25, 12], "texture": "#0"},
				"east": {"uv": [0, 0, 0, 12], "texture": "#0"},
				"south": {"uv": [3.25, 3.25, 6.5, 15.25], "texture": "#0"},
				"west": {"uv": [0, 0, 0, 12], "texture": "#0"},
				"up": {"uv": [3.25, 0, 0, 0], "texture": "#0"},
				"down": {"uv": [3.25, 0, 0, 0], "texture": "#0"}
			}
		},
		{
			"from": [0, -15.3806, 7.91342],
			"to": [13, 19.6194, 7.91342],
			"rotation": {"angle": 22.5, "axis": "x", "origin": [7, -6, 7]},
			"faces": {
				"north": {"uv": [0, 0, 3.25, 12], "texture": "#0"},
				"east": {"uv": [0, 0, 0, 12], "texture": "#0"},
				"south": {"uv": [3.25, 3.25, 6.5, 15.25], "texture": "#0"},
				"west": {"uv": [0, 0, 0, 12], "texture": "#0"},
				"up": {"uv": [3.25, 0, 0, 0], "texture": "#0"},
				"down": {"uv": [3.25, 0, 0, 0], "texture": "#0"}
			}
		},
		{
			"from": [0, -16, 10],
			"to": [13, 32, 10],
			"rotation": {"angle": 45, "axis": "y", "origin": [7, 0, 11]},
			"faces": {
				"north": {"uv": [0, 0, 3.25, 12], "texture": "#0"},
				"east": {"uv": [0, 0, 0, 12], "texture": "#0"},
				"south": {"uv": [3.25, 3.25, 6.5, 15.25], "texture": "#0"},
				"west": {"uv": [0, 0, 0, 12], "texture": "#0"},
				"up": {"uv": [3.25, 0, 0, 0], "texture": "#0"},
				"down": {"uv": [3.25, 0, 0, 0], "texture": "#0"}
			}
		}
	]
}