{
	"credit": "Designed by Kevin *ArtsByKev* www.youtube.com/c/artsbykev , www.twitter.com/artsbykev, Made with Blockbench",
	"ambientocclusion": false,
	"texture_size": [64, 64],
	"textures": {
		"0": "artsbykev_var/textures/vass",
		"particle": "artsbykev_var/textures/vass"
	},
	"elements": [
		{
			"from": [8, -16, 3],
			"to": [9, 18, 4],
			"rotation": {"angle": 0, "axis": "x", "origin": [9, -16, 4]},
			"faces": {
				"north": {"uv": [9.75, 1.25, 10, 9.75], "texture": "#0"},
				"east": {"uv": [10, 1.25, 10.25, 9.75], "texture": "#0"},
				"south": {"uv": [10.25, 1.25, 10.5, 9.75], "texture": "#0"},
				"west": {"uv": [10.5, 1.25, 10.75, 9.75], "texture": "#0"},
				"up": {"uv": [3.5, 2.75, 3.25, 2.5], "texture": "#0"},
				"down": {"uv": [3.5, 2.75, 3.25, 3], "texture": "#0"}
			}
		},
		{
			"from": [6, -16, 12],
			"to": [7, 18, 13],
			"rotation": {"angle": 0, "axis": "y", "origin": [7, -16, 13]},
			"faces": {
				"north": {"uv": [9.75, 1.25, 10, 9.75], "texture": "#0"},
				"east": {"uv": [10, 1.25, 10.25, 9.75], "texture": "#0"},
				"south": {"uv": [10.25, 1.25, 10.5, 9.75], "texture": "#0"},
				"west": {"uv": [10.5, 1.25, 10.75, 9.75], "texture": "#0"},
				"up": {"uv": [3.5, 2.75, 3.25, 2.5], "texture": "#0"},
				"down": {"uv": [3.5, 2.75, 3.25, 3], "texture": "#0"}
			}
		},
		{
			"from": [7.75, 18, 2.75],
			"to": [9.25, 24.75, 4.5],
			"rotation": {"angle": 0, "axis": "y", "origin": [9.25, 6, 3.75]},
			"faces": {
				"north": {"uv": [5.25, 0, 5.5, 1.5], "texture": "#0"},
				"east": {"uv": [5.25, 1.5, 5.5, 3], "texture": "#0"},
				"south": {"uv": [5.5, 0, 5.75, 1.5], "texture": "#0"},
				"west": {"uv": [5.5, 1.5, 5.75, 3], "texture": "#0"},
				"up": {"uv": [3.5, 3.25, 3.25, 3], "texture": "#0"},
				"down": {"uv": [3.75, 2.5, 3.5, 2.75], "texture": "#0"}
			}
		},
		{
			"from": [5.75, 17, 11.75],
			"to": [7.25, 23.75, 13.5],
			"rotation": {"angle": 0, "axis": "y", "origin": [7.25, 5, 12.75]},
			"faces": {
				"north": {"uv": [5.25, 0, 5.5, 1.5], "texture": "#0"},
				"east": {"uv": [5.25, 1.5, 5.5, 3], "texture": "#0"},
				"south": {"uv": [5.5, 0, 5.75, 1.5], "texture": "#0"},
				"west": {"uv": [5.5, 1.5, 5.75, 3], "texture": "#0"},
				"up": {"uv": [3.5, 3.25, 3.25, 3], "texture": "#0"},
				"down": {"uv": [3.75, 2.5, 3.5, 2.75], "texture": "#0"}
			}
		},
		{
			"from": [1, -16, 10.5],
			"to": [14, 9, 10.5],
			"rotation": {"angle": 45, "axis": "y", "origin": [1, 0, 11.5]},
			"faces": {
				"north": {"uv": [6.5, 6.5, 9.75, 12.75], "texture": "#0"},
				"east": {"uv": [0, 0, 0, 6.25], "texture": "#0"},
				"south": {"uv": [6.5, 0, 9.75, 6.25], "texture": "#0"},
				"west": {"uv": [0, 0, 0, 6.25], "texture": "#0"},
				"up": {"uv": [3.25, 0, 0, 0], "texture": "#0"},
				"down": {"uv": [3.25, 0, 0, 0], "texture": "#0"}
			}
		},
		{
			"from": [14, -16, -2],
			"to": [14, 9, 11],
			"rotation": {"angle": 45, "axis": "y", "origin": [15, 0, 11]},
			"faces": {
				"north": {"uv": [0, 0, 0, 6.25], "texture": "#0"},
				"east": {"uv": [6.5, 0, 9.75, 6.25], "texture": "#0"},
				"south": {"uv": [0, 0, 0, 6.25], "texture": "#0"},
				"west": {"uv": [6.5, 6.5, 9.75, 12.75], "texture": "#0"},
				"up": {"uv": [3.25, 0, 0, 0], "rotation": 270, "texture": "#0"},
				"down": {"uv": [3.25, 0, 0, 0], "rotation": 90, "texture": "#0"}
			}
		},
		{
			"from": [1.725, 4, -5.325],
			"to": [6.725, 4, 2.675],
			"rotation": {"angle": 45, "axis": "x", "origin": [4.725, 4, 2.675]},
			"faces": {
				"north": {"uv": [0, 0, 1.25, 0], "texture": "#0"},
				"east": {"uv": [0, 0, 2, 0], "texture": "#0"},
				"south": {"uv": [0, 0, 1.25, 0], "texture": "#0"},
				"west": {"uv": [0, 0, 2, 0], "texture": "#0"},
				"up": {"uv": [5.25, 1.25, 3.25, 0], "rotation": 270, "texture": "#0"},
				"down": {"uv": [5.25, 1.25, 3.25, 2.5], "rotation": 90, "texture": "#0"}
			}
		},
		{
			"from": [4, 7, 12.5],
			"to": [9, 7, 20.5],
			"rotation": {"angle": -45, "axis": "x", "origin": [7, 7, 12.5]},
			"faces": {
				"north": {"uv": [1.25, 0, 0, 0], "texture": "#0"},
				"east": {"uv": [2, 0, 0, 0], "texture": "#0"},
				"south": {"uv": [1.25, 0, 0, 0], "texture": "#0"},
				"west": {"uv": [2, 0, 0, 0], "texture": "#0"},
				"up": {"uv": [3.25, 1.25, 5.25, 0], "rotation": 270, "texture": "#0"},
				"down": {"uv": [3.25, 1.25, 5.25, 2.5], "rotation": 90, "texture": "#0"}
			}
		},
		{
			"from": [8, 11, 1],
			"to": [16, 11, 6],
			"rotation": {"angle": 22.5, "axis": "z", "origin": [8, 11, 4]},
			"faces": {
				"north": {"uv": [0, 0, 2, 0], "texture": "#0"},
				"east": {"uv": [0, 0, 1.25, 0], "texture": "#0"},
				"south": {"uv": [0, 0, 2, 0], "texture": "#0"},
				"west": {"uv": [0, 0, 1.25, 0], "texture": "#0"},
				"up": {"uv": [5.25, 1.25, 3.25, 0], "texture": "#0"},
				"down": {"uv": [5.25, 1.25, 3.25, 2.5], "texture": "#0"}
			}
		},
		{
			"from": [6, 0, 10],
			"to": [6, 8, 15],
			"rotation": {"angle": 22.5, "axis": "z", "origin": [6, 0, 13]},
			"faces": {
				"north": {"uv": [2, 0, 0, 0], "rotation": 270, "texture": "#0"},
				"east": {"uv": [3.25, 1.25, 5.25, 0], "rotation": 90, "texture": "#0"},
				"south": {"uv": [2, 0, 0, 0], "rotation": 90, "texture": "#0"},
				"west": {"uv": [3.25, 1.25, 5.25, 2.5], "rotation": 90, "texture": "#0"},
				"up": {"uv": [1.25, 0, 0, 0], "rotation": 90, "texture": "#0"},
				"down": {"uv": [1.25, 0, 0, 0], "rotation": 90, "texture": "#0"}
			}
		},
		{
			"from": [6.75, 11, 10],
			"to": [6.75, 19, 15],
			"rotation": {"angle": -22.5, "axis": "z", "origin": [6.75, 11, 13]},
			"faces": {
				"north": {"uv": [2, 0, 0, 0], "rotation": 270, "texture": "#0"},
				"east": {"uv": [3.25, 2.5, 5.25, 1.25], "rotation": 90, "texture": "#0"},
				"south": {"uv": [2, 0, 0, 0], "rotation": 90, "texture": "#0"},
				"west": {"uv": [3.25, 0, 5.25, 1.25], "rotation": 90, "texture": "#0"},
				"up": {"uv": [1.25, 0, 0, 0], "rotation": 90, "texture": "#0"},
				"down": {"uv": [1.25, 0, 0, 0], "rotation": 90, "texture": "#0"}
			}
		},
		{
			"from": [15.39104, 14.06147, 1],
			"to": [23.39104, 14.06147, 6],
			"rotation": {"angle": -22.5, "axis": "z", "origin": [15.39104, 14.06147, 4]},
			"faces": {
				"north": {"uv": [0, 0, 2, 0], "texture": "#0"},
				"east": {"uv": [0, 0, 1.25, 0], "texture": "#0"},
				"south": {"uv": [0, 0, 2, 0], "texture": "#0"},
				"west": {"uv": [0, 0, 1.25, 0], "texture": "#0"},
				"up": {"uv": [11.75, 11, 9.75, 9.75], "texture": "#0"},
				"down": {"uv": [11.75, 0, 9.75, 1.25], "texture": "#0"}
			}
		},
		{
			"from": [-5.06016, 7.3905, 10],
			"to": [2.93984, 7.3905, 15],
			"rotation": {"angle": -45, "axis": "z", "origin": [2.93984, 7.3905, 13]},
			"faces": {
				"north": {"uv": [2, 0, 0, 0], "texture": "#0"},
				"east": {"uv": [1.25, 0, 0, 0], "texture": "#0"},
				"south": {"uv": [2, 0, 0, 0], "texture": "#0"},
				"west": {"uv": [1.25, 0, 0, 0], "texture": "#0"},
				"up": {"uv": [9.75, 11, 11.75, 9.75], "texture": "#0"},
				"down": {"uv": [9.75, 0, 11.75, 1.25], "texture": "#0"}
			}
		},
		{
			"from": [9.81016, 18.3905, 10],
			"to": [17.81016, 18.3905, 15],
			"rotation": {"angle": 45, "axis": "z", "origin": [9.81016, 18.3905, 13]},
			"faces": {
				"north": {"uv": [0, 0, 2, 0], "texture": "#0"},
				"east": {"uv": [0, 0, 1.25, 0], "texture": "#0"},
				"south": {"uv": [0, 0, 2, 0], "texture": "#0"},
				"west": {"uv": [0, 0, 1.25, 0], "texture": "#0"},
				"up": {"uv": [11.75, 11, 9.75, 9.75], "texture": "#0"},
				"down": {"uv": [11.75, 0, 9.75, 1.25], "texture": "#0"}
			}
		},
		{
			"from": [1.725, 9.65756, -10.98115],
			"to": [6.725, 9.65756, -2.98115],
			"rotation": {"angle": 22.5, "axis": "x", "origin": [4.725, 9.65756, -2.98115]},
			"faces": {
				"north": {"uv": [0, 0, 1.25, 0], "texture": "#0"},
				"east": {"uv": [0, 0, 2, 0], "texture": "#0"},
				"south": {"uv": [0, 0, 1.25, 0], "texture": "#0"},
				"west": {"uv": [0, 0, 2, 0], "texture": "#0"},
				"up": {"uv": [11.75, 11, 9.75, 9.75], "rotation": 270, "texture": "#0"},
				"down": {"uv": [11.75, 0, 9.75, 1.25], "rotation": 90, "texture": "#0"}
			}
		},
		{
			"from": [4, 12.65756, 18.15615],
			"to": [9, 12.65756, 26.15615],
			"rotation": {"angle": -22.5, "axis": "x", "origin": [7, 12.65756, 18.15615]},
			"faces": {
				"north": {"uv": [1.25, 0, 0, 0], "texture": "#0"},
				"east": {"uv": [2, 0, 0, 0], "texture": "#0"},
				"south": {"uv": [1.25, 0, 0, 0], "texture": "#0"},
				"west": {"uv": [2, 0, 0, 0], "texture": "#0"},
				"up": {"uv": [9.75, 11, 11.75, 9.75], "rotation": 270, "texture": "#0"},
				"down": {"uv": [9.75, 0, 11.75, 1.25], "rotation": 90, "texture": "#0"}
			}
		},
		{
			"from": [2, -14, 10.25975],
			"to": [15, 23, 10.25975],
			"rotation": {"angle": -22.5, "axis": "x", "origin": [9, -13, 17]},
			"faces": {
				"north": {"uv": [0, 0, 3.25, 12], "texture": "#0"},
				"east": {"uv": [0, 0, 0, 12], "texture": "#0"},
				"south": {"uv": [3.25, 3.25, 6.5, 15.25], "texture": "#0"},
				"west": {"uv": [0, 0, 0, 12], "texture": "#0"},
				"up": {"uv": [3.25, 0, 0, 0], "texture": "#0"},
				"down": {"uv": [3.25, 0, 0, 0], "texture": "#0"}
			}
		},
		{
			"from": [4.5, -15.3806, 8.91342],
			"to": [17.5, 19.6194, 8.91342],
			"rotation": {"angle": 22.5, "axis": "x", "origin": [11.5, -6, 8]},
			"faces": {
				"north": {"uv": [0, 0, 3.25, 12], "texture": "#0"},
				"east": {"uv": [0, 0, 0, 12], "texture": "#0"},
				"south": {"uv": [3.25, 3.25, 6.5, 15.25], "texture": "#0"},
				"west": {"uv": [0, 0, 0, 12], "texture": "#0"},
				"up": {"uv": [3.25, 0, 0, 0], "texture": "#0"},
				"down": {"uv": [3.25, 0, 0, 0], "texture": "#0"}
			}
		}
	]
}