{
	"credit": "Made with Blockbench",
	"parent": "viva_deagle",
	"texture_size": [64, 64],
	"textures": {
		"0": "Desktop/viva_deagle",
		"particle": "Desktop/viva_deagle"
	},
	"elements": [
		{
			"from": [7.2, 0, 11.4],
			"to": [8.8, 0.6, 13],
			"rotation": {"angle": 0, "axis": "y", "origin": [8, 7.8, 8.2]},
			"faces": {
				"north": {"uv": [2.25, 2.5, 2.75, 2.75], "texture": "#0"},
				"east": {"uv": [1.75, 2.5, 2.25, 2.75], "texture": "#0"},
				"south": {"uv": [3.25, 2.5, 3.75, 2.75], "texture": "#0"},
				"west": {"uv": [2.75, 2.5, 3.25, 2.75], "texture": "#0"},
				"up": {"uv": [2.75, 2.5, 2.25, 2], "texture": "#0"},
				"down": {"uv": [3.25, 2, 2.75, 2.5], "texture": "#0"}
			}
		},
		{
			"from": [7.2, 6.5, 16.75],
			"to": [8.8, 7.1, 17.35],
			"rotation": {"angle": 0, "axis": "y", "origin": [8, 14.3, 12.55]},
			"faces": {
				"north": {"uv": [0.25, 3.75, 0.75, 4], "texture": "#0"},
				"east": {"uv": [0, 3.75, 0.25, 4], "texture": "#0"},
				"south": {"uv": [1, 3.75, 1.5, 4], "texture": "#0"},
				"west": {"uv": [0.75, 3.75, 1, 4], "texture": "#0"},
				"up": {"uv": [0.75, 3.75, 0.25, 3.5], "texture": "#0"},
				"down": {"uv": [1.25, 3.5, 0.75, 3.75], "texture": "#0"}
			}
		},
		{
			"from": [7.1, 0, 12.5],
			"to": [8.9, 0.8, 15.3],
			"rotation": {"angle": 0, "axis": "y", "origin": [8, 6.9, 8.4]},
			"faces": {
				"north": {"uv": [0.75, 6.25, 1.25, 6.5], "texture": "#0"},
				"east": {"uv": [0, 6.25, 0.75, 6.5], "texture": "#0"},
				"south": {"uv": [2, 6.25, 2.5, 6.5], "texture": "#0"},
				"west": {"uv": [1.25, 6.25, 2, 6.5], "texture": "#0"},
				"up": {"uv": [1.25, 6.25, 0.75, 5.5], "texture": "#0"},
				"down": {"uv": [1.75, 5.5, 1.25, 6.25], "texture": "#0"}
			}
		},
		{
			"from": [7, 0.5, 12.5],
			"to": [9, 2.5, 15.5],
			"rotation": {"angle": 0, "axis": "y", "origin": [8, 8.5, 7.5]},
			"faces": {
				"north": {"uv": [0.75, 5, 1.25, 5.5], "texture": "#0"},
				"east": {"uv": [0, 5, 0.75, 5.5], "texture": "#0"},
				"south": {"uv": [2, 5, 2.5, 5.5], "texture": "#0"},
				"west": {"uv": [1.25, 5, 2, 5.5], "texture": "#0"},
				"up": {"uv": [1.25, 5, 0.75, 4.25], "texture": "#0"},
				"down": {"uv": [1.75, 4.25, 1.25, 5], "texture": "#0"}
			}
		},
		{
			"from": [7, 2.5, 12.5],
			"to": [9, 3.5, 14.5],
			"rotation": {"angle": 0, "axis": "y", "origin": [8, 9.5, 7.5]},
			"faces": {
				"north": {"uv": [6, 1.5, 6.5, 1.75], "texture": "#0"},
				"east": {"uv": [5.5, 1.5, 6, 1.75], "texture": "#0"},
				"south": {"uv": [7, 1.5, 7.5, 1.75], "texture": "#0"},
				"west": {"uv": [6.5, 1.5, 7, 1.75], "texture": "#0"},
				"up": {"uv": [6.5, 1.5, 6, 1], "texture": "#0"},
				"down": {"uv": [7, 1, 6.5, 1.5], "texture": "#0"}
			}
		},
		{
			"from": [7, 3.5, 12],
			"to": [9, 5.5, 14],
			"rotation": {"angle": 0, "axis": "y", "origin": [8, 10.5, 7]},
			"faces": {
				"north": {"uv": [6, 0.5, 6.5, 1], "texture": "#0"},
				"east": {"uv": [5.5, 0.5, 6, 1], "texture": "#0"},
				"south": {"uv": [7, 0.5, 7.5, 1], "texture": "#0"},
				"west": {"uv": [6.5, 0.5, 7, 1], "texture": "#0"},
				"up": {"uv": [6.5, 0.5, 6, 0], "texture": "#0"},
				"down": {"uv": [7, 0, 6.5, 0.5], "texture": "#0"}
			}
		},
		{
			"from": [7, 5.5, 11.25],
			"to": [9, 6.5, 14.25],
			"rotation": {"angle": 0, "axis": "y", "origin": [8, 12.5, 6.25]},
			"faces": {
				"north": {"uv": [4.75, 6, 5.25, 6.25], "texture": "#0"},
				"east": {"uv": [4, 6, 4.75, 6.25], "texture": "#0"},
				"south": {"uv": [6, 6, 6.5, 6.25], "texture": "#0"},
				"west": {"uv": [5.25, 6, 6, 6.25], "texture": "#0"},
				"up": {"uv": [5.25, 6, 4.75, 5.25], "texture": "#0"},
				"down": {"uv": [5.75, 5.25, 5.25, 6], "texture": "#0"}
			}
		},
		{
			"from": [7, 6.5, 8.75],
			"to": [9, 7.5, 16.75],
			"rotation": {"angle": 0, "axis": "y", "origin": [8, 13.5, 7.75]},
			"faces": {
				"north": {"uv": [9.5, 4.75, 10, 5], "texture": "#0"},
				"east": {"uv": [7.5, 4.75, 9.5, 5], "texture": "#0"},
				"south": {"uv": [12, 4.75, 12.5, 5], "texture": "#0"},
				"west": {"uv": [10, 4.75, 12, 5], "texture": "#0"},
				"up": {"uv": [10, 4.75, 9.5, 2.75], "texture": "#0"},
				"down": {"uv": [10.5, 2.75, 10, 4.75], "texture": "#0"}
			}
		},
		{
			"from": [7, 7.1, 10.5],
			"to": [9, 10.1, 15.5],
			"rotation": {"angle": 0, "axis": "y", "origin": [8, 14.1, 7.5]},
			"faces": {
				"north": {"uv": [1.25, 1.25, 1.75, 2], "texture": "#0"},
				"east": {"uv": [0, 1.25, 1.25, 2], "texture": "#0"},
				"south": {"uv": [3, 1.25, 3.5, 2], "texture": "#0"},
				"west": {"uv": [1.75, 1.25, 3, 2], "texture": "#0"},
				"up": {"uv": [1.75, 1.25, 1.25, 0], "texture": "#0"},
				"down": {"uv": [2.25, 0, 1.75, 1.25], "texture": "#0"}
			}
		},
		{
			"from": [7, 9.1, 7.25],
			"to": [9, 10.1, 10.25],
			"rotation": {"angle": 0, "axis": "y", "origin": [8, 14.1, 5.25]},
			"faces": {
				"north": {"uv": [4.75, 5, 5.25, 5.25], "texture": "#0"},
				"east": {"uv": [4, 5, 4.75, 5.25], "texture": "#0"},
				"south": {"uv": [6, 5, 6.5, 5.25], "texture": "#0"},
				"west": {"uv": [5.25, 5, 6, 5.25], "texture": "#0"},
				"up": {"uv": [5.25, 5, 4.75, 4.25], "texture": "#0"},
				"down": {"uv": [5.75, 4.25, 5.25, 5], "texture": "#0"}
			}
		},
		{
			"from": [7.2, 7.3, 15.5],
			"to": [8.8, 9.9, 16.1],
			"rotation": {"angle": 0, "axis": "y", "origin": [8, 14.1, 7.3]},
			"faces": {
				"north": {"uv": [5.75, 3, 6.25, 3.75], "texture": "#0"},
				"east": {"uv": [5.5, 3, 5.75, 3.75], "texture": "#0"},
				"south": {"uv": [6.5, 3, 7, 3.75], "texture": "#0"},
				"west": {"uv": [6.25, 3, 6.5, 3.75], "texture": "#0"},
				"up": {"uv": [6.25, 3, 5.75, 2.75], "texture": "#0"},
				"down": {"uv": [6.75, 2.75, 6.25, 3], "texture": "#0"}
			}
		},
		{
			"from": [7.7, 8.4, 16.05],
			"to": [8.3, 9, 16.65],
			"rotation": {"angle": 0, "axis": "y", "origin": [8.5, 14.2, 6.85]},
			"faces": {
				"north": {"uv": [2, 5.75, 2.25, 6], "texture": "#0"},
				"east": {"uv": [1.75, 5.75, 2, 6], "texture": "#0"},
				"south": {"uv": [2.5, 5.75, 2.75, 6], "texture": "#0"},
				"west": {"uv": [2.25, 5.75, 2.5, 6], "texture": "#0"},
				"up": {"uv": [2.25, 5.75, 2, 5.5], "texture": "#0"},
				"down": {"uv": [2.5, 5.5, 2.25, 5.75], "texture": "#0"}
			}
		},
		{
			"from": [7.7, 9, 15.65],
			"to": [8.3, 9.6, 17.25],
			"rotation": {"angle": 0, "axis": "y", "origin": [8.5, 14.8, 7.45]},
			"faces": {
				"north": {"uv": [3, 3.75, 3.25, 4], "texture": "#0"},
				"east": {"uv": [2.5, 3.75, 3, 4], "texture": "#0"},
				"south": {"uv": [3.75, 3.75, 4, 4], "texture": "#0"},
				"west": {"uv": [3.25, 3.75, 3.75, 4], "texture": "#0"},
				"up": {"uv": [3.25, 3.75, 3, 3.25], "texture": "#0"},
				"down": {"uv": [3.5, 3.25, 3.25, 3.75], "texture": "#0"}
			}
		},
		{
			"from": [7.5, 9.5, 10.5],
			"to": [8.5, 10.5, 15.5],
			"rotation": {"angle": 0, "axis": "y", "origin": [8.5, 16.5, 5.5]},
			"faces": {
				"north": {"uv": [1.25, 3.25, 1.5, 3.5], "texture": "#0"},
				"east": {"uv": [0, 3.25, 1.25, 3.5], "texture": "#0"},
				"south": {"uv": [2.75, 3.25, 3, 3.5], "texture": "#0"},
				"west": {"uv": [1.5, 3.25, 2.75, 3.5], "texture": "#0"},
				"up": {"uv": [1.5, 3.25, 1.25, 2], "texture": "#0"},
				"down": {"uv": [1.75, 2, 1.5, 3.25], "texture": "#0"}
			}
		},
		{
			"from": [7.5, 9.3, 0.5],
			"to": [8.5, 10.3, 10.5],
			"rotation": {"angle": 0, "axis": "y", "origin": [8.5, 16.3, -4.5]},
			"faces": {
				"north": {"uv": [8, 2.5, 8.25, 2.75], "texture": "#0"},
				"east": {"uv": [5.5, 2.5, 8, 2.75], "texture": "#0"},
				"south": {"uv": [10.75, 2.5, 11, 2.75], "texture": "#0"},
				"west": {"uv": [8.25, 2.5, 10.75, 2.75], "texture": "#0"},
				"up": {"uv": [8.25, 2.5, 8, 0], "texture": "#0"},
				"down": {"uv": [8.5, 0, 8.25, 2.5], "texture": "#0"}
			}
		},
		{
			"from": [7.1, 8.2, -0.3],
			"to": [8.9, 10, 10.5],
			"rotation": {"angle": 0, "axis": "y", "origin": [8, 14.1, 9.6]},
			"faces": {
				"north": {"uv": [7, 8, 7.5, 8.5], "texture": "#0"},
				"east": {"uv": [4.25, 8, 7, 8.5], "texture": "#0"},
				"south": {"uv": [10.25, 8, 10.75, 8.5], "texture": "#0"},
				"west": {"uv": [7.5, 8, 10.25, 8.5], "texture": "#0"},
				"up": {"uv": [7.5, 8, 7, 5.25], "texture": "#0"},
				"down": {"uv": [8, 5.25, 7.5, 8], "texture": "#0"}
			}
		},
		{
			"from": [7.2, 6.55, -0.3],
			"to": [8.8, 9.15, 11.3],
			"rotation": {"angle": 0, "axis": "y", "origin": [8, 13.35, 9.5]},
			"faces": {
				"north": {"uv": [3, 7.25, 3.5, 8], "texture": "#0"},
				"east": {"uv": [0, 7.25, 3, 8], "texture": "#0"},
				"south": {"uv": [6.5, 7.25, 7, 8], "texture": "#0"},
				"west": {"uv": [3.5, 7.25, 6.5, 8], "texture": "#0"},
				"up": {"uv": [3.5, 7.25, 3, 4.25], "texture": "#0"},
				"down": {"uv": [4, 4.25, 3.5, 7.25], "texture": "#0"}
			}
		},
		{
			"from": [7.1, 7.2, -1.1],
			"to": [8.9, 10, -0.3],
			"rotation": {"angle": 0, "axis": "y", "origin": [8, 14.1, 7.8]},
			"faces": {
				"north": {"uv": [2.5, 0.25, 3, 1], "texture": "#0"},
				"east": {"uv": [2.25, 0.25, 2.5, 1], "texture": "#0"},
				"south": {"uv": [3.25, 0.25, 3.75, 1], "texture": "#0"},
				"west": {"uv": [3, 0.25, 3.25, 1], "texture": "#0"},
				"up": {"uv": [3, 0.25, 2.5, 0], "texture": "#0"},
				"down": {"uv": [3.5, 0, 3, 0.25], "texture": "#0"}
			}
		},
		{
			"from": [7.6, 10, -1.1],
			"to": [8.4, 10.8, -0.3],
			"rotation": {"angle": 0, "axis": "y", "origin": [7.5, 14.9, 7.8]},
			"faces": {
				"north": {"uv": [1.75, 3.75, 2, 4], "texture": "#0"},
				"east": {"uv": [1.5, 3.75, 1.75, 4], "texture": "#0"},
				"south": {"uv": [2.25, 3.75, 2.5, 4], "texture": "#0"},
				"west": {"uv": [2, 3.75, 2.25, 4], "texture": "#0"},
				"up": {"uv": [2, 3.75, 1.75, 3.5], "texture": "#0"},
				"down": {"uv": [2.25, 3.5, 2, 3.75], "texture": "#0"}
			}
		},
		{
			"from": [7.7, 10.5, 14.8],
			"to": [8.3, 11.1, 15.4],
			"rotation": {"angle": 0, "axis": "y", "origin": [7.5, 15.3, 23.6]},
			"faces": {
				"north": {"uv": [1.75, 3.75, 2, 4], "texture": "#0"},
				"east": {"uv": [1.5, 3.75, 1.75, 4], "texture": "#0"},
				"south": {"uv": [2.25, 3.75, 2.5, 4], "texture": "#0"},
				"west": {"uv": [2, 3.75, 2.25, 4], "texture": "#0"},
				"up": {"uv": [2, 3.75, 1.75, 3.5], "texture": "#0"},
				"down": {"uv": [2.25, 3.5, 2, 3.75], "texture": "#0"}
			}
		},
		{
			"from": [7.6, 9.6, -0.3],
			"to": [8.4, 10.4, 0.5],
			"rotation": {"angle": 0, "axis": "y", "origin": [7.5, 14.5, 8.6]},
			"faces": {
				"north": {"uv": [0.25, 3, 0.5, 3.25], "texture": "#0"},
				"east": {"uv": [0, 3, 0.25, 3.25], "texture": "#0"},
				"south": {"uv": [0.75, 3, 1, 3.25], "texture": "#0"},
				"west": {"uv": [0.5, 3, 0.75, 3.25], "texture": "#0"},
				"up": {"uv": [0.5, 3, 0.25, 2.75], "texture": "#0"},
				"down": {"uv": [0.75, 2.75, 0.5, 3], "texture": "#0"}
			}
		},
		{
			"from": [6.6, 7.1, 0.75],
			"to": [9.4, 7.9, 16.55],
			"rotation": {"angle": 0, "axis": "y", "origin": [7.5, 14, 7.65]},
			"faces": {
				"north": {"uv": [4, 4, 4.75, 4.25], "texture": "#0"},
				"east": {"uv": [0, 4, 4, 4.25], "texture": "#0"},
				"south": {"uv": [8.75, 4, 9.5, 4.25], "texture": "#0"},
				"west": {"uv": [4.75, 4, 8.75, 4.25], "texture": "#0"},
				"up": {"uv": [4.75, 4, 4, 0], "texture": "#0"},
				"down": {"uv": [5.5, 0, 4.75, 4], "texture": "#0"}
			}
		},
		{
			"from": [7.5, 2.5, 14.5],
			"to": [8.5, 3.5, 15.5],
			"rotation": {"angle": 0, "axis": "y", "origin": [8.5, 9.5, 8.5]},
			"faces": {
				"north": {"uv": [6, 4.5, 6.25, 4.75], "texture": "#0"},
				"east": {"uv": [5.75, 4.5, 6, 4.75], "texture": "#0"},
				"south": {"uv": [6.5, 4.5, 6.75, 4.75], "texture": "#0"},
				"west": {"uv": [6.25, 4.5, 6.5, 4.75], "texture": "#0"},
				"up": {"uv": [6.25, 4.5, 6, 4.25], "texture": "#0"},
				"down": {"uv": [6.5, 4.25, 6.25, 4.5], "texture": "#0"}
			}
		},
		{
			"from": [7.5, 0.5, 11.8],
			"to": [8.5, 3.5, 12.8],
			"rotation": {"angle": 0, "axis": "y", "origin": [8.5, 9.5, 5.8]},
			"faces": {
				"north": {"uv": [0.25, 0.25, 0.5, 1], "texture": "#0"},
				"east": {"uv": [0, 0.25, 0.25, 1], "texture": "#0"},
				"south": {"uv": [0.75, 0.25, 1, 1], "texture": "#0"},
				"west": {"uv": [0.5, 0.25, 0.75, 1], "texture": "#0"},
				"up": {"uv": [0.5, 0.25, 0.25, 0], "texture": "#0"},
				"down": {"uv": [0.75, 0, 0.5, 0.25], "texture": "#0"}
			}
		},
		{
			"from": [7.5, 3.5, 14],
			"to": [8.5, 5.5, 15],
			"rotation": {"angle": 0, "axis": "y", "origin": [8.5, 10.5, 8]},
			"faces": {
				"north": {"uv": [2, 4.5, 2.25, 5], "texture": "#0"},
				"east": {"uv": [1.75, 4.5, 2, 5], "texture": "#0"},
				"south": {"uv": [2.5, 4.5, 2.75, 5], "texture": "#0"},
				"west": {"uv": [2.25, 4.5, 2.5, 5], "texture": "#0"},
				"up": {"uv": [2.25, 4.5, 2, 4.25], "texture": "#0"},
				"down": {"uv": [2.5, 4.25, 2.25, 4.5], "texture": "#0"}
			}
		},
		{
			"from": [7.5, 3.5, 11.5],
			"to": [8.5, 5.5, 12.5],
			"rotation": {"angle": 0, "axis": "y", "origin": [8.5, 10.5, 5.5]},
			"faces": {
				"north": {"uv": [0.25, 2.25, 0.5, 2.75], "texture": "#0"},
				"east": {"uv": [0, 2.25, 0.25, 2.75], "texture": "#0"},
				"south": {"uv": [0.75, 2.25, 1, 2.75], "texture": "#0"},
				"west": {"uv": [0.5, 2.25, 0.75, 2.75], "texture": "#0"},
				"up": {"uv": [0.5, 2.25, 0.25, 2], "texture": "#0"},
				"down": {"uv": [0.75, 2, 0.5, 2.25], "texture": "#0"}
			}
		},
		{
			"from": [7.5, 5.5, 14.25],
			"to": [8.5, 6.5, 15.25],
			"rotation": {"angle": 0, "axis": "y", "origin": [8.5, 12.5, 7.25]},
			"faces": {
				"north": {"uv": [5.75, 2, 6, 2.25], "texture": "#0"},
				"east": {"uv": [5.5, 2, 5.75, 2.25], "texture": "#0"},
				"south": {"uv": [6.25, 2, 6.5, 2.25], "texture": "#0"},
				"west": {"uv": [6, 2, 6.25, 2.25], "texture": "#0"},
				"up": {"uv": [6, 2, 5.75, 1.75], "texture": "#0"},
				"down": {"uv": [6.25, 1.75, 6, 2], "texture": "#0"}
			}
		},
		{
			"from": [8, 4.575, 7.5],
			"to": [8, 6.575, 11.5],
			"rotation": {"angle": 0, "axis": "y", "origin": [8, 12.575, 4.5]},
			"faces": {
				"north": {"uv": [2.75, 2.75, 2.75, 3.25], "texture": "#0"},
				"east": {"uv": [1.75, 2.75, 2.75, 3.25], "texture": "#0"},
				"south": {"uv": [3.75, 2.75, 3.75, 3.25], "texture": "#0"},
				"west": {"uv": [2.75, 2.75, 3.75, 3.25], "texture": "#0"},
				"up": {"uv": [2.75, 2.75, 2.75, 1.75], "texture": "#0"},
				"down": {"uv": [2.75, 1.75, 2.75, 2.75], "texture": "#0"}
			}
		}
	],
	"display": {
		"thirdperson_righthand": {
			"translation": [0, 1.25, -2.25],
			"scale": [0.7, 0.7, 0.7]
		},
		"thirdperson_lefthand": {
			"translation": [0, 1.25, -2.25],
			"scale": [0.7, 0.7, 0.7]
		},
		"firstperson_righthand": {
			"translation": [-1, 4, -4.5]
		},
		"firstperson_lefthand": {
			"translation": [-1, 4, -4.5]
		},
		"ground": {
			"translation": [0, 4.75, 0]
		},
		"gui": {
			"rotation": [43, 45, -40],
			"translation": [0, 1.75, 0]
		},
		"head": {
			"translation": [0, 8.5, 2.75]
		},
		"fixed": {
			"rotation": [0, -90, 0],
			"translation": [0, 2, -1.5]
		}
	}
}