{
	"credit": "Designed by Kevin *ArtsByKev* www.twitter.com/artsbykev, Made with Blockbench",
	"texture_size": [16, 16],
	"textures": {
		"0": "artsbykev_var/textures/wither_rose",
		"particle": "artsbykev_var/textures/wither_rose"
	},
	"elements": [
		{
			"from": [9.9, 0, 5],
			"to": [10.9, 4, 6],
			"rotation": {"angle": 0, "axis": "y", "origin": [9.9, 8, 6]},
			"faces": {
				"north": {"uv": [5, 5, 6, 9], "texture": "#0"},
				"east": {"uv": [4, 5, 5, 9], "texture": "#0"},
				"south": {"uv": [7, 5, 8, 9], "texture": "#0"},
				"west": {"uv": [6, 5, 7, 9], "texture": "#0"},
				"up": {"uv": [6, 5, 5, 4], "texture": "#0"},
				"down": {"uv": [7, 4, 6, 5], "texture": "#0"}
			}
		},
		{
			"from": [9, 3, 1],
			"to": [12, 3, 5],
			"rotation": {"angle": -22.5, "axis": "y", "origin": [10.5, 3, 5]},
			"faces": {
				"north": {"uv": [4, 4, 7, 4], "texture": "#0"},
				"east": {"uv": [0, 4, 4, 4], "texture": "#0"},
				"south": {"uv": [11, 4, 14, 4], "texture": "#0"},
				"west": {"uv": [7, 4, 11, 4], "texture": "#0"},
				"up": {"uv": [7, 4, 4, 0], "texture": "#0"},
				"down": {"uv": [10, 0, 7, 4], "texture": "#0"}
			}
		},
		{
			"from": [6.1, 5, 3.7],
			"to": [10.1, 5, 6.7],
			"rotation": {"angle": 22.5, "axis": "y", "origin": [10.1, 5, 5.2]},
			"faces": {
				"north": {"uv": [7, 4, 11, 4], "rotation": 180, "texture": "#0"},
				"east": {"uv": [11, 4, 14, 4], "rotation": 180, "texture": "#0"},
				"south": {"uv": [0, 4, 4, 4], "rotation": 180, "texture": "#0"},
				"west": {"uv": [4, 4, 7, 4], "rotation": 180, "texture": "#0"},
				"up": {"uv": [10, 0, 7, 4], "rotation": 90, "texture": "#0"},
				"down": {"uv": [7, 4, 4, 0], "rotation": 270, "texture": "#0"}
			}
		},
		{
			"from": [9, 6, 6],
			"to": [12, 10, 6],
			"rotation": {"angle": 45, "axis": "x", "origin": [10.5, 6, 6]},
			"faces": {
				"north": {"uv": [10, 0, 7, 4], "rotation": 180, "texture": "#0"},
				"east": {"uv": [0, 4, 4, 4], "rotation": 270, "texture": "#0"},
				"south": {"uv": [7, 4, 4, 0], "texture": "#0"},
				"west": {"uv": [7, 4, 11, 4], "rotation": 90, "texture": "#0"},
				"up": {"uv": [4, 4, 7, 4], "rotation": 180, "texture": "#0"},
				"down": {"uv": [11, 4, 14, 4], "texture": "#0"}
			}
		},
		{
			"from": [9, 8, 5.3],
			"to": [12, 12, 5.3],
			"rotation": {"angle": -45, "axis": "x", "origin": [10.5, 8, 5.3]},
			"faces": {
				"north": {"uv": [10, 0, 7, 4], "rotation": 180, "texture": "#0"},
				"east": {"uv": [0, 4, 4, 4], "rotation": 270, "texture": "#0"},
				"south": {"uv": [7, 4, 4, 0], "texture": "#0"},
				"west": {"uv": [7, 4, 11, 4], "rotation": 90, "texture": "#0"},
				"up": {"uv": [4, 4, 7, 4], "rotation": 180, "texture": "#0"},
				"down": {"uv": [11, 4, 14, 4], "texture": "#0"}
			}
		},
		{
			"from": [10, 2.05, 5.1],
			"to": [10.8, 6.85, 5.9],
			"rotation": {"angle": 0, "axis": "y", "origin": [9.9, 9.95, 6]},
			"faces": {
				"north": {"uv": [1, 1, 2, 6], "texture": "#0"},
				"east": {"uv": [0, 1, 1, 6], "texture": "#0"},
				"south": {"uv": [3, 1, 4, 6], "texture": "#0"},
				"west": {"uv": [2, 1, 3, 6], "texture": "#0"},
				"up": {"uv": [2, 1, 1, 0], "texture": "#0"},
				"down": {"uv": [3, 0, 2, 1], "texture": "#0"}
			}
		},
		{
			"from": [10.1, 4.875, 5.2],
			"to": [10.7, 8.475, 5.8],
			"rotation": {"angle": 0, "axis": "y", "origin": [9.9, 11.675, 6]},
			"faces": {
				"north": {"uv": [1, 7, 2, 11], "texture": "#0"},
				"east": {"uv": [0, 7, 1, 11], "texture": "#0"},
				"south": {"uv": [3, 7, 4, 11], "texture": "#0"},
				"west": {"uv": [2, 7, 3, 11], "texture": "#0"},
				"up": {"uv": [2, 7, 1, 6], "texture": "#0"},
				"down": {"uv": [3, 6, 2, 7], "texture": "#0"}
			}
		}
	]
}