{
	"credit": "Designed by Kevin *ArtsByKev* www.twitter.com/artsbykev, Made with Blockbench",
	"texture_size": [16, 16],
	"textures": {
		"0": "artsbykev_var/textures/wither_rose",
		"particle": "artsbykev_var/textures/wither_rose"
	},
	"elements": [
		{
			"from": [8, 0, 7],
			"to": [9, 4, 8],
			"rotation": {"angle": 22.5, "axis": "y", "origin": [8, 8, 8]},
			"faces": {
				"north": {"uv": [5, 5, 6, 9], "texture": "#0"},
				"east": {"uv": [4, 5, 5, 9], "texture": "#0"},
				"south": {"uv": [7, 5, 8, 9], "texture": "#0"},
				"west": {"uv": [6, 5, 7, 9], "texture": "#0"},
				"up": {"uv": [6, 5, 5, 4], "texture": "#0"},
				"down": {"uv": [7, 4, 6, 5], "texture": "#0"}
			}
		},
		{
			"from": [7, 3, 3],
			"to": [10, 3, 7],
			"rotation": {"angle": -22.5, "axis": "x", "origin": [8.5, 3, 7]},
			"faces": {
				"north": {"uv": [4, 4, 7, 4], "texture": "#0"},
				"east": {"uv": [0, 4, 4, 4], "texture": "#0"},
				"south": {"uv": [11, 4, 14, 4], "texture": "#0"},
				"west": {"uv": [7, 4, 11, 4], "texture": "#0"},
				"up": {"uv": [7, 4, 4, 0], "texture": "#0"},
				"down": {"uv": [10, 0, 7, 4], "texture": "#0"}
			}
		},
		{
			"from": [7, 11, 3.2],
			"to": [10, 11, 7.2],
			"rotation": {"angle": 45, "axis": "x", "origin": [8.5, 11, 7.2]},
			"faces": {
				"north": {"uv": [4, 4, 7, 4], "texture": "#0"},
				"east": {"uv": [0, 4, 4, 4], "texture": "#0"},
				"south": {"uv": [11, 4, 14, 4], "texture": "#0"},
				"west": {"uv": [7, 4, 11, 4], "texture": "#0"},
				"up": {"uv": [7, 4, 4, 0], "texture": "#0"},
				"down": {"uv": [10, 0, 7, 4], "texture": "#0"}
			}
		},
		{
			"from": [8.7, 11, 5.95],
			"to": [12.7, 11, 8.95],
			"rotation": {"angle": 45, "axis": "z", "origin": [8.7, 11, 7.45]},
			"faces": {
				"north": {"uv": [7, 4, 11, 4], "texture": "#0"},
				"east": {"uv": [4, 4, 7, 4], "texture": "#0"},
				"south": {"uv": [0, 4, 4, 4], "texture": "#0"},
				"west": {"uv": [11, 4, 14, 4], "texture": "#0"},
				"up": {"uv": [7, 4, 4, 0], "rotation": 90, "texture": "#0"},
				"down": {"uv": [10, 0, 7, 4], "rotation": 270, "texture": "#0"}
			}
		},
		{
			"from": [4.2, 10, 5.95],
			"to": [8.2, 10, 8.95],
			"rotation": {"angle": -22.5, "axis": "z", "origin": [8.2, 10, 7.45]},
			"faces": {
				"north": {"uv": [7, 4, 11, 4], "rotation": 180, "texture": "#0"},
				"east": {"uv": [11, 4, 14, 4], "rotation": 180, "texture": "#0"},
				"south": {"uv": [0, 4, 4, 4], "rotation": 180, "texture": "#0"},
				"west": {"uv": [4, 4, 7, 4], "rotation": 180, "texture": "#0"},
				"up": {"uv": [10, 0, 7, 4], "rotation": 90, "texture": "#0"},
				"down": {"uv": [7, 4, 4, 0], "rotation": 270, "texture": "#0"}
			}
		},
		{
			"from": [8.7, 6.75, 5.95],
			"to": [12.7, 6.75, 8.95],
			"rotation": {"angle": 22.5, "axis": "z", "origin": [8.7, 6.75, 7.45]},
			"faces": {
				"north": {"uv": [7, 4, 11, 4], "texture": "#0"},
				"east": {"uv": [4, 4, 7, 4], "texture": "#0"},
				"south": {"uv": [0, 4, 4, 4], "texture": "#0"},
				"west": {"uv": [11, 4, 14, 4], "texture": "#0"},
				"up": {"uv": [7, 4, 4, 0], "rotation": 90, "texture": "#0"},
				"down": {"uv": [10, 0, 7, 4], "rotation": 270, "texture": "#0"}
			}
		},
		{
			"from": [4.2, 8.75, 5.95],
			"to": [8.2, 8.75, 8.95],
			"rotation": {"angle": 0, "axis": "z", "origin": [8.2, 8.75, 7.45]},
			"faces": {
				"north": {"uv": [7, 4, 11, 4], "rotation": 180, "texture": "#0"},
				"east": {"uv": [11, 4, 14, 4], "rotation": 180, "texture": "#0"},
				"south": {"uv": [0, 4, 4, 4], "rotation": 180, "texture": "#0"},
				"west": {"uv": [4, 4, 7, 4], "rotation": 180, "texture": "#0"},
				"up": {"uv": [10, 0, 7, 4], "rotation": 90, "texture": "#0"},
				"down": {"uv": [7, 4, 4, 0], "rotation": 270, "texture": "#0"}
			}
		},
		{
			"from": [8.7, 5.75, 5.95],
			"to": [12.7, 5.75, 8.95],
			"rotation": {"angle": 0, "axis": "z", "origin": [8.7, 5.75, 7.45]},
			"faces": {
				"north": {"uv": [7, 4, 11, 4], "texture": "#0"},
				"east": {"uv": [4, 4, 7, 4], "texture": "#0"},
				"south": {"uv": [0, 4, 4, 4], "texture": "#0"},
				"west": {"uv": [11, 4, 14, 4], "texture": "#0"},
				"up": {"uv": [7, 4, 4, 0], "rotation": 90, "texture": "#0"},
				"down": {"uv": [10, 0, 7, 4], "rotation": 270, "texture": "#0"}
			}
		},
		{
			"from": [4.2, 5.75, 5.95],
			"to": [8.2, 5.75, 8.95],
			"rotation": {"angle": -22.5, "axis": "z", "origin": [8.2, 5.75, 7.45]},
			"faces": {
				"north": {"uv": [7, 4, 11, 4], "rotation": 180, "texture": "#0"},
				"east": {"uv": [11, 4, 14, 4], "rotation": 180, "texture": "#0"},
				"south": {"uv": [0, 4, 4, 4], "rotation": 180, "texture": "#0"},
				"west": {"uv": [4, 4, 7, 4], "rotation": 180, "texture": "#0"},
				"up": {"uv": [10, 0, 7, 4], "rotation": 90, "texture": "#0"},
				"down": {"uv": [7, 4, 4, 0], "rotation": 270, "texture": "#0"}
			}
		},
		{
			"from": [8.7, 2.75, 5.95],
			"to": [12.7, 2.75, 8.95],
			"rotation": {"angle": 22.5, "axis": "z", "origin": [8.7, 2.75, 7.45]},
			"faces": {
				"north": {"uv": [7, 4, 11, 4], "texture": "#0"},
				"east": {"uv": [4, 4, 7, 4], "texture": "#0"},
				"south": {"uv": [0, 4, 4, 4], "texture": "#0"},
				"west": {"uv": [11, 4, 14, 4], "texture": "#0"},
				"up": {"uv": [7, 4, 4, 0], "rotation": 90, "texture": "#0"},
				"down": {"uv": [10, 0, 7, 4], "rotation": 270, "texture": "#0"}
			}
		},
		{
			"from": [3.95, 3.75, 5.95],
			"to": [7.95, 3.75, 8.95],
			"rotation": {"angle": 22.5, "axis": "z", "origin": [7.95, 3.75, 7.45]},
			"faces": {
				"north": {"uv": [7, 4, 11, 4], "rotation": 180, "texture": "#0"},
				"east": {"uv": [11, 4, 14, 4], "rotation": 180, "texture": "#0"},
				"south": {"uv": [0, 4, 4, 4], "rotation": 180, "texture": "#0"},
				"west": {"uv": [4, 4, 7, 4], "rotation": 180, "texture": "#0"},
				"up": {"uv": [10, 0, 7, 4], "rotation": 90, "texture": "#0"},
				"down": {"uv": [7, 4, 4, 0], "rotation": 270, "texture": "#0"}
			}
		},
		{
			"from": [7, 11, 7.85],
			"to": [10, 11, 11.85],
			"rotation": {"angle": -45, "axis": "x", "origin": [8.5, 11, 7.85]},
			"faces": {
				"north": {"uv": [4, 15, 7, 15], "texture": "#0"},
				"east": {"uv": [0, 15, 4, 15], "texture": "#0"},
				"south": {"uv": [11, 15, 14, 15], "texture": "#0"},
				"west": {"uv": [7, 15, 11, 15], "texture": "#0"},
				"up": {"uv": [7, 15, 4, 11], "texture": "#0"},
				"down": {"uv": [10, 11, 7, 15], "texture": "#0"}
			}
		},
		{
			"from": [7, 12.4, 7.45],
			"to": [10, 16.4, 7.45],
			"rotation": {"angle": -22.5, "axis": "y", "origin": [8.5, 12.4, 7.45]},
			"faces": {
				"north": {"uv": [7, 15, 4, 11], "rotation": 180, "texture": "#0"},
				"east": {"uv": [0, 15, 4, 15], "rotation": 90, "texture": "#0"},
				"south": {"uv": [10, 11, 7, 15], "texture": "#0"},
				"west": {"uv": [7, 15, 11, 15], "rotation": 270, "texture": "#0"},
				"up": {"uv": [11, 15, 14, 15], "texture": "#0"},
				"down": {"uv": [4, 15, 7, 15], "rotation": 180, "texture": "#0"}
			}
		},
		{
			"from": [7, 8.7, 7.85],
			"to": [10, 8.7, 11.85],
			"rotation": {"angle": -45, "axis": "x", "origin": [8.5, 8.7, 7.85]},
			"faces": {
				"north": {"uv": [4, 15, 7, 15], "texture": "#0"},
				"east": {"uv": [0, 15, 4, 15], "texture": "#0"},
				"south": {"uv": [11, 15, 14, 15], "texture": "#0"},
				"west": {"uv": [7, 15, 11, 15], "texture": "#0"},
				"up": {"uv": [7, 15, 4, 11], "texture": "#0"},
				"down": {"uv": [10, 11, 7, 15], "texture": "#0"}
			}
		},
		{
			"from": [7, 7, 7.85],
			"to": [10, 7, 11.85],
			"rotation": {"angle": 22.5, "axis": "x", "origin": [8.5, 7, 7.85]},
			"faces": {
				"north": {"uv": [4, 15, 7, 15], "texture": "#0"},
				"east": {"uv": [0, 15, 4, 15], "texture": "#0"},
				"south": {"uv": [11, 15, 14, 15], "texture": "#0"},
				"west": {"uv": [7, 15, 11, 15], "texture": "#0"},
				"up": {"uv": [7, 15, 4, 11], "texture": "#0"},
				"down": {"uv": [10, 11, 7, 15], "texture": "#0"}
			}
		},
		{
			"from": [7, 3, 7.95],
			"to": [10, 3, 11.95],
			"rotation": {"angle": 0, "axis": "x", "origin": [8.5, 3, 7.95]},
			"faces": {
				"north": {"uv": [4, 15, 7, 15], "texture": "#0"},
				"east": {"uv": [0, 15, 4, 15], "texture": "#0"},
				"south": {"uv": [11, 15, 14, 15], "texture": "#0"},
				"west": {"uv": [7, 15, 11, 15], "texture": "#0"},
				"up": {"uv": [7, 15, 4, 11], "texture": "#0"},
				"down": {"uv": [10, 11, 7, 15], "texture": "#0"}
			}
		},
		{
			"from": [7, 6, 3.1],
			"to": [10, 6, 7.1],
			"rotation": {"angle": -45, "axis": "x", "origin": [8.5, 6, 7.1]},
			"faces": {
				"north": {"uv": [4, 4, 7, 4], "texture": "#0"},
				"east": {"uv": [0, 4, 4, 4], "texture": "#0"},
				"south": {"uv": [11, 4, 14, 4], "texture": "#0"},
				"west": {"uv": [7, 4, 11, 4], "texture": "#0"},
				"up": {"uv": [7, 4, 4, 0], "texture": "#0"},
				"down": {"uv": [10, 0, 7, 4], "texture": "#0"}
			}
		},
		{
			"from": [7, 7.7, 3.1],
			"to": [10, 7.7, 7.1],
			"rotation": {"angle": 22.5, "axis": "x", "origin": [8.5, 7.7, 7.1]},
			"faces": {
				"north": {"uv": [4, 4, 7, 4], "texture": "#0"},
				"east": {"uv": [0, 4, 4, 4], "texture": "#0"},
				"south": {"uv": [11, 4, 14, 4], "texture": "#0"},
				"west": {"uv": [7, 4, 11, 4], "texture": "#0"},
				"up": {"uv": [7, 4, 4, 0], "texture": "#0"},
				"down": {"uv": [10, 0, 7, 4], "texture": "#0"}
			}
		},
		{
			"from": [7.7, 4.05, 6.9],
			"to": [8.5, 8.85, 7.7],
			"rotation": {"angle": -22.5, "axis": "y", "origin": [7.6, 11.95, 7.8]},
			"faces": {
				"north": {"uv": [1, 1, 2, 6], "texture": "#0"},
				"east": {"uv": [0, 1, 1, 6], "texture": "#0"},
				"south": {"uv": [3, 1, 4, 6], "texture": "#0"},
				"west": {"uv": [2, 1, 3, 6], "texture": "#0"},
				"up": {"uv": [2, 1, 1, 0], "texture": "#0"},
				"down": {"uv": [3, 0, 2, 1], "texture": "#0"}
			}
		},
		{
			"from": [8.4, 8.875, 7.2],
			"to": [9, 12.475, 7.8],
			"rotation": {"angle": 22.5, "axis": "y", "origin": [8.2, 15.675, 8]},
			"faces": {
				"north": {"uv": [1, 7, 2, 11], "texture": "#0"},
				"east": {"uv": [0, 7, 1, 11], "texture": "#0"},
				"south": {"uv": [3, 7, 4, 11], "texture": "#0"},
				"west": {"uv": [2, 7, 3, 11], "texture": "#0"},
				"up": {"uv": [2, 7, 1, 6], "texture": "#0"},
				"down": {"uv": [3, 6, 2, 7], "texture": "#0"}
			}
		}
	]
}