{
	"credit": "Designed by Kevin *ArtsByKev* www.twitter.com/artsbykev, Made with Blockbench",
	"texture_size": [16, 16],
	"textures": {
		"0": "artsbykev_var/textures/wither_rose",
		"particle": "artsbykev_var/textures/wither_rose"
	},
	"elements": [
		{
			"from": [10, 0, 9],
			"to": [11, 4, 10],
			"rotation": {"angle": 22.5, "axis": "y", "origin": [10, 8, 10]},
			"faces": {
				"north": {"uv": [5, 5, 6, 9], "texture": "#0"},
				"east": {"uv": [4, 5, 5, 9], "texture": "#0"},
				"south": {"uv": [7, 5, 8, 9], "texture": "#0"},
				"west": {"uv": [6, 5, 7, 9], "texture": "#0"},
				"up": {"uv": [6, 5, 5, 4], "texture": "#0"},
				"down": {"uv": [7, 4, 6, 5], "texture": "#0"}
			}
		},
		{
			"from": [6, 0, 5],
			"to": [7, 4, 6],
			"rotation": {"angle": 22.5, "axis": "y", "origin": [6, 8, 6]},
			"faces": {
				"north": {"uv": [5, 5, 6, 9], "texture": "#0"},
				"east": {"uv": [4, 5, 5, 9], "texture": "#0"},
				"south": {"uv": [7, 5, 8, 9], "texture": "#0"},
				"west": {"uv": [6, 5, 7, 9], "texture": "#0"},
				"up": {"uv": [6, 5, 5, 4], "texture": "#0"},
				"down": {"uv": [7, 4, 6, 5], "texture": "#0"}
			}
		},
		{
			"from": [5, 0, 12],
			"to": [6, 4, 13],
			"rotation": {"angle": -22.5, "axis": "y", "origin": [5, 8, 13]},
			"faces": {
				"north": {"uv": [5, 5, 6, 9], "texture": "#0"},
				"east": {"uv": [4, 5, 5, 9], "texture": "#0"},
				"south": {"uv": [7, 5, 8, 9], "texture": "#0"},
				"west": {"uv": [6, 5, 7, 9], "texture": "#0"},
				"up": {"uv": [6, 5, 5, 4], "texture": "#0"},
				"down": {"uv": [7, 4, 6, 5], "texture": "#0"}
			}
		},
		{
			"from": [5, 3, 1],
			"to": [8, 3, 5],
			"rotation": {"angle": -22.5, "axis": "x", "origin": [6.5, 3, 5]},
			"faces": {
				"north": {"uv": [4, 4, 7, 4], "texture": "#0"},
				"east": {"uv": [0, 4, 4, 4], "texture": "#0"},
				"south": {"uv": [11, 4, 14, 4], "texture": "#0"},
				"west": {"uv": [7, 4, 11, 4], "texture": "#0"},
				"up": {"uv": [7, 4, 4, 0], "texture": "#0"},
				"down": {"uv": [10, 0, 7, 4], "texture": "#0"}
			}
		},
		{
			"from": [5, 3, 6],
			"to": [8, 3, 10],
			"rotation": {"angle": 22.5, "axis": "x", "origin": [6.5, 3, 6]},
			"faces": {
				"north": {"uv": [11, 4, 14, 4], "rotation": 180, "texture": "#0"},
				"east": {"uv": [0, 4, 4, 4], "rotation": 180, "texture": "#0"},
				"south": {"uv": [4, 4, 7, 4], "rotation": 180, "texture": "#0"},
				"west": {"uv": [7, 4, 11, 4], "rotation": 180, "texture": "#0"},
				"up": {"uv": [10, 0, 7, 4], "texture": "#0"},
				"down": {"uv": [7, 4, 4, 0], "texture": "#0"}
			}
		},
		{
			"from": [9, 12, 9.7],
			"to": [12, 16, 9.7],
			"rotation": {"angle": -22.5, "axis": "x", "origin": [10.5, 12, 9.7]},
			"faces": {
				"north": {"uv": [10, 0, 7, 4], "rotation": 180, "texture": "#0"},
				"east": {"uv": [0, 4, 4, 4], "rotation": 270, "texture": "#0"},
				"south": {"uv": [7, 4, 4, 0], "texture": "#0"},
				"west": {"uv": [7, 4, 11, 4], "rotation": 90, "texture": "#0"},
				"up": {"uv": [4, 4, 7, 4], "rotation": 180, "texture": "#0"},
				"down": {"uv": [11, 4, 14, 4], "texture": "#0"}
			}
		},
		{
			"from": [5, 10, 5.7],
			"to": [8, 14, 5.7],
			"rotation": {"angle": 22.5, "axis": "x", "origin": [6.5, 10, 5.7]},
			"faces": {
				"north": {"uv": [10, 0, 7, 4], "rotation": 180, "texture": "#0"},
				"east": {"uv": [0, 4, 4, 4], "rotation": 270, "texture": "#0"},
				"south": {"uv": [7, 4, 4, 0], "texture": "#0"},
				"west": {"uv": [7, 4, 11, 4], "rotation": 90, "texture": "#0"},
				"up": {"uv": [4, 4, 7, 4], "rotation": 180, "texture": "#0"},
				"down": {"uv": [11, 4, 14, 4], "texture": "#0"}
			}
		},
		{
			"from": [5, 9, 5.7],
			"to": [8, 13, 5.7],
			"rotation": {"angle": -45, "axis": "x", "origin": [6.5, 9, 5.7]},
			"faces": {
				"north": {"uv": [10, 0, 7, 4], "rotation": 180, "texture": "#0"},
				"east": {"uv": [0, 4, 4, 4], "rotation": 270, "texture": "#0"},
				"south": {"uv": [7, 4, 4, 0], "texture": "#0"},
				"west": {"uv": [7, 4, 11, 4], "rotation": 90, "texture": "#0"},
				"up": {"uv": [4, 4, 7, 4], "rotation": 180, "texture": "#0"},
				"down": {"uv": [11, 4, 14, 4], "texture": "#0"}
			}
		},
		{
			"from": [6.7, 6, 3.95],
			"to": [10.7, 6, 6.95],
			"rotation": {"angle": 45, "axis": "z", "origin": [6.7, 6, 5.45]},
			"faces": {
				"north": {"uv": [7, 4, 11, 4], "texture": "#0"},
				"east": {"uv": [4, 4, 7, 4], "texture": "#0"},
				"south": {"uv": [0, 4, 4, 4], "texture": "#0"},
				"west": {"uv": [11, 4, 14, 4], "texture": "#0"},
				"up": {"uv": [7, 4, 4, 0], "rotation": 90, "texture": "#0"},
				"down": {"uv": [10, 0, 7, 4], "rotation": 270, "texture": "#0"}
			}
		},
		{
			"from": [6.2, 11, 7.95],
			"to": [10.2, 11, 10.95],
			"rotation": {"angle": 22.5, "axis": "z", "origin": [10.2, 11, 9.45]},
			"faces": {
				"north": {"uv": [7, 4, 11, 4], "rotation": 180, "texture": "#0"},
				"east": {"uv": [11, 4, 14, 4], "rotation": 180, "texture": "#0"},
				"south": {"uv": [0, 4, 4, 4], "rotation": 180, "texture": "#0"},
				"west": {"uv": [4, 4, 7, 4], "rotation": 180, "texture": "#0"},
				"up": {"uv": [10, 0, 7, 4], "rotation": 90, "texture": "#0"},
				"down": {"uv": [7, 4, 4, 0], "rotation": 270, "texture": "#0"}
			}
		},
		{
			"from": [1.2, 5, 10.95],
			"to": [5.2, 5, 13.95],
			"rotation": {"angle": -22.5, "axis": "z", "origin": [5.2, 5, 12.45]},
			"faces": {
				"north": {"uv": [7, 4, 11, 4], "rotation": 180, "texture": "#0"},
				"east": {"uv": [11, 4, 14, 4], "rotation": 180, "texture": "#0"},
				"south": {"uv": [0, 4, 4, 4], "rotation": 180, "texture": "#0"},
				"west": {"uv": [4, 4, 7, 4], "rotation": 180, "texture": "#0"},
				"up": {"uv": [10, 0, 7, 4], "rotation": 90, "texture": "#0"},
				"down": {"uv": [7, 4, 4, 0], "rotation": 270, "texture": "#0"}
			}
		},
		{
			"from": [10.7, 8.75, 7.95],
			"to": [14.7, 8.75, 10.95],
			"rotation": {"angle": 22.5, "axis": "z", "origin": [10.7, 8.75, 9.45]},
			"faces": {
				"north": {"uv": [7, 4, 11, 4], "texture": "#0"},
				"east": {"uv": [4, 4, 7, 4], "texture": "#0"},
				"south": {"uv": [0, 4, 4, 4], "texture": "#0"},
				"west": {"uv": [11, 4, 14, 4], "texture": "#0"},
				"up": {"uv": [7, 4, 4, 0], "rotation": 90, "texture": "#0"},
				"down": {"uv": [10, 0, 7, 4], "rotation": 270, "texture": "#0"}
			}
		},
		{
			"from": [6.2, 4.75, 3.95],
			"to": [6.2, 8.75, 6.95],
			"rotation": {"angle": 45, "axis": "z", "origin": [6.2, 4.75, 5.45]},
			"faces": {
				"north": {"uv": [7, 4, 11, 4], "rotation": 90, "texture": "#0"},
				"east": {"uv": [10, 0, 7, 4], "rotation": 180, "texture": "#0"},
				"south": {"uv": [0, 4, 4, 4], "rotation": 270, "texture": "#0"},
				"west": {"uv": [7, 4, 4, 0], "texture": "#0"},
				"up": {"uv": [4, 4, 7, 4], "rotation": 270, "texture": "#0"},
				"down": {"uv": [11, 4, 14, 4], "rotation": 270, "texture": "#0"}
			}
		},
		{
			"from": [5.7, 6.25, 10.7],
			"to": [9.7, 6.25, 13.7],
			"rotation": {"angle": 45, "axis": "z", "origin": [5.7, 6.25, 12.2]},
			"faces": {
				"north": {"uv": [7, 4, 11, 4], "texture": "#0"},
				"east": {"uv": [4, 4, 7, 4], "texture": "#0"},
				"south": {"uv": [0, 4, 4, 4], "texture": "#0"},
				"west": {"uv": [11, 4, 14, 4], "texture": "#0"},
				"up": {"uv": [7, 4, 4, 0], "rotation": 90, "texture": "#0"},
				"down": {"uv": [10, 0, 7, 4], "rotation": 270, "texture": "#0"}
			}
		},
		{
			"from": [6.2, 5.75, 7.95],
			"to": [10.2, 5.75, 10.95],
			"rotation": {"angle": 0, "axis": "z", "origin": [10.2, 5.75, 9.45]},
			"faces": {
				"north": {"uv": [7, 4, 11, 4], "rotation": 180, "texture": "#0"},
				"east": {"uv": [11, 4, 14, 4], "rotation": 180, "texture": "#0"},
				"south": {"uv": [0, 4, 4, 4], "rotation": 180, "texture": "#0"},
				"west": {"uv": [4, 4, 7, 4], "rotation": 180, "texture": "#0"},
				"up": {"uv": [10, 0, 7, 4], "rotation": 90, "texture": "#0"},
				"down": {"uv": [7, 4, 4, 0], "rotation": 270, "texture": "#0"}
			}
		},
		{
			"from": [10.7, 2.75, 7.95],
			"to": [14.7, 2.75, 10.95],
			"rotation": {"angle": 22.5, "axis": "z", "origin": [10.7, 2.75, 9.45]},
			"faces": {
				"north": {"uv": [7, 4, 11, 4], "texture": "#0"},
				"east": {"uv": [4, 4, 7, 4], "texture": "#0"},
				"south": {"uv": [0, 4, 4, 4], "texture": "#0"},
				"west": {"uv": [11, 4, 14, 4], "texture": "#0"},
				"up": {"uv": [7, 4, 4, 0], "rotation": 90, "texture": "#0"},
				"down": {"uv": [10, 0, 7, 4], "rotation": 270, "texture": "#0"}
			}
		},
		{
			"from": [5.95, 2.75, 7.95],
			"to": [9.95, 2.75, 10.95],
			"rotation": {"angle": 22.5, "axis": "z", "origin": [9.95, 2.75, 9.45]},
			"faces": {
				"north": {"uv": [7, 4, 11, 4], "rotation": 180, "texture": "#0"},
				"east": {"uv": [11, 4, 14, 4], "rotation": 180, "texture": "#0"},
				"south": {"uv": [0, 4, 4, 4], "rotation": 180, "texture": "#0"},
				"west": {"uv": [4, 4, 7, 4], "rotation": 180, "texture": "#0"},
				"up": {"uv": [10, 0, 7, 4], "rotation": 90, "texture": "#0"},
				"down": {"uv": [7, 4, 4, 0], "rotation": 270, "texture": "#0"}
			}
		},
		{
			"from": [9, 11, 9.85],
			"to": [12, 11, 13.85],
			"rotation": {"angle": 22.5, "axis": "x", "origin": [10.5, 11, 9.85]},
			"faces": {
				"north": {"uv": [4, 15, 7, 15], "texture": "#0"},
				"east": {"uv": [0, 15, 4, 15], "texture": "#0"},
				"south": {"uv": [11, 15, 14, 15], "texture": "#0"},
				"west": {"uv": [7, 15, 11, 15], "texture": "#0"},
				"up": {"uv": [7, 15, 4, 11], "texture": "#0"},
				"down": {"uv": [10, 11, 7, 15], "texture": "#0"}
			}
		},
		{
			"from": [9, 8.7, 9.85],
			"to": [12, 8.7, 13.85],
			"rotation": {"angle": -22.5, "axis": "x", "origin": [10.5, 8.7, 9.85]},
			"faces": {
				"north": {"uv": [4, 15, 7, 15], "texture": "#0"},
				"east": {"uv": [0, 15, 4, 15], "texture": "#0"},
				"south": {"uv": [11, 15, 14, 15], "texture": "#0"},
				"west": {"uv": [7, 15, 11, 15], "texture": "#0"},
				"up": {"uv": [7, 15, 4, 11], "texture": "#0"},
				"down": {"uv": [10, 11, 7, 15], "texture": "#0"}
			}
		},
		{
			"from": [9, 6, 9.85],
			"to": [12, 6, 13.85],
			"rotation": {"angle": -22.5, "axis": "x", "origin": [10.5, 6, 9.85]},
			"faces": {
				"north": {"uv": [4, 15, 7, 15], "texture": "#0"},
				"east": {"uv": [0, 15, 4, 15], "texture": "#0"},
				"south": {"uv": [11, 15, 14, 15], "texture": "#0"},
				"west": {"uv": [7, 15, 11, 15], "texture": "#0"},
				"up": {"uv": [7, 15, 4, 11], "texture": "#0"},
				"down": {"uv": [10, 11, 7, 15], "texture": "#0"}
			}
		},
		{
			"from": [9, 3, 9.95],
			"to": [12, 3, 13.95],
			"rotation": {"angle": 0, "axis": "x", "origin": [10.5, 3, 9.95]},
			"faces": {
				"north": {"uv": [4, 15, 7, 15], "texture": "#0"},
				"east": {"uv": [0, 15, 4, 15], "texture": "#0"},
				"south": {"uv": [11, 15, 14, 15], "texture": "#0"},
				"west": {"uv": [7, 15, 11, 15], "texture": "#0"},
				"up": {"uv": [7, 15, 4, 11], "texture": "#0"},
				"down": {"uv": [10, 11, 7, 15], "texture": "#0"}
			}
		},
		{
			"from": [4, 3, 12.95],
			"to": [7, 3, 16.95],
			"rotation": {"angle": -45, "axis": "x", "origin": [5.5, 3, 12.95]},
			"faces": {
				"north": {"uv": [4, 15, 7, 15], "texture": "#0"},
				"east": {"uv": [0, 15, 4, 15], "texture": "#0"},
				"south": {"uv": [11, 15, 14, 15], "texture": "#0"},
				"west": {"uv": [7, 15, 11, 15], "texture": "#0"},
				"up": {"uv": [7, 15, 4, 11], "texture": "#0"},
				"down": {"uv": [10, 11, 7, 15], "texture": "#0"}
			}
		},
		{
			"from": [9, 6, 5.1],
			"to": [12, 6, 9.1],
			"rotation": {"angle": -45, "axis": "x", "origin": [10.5, 6, 9.1]},
			"faces": {
				"north": {"uv": [4, 4, 7, 4], "texture": "#0"},
				"east": {"uv": [0, 4, 4, 4], "texture": "#0"},
				"south": {"uv": [11, 4, 14, 4], "texture": "#0"},
				"west": {"uv": [7, 4, 11, 4], "texture": "#0"},
				"up": {"uv": [7, 4, 4, 0], "texture": "#0"},
				"down": {"uv": [10, 0, 7, 4], "texture": "#0"}
			}
		},
		{
			"from": [9, 8.7, 5.1],
			"to": [12, 8.7, 9.1],
			"rotation": {"angle": 45, "axis": "x", "origin": [10.5, 8.7, 9.1]},
			"faces": {
				"north": {"uv": [4, 4, 7, 4], "texture": "#0"},
				"east": {"uv": [0, 4, 4, 4], "texture": "#0"},
				"south": {"uv": [11, 4, 14, 4], "texture": "#0"},
				"west": {"uv": [7, 4, 11, 4], "texture": "#0"},
				"up": {"uv": [7, 4, 4, 0], "texture": "#0"},
				"down": {"uv": [10, 0, 7, 4], "texture": "#0"}
			}
		},
		{
			"from": [10, 4.05, 9.1],
			"to": [10.8, 8.85, 9.9],
			"rotation": {"angle": -22.5, "axis": "y", "origin": [9.9, 11.95, 10]},
			"faces": {
				"north": {"uv": [1, 1, 2, 6], "texture": "#0"},
				"east": {"uv": [0, 1, 1, 6], "texture": "#0"},
				"south": {"uv": [3, 1, 4, 6], "texture": "#0"},
				"west": {"uv": [2, 1, 3, 6], "texture": "#0"},
				"up": {"uv": [2, 1, 1, 0], "texture": "#0"},
				"down": {"uv": [3, 0, 2, 1], "texture": "#0"}
			}
		},
		{
			"from": [6, 3.05, 5.1],
			"to": [6.8, 7.85, 5.9],
			"rotation": {"angle": 0, "axis": "y", "origin": [5.9, 10.95, 6]},
			"faces": {
				"north": {"uv": [1, 1, 2, 6], "texture": "#0"},
				"east": {"uv": [0, 1, 1, 6], "texture": "#0"},
				"south": {"uv": [3, 1, 4, 6], "texture": "#0"},
				"west": {"uv": [2, 1, 3, 6], "texture": "#0"},
				"up": {"uv": [2, 1, 1, 0], "texture": "#0"},
				"down": {"uv": [3, 0, 2, 1], "texture": "#0"}
			}
		},
		{
			"from": [5, 2.05, 12.1],
			"to": [5.8, 6.85, 12.9],
			"rotation": {"angle": 0, "axis": "y", "origin": [4.9, 9.95, 13]},
			"faces": {
				"north": {"uv": [1, 1, 2, 6], "texture": "#0"},
				"east": {"uv": [0, 1, 1, 6], "texture": "#0"},
				"south": {"uv": [3, 1, 4, 6], "texture": "#0"},
				"west": {"uv": [2, 1, 3, 6], "texture": "#0"},
				"up": {"uv": [2, 1, 1, 0], "texture": "#0"},
				"down": {"uv": [3, 0, 2, 1], "texture": "#0"}
			}
		},
		{
			"from": [10.1, 8.875, 9.2],
			"to": [10.7, 12.475, 9.8],
			"rotation": {"angle": 0, "axis": "y", "origin": [9.9, 15.675, 10]},
			"faces": {
				"north": {"uv": [1, 7, 2, 11], "texture": "#0"},
				"east": {"uv": [0, 7, 1, 11], "texture": "#0"},
				"south": {"uv": [3, 7, 4, 11], "texture": "#0"},
				"west": {"uv": [2, 7, 3, 11], "texture": "#0"},
				"up": {"uv": [2, 7, 1, 6], "texture": "#0"},
				"down": {"uv": [3, 6, 2, 7], "texture": "#0"}
			}
		},
		{
			"from": [6.1, 6.875, 5.2],
			"to": [6.7, 10.475, 5.8],
			"rotation": {"angle": -22.5, "axis": "y", "origin": [5.9, 13.675, 6]},
			"faces": {
				"north": {"uv": [1, 7, 2, 11], "texture": "#0"},
				"east": {"uv": [0, 7, 1, 11], "texture": "#0"},
				"south": {"uv": [3, 7, 4, 11], "texture": "#0"},
				"west": {"uv": [2, 7, 3, 11], "texture": "#0"},
				"up": {"uv": [2, 7, 1, 6], "texture": "#0"},
				"down": {"uv": [3, 6, 2, 7], "texture": "#0"}
			}
		}
	]
}