{
	"credit": " (C)ArtsByKev, https://youtube.com/c/artsbykev & https://twitter.com/artsbykev - Using Blockbench",
	"ambientocclusion": false,
	"texture_size": [64, 64],
	"textures": {
		"0": "artsbykev_var/textures/wood_roundtable",
		"particle": "artsbykev_var/textures/wood_roundtable"
	},
	"elements": [
		{
			"from": [0, 0, 0],
			"to": [16, 1, 16],
			"rotation": {"angle": 0, "axis": "y", "origin": [8, 0, 8]},
			"faces": {
				"north": {"uv": [8, 6.5, 12, 6.75], "texture": "#0"},
				"east": {"uv": [8, 6.75, 12, 7], "texture": "#0"},
				"south": {"uv": [8, 7, 12, 7.25], "texture": "#0"},
				"west": {"uv": [8, 7.25, 12, 7.5], "texture": "#0"},
				"up": {"uv": [4, 4, 0, 0], "texture": "#0"},
				"down": {"uv": [4, 4, 0, 8], "texture": "#0"}
			}
		},
		{
			"from": [3.5, 1, 3],
			"to": [6.5, 5, 6],
			"rotation": {"angle": -22.5, "axis": "y", "origin": [3.75, 3, 4.5]},
			"faces": {
				"north": {"uv": [8, 6.5, 8.75, 7.5], "texture": "#0"},
				"east": {"uv": [8, 6.5, 8.75, 7.5], "texture": "#0"},
				"south": {"uv": [8, 6.5, 8.75, 7.5], "texture": "#0"},
				"west": {"uv": [8, 6.5, 8.75, 7.5], "texture": "#0"},
				"up": {"uv": [11.5, 4.25, 13.25, 6], "texture": "#0"},
				"down": {"uv": [8, 6.5, 8.75, 7.5], "texture": "#0"}
			}
		},
		{
			"from": [6.5, 1, 7],
			"to": [10.5, 6, 11],
			"rotation": {"angle": -22.5, "axis": "y", "origin": [7.75, 3, 8.5]},
			"faces": {
				"north": {"uv": [8, 6.5, 8.75, 7.5], "texture": "#0"},
				"east": {"uv": [8, 6.5, 8.75, 7.5], "texture": "#0"},
				"south": {"uv": [8, 6.5, 8.75, 7.5], "texture": "#0"},
				"west": {"uv": [8, 6.5, 8.75, 7.5], "texture": "#0"},
				"up": {"uv": [11.5, 4.25, 13.25, 6], "texture": "#0"},
				"down": {"uv": [8, 6.5, 8.75, 7.5], "texture": "#0"}
			}
		},
		{
			"from": [-1, -0.01, -8],
			"to": [17, 0.99, 0],
			"rotation": {"angle": 0, "axis": "y", "origin": [8, -0.025, 8]},
			"faces": {
				"north": {"uv": [4, 3.5, 8.5, 3.75], "texture": "#0"},
				"east": {"uv": [9.25, 1.75, 11.25, 2], "texture": "#0"},
				"south": {"uv": [4, 3.75, 8.5, 4], "texture": "#0"},
				"west": {"uv": [9.25, 3.5, 11.25, 3.75], "texture": "#0"},
				"up": {"uv": [8.5, 6, 4, 4], "texture": "#0"},
				"down": {"uv": [8.5, 0, 4, 2], "texture": "#0"}
			}
		},
		{
			"from": [-1, -0.01, 16],
			"to": [17, 0.99, 24],
			"rotation": {"angle": 0, "axis": "y", "origin": [8, -0.025, 8]},
			"faces": {
				"north": {"uv": [8.5, 3.75, 4, 4], "texture": "#0"},
				"east": {"uv": [11.25, 1.75, 9.25, 2], "texture": "#0"},
				"south": {"uv": [8.5, 3.5, 4, 3.75], "texture": "#0"},
				"west": {"uv": [11.25, 3.5, 9.25, 3.75], "texture": "#0"},
				"up": {"uv": [8.5, 4, 4, 6], "texture": "#0"},
				"down": {"uv": [8.5, 2, 4, 0], "texture": "#0"}
			}
		},
		{
			"from": [-1.05, 0.25, -8.1],
			"to": [-0.05, 1.25, 1.9],
			"rotation": {"angle": -45, "axis": "y", "origin": [-1.05, 0.25, -8.1]},
			"faces": {
				"north": {"uv": [10, 1.25, 10.25, 1.5], "texture": "#0"},
				"east": {"uv": [9.25, 9.25, 11.75, 9.5], "texture": "#0"},
				"south": {"uv": [10, 1.5, 10.25, 1.75], "texture": "#0"},
				"west": {"uv": [9.25, 0, 11.75, 0.25], "texture": "#0"},
				"up": {"uv": [8.75, 12, 8.5, 9.5], "texture": "#0"},
				"down": {"uv": [9, 9.5, 8.75, 12], "texture": "#0"}
			}
		},
		{
			"from": [-1.05, 0.25, 14.1],
			"to": [-0.05, 1.25, 24.1],
			"rotation": {"angle": 45, "axis": "y", "origin": [-1.05, 0.25, 24.1]},
			"faces": {
				"north": {"uv": [10.25, 1.5, 10, 1.75], "texture": "#0"},
				"east": {"uv": [11.75, 9.25, 9.25, 9.5], "texture": "#0"},
				"south": {"uv": [10.25, 1.25, 10, 1.5], "texture": "#0"},
				"west": {"uv": [11.75, 0, 9.25, 0.25], "texture": "#0"},
				"up": {"uv": [8.75, 9.5, 8.5, 12], "texture": "#0"},
				"down": {"uv": [9, 12, 8.75, 9.5], "texture": "#0"}
			}
		},
		{
			"from": [16.05, 0.25, -8.1],
			"to": [17.05, 1.25, 1.9],
			"rotation": {"angle": 45, "axis": "y", "origin": [17.05, 0.25, -8.1]},
			"faces": {
				"north": {"uv": [10.25, 1.25, 10, 1.5], "texture": "#0"},
				"east": {"uv": [11.75, 0, 9.25, 0.25], "texture": "#0"},
				"south": {"uv": [10.25, 1.5, 10, 1.75], "texture": "#0"},
				"west": {"uv": [11.75, 9.25, 9.25, 9.5], "texture": "#0"},
				"up": {"uv": [8.5, 12, 8.75, 9.5], "texture": "#0"},
				"down": {"uv": [8.75, 9.5, 9, 12], "texture": "#0"}
			}
		},
		{
			"from": [16.05, 0.25, 14.1],
			"to": [17.05, 1.25, 24.1],
			"rotation": {"angle": -45, "axis": "y", "origin": [17.05, 0.25, 24.1]},
			"faces": {
				"north": {"uv": [10, 1.5, 10.25, 1.75], "texture": "#0"},
				"east": {"uv": [9.25, 0, 11.75, 0.25], "texture": "#0"},
				"south": {"uv": [10, 1.25, 10.25, 1.5], "texture": "#0"},
				"west": {"uv": [9.25, 9.25, 11.75, 9.5], "texture": "#0"},
				"up": {"uv": [8.5, 9.5, 8.75, 12], "texture": "#0"},
				"down": {"uv": [8.75, 12, 9, 9.5], "texture": "#0"}
			}
		},
		{
			"from": [-0.9, -0.02, -8],
			"to": [7.1, 0.98, 2],
			"rotation": {"angle": -45, "axis": "y", "origin": [-0.9, 0, -8]},
			"faces": {
				"north": {"uv": [9.25, 3.75, 11.25, 4], "texture": "#0"},
				"east": {"uv": [8.5, 5.5, 11, 5.75], "texture": "#0"},
				"south": {"uv": [9.25, 4, 11.25, 4.25], "texture": "#0"},
				"west": {"uv": [8.5, 5.75, 11, 6], "texture": "#0"},
				"up": {"uv": [2, 10.5, 0, 8], "texture": "#0"},
				"down": {"uv": [4, 8, 2, 10.5], "texture": "#0"}
			}
		},
		{
			"from": [-0.9, -0.02, 14],
			"to": [7.1, 0.98, 24],
			"rotation": {"angle": 45, "axis": "y", "origin": [-0.9, 0, 24]},
			"faces": {
				"north": {"uv": [11.25, 4, 9.25, 4.25], "texture": "#0"},
				"east": {"uv": [11, 5.5, 8.5, 5.75], "texture": "#0"},
				"south": {"uv": [11.25, 3.75, 9.25, 4], "texture": "#0"},
				"west": {"uv": [11, 5.75, 8.5, 6], "texture": "#0"},
				"up": {"uv": [2, 8, 0, 10.5], "texture": "#0"},
				"down": {"uv": [4, 10.5, 2, 8], "texture": "#0"}
			}
		},
		{
			"from": [8.9, -0.02, -8],
			"to": [16.9, 0.98, 2],
			"rotation": {"angle": 45, "axis": "y", "origin": [16.9, 0, -8]},
			"faces": {
				"north": {"uv": [11.25, 3.75, 9.25, 4], "texture": "#0"},
				"east": {"uv": [11, 5.75, 8.5, 6], "texture": "#0"},
				"south": {"uv": [11.25, 4, 9.25, 4.25], "texture": "#0"},
				"west": {"uv": [11, 5.5, 8.5, 5.75], "texture": "#0"},
				"up": {"uv": [0, 10.5, 2, 8], "texture": "#0"},
				"down": {"uv": [2, 8, 4, 10.5], "texture": "#0"}
			}
		},
		{
			"from": [8.9, -0.02, 14],
			"to": [16.9, 0.98, 24],
			"rotation": {"angle": -45, "axis": "y", "origin": [16.9, 0, 24]},
			"faces": {
				"north": {"uv": [9.25, 4, 11.25, 4.25], "texture": "#0"},
				"east": {"uv": [8.5, 5.75, 11, 6], "texture": "#0"},
				"south": {"uv": [9.25, 3.75, 11.25, 4], "texture": "#0"},
				"west": {"uv": [8.5, 5.5, 11, 5.75], "texture": "#0"},
				"up": {"uv": [0, 8, 2, 10.5], "texture": "#0"},
				"down": {"uv": [2, 10.5, 4, 8], "texture": "#0"}
			}
		},
		{
			"from": [-8.1, 0.25, -1],
			"to": [-7.1, 1.25, 17],
			"rotation": {"angle": 0, "axis": "y", "origin": [7.9, 0.25, 8]},
			"faces": {
				"north": {"uv": [8, 7.5, 8.25, 7.75], "texture": "#0"},
				"east": {"uv": [7, 2.5, 11.5, 2.75], "texture": "#0"},
				"south": {"uv": [8, 7.75, 8.25, 8], "texture": "#0"},
				"west": {"uv": [7, 2.75, 11.5, 3], "texture": "#0"},
				"up": {"uv": [8.25, 12.5, 8, 8], "texture": "#0"},
				"down": {"uv": [8.5, 8.25, 8.25, 12.75], "texture": "#0"}
			}
		},
		{
			"from": [23.1, 0.25, -1],
			"to": [24.1, 1.25, 17],
			"rotation": {"angle": 0, "axis": "y", "origin": [8.1, 0.25, 8]},
			"faces": {
				"north": {"uv": [8.25, 7.5, 8, 7.75], "texture": "#0"},
				"east": {"uv": [11.5, 2.75, 7, 3], "texture": "#0"},
				"south": {"uv": [8.25, 7.75, 8, 8], "texture": "#0"},
				"west": {"uv": [11.5, 2.5, 7, 2.75], "texture": "#0"},
				"up": {"uv": [8, 12.5, 8.25, 8], "texture": "#0"},
				"down": {"uv": [8.25, 8.25, 8.5, 12.75], "texture": "#0"}
			}
		},
		{
			"from": [-8, 0, -1],
			"to": [0, 1, 17],
			"rotation": {"angle": 0, "axis": "y", "origin": [8, 0, 8]},
			"faces": {
				"north": {"uv": [9.25, 4.25, 11.25, 4.5], "texture": "#0"},
				"east": {"uv": [7, 2, 11.5, 2.25], "texture": "#0"},
				"south": {"uv": [9.25, 4.5, 11.25, 4.75], "texture": "#0"},
				"west": {"uv": [7, 2.25, 11.5, 2.5], "texture": "#0"},
				"up": {"uv": [6, 10.5, 4, 6], "texture": "#0"},
				"down": {"uv": [8, 6, 6, 10.5], "texture": "#0"}
			}
		},
		{
			"from": [16, 0, -1],
			"to": [24, 1, 17],
			"rotation": {"angle": 0, "axis": "y", "origin": [8, 0, 8]},
			"faces": {
				"north": {"uv": [11.25, 4.25, 9.25, 4.5], "texture": "#0"},
				"east": {"uv": [11.5, 2.25, 7, 2.5], "texture": "#0"},
				"south": {"uv": [11.25, 4.5, 9.25, 4.75], "texture": "#0"},
				"west": {"uv": [11.5, 2, 7, 2.25], "texture": "#0"},
				"up": {"uv": [4, 10.5, 6, 6], "texture": "#0"},
				"down": {"uv": [6, 6, 8, 10.5], "texture": "#0"}
			}
		},
		{
			"from": [-1, 0.25, -8.1],
			"to": [17, 1.25, -7.1],
			"rotation": {"angle": 0, "axis": "y", "origin": [8, 0.25, 7.9]},
			"faces": {
				"north": {"uv": [7, 3, 11.5, 3.25], "texture": "#0"},
				"east": {"uv": [9, 10.25, 9.25, 10.5], "texture": "#0"},
				"south": {"uv": [7, 3.25, 11.5, 3.5], "texture": "#0"},
				"west": {"uv": [9.25, 10.25, 9.5, 10.5], "texture": "#0"},
				"up": {"uv": [12.5, 6.25, 8, 6], "texture": "#0"},
				"down": {"uv": [12.5, 6.25, 8, 6.5], "texture": "#0"}
			}
		},
		{
			"from": [-1, 0.25, 23.1],
			"to": [17, 1.25, 24.1],
			"rotation": {"angle": 0, "axis": "y", "origin": [8, 0.25, 8.1]},
			"faces": {
				"north": {"uv": [11.5, 3.25, 7, 3.5], "texture": "#0"},
				"east": {"uv": [9.25, 10.25, 9, 10.5], "texture": "#0"},
				"south": {"uv": [11.5, 3, 7, 3.25], "texture": "#0"},
				"west": {"uv": [9.5, 10.25, 9.25, 10.5], "texture": "#0"},
				"up": {"uv": [12.5, 6, 8, 6.25], "texture": "#0"},
				"down": {"uv": [12.5, 6.5, 8, 6.25], "texture": "#0"}
			}
		}
	]
}