{
	"credit": " (C)ArtsByKev, https://youtube.com/c/artsbykev & https://twitter.com/artsbykev - Using Blockbench",
	"ambientocclusion": false,
	"texture_size": [64, 64],
	"textures": {
		"0": "artsbykev_var/info/map_north",
		"particle": "artsbykev_var/info/map_north"
	},
	"elements": [
		{
			"from": [0, 0, 8],
			"to": [16, 32, 8],
			"rotation": {"angle": 0, "axis": "y", "origin": [0, 0, 8]},
			"faces": {
				"north": {"uv": [4, 8, 8, 16], "texture": "#0"},
				"east": {"uv": [0, 0, 0, 8], "texture": "#0"},
				"south": {"uv": [4, 0, 8, 8], "texture": "#0"},
				"west": {"uv": [0, 0, 0, 8], "texture": "#0"},
				"up": {"uv": [4, 0, 0, 0], "texture": "#0"},
				"down": {"uv": [4, 0, 0, 0], "texture": "#0"}
			}
		},
		{
			"from": [16, 0, 8],
			"to": [32, 32, 8],
			"rotation": {"angle": -22.5, "axis": "y", "origin": [16, 0, 8]},
			"faces": {
				"north": {"uv": [0, 8, 4, 16], "texture": "#0"},
				"east": {"uv": [0, 0, 0, 8], "texture": "#0"},
				"south": {"uv": [8, 0, 12, 8], "texture": "#0"},
				"west": {"uv": [0, 0, 0, 8], "texture": "#0"},
				"up": {"uv": [4, 0, 0, 0], "texture": "#0"},
				"down": {"uv": [4, 0, 0, 0], "texture": "#0"}
			}
		},
		{
			"from": [-16, 0, 8],
			"to": [0, 32, 8],
			"rotation": {"angle": -22.5, "axis": "y", "origin": [0, 0, 8]},
			"faces": {
				"north": {"uv": [8, 8, 12, 16], "texture": "#0"},
				"east": {"uv": [0, 0, 0, 8], "texture": "#0"},
				"south": {"uv": [0, 0, 4, 8], "texture": "#0"},
				"west": {"uv": [0, 0, 0, 8], "texture": "#0"},
				"up": {"uv": [4, 0, 0, 0], "texture": "#0"},
				"down": {"uv": [4, 0, 0, 0], "texture": "#0"}
			}
		}
	],
	"display": {
		"thirdperson_righthand": {
			"translation": [-5.75, 2.25, -0.5],
			"scale": [0.4, 0.4, 0.4]
		},
		"thirdperson_lefthand": {
			"translation": [-5.75, 2.25, -0.5],
			"scale": [0.4, 0.4, 0.4]
		},
		"firstperson_righthand": {
			"rotation": [-12, 10, 0],
			"translation": [-8.5, 4, 0],
			"scale": [0.5, 0.5, 0.5]
		},
		"firstperson_lefthand": {
			"rotation": [-12, -20, 0],
			"translation": [-8.25, 4, 0],
			"scale": [0.5, 0.5, 0.5]
		},
		"ground": {
			"rotation": [-62, 0, 2],
			"translation": [0, 7.25, 4],
			"scale": [0.5, 0.5, 0.5]
		},
		"gui": {
			"rotation": [-25, -28, -11],
			"translation": [-0.5, -3.25, 0],
			"scale": [0.45, 0.45, 0.45]
		},
		"head": {
			"rotation": [0, -169, 0],
			"translation": [0, -10.25, 0],
			"scale": [2, 2, 2]
		},
		"fixed": {
			"rotation": [0, 11, 0],
			"translation": [-1.75, -13.25, -4],
			"scale": [1.5, 1.5, 1.5]
		}
	}
}