{"providers":[{"file":"minecraft:ascii.ttf","size":7,"shift":[0,0],"oversample":1,"type":"ttf"},

{"file":"minecraft:font/ascii.png","ascent":7,"type":"bitmap","chars":
["\u0000\u0000\u0000\u0000\u0000\u0000\u0000\u0000\u0000\u0000\u0000\u0000\u0000\u0000\u0000\u0000",
"\u0000\u0000\u0000\u0000\u0000\u0000\u0000\u0000\u0000\u0000\u0000\u0000\u0000\u0000\u0000\u0000",
" !\"#$%&'()*+,-./","0123456789:;<=>?","@ABCDEFGHIJKLMNO","PQRSTUVWXYZ[\\]^_","`abcdefghijklmno",
"pqrstuvwxyz{|}~\u0000","\u0000\u0000\u0000\u0000\u0000\u0000\u0000\u0000\u0000\u0000\u0000\u0000\u0000\u0000\u0000\u0000",
"\u0000\u0000\u0000\u0000\u0000\u0000\u0000\u0000\u0000\u0000\u0000\u0000£\u0000\u0000ƒ",
"\u0000\u0000\u0000\u0000\u0000\u0000ªº\u0000\u0000¬\u0000\u0000\u0000«»",
"░▒▓│┤╡╢╖╕╣║╗╝╜╛┐","└┴┬├─┼╞╟╚╔╩╦╠═╬╧","╨╤╥╙╘╒╓╫╪┘┌█▄▌▐▀",
"\u0000\u0000\u0000\u0000\u0000\u0000\u0000\u0000\u0000\u0000\u0000\u0000\u0000∅∈\u0000",
"≡±≥≤⌠⌡÷≈°∙·√\u207f²■\u0000"]},

{"file":"tameless:realm_logo.png","ascent":40,"type":"bitmap","chars":["섏섐","섑섒"],"height":120},

{"file":"tl_ui/notifications.png","ascent":6,"type":"bitmap","chars":["珨鄆栅测懑","逗溅逘這澴","敉分通鄃虢","艮鄄鄅郯曏","皈皤祺永ꑝ"],"height":24},

{"file":"tl_ui/menu_guys.png","ascent":16,"type":"bitmap","chars":["皛ꑝ皞"],"height":30},

{"file":"tl_ui/chat_icons.png","ascent":8,"type":"bitmap","chars":["滴滦洨湙湾","滚退送适逃","逄逿逛逜逝","逞欻氆渼竽","汈漏淠糍颉"],"height":9}

]}