{
	"credit": " (C)ArtsByKev, https://youtube.com/c/artsbykev & https://twitter.com/artsbykev - Using Blockbench",
	"texture_size": [32, 32],
	"textures": {
		"0": "artsbykev_lootables/carcass_small"
	},
	"elements": [
		{
			"from": [7.5, 0, 12],
			"to": [8.5, 1, 14],
			"rotation": {"angle": 0, "axis": "y", "origin": [-2, 0, 7]},
			"faces": {
				"north": {"uv": [1, 6, 1.5, 6.5], "texture": "#0"},
				"east": {"uv": [0, 6, 1, 6.5], "texture": "#0"},
				"south": {"uv": [2.5, 6, 3, 6.5], "texture": "#0"},
				"west": {"uv": [1.5, 6, 2.5, 6.5], "texture": "#0"},
				"up": {"uv": [1.5, 6, 1, 5], "texture": "#0"},
				"down": {"uv": [2, 5, 1.5, 6], "texture": "#0"}
			}
		},
		{
			"from": [7.5, 0, 2],
			"to": [8.5, 1, 4],
			"rotation": {"angle": 0, "axis": "y", "origin": [-2, 0, -3]},
			"faces": {
				"north": {"uv": [7, 7, 7.5, 7.5], "texture": "#0"},
				"east": {"uv": [6, 7, 7, 7.5], "texture": "#0"},
				"south": {"uv": [8.5, 7, 9, 7.5], "texture": "#0"},
				"west": {"uv": [7.5, 7, 8.5, 7.5], "texture": "#0"},
				"up": {"uv": [7.5, 7, 7, 6], "texture": "#0"},
				"down": {"uv": [8, 6, 7.5, 7], "texture": "#0"}
			}
		},
		{
			"from": [10, 0, 6],
			"to": [11, 1, 11],
			"rotation": {"angle": 0, "axis": "y", "origin": [1, 0, 1]},
			"faces": {
				"north": {"uv": [10.5, 2.5, 11, 3], "texture": "#0"},
				"east": {"uv": [8, 2.5, 10.5, 3], "texture": "#0"},
				"south": {"uv": [13.5, 2.5, 14, 3], "texture": "#0"},
				"west": {"uv": [11, 2.5, 13.5, 3], "texture": "#0"},
				"up": {"uv": [11, 2.5, 10.5, 0], "texture": "#0"},
				"down": {"uv": [11.5, 0, 11, 2.5], "texture": "#0"}
			}
		},
		{
			"from": [10, 1, 7],
			"to": [11, 2, 10],
			"rotation": {"angle": 0, "axis": "y", "origin": [2, 1, 0]},
			"faces": {
				"north": {"uv": [1.5, 1.5, 2, 2], "texture": "#0"},
				"east": {"uv": [0, 1.5, 1.5, 2], "texture": "#0"},
				"south": {"uv": [3.5, 1.5, 4, 2], "texture": "#0"},
				"west": {"uv": [2, 1.5, 3.5, 2], "texture": "#0"},
				"up": {"uv": [2, 1.5, 1.5, 0], "texture": "#0"},
				"down": {"uv": [2.5, 0, 2, 1.5], "texture": "#0"}
			}
		},
		{
			"from": [9, 2, 6],
			"to": [10, 3, 9],
			"rotation": {"angle": 0, "axis": "y", "origin": [1, 2, 0]},
			"faces": {
				"north": {"uv": [1.5, 3.5, 2, 4], "texture": "#0"},
				"east": {"uv": [0, 3.5, 1.5, 4], "texture": "#0"},
				"south": {"uv": [3.5, 3.5, 4, 4], "texture": "#0"},
				"west": {"uv": [2, 3.5, 3.5, 4], "texture": "#0"},
				"up": {"uv": [2, 3.5, 1.5, 2], "texture": "#0"},
				"down": {"uv": [2.5, 2, 2, 3.5], "texture": "#0"}
			}
		},
		{
			"from": [7, 3, 6],
			"to": [9, 4, 8],
			"rotation": {"angle": 0, "axis": "y", "origin": [0, 3, 0]},
			"faces": {
				"north": {"uv": [1, 9.5, 2, 10], "texture": "#0"},
				"east": {"uv": [0, 9.5, 1, 10], "texture": "#0"},
				"south": {"uv": [3, 9.5, 4, 10], "texture": "#0"},
				"west": {"uv": [2, 9.5, 3, 10], "texture": "#0"},
				"up": {"uv": [2, 9.5, 1, 8.5], "texture": "#0"},
				"down": {"uv": [3, 8.5, 2, 9.5], "texture": "#0"}
			}
		},
		{
			"from": [6, 2, 5],
			"to": [9, 3, 11],
			"rotation": {"angle": 0, "axis": "y", "origin": [-1, 2, 0]},
			"faces": {
				"north": {"uv": [3, 8, 4.5, 8.5], "texture": "#0"},
				"east": {"uv": [0, 8, 3, 8.5], "texture": "#0"},
				"south": {"uv": [7.5, 8, 9, 8.5], "texture": "#0"},
				"west": {"uv": [4.5, 8, 7.5, 8.5], "texture": "#0"},
				"up": {"uv": [4.5, 8, 3, 5], "texture": "#0"},
				"down": {"uv": [6, 5, 4.5, 8], "texture": "#0"}
			}
		},
		{
			"from": [5, 0, 5],
			"to": [6, 2, 11],
			"rotation": {"angle": 0, "axis": "y", "origin": [-4, 0, 0]},
			"faces": {
				"north": {"uv": [9, 9, 9.5, 10], "texture": "#0"},
				"east": {"uv": [6, 9, 9, 10], "texture": "#0"},
				"south": {"uv": [12.5, 9, 13, 10], "texture": "#0"},
				"west": {"uv": [9.5, 9, 12.5, 10], "texture": "#0"},
				"up": {"uv": [9.5, 9, 9, 6], "texture": "#0"},
				"down": {"uv": [10, 6, 9.5, 9], "texture": "#0"}
			}
		},
		{
			"from": [4.06111, 3.30447, 6.475],
			"to": [4.66111, 4.90447, 7.075],
			"shade": false,
			"rotation": {"angle": -22.5, "axis": "z", "origin": [4.11111, 3.25447, 6.775]},
			"faces": {
				"north": {"uv": [10.5, 10.5, 10, 11.5], "texture": "#0"},
				"east": {"uv": [11, 10.5, 10.5, 11.5], "texture": "#0"},
				"south": {"uv": [11.5, 10.5, 11, 11.5], "texture": "#0"},
				"west": {"uv": [10, 10.5, 9.5, 11.5], "texture": "#0"},
				"up": {"uv": [10, 10.5, 10.5, 10], "texture": "#0"},
				"down": {"uv": [10.5, 10, 11, 10.5], "texture": "#0"}
			}
		},
		{
			"from": [11.33889, 3.30447, 6.475],
			"to": [11.93889, 4.90447, 7.075],
			"shade": false,
			"rotation": {"angle": 22.5, "axis": "z", "origin": [11.88889, 3.25447, 6.775]},
			"faces": {
				"north": {"uv": [10, 10.5, 10.5, 11.5], "texture": "#0"},
				"east": {"uv": [9.5, 10.5, 10, 11.5], "texture": "#0"},
				"south": {"uv": [11, 10.5, 11.5, 11.5], "texture": "#0"},
				"west": {"uv": [10.5, 10.5, 11, 11.5], "texture": "#0"},
				"up": {"uv": [10.5, 10.5, 10, 10], "texture": "#0"},
				"down": {"uv": [11, 10, 10.5, 10.5], "texture": "#0"}
			}
		},
		{
			"from": [4.0037, 4.16589, 8.475],
			"to": [4.6037, 5.76589, 9.075],
			"shade": false,
			"rotation": {"angle": -22.5, "axis": "z", "origin": [4.0537, 4.21589, 8.775]},
			"faces": {
				"north": {"uv": [11, 5.5, 10.5, 6.5], "texture": "#0"},
				"east": {"uv": [11.5, 5.5, 11, 6.5], "texture": "#0"},
				"south": {"uv": [12, 5.5, 11.5, 6.5], "texture": "#0"},
				"west": {"uv": [10.5, 5.5, 10, 6.5], "texture": "#0"},
				"up": {"uv": [10.5, 5.5, 11, 5], "texture": "#0"},
				"down": {"uv": [11, 5, 11.5, 5.5], "texture": "#0"}
			}
		},
		{
			"from": [11.3963, 4.16589, 8.475],
			"to": [11.9963, 5.76589, 9.075],
			"shade": false,
			"rotation": {"angle": 22.5, "axis": "z", "origin": [11.9463, 4.21589, 8.775]},
			"faces": {
				"north": {"uv": [10.5, 5.5, 11, 6.5], "texture": "#0"},
				"east": {"uv": [10, 5.5, 10.5, 6.5], "texture": "#0"},
				"south": {"uv": [11.5, 5.5, 12, 6.5], "texture": "#0"},
				"west": {"uv": [11, 5.5, 11.5, 6.5], "texture": "#0"},
				"up": {"uv": [11, 5.5, 10.5, 5], "texture": "#0"},
				"down": {"uv": [11.5, 5, 11, 5.5], "texture": "#0"}
			}
		},
		{
			"from": [4.0037, 4.16589, 10.475],
			"to": [4.6037, 6.76589, 11.075],
			"shade": false,
			"rotation": {"angle": -22.5, "axis": "z", "origin": [4.0537, 4.21589, 10.775]},
			"faces": {
				"north": {"uv": [3, 10.5, 2.5, 12], "texture": "#0"},
				"east": {"uv": [3.5, 10.5, 3, 12], "texture": "#0"},
				"south": {"uv": [4, 10.5, 3.5, 12], "texture": "#0"},
				"west": {"uv": [2.5, 10.5, 2, 12], "texture": "#0"},
				"up": {"uv": [2.5, 10.5, 3, 10], "texture": "#0"},
				"down": {"uv": [3, 10, 3.5, 10.5], "texture": "#0"}
			}
		},
		{
			"from": [11.3963, 4.16589, 10.475],
			"to": [11.9963, 6.76589, 11.075],
			"shade": false,
			"rotation": {"angle": 22.5, "axis": "z", "origin": [11.9463, 4.21589, 10.775]},
			"faces": {
				"north": {"uv": [2.5, 10.5, 3, 12], "texture": "#0"},
				"east": {"uv": [2, 10.5, 2.5, 12], "texture": "#0"},
				"south": {"uv": [3.5, 10.5, 4, 12], "texture": "#0"},
				"west": {"uv": [3, 10.5, 3.5, 12], "texture": "#0"},
				"up": {"uv": [3, 10.5, 2.5, 10], "texture": "#0"},
				"down": {"uv": [3.5, 10, 3, 10.5], "texture": "#0"}
			}
		},
		{
			"from": [3.96111, 1.50447, 6.35],
			"to": [4.76111, 3.30447, 7.15],
			"shade": false,
			"rotation": {"angle": 0, "axis": "y", "origin": [-3.13889, 1.40447, -1.75]},
			"faces": {
				"north": {"uv": [1, 7, 0.5, 8], "texture": "#0"},
				"east": {"uv": [1.5, 7, 1, 8], "texture": "#0"},
				"south": {"uv": [2, 7, 1.5, 8], "texture": "#0"},
				"west": {"uv": [0.5, 7, 0, 8], "texture": "#0"},
				"up": {"uv": [0.5, 7, 1, 6.5], "texture": "#0"},
				"down": {"uv": [1, 6.5, 1.5, 7], "texture": "#0"}
			}
		},
		{
			"from": [11.23889, 1.50447, 6.35],
			"to": [12.03889, 3.30447, 7.15],
			"shade": false,
			"rotation": {"angle": 0, "axis": "y", "origin": [19.13889, 1.40447, -1.75]},
			"faces": {
				"north": {"uv": [0.5, 7, 1, 8], "texture": "#0"},
				"east": {"uv": [0, 7, 0.5, 8], "texture": "#0"},
				"south": {"uv": [1.5, 7, 2, 8], "texture": "#0"},
				"west": {"uv": [1, 7, 1.5, 8], "texture": "#0"},
				"up": {"uv": [1, 7, 0.5, 6.5], "texture": "#0"},
				"down": {"uv": [1.5, 6.5, 1, 7], "texture": "#0"}
			}
		},
		{
			"from": [3.9037, 1.36589, 8.35],
			"to": [4.7037, 4.16589, 9.15],
			"shade": false,
			"rotation": {"angle": 0, "axis": "y", "origin": [-3.1963, 1.26589, 0.25]},
			"faces": {
				"north": {"uv": [5, 9, 4.5, 10.5], "texture": "#0"},
				"east": {"uv": [5.5, 9, 5, 10.5], "texture": "#0"},
				"south": {"uv": [6, 9, 5.5, 10.5], "texture": "#0"},
				"west": {"uv": [4.5, 9, 4, 10.5], "texture": "#0"},
				"up": {"uv": [4.5, 9, 5, 8.5], "texture": "#0"},
				"down": {"uv": [5, 8.5, 5.5, 9], "texture": "#0"}
			}
		},
		{
			"from": [11.2963, 1.36589, 8.35],
			"to": [12.0963, 4.16589, 9.15],
			"shade": false,
			"rotation": {"angle": 0, "axis": "y", "origin": [19.1963, 1.26589, 0.25]},
			"faces": {
				"north": {"uv": [4.5, 9, 5, 10.5], "texture": "#0"},
				"east": {"uv": [4, 9, 4.5, 10.5], "texture": "#0"},
				"south": {"uv": [5.5, 9, 6, 10.5], "texture": "#0"},
				"west": {"uv": [5, 9, 5.5, 10.5], "texture": "#0"},
				"up": {"uv": [5, 9, 4.5, 8.5], "texture": "#0"},
				"down": {"uv": [5.5, 8.5, 5, 9], "texture": "#0"}
			}
		},
		{
			"from": [3.9037, 1.36589, 10.35],
			"to": [4.7037, 4.16589, 11.15],
			"shade": false,
			"rotation": {"angle": 0, "axis": "y", "origin": [-3.1963, 1.26589, 2.25]},
			"faces": {
				"north": {"uv": [6.5, 10.5, 6, 12], "texture": "#0"},
				"east": {"uv": [7, 10.5, 6.5, 12], "texture": "#0"},
				"south": {"uv": [7.5, 10.5, 7, 12], "texture": "#0"},
				"west": {"uv": [6, 10.5, 5.5, 12], "texture": "#0"},
				"up": {"uv": [6, 10.5, 6.5, 10], "texture": "#0"},
				"down": {"uv": [6.5, 10, 7, 10.5], "texture": "#0"}
			}
		},
		{
			"from": [11.2963, 1.36589, 10.35],
			"to": [12.0963, 4.16589, 11.15],
			"shade": false,
			"rotation": {"angle": 0, "axis": "y", "origin": [19.1963, 1.26589, 2.25]},
			"faces": {
				"north": {"uv": [6, 10.5, 6.5, 12], "texture": "#0"},
				"east": {"uv": [5.5, 10.5, 6, 12], "texture": "#0"},
				"south": {"uv": [7, 10.5, 7.5, 12], "texture": "#0"},
				"west": {"uv": [6.5, 10.5, 7, 12], "texture": "#0"},
				"up": {"uv": [6.5, 10.5, 6, 10], "texture": "#0"},
				"down": {"uv": [7, 10, 6.5, 10.5], "texture": "#0"}
			}
		},
		{
			"from": [4, 0.9, 6.25],
			"to": [7, 1.9, 7.25],
			"rotation": {"angle": -22.5, "axis": "z", "origin": [5.5, 1.3, 8.75]},
			"faces": {
				"north": {"uv": [8.5, 10.5, 8, 11], "texture": "#0"},
				"east": {"uv": [9, 10.5, 8.5, 11], "texture": "#0"},
				"south": {"uv": [9.5, 10.5, 9, 11], "texture": "#0"},
				"west": {"uv": [8, 10.5, 7.5, 11], "texture": "#0"},
				"up": {"uv": [7, 11, 8.5, 10.5], "texture": "#0"},
				"down": {"uv": [7, 10.5, 8.5, 11], "texture": "#0"}
			}
		},
		{
			"from": [9, 0.9, 6.25],
			"to": [12, 1.9, 7.25],
			"rotation": {"angle": 22.5, "axis": "z", "origin": [10.5, 1.3, 8.75]},
			"faces": {
				"north": {"uv": [8, 10.5, 8.5, 11], "texture": "#0"},
				"east": {"uv": [7.5, 10.5, 8, 11], "texture": "#0"},
				"south": {"uv": [9, 10.5, 9.5, 11], "texture": "#0"},
				"west": {"uv": [8.5, 10.5, 9, 11], "texture": "#0"},
				"up": {"uv": [8.5, 11, 7, 10.5], "texture": "#0"},
				"down": {"uv": [8.5, 10.5, 7, 11], "texture": "#0"}
			}
		},
		{
			"from": [4, 0.75, 8.25],
			"to": [7, 1.75, 9.25],
			"rotation": {"angle": -22.5, "axis": "z", "origin": [5.5, 1.3, 8.75]},
			"faces": {
				"north": {"uv": [8.5, 10.5, 8, 11], "texture": "#0"},
				"east": {"uv": [9, 10.5, 8.5, 11], "texture": "#0"},
				"south": {"uv": [9.5, 10.5, 9, 11], "texture": "#0"},
				"west": {"uv": [8, 10.5, 7.5, 11], "texture": "#0"},
				"up": {"uv": [7, 11, 8.5, 10.5], "texture": "#0"},
				"down": {"uv": [7, 10.5, 8.5, 11], "texture": "#0"}
			}
		},
		{
			"from": [9, 0.75, 8.25],
			"to": [12, 1.75, 9.25],
			"rotation": {"angle": 22.5, "axis": "z", "origin": [10.5, 1.3, 8.75]},
			"faces": {
				"north": {"uv": [8, 10.5, 8.5, 11], "texture": "#0"},
				"east": {"uv": [7.5, 10.5, 8, 11], "texture": "#0"},
				"south": {"uv": [9, 10.5, 9.5, 11], "texture": "#0"},
				"west": {"uv": [8.5, 10.5, 9, 11], "texture": "#0"},
				"up": {"uv": [8.5, 11, 7, 10.5], "texture": "#0"},
				"down": {"uv": [8.5, 10.5, 7, 11], "texture": "#0"}
			}
		},
		{
			"from": [4, 0.75, 10.25],
			"to": [7, 1.75, 11.25],
			"rotation": {"angle": -22.5, "axis": "z", "origin": [5.5, 1.3, 8.75]},
			"faces": {
				"north": {"uv": [8.5, 10.5, 8, 11], "texture": "#0"},
				"east": {"uv": [9, 10.5, 8.5, 11], "texture": "#0"},
				"south": {"uv": [9.5, 10.5, 9, 11], "texture": "#0"},
				"west": {"uv": [8, 10.5, 7.5, 11], "texture": "#0"},
				"up": {"uv": [7, 11, 8.5, 10.5], "texture": "#0"},
				"down": {"uv": [7, 10.5, 8.5, 11], "texture": "#0"}
			}
		},
		{
			"from": [9, 0.75, 10.25],
			"to": [12, 1.75, 11.25],
			"rotation": {"angle": 22.5, "axis": "z", "origin": [10.5, 1.3, 8.75]},
			"faces": {
				"north": {"uv": [8, 10.5, 8.5, 11], "texture": "#0"},
				"east": {"uv": [7.5, 10.5, 8, 11], "texture": "#0"},
				"south": {"uv": [9, 10.5, 9.5, 11], "texture": "#0"},
				"west": {"uv": [8.5, 10.5, 9, 11], "texture": "#0"},
				"up": {"uv": [8.5, 11, 7, 10.5], "texture": "#0"},
				"down": {"uv": [8.5, 10.5, 7, 11], "texture": "#0"}
			}
		},
		{
			"from": [6, 0, 4],
			"to": [10, 2, 12],
			"rotation": {"angle": 0, "axis": "y", "origin": [-1, 0, 0]},
			"faces": {
				"north": {"uv": [4, 4, 6, 5], "texture": "#0"},
				"east": {"uv": [0, 4, 4, 5], "texture": "#0"},
				"south": {"uv": [10, 4, 12, 5], "texture": "#0"},
				"west": {"uv": [6, 4, 10, 5], "texture": "#0"},
				"up": {"uv": [6, 4, 4, 0], "texture": "#0"},
				"down": {"uv": [8, 0, 6, 4], "texture": "#0"}
			}
		}
	],
	"display": {
		"thirdperson_righthand": {
			"translation": [0, 7.5, 6]
		},
		"thirdperson_lefthand": {
			"translation": [0, 7.5, 6]
		},
		"firstperson_righthand": {
			"rotation": [23, -18, 0],
			"translation": [0, 7.75, 1]
		},
		"firstperson_lefthand": {
			"rotation": [23, -18, 0],
			"translation": [0, 7.75, 1]
		},
		"ground": {
			"translation": [0, 2.75, 0],
			"scale": [0.5, 0.5, 0.5]
		},
		"gui": {
			"rotation": [49, -34, 0],
			"translation": [0, 3.75, 0]
		},
		"head": {
			"translation": [0, -33.5, 0],
			"scale": [1.2, 1.2, 1.2]
		},
		"fixed": {
			"translation": [0, 6.25, 0]
		}
	}
}