{
	"credit": " (C)ArtsByKev, https://youtube.com/c/artsbykev & https://twitter.com/artsbykev - Using Blockbench",
	"texture_size": [64, 64],
	"textures": {
		"0": "artsbykev_lootables/carcass_medium"
	},
	"elements": [
		{
			"from": [7, 0, 18],
			"to": [10, 3, 21],
			"rotation": {"angle": 0, "axis": "y", "origin": [8.84375, 5.94025, 7.42188]},
			"faces": {
				"north": {"uv": [0.75, 8, 1.5, 8.75], "texture": "#0"},
				"east": {"uv": [0, 8, 0.75, 8.75], "texture": "#0"},
				"south": {"uv": [2.25, 8, 3, 8.75], "texture": "#0"},
				"west": {"uv": [1.5, 8, 2.25, 8.75], "texture": "#0"},
				"up": {"uv": [1.5, 8, 0.75, 7.25], "texture": "#0"},
				"down": {"uv": [2.25, 7.25, 1.5, 8], "texture": "#0"}
			}
		},
		{
			"from": [7, 0, -6],
			"to": [10, 3, -3],
			"rotation": {"angle": 0, "axis": "y", "origin": [8.84375, 5.94025, 7.42188]},
			"faces": {
				"north": {"uv": [11, 2, 11.75, 2.75], "texture": "#0"},
				"east": {"uv": [10.25, 2, 11, 2.75], "texture": "#0"},
				"south": {"uv": [12.5, 2, 13.25, 2.75], "texture": "#0"},
				"west": {"uv": [11.75, 2, 12.5, 2.75], "texture": "#0"},
				"up": {"uv": [11.75, 2, 11, 1.25], "texture": "#0"},
				"down": {"uv": [12.5, 1.25, 11.75, 2], "texture": "#0"}
			}
		},
		{
			"from": [4, 0, 16],
			"to": [13, 3, 18],
			"rotation": {"angle": 0, "axis": "y", "origin": [7.84375, 5.94025, 7.42188]},
			"faces": {
				"north": {"uv": [10.75, 0.5, 13, 1.25], "texture": "#0"},
				"east": {"uv": [10.25, 0.5, 10.75, 1.25], "texture": "#0"},
				"south": {"uv": [13.5, 0.5, 15.75, 1.25], "texture": "#0"},
				"west": {"uv": [13, 0.5, 13.5, 1.25], "texture": "#0"},
				"up": {"uv": [13, 0.5, 10.75, 0], "texture": "#0"},
				"down": {"uv": [15.25, 0, 13, 0.5], "texture": "#0"}
			}
		},
		{
			"from": [3, 0, -3],
			"to": [12, 4, -1],
			"rotation": {"angle": 0, "axis": "y", "origin": [7.84375, 5.94025, 7.42188]},
			"faces": {
				"north": {"uv": [0.5, 10, 2.75, 11], "texture": "#0"},
				"east": {"uv": [0, 10, 0.5, 11], "texture": "#0"},
				"south": {"uv": [3.25, 10, 5.5, 11], "texture": "#0"},
				"west": {"uv": [2.75, 10, 3.25, 11], "texture": "#0"},
				"up": {"uv": [2.75, 10, 0.5, 9.5], "texture": "#0"},
				"down": {"uv": [5, 9.5, 2.75, 10], "texture": "#0"}
			}
		},
		{
			"from": [14, 0, 6],
			"to": [15, 3, 13],
			"rotation": {"angle": 0, "axis": "y", "origin": [7.84375, 5.94025, 7.42188]},
			"faces": {
				"north": {"uv": [1.75, 1.75, 2, 2.5], "texture": "#0"},
				"east": {"uv": [0, 1.75, 1.75, 2.5], "texture": "#0"},
				"south": {"uv": [3.75, 1.75, 4, 2.5], "texture": "#0"},
				"west": {"uv": [2, 1.75, 3.75, 2.5], "texture": "#0"},
				"up": {"uv": [2, 1.75, 1.75, 0], "texture": "#0"},
				"down": {"uv": [2.25, 0, 2, 1.75], "texture": "#0"}
			}
		},
		{
			"from": [1, 0, 2],
			"to": [2, 3, 9],
			"rotation": {"angle": 0, "axis": "y", "origin": [7.84375, 5.94025, 7.42188]},
			"faces": {
				"north": {"uv": [5.5, 11.25, 5.75, 12], "texture": "#0"},
				"east": {"uv": [3.75, 11.25, 5.5, 12], "texture": "#0"},
				"south": {"uv": [7.5, 11.25, 7.75, 12], "texture": "#0"},
				"west": {"uv": [5.75, 11.25, 7.5, 12], "texture": "#0"},
				"up": {"uv": [5.75, 11.25, 5.5, 9.5], "texture": "#0"},
				"down": {"uv": [6, 9.5, 5.75, 11.25], "texture": "#0"}
			}
		},
		{
			"from": [12, 4, 6],
			"to": [13, 6, 12],
			"rotation": {"angle": 0, "axis": "y", "origin": [7.84375, 5.94025, 7.42188]},
			"faces": {
				"north": {"uv": [1.5, 6.75, 1.75, 7.25], "texture": "#0"},
				"east": {"uv": [0, 6.75, 1.5, 7.25], "texture": "#0"},
				"south": {"uv": [3.25, 6.75, 3.5, 7.25], "texture": "#0"},
				"west": {"uv": [1.75, 6.75, 3.25, 7.25], "texture": "#0"},
				"up": {"uv": [1.75, 6.75, 1.5, 5.25], "texture": "#0"},
				"down": {"uv": [2, 5.25, 1.75, 6.75], "texture": "#0"}
			}
		},
		{
			"from": [2, 4, 6],
			"to": [3, 5, 12],
			"rotation": {"angle": 0, "axis": "y", "origin": [7.84375, 5.94025, 7.42188]},
			"faces": {
				"north": {"uv": [1.5, 4, 1.75, 4.25], "texture": "#0"},
				"east": {"uv": [0, 4, 1.5, 4.25], "texture": "#0"},
				"south": {"uv": [3.25, 4, 3.5, 4.25], "texture": "#0"},
				"west": {"uv": [1.75, 4, 3.25, 4.25], "texture": "#0"},
				"up": {"uv": [1.75, 4, 1.5, 2.5], "texture": "#0"},
				"down": {"uv": [2, 2.5, 1.75, 4], "texture": "#0"}
			}
		},
		{
			"from": [3, 4, 2],
			"to": [5, 6, 13],
			"rotation": {"angle": 0, "axis": "y", "origin": [7.84375, 5.94025, 7.42188]},
			"faces": {
				"north": {"uv": [9.75, 8, 10.25, 8.5], "texture": "#0"},
				"east": {"uv": [7, 8, 9.75, 8.5], "texture": "#0"},
				"south": {"uv": [13, 8, 13.5, 8.5], "texture": "#0"},
				"west": {"uv": [10.25, 8, 13, 8.5], "texture": "#0"},
				"up": {"uv": [10.25, 8, 9.75, 5.25], "texture": "#0"},
				"down": {"uv": [10.75, 5.25, 10.25, 8], "texture": "#0"}
			}
		},
		{
			"from": [6, 4, 14],
			"to": [11, 5, 15],
			"rotation": {"angle": 0, "axis": "y", "origin": [7.84375, 5.94025, 7.42188]},
			"faces": {
				"north": {"uv": [7.75, 9.75, 9, 10], "texture": "#0"},
				"east": {"uv": [7.5, 9.75, 7.75, 10], "texture": "#0"},
				"south": {"uv": [9.25, 9.75, 10.5, 10], "texture": "#0"},
				"west": {"uv": [9, 9.75, 9.25, 10], "texture": "#0"},
				"up": {"uv": [9, 9.75, 7.75, 9.5], "texture": "#0"},
				"down": {"uv": [10.25, 9.5, 9, 9.75], "texture": "#0"}
			}
		},
		{
			"from": [6, 4, -1],
			"to": [11, 6, 0],
			"rotation": {"angle": 0, "axis": "y", "origin": [7.84375, 5.94025, 7.42188]},
			"faces": {
				"north": {"uv": [10.5, 3, 11.75, 3.5], "texture": "#0"},
				"east": {"uv": [10.25, 3, 10.5, 3.5], "texture": "#0"},
				"south": {"uv": [12, 3, 13.25, 3.5], "texture": "#0"},
				"west": {"uv": [11.75, 3, 12, 3.5], "texture": "#0"},
				"up": {"uv": [11.75, 3, 10.5, 2.75], "texture": "#0"},
				"down": {"uv": [13, 2.75, 11.75, 3], "texture": "#0"}
			}
		},
		{
			"from": [5, 7, 2],
			"to": [10, 8, 11],
			"rotation": {"angle": 0, "axis": "y", "origin": [7.84375, 5.94025, 7.42188]},
			"faces": {
				"north": {"uv": [10.5, 10.75, 11.75, 11], "texture": "#0"},
				"east": {"uv": [8.25, 10.75, 10.5, 11], "texture": "#0"},
				"south": {"uv": [14, 10.75, 15.25, 11], "texture": "#0"},
				"west": {"uv": [11.75, 10.75, 14, 11], "texture": "#0"},
				"up": {"uv": [11.75, 10.75, 10.5, 8.5], "texture": "#0"},
				"down": {"uv": [13, 8.5, 11.75, 10.75], "texture": "#0"}
			}
		},
		{
			"from": [5, 4, 0],
			"to": [12, 7, 14],
			"rotation": {"angle": 0, "axis": "y", "origin": [7.84375, 5.94025, 7.42188]},
			"faces": {
				"north": {"uv": [3.5, 8.75, 5.25, 9.5], "texture": "#0"},
				"east": {"uv": [0, 8.75, 3.5, 9.5], "texture": "#0"},
				"south": {"uv": [8.75, 8.75, 10.5, 9.5], "texture": "#0"},
				"west": {"uv": [5.25, 8.75, 8.75, 9.5], "texture": "#0"},
				"up": {"uv": [5.25, 8.75, 3.5, 5.25], "texture": "#0"},
				"down": {"uv": [7, 5.25, 5.25, 8.75], "texture": "#0"}
			}
		},
		{
			"from": [-1.38476, 4.06566, 13],
			"to": [0.61524, 10.06566, 15],
			"rotation": {"angle": 0, "axis": "y", "origin": [7.84375, 5.94025, 7.42188]},
			"faces": {
				"north": {"uv": [8.25, 11.5, 8.75, 13], "texture": "#0"},
				"east": {"uv": [7.75, 11.5, 8.25, 13], "texture": "#0"},
				"south": {"uv": [9.25, 11.5, 9.75, 13], "texture": "#0"},
				"west": {"uv": [8.75, 11.5, 9.25, 13], "texture": "#0"},
				"up": {"uv": [8.75, 11.5, 8.25, 11], "texture": "#0"},
				"down": {"uv": [9.25, 11, 8.75, 11.5], "texture": "#0"}
			}
		},
		{
			"from": [15.38476, 4.06566, 13],
			"to": [17.38476, 10.06566, 15],
			"rotation": {"angle": 0, "axis": "y", "origin": [8.15625, 5.94025, 7.42188]},
			"faces": {
				"north": {"uv": [8.75, 11.5, 8.25, 13], "texture": "#0"},
				"east": {"uv": [9.25, 11.5, 8.75, 13], "texture": "#0"},
				"south": {"uv": [9.75, 11.5, 9.25, 13], "texture": "#0"},
				"west": {"uv": [8.25, 11.5, 7.75, 13], "texture": "#0"},
				"up": {"uv": [8.25, 11.5, 8.75, 11], "texture": "#0"},
				"down": {"uv": [8.75, 11, 9.25, 11.5], "texture": "#0"}
			}
		},
		{
			"from": [-1.38476, 4.06566, 6],
			"to": [0.61524, 10.06566, 8],
			"rotation": {"angle": 0, "axis": "y", "origin": [7.84375, 5.94025, 7.42188]},
			"faces": {
				"north": {"uv": [10.25, 11.5, 10.75, 13], "texture": "#0"},
				"east": {"uv": [9.75, 11.5, 10.25, 13], "texture": "#0"},
				"south": {"uv": [11.25, 11.5, 11.75, 13], "texture": "#0"},
				"west": {"uv": [10.75, 11.5, 11.25, 13], "texture": "#0"},
				"up": {"uv": [10.75, 11.5, 10.25, 11], "texture": "#0"},
				"down": {"uv": [11.25, 11, 10.75, 11.5], "texture": "#0"}
			}
		},
		{
			"from": [15.38476, 4.06566, 6],
			"to": [17.38476, 10.06566, 8],
			"rotation": {"angle": 0, "axis": "y", "origin": [8.15625, 5.94025, 7.42188]},
			"faces": {
				"north": {"uv": [10.75, 11.5, 10.25, 13], "texture": "#0"},
				"east": {"uv": [11.25, 11.5, 10.75, 13], "texture": "#0"},
				"south": {"uv": [11.75, 11.5, 11.25, 13], "texture": "#0"},
				"west": {"uv": [10.25, 11.5, 9.75, 13], "texture": "#0"},
				"up": {"uv": [10.25, 11.5, 10.75, 11], "texture": "#0"},
				"down": {"uv": [10.75, 11, 11.25, 11.5], "texture": "#0"}
			}
		},
		{
			"from": [-1.38476, 3.94066, 0],
			"to": [0.61524, 9.94066, 2],
			"rotation": {"angle": 0, "axis": "y", "origin": [7.84375, 5.81525, 7.42188]},
			"faces": {
				"north": {"uv": [2.5, 12, 3, 13.5], "texture": "#0"},
				"east": {"uv": [2, 12, 2.5, 13.5], "texture": "#0"},
				"south": {"uv": [3.5, 12, 4, 13.5], "texture": "#0"},
				"west": {"uv": [3, 12, 3.5, 13.5], "texture": "#0"},
				"up": {"uv": [3, 12, 2.5, 11.5], "texture": "#0"},
				"down": {"uv": [3.5, 11.5, 3, 12], "texture": "#0"}
			}
		},
		{
			"from": [15.38476, 3.94066, 0],
			"to": [17.38476, 9.94066, 2],
			"rotation": {"angle": 0, "axis": "y", "origin": [8.15625, 5.81525, 7.42188]},
			"faces": {
				"north": {"uv": [3, 12, 2.5, 13.5], "texture": "#0"},
				"east": {"uv": [3.5, 12, 3, 13.5], "texture": "#0"},
				"south": {"uv": [4, 12, 3.5, 13.5], "texture": "#0"},
				"west": {"uv": [2.5, 12, 2, 13.5], "texture": "#0"},
				"up": {"uv": [2.5, 12, 3, 11.5], "texture": "#0"},
				"down": {"uv": [3, 11.5, 3.5, 12], "texture": "#0"}
			}
		},
		{
			"from": [2, 0, -1],
			"to": [14, 4, 16],
			"rotation": {"angle": 0, "axis": "y", "origin": [7.84375, 5.94025, 7.42188]},
			"faces": {
				"north": {"uv": [4.25, 4.25, 7.25, 5.25], "texture": "#0"},
				"east": {"uv": [0, 4.25, 4.25, 5.25], "texture": "#0"},
				"south": {"uv": [11.5, 4.25, 14.5, 5.25], "texture": "#0"},
				"west": {"uv": [7.25, 4.25, 11.5, 5.25], "texture": "#0"},
				"up": {"uv": [7.25, 4.25, 4.25, 0], "texture": "#0"},
				"down": {"uv": [10.25, 0, 7.25, 4.25], "texture": "#0"}
			}
		},
		{
			"from": [-0.65, -0.1, 12.8],
			"to": [4.75, 2.3, 15.2],
			"rotation": {"angle": -22.5, "axis": "z", "origin": [8.94375, 4.04025, 7.42188]},
			"faces": {
				"north": {"uv": [0, 15.5, 1.25, 16], "texture": "#0"},
				"east": {"uv": [2.75, 1.25, 3.25, 1.75], "texture": "#0"},
				"south": {"uv": [0, 15.5, 1.25, 16], "texture": "#0"},
				"west": {"uv": [3, 1.25, 3.5, 1.75], "texture": "#0"},
				"up": {"uv": [1.25, 16, 0, 15.5], "texture": "#0"},
				"down": {"uv": [1.25, 15.5, 0, 16], "texture": "#0"}
			}
		},
		{
			"from": [11.25, -0.1, 12.8],
			"to": [16.65, 2.3, 15.2],
			"rotation": {"angle": 22.5, "axis": "z", "origin": [7.05625, 4.04025, 7.42188]},
			"faces": {
				"north": {"uv": [1.25, 15.5, 0, 16], "texture": "#0"},
				"east": {"uv": [3.5, 1.25, 3, 1.75], "texture": "#0"},
				"south": {"uv": [1.25, 15.5, 0, 16], "texture": "#0"},
				"west": {"uv": [3.25, 1.25, 2.75, 1.75], "texture": "#0"},
				"up": {"uv": [0, 16, 1.25, 15.5], "texture": "#0"},
				"down": {"uv": [0, 15.5, 1.25, 16], "texture": "#0"}
			}
		},
		{
			"from": [-0.65, -0.1, 5.8],
			"to": [4.75, 2.3, 8.2],
			"rotation": {"angle": -22.5, "axis": "z", "origin": [8.94375, 4.04025, 7.42188]},
			"faces": {
				"north": {"uv": [0, 15.5, 1.25, 16], "texture": "#0"},
				"east": {"uv": [2.75, 1.25, 3.25, 1.75], "texture": "#0"},
				"south": {"uv": [0, 15.5, 1.25, 16], "texture": "#0"},
				"west": {"uv": [3, 1.25, 3.5, 1.75], "texture": "#0"},
				"up": {"uv": [1.25, 16, 0, 15.5], "texture": "#0"},
				"down": {"uv": [1.25, 15.5, 0, 16], "texture": "#0"}
			}
		},
		{
			"from": [11.25, -0.1, 5.8],
			"to": [16.65, 2.3, 8.2],
			"rotation": {"angle": 22.5, "axis": "z", "origin": [7.05625, 4.04025, 7.42188]},
			"faces": {
				"north": {"uv": [1.25, 15.5, 0, 16], "texture": "#0"},
				"east": {"uv": [3.5, 1.25, 3, 1.75], "texture": "#0"},
				"south": {"uv": [1.25, 15.5, 0, 16], "texture": "#0"},
				"west": {"uv": [3.25, 1.25, 2.75, 1.75], "texture": "#0"},
				"up": {"uv": [0, 16, 1.25, 15.5], "texture": "#0"},
				"down": {"uv": [0, 15.5, 1.25, 16], "texture": "#0"}
			}
		},
		{
			"from": [-0.65, -0.225, -0.2],
			"to": [4.75, 2.175, 2.2],
			"rotation": {"angle": -22.5, "axis": "z", "origin": [8.94375, 3.91525, 7.42188]},
			"faces": {
				"north": {"uv": [0, 15.5, 1.25, 16], "texture": "#0"},
				"east": {"uv": [2.75, 1.25, 3.25, 1.75], "texture": "#0"},
				"south": {"uv": [0, 15.5, 1.25, 16], "texture": "#0"},
				"west": {"uv": [3, 1.25, 3.5, 1.75], "texture": "#0"},
				"up": {"uv": [1.25, 16, 0, 15.5], "texture": "#0"},
				"down": {"uv": [1.25, 15.5, 0, 16], "texture": "#0"}
			}
		},
		{
			"from": [11.25, -0.225, -0.2],
			"to": [16.65, 2.175, 2.2],
			"rotation": {"angle": 22.5, "axis": "z", "origin": [7.05625, 3.91525, 7.42188]},
			"faces": {
				"north": {"uv": [1.25, 15.5, 0, 16], "texture": "#0"},
				"east": {"uv": [3.5, 1.25, 3, 1.75], "texture": "#0"},
				"south": {"uv": [1.25, 15.5, 0, 16], "texture": "#0"},
				"west": {"uv": [3.25, 1.25, 2.75, 1.75], "texture": "#0"},
				"up": {"uv": [0, 16, 1.25, 15.5], "texture": "#0"},
				"down": {"uv": [0, 15.5, 1.25, 16], "texture": "#0"}
			}
		},
		{
			"from": [0.01524, 9.14066, 0.2],
			"to": [1.61524, 17.74066, 1.8],
			"rotation": {"angle": -22.5, "axis": "z", "origin": [0.81524, 12.60732, 7.33333]},
			"faces": {
				"north": {"uv": [7.5, 5.75, 8, 8], "texture": "#0"},
				"east": {"uv": [7, 5.75, 7.5, 8], "texture": "#0"},
				"south": {"uv": [8.5, 5.75, 9, 8], "texture": "#0"},
				"west": {"uv": [8, 5.75, 8.5, 8], "texture": "#0"},
				"up": {"uv": [8, 5.75, 7.5, 5.25], "texture": "#0"},
				"down": {"uv": [8.5, 5.25, 8, 5.75], "texture": "#0"}
			}
		},
		{
			"from": [14.38476, 9.14066, 0.2],
			"to": [15.98476, 17.74066, 1.8],
			"rotation": {"angle": 22.5, "axis": "z", "origin": [15.18476, 12.60732, 7.33333]},
			"faces": {
				"north": {"uv": [8, 5.75, 7.5, 8], "texture": "#0"},
				"east": {"uv": [8.5, 5.75, 8, 8], "texture": "#0"},
				"south": {"uv": [9, 5.75, 8.5, 8], "texture": "#0"},
				"west": {"uv": [7.5, 5.75, 7, 8], "texture": "#0"},
				"up": {"uv": [7.5, 5.75, 8, 5.25], "texture": "#0"},
				"down": {"uv": [8, 5.25, 8.5, 5.75], "texture": "#0"}
			}
		},
		{
			"from": [0.01524, 9.26566, 6.2],
			"to": [1.61524, 15.86566, 7.8],
			"rotation": {"angle": -22.5, "axis": "z", "origin": [0.81524, 12.73232, 7.33333]},
			"faces": {
				"north": {"uv": [11.25, 5.75, 11.75, 7.5], "texture": "#0"},
				"east": {"uv": [10.75, 5.75, 11.25, 7.5], "texture": "#0"},
				"south": {"uv": [12.25, 5.75, 12.75, 7.5], "texture": "#0"},
				"west": {"uv": [11.75, 5.75, 12.25, 7.5], "texture": "#0"},
				"up": {"uv": [11.75, 5.75, 11.25, 5.25], "texture": "#0"},
				"down": {"uv": [12.25, 5.25, 11.75, 5.75], "texture": "#0"}
			}
		},
		{
			"from": [14.38476, 9.26566, 6.2],
			"to": [15.98476, 15.86566, 7.8],
			"rotation": {"angle": 22.5, "axis": "z", "origin": [15.18476, 12.73232, 7.33333]},
			"faces": {
				"north": {"uv": [11.75, 5.75, 11.25, 7.5], "texture": "#0"},
				"east": {"uv": [12.25, 5.75, 11.75, 7.5], "texture": "#0"},
				"south": {"uv": [12.75, 5.75, 12.25, 7.5], "texture": "#0"},
				"west": {"uv": [11.25, 5.75, 10.75, 7.5], "texture": "#0"},
				"up": {"uv": [11.25, 5.75, 11.75, 5.25], "texture": "#0"},
				"down": {"uv": [11.75, 5.25, 12.25, 5.75], "texture": "#0"}
			}
		},
		{
			"from": [0.01524, 9.26566, 13.2],
			"to": [1.61524, 14.86566, 14.8],
			"rotation": {"angle": -22.5, "axis": "z", "origin": [0.81524, 12.73232, 7.33333]},
			"faces": {
				"north": {"uv": [0.5, 11.5, 1, 13], "texture": "#0"},
				"east": {"uv": [0, 11.5, 0.5, 13], "texture": "#0"},
				"south": {"uv": [1.5, 11.5, 2, 13], "texture": "#0"},
				"west": {"uv": [1, 11.5, 1.5, 13], "texture": "#0"},
				"up": {"uv": [1, 11.5, 0.5, 11], "texture": "#0"},
				"down": {"uv": [1.5, 11, 1, 11.5], "texture": "#0"}
			}
		},
		{
			"from": [14.38476, 9.26566, 13.2],
			"to": [15.98476, 14.86566, 14.8],
			"rotation": {"angle": 22.5, "axis": "z", "origin": [15.18476, 12.73232, 7.33333]},
			"faces": {
				"north": {"uv": [1, 11.5, 0.5, 13], "texture": "#0"},
				"east": {"uv": [1.5, 11.5, 1, 13], "texture": "#0"},
				"south": {"uv": [2, 11.5, 1.5, 13], "texture": "#0"},
				"west": {"uv": [0.5, 11.5, 0, 13], "texture": "#0"},
				"up": {"uv": [0.5, 11.5, 1, 11], "texture": "#0"},
				"down": {"uv": [1, 11, 1.5, 11.5], "texture": "#0"}
			}
		}
	],
	"display": {
		"thirdperson_righthand": {
			"translation": [0, 4, 5.75],
			"scale": [0.5, 0.5, 0.5]
		},
		"thirdperson_lefthand": {
			"translation": [0, 4, 5.75],
			"scale": [0.5, 0.5, 0.5]
		},
		"firstperson_righthand": {
			"rotation": [26, -29, 0],
			"translation": [5.5, 0, -3.75]
		},
		"firstperson_lefthand": {
			"rotation": [26, -29, 0],
			"translation": [5.5, 0, -3.75]
		},
		"ground": {
			"translation": [0, 2.5, 0],
			"scale": [0.5, 0.5, 0.5]
		},
		"gui": {
			"rotation": [30, -26, 0],
			"scale": [0.5, 0.5, 0.5]
		},
		"head": {
			"translation": [0, -35, 0]
		}
	}
}