{
	"credit": "Made by ArtsByKev - Minecraft Content Creator: https://www.youtube.com/c/artsbykev - Tweet at: https://www.twitter.com/artsbykev",
	"ambientocclusion": false,
	"texture_size": [32, 32],
	"textures": {
		"0": "artsbykev_var/textures/skeleton_parts",
		"1": "artsbykev_lootables/carcass_medium"
	},
	"elements": [
		{
			"from": [7.5, -0.94543, 6.42069],
			"to": [8.5, 0.05457, 11.42069],
			"rotation": {"angle": -22.5, "axis": "x", "origin": [8, 1.40928, 5.31508]},
			"faces": {
				"north": {"uv": [4.5, 11.5, 4, 11], "rotation": 180, "texture": "#0"},
				"east": {"uv": [4, 6.5, 4.5, 9], "rotation": 90, "texture": "#0"},
				"south": {"uv": [5, 11, 4.5, 11.5], "texture": "#0"},
				"west": {"uv": [5, 6.5, 5.5, 9], "rotation": 270, "texture": "#0"},
				"up": {"uv": [4.5, 6.5, 5, 9], "texture": "#0"},
				"down": {"uv": [1.5, 6.5, 2, 9], "rotation": 180, "texture": "#0"}
			}
		},
		{
			"from": [1, -0.25, 11.5],
			"to": [3, 0.75, 13.5],
			"rotation": {"angle": 22.5, "axis": "z", "origin": [2, -0.25, 12.5]},
			"faces": {
				"north": {"uv": [10, 2.5, 11, 3], "texture": "#0"},
				"east": {"uv": [10, 3, 11, 3.5], "texture": "#0"},
				"south": {"uv": [10, 3.5, 11, 4], "texture": "#0"},
				"west": {"uv": [10, 4, 11, 4.5], "texture": "#0"},
				"up": {"uv": [3, 10, 2, 9], "texture": "#0"},
				"down": {"uv": [4, 9, 3, 10], "texture": "#0"}
			}
		},
		{
			"from": [2.25, -1.25, 12.25],
			"to": [3.25, 0.75, 13.25],
			"rotation": {"angle": 45, "axis": "z", "origin": [2.25, 0.75, 13.25]},
			"faces": {
				"north": {"uv": [10, 6.5, 10.5, 7.5], "texture": "#0"},
				"east": {"uv": [5, 10.5, 5.5, 11.5], "texture": "#0"},
				"south": {"uv": [5.5, 10.5, 6, 11.5], "texture": "#0"},
				"west": {"uv": [6, 10.5, 6.5, 11.5], "texture": "#0"},
				"up": {"uv": [7.5, 10, 7, 9.5], "texture": "#0"},
				"down": {"uv": [10.5, 4.5, 10, 5], "texture": "#0"}
			}
		},
		{
			"from": [1.5, -0.25, 7.75],
			"to": [2.5, 0.75, 11.75],
			"rotation": {"angle": -22.5, "axis": "y", "origin": [1.75, 0.25, 9.875]},
			"faces": {
				"north": {"uv": [9.5, 5, 9, 5.5], "rotation": 180, "texture": "#0"},
				"east": {"uv": [0.5, 9, 1, 11], "rotation": 270, "texture": "#0"},
				"south": {"uv": [5.5, 9.5, 5, 9], "texture": "#0"},
				"west": {"uv": [1.5, 9, 2, 11], "rotation": 90, "texture": "#0"},
				"up": {"uv": [0, 9, 0.5, 11], "rotation": 180, "texture": "#0"},
				"down": {"uv": [1, 9, 1.5, 11], "texture": "#0"}
			}
		},
		{
			"from": [3, -0.25, 7.5],
			"to": [4, 0.75, 12.5],
			"rotation": {"angle": -22.5, "axis": "y", "origin": [1.75, 0.25, 9.875]},
			"faces": {
				"north": {"uv": [8.5, 7.5, 8, 8], "rotation": 180, "texture": "#0"},
				"east": {"uv": [0, 6.5, 0.5, 9], "rotation": 270, "texture": "#0"},
				"south": {"uv": [8, 7.5, 7.5, 7], "texture": "#0"},
				"west": {"uv": [1, 6.5, 1.5, 9], "rotation": 90, "texture": "#0"},
				"up": {"uv": [6, 1.5, 6.5, 4], "rotation": 180, "texture": "#0"},
				"down": {"uv": [0.5, 6.5, 1, 9], "texture": "#0"}
			}
		},
		{
			"from": [11, 0, 17],
			"to": [13, 2, 19],
			"rotation": {"angle": 0, "axis": "y", "origin": [12, 0, 18]},
			"faces": {
				"north": {"uv": [4, 9, 5, 10], "texture": "#0"},
				"east": {"uv": [9, 0, 10, 1], "texture": "#0"},
				"south": {"uv": [9, 1, 10, 2], "texture": "#0"},
				"west": {"uv": [9, 2, 10, 3], "texture": "#0"},
				"up": {"uv": [10, 4, 9, 3], "texture": "#0"},
				"down": {"uv": [10, 4, 9, 5], "texture": "#0"}
			}
		},
		{
			"from": [10.25, 3, 22.5],
			"to": [11.25, 4, 23.5],
			"rotation": {"angle": -22.5, "axis": "y", "origin": [10.25, 3, 24]},
			"faces": {
				"north": {"uv": [1.5, 11.5, 2, 12], "texture": "#0"},
				"east": {"uv": [2, 11.5, 2.5, 12], "texture": "#0"},
				"south": {"uv": [2.5, 11.5, 3, 12], "texture": "#0"},
				"west": {"uv": [3, 11.5, 3.5, 12], "texture": "#0"},
				"up": {"uv": [4, 12, 3.5, 11.5], "texture": "#0"},
				"down": {"uv": [4.5, 11.5, 4, 12], "texture": "#0"}
			}
		},
		{
			"from": [10, 2, 22.25],
			"to": [11, 3, 23.25],
			"rotation": {"angle": -22.5, "axis": "y", "origin": [10, 2, 23.75]},
			"faces": {
				"north": {"uv": [11, 6.5, 11.5, 7], "texture": "#0"},
				"east": {"uv": [11, 7, 11.5, 7.5], "texture": "#0"},
				"south": {"uv": [11, 7.5, 11.5, 8], "texture": "#0"},
				"west": {"uv": [11, 8, 11.5, 8.5], "texture": "#0"},
				"up": {"uv": [11.5, 9, 11, 8.5], "texture": "#0"},
				"down": {"uv": [11.5, 9, 11, 9.5], "texture": "#0"}
			}
		},
		{
			"from": [8.75, 2, 22.25],
			"to": [9.75, 3, 23.25],
			"rotation": {"angle": -22.5, "axis": "y", "origin": [8.75, 2, 23.75]},
			"faces": {
				"north": {"uv": [11, 3.5, 11.5, 4], "texture": "#0"},
				"east": {"uv": [11, 4, 11.5, 4.5], "texture": "#0"},
				"south": {"uv": [11, 4.5, 11.5, 5], "texture": "#0"},
				"west": {"uv": [11, 5, 11.5, 5.5], "texture": "#0"},
				"up": {"uv": [11.5, 6, 11, 5.5], "texture": "#0"},
				"down": {"uv": [11.5, 6, 11, 6.5], "texture": "#0"}
			}
		},
		{
			"from": [8.5, 3, 22.5],
			"to": [9.5, 4, 23.5],
			"rotation": {"angle": -22.5, "axis": "y", "origin": [8.5, 3, 24]},
			"faces": {
				"north": {"uv": [11, 9.5, 11.5, 10], "texture": "#0"},
				"east": {"uv": [11, 10, 11.5, 10.5], "texture": "#0"},
				"south": {"uv": [11, 10.5, 11.5, 11], "texture": "#0"},
				"west": {"uv": [0, 11.5, 0.5, 12], "texture": "#0"},
				"up": {"uv": [1, 12, 0.5, 11.5], "texture": "#0"},
				"down": {"uv": [1.5, 11.5, 1, 12], "texture": "#0"}
			}
		},
		{
			"from": [12, 0.25, 18.5],
			"to": [13, 1.25, 23.5],
			"rotation": {"angle": -22.5, "axis": "y", "origin": [11.5, 0.75, 18]},
			"faces": {
				"north": {"uv": [11, 2.5, 11.5, 3], "texture": "#0"},
				"east": {"uv": [7, 5.5, 9.5, 6], "texture": "#0"},
				"south": {"uv": [11, 3, 11.5, 3.5], "texture": "#0"},
				"west": {"uv": [7, 6, 9.5, 6.5], "texture": "#0"},
				"up": {"uv": [8, 5.5, 7.5, 3], "texture": "#0"},
				"down": {"uv": [8.5, 8, 8, 10.5], "texture": "#0"}
			}
		},
		{
			"from": [9, 0, 22.5],
			"to": [11, 2, 23.5],
			"rotation": {"angle": -22.5, "axis": "y", "origin": [9, 0, 24]},
			"faces": {
				"north": {"uv": [8, 0.5, 9, 1.5], "texture": "#0"},
				"east": {"uv": [10, 0, 10.5, 1], "texture": "#0"},
				"south": {"uv": [8, 1.5, 9, 2.5], "texture": "#0"},
				"west": {"uv": [10, 1, 10.5, 2], "texture": "#0"},
				"up": {"uv": [10.5, 6.5, 9.5, 6], "texture": "#0"},
				"down": {"uv": [11, 2, 10, 2.5], "texture": "#0"}
			}
		},
		{
			"from": [9, -0.25, 11],
			"to": [11, 1.75, 13],
			"rotation": {"angle": 22.5, "axis": "y", "origin": [10, -0.25, 12]},
			"faces": {
				"north": {"uv": [8, 2.5, 9, 3.5], "texture": "#0"},
				"east": {"uv": [8, 3.5, 9, 4.5], "texture": "#0"},
				"south": {"uv": [8, 4.5, 9, 5.5], "texture": "#0"},
				"west": {"uv": [8, 6.5, 9, 7.5], "texture": "#0"},
				"up": {"uv": [9.5, 9.5, 8.5, 8.5], "texture": "#0"},
				"down": {"uv": [9.5, 7.5, 8.5, 8.5], "texture": "#0"}
			}
		},
		{
			"from": [9.5, 0.25, 13],
			"to": [10.5, 1.25, 18],
			"rotation": {"angle": 22.5, "axis": "y", "origin": [10, 0.75, 12]},
			"faces": {
				"north": {"uv": [11, 11, 11.5, 11.5], "texture": "#0"},
				"east": {"uv": [5.5, 6.5, 8, 7], "texture": "#0"},
				"south": {"uv": [11, 0, 11.5, 0.5], "texture": "#0"},
				"west": {"uv": [6.5, 0, 9, 0.5], "texture": "#0"},
				"up": {"uv": [7, 3, 6.5, 0.5], "texture": "#0"},
				"down": {"uv": [7, 3, 6.5, 5.5], "texture": "#0"}
			}
		},
		{
			"from": [11, 0.8937, 5.14095],
			"to": [12, 1.8937, 10.14095],
			"rotation": {"angle": 22.5, "axis": "x", "origin": [8, 1.40928, 5.31508]},
			"faces": {
				"north": {"uv": [11.5, 2, 11, 1.5], "rotation": 180, "texture": "#0"},
				"east": {"uv": [7, 3, 7.5, 5.5], "rotation": 90, "texture": "#0"},
				"south": {"uv": [11.5, 2, 11, 2.5], "texture": "#0"},
				"west": {"uv": [7.5, 0.5, 8, 3], "rotation": 270, "texture": "#0"},
				"up": {"uv": [7.5, 7.5, 8, 10], "texture": "#0"},
				"down": {"uv": [7, 0.5, 7.5, 3], "rotation": 180, "texture": "#0"}
			}
		},
		{
			"from": [10.5, 0.89213, 3.8899],
			"to": [12.5, 2.89213, 5.8899],
			"rotation": {"angle": 22.5, "axis": "x", "origin": [8, 1.40928, 5.31508]},
			"faces": {
				"north": {"uv": [5, 11, 4, 10], "rotation": 180, "texture": "#0"},
				"east": {"uv": [9.5, 8.5, 10.5, 9.5], "rotation": 90, "texture": "#0"},
				"south": {"uv": [8, 10, 7, 11], "texture": "#0"},
				"west": {"uv": [3, 10, 4, 11], "rotation": 270, "texture": "#0"},
				"up": {"uv": [2, 10, 3, 11], "texture": "#0"},
				"down": {"uv": [9.5, 7.5, 10.5, 8.5], "rotation": 180, "texture": "#0"}
			}
		},
		{
			"from": [3.5, 0.09421, 4.47436],
			"to": [4.5, 1.09421, 9.47436],
			"rotation": {"angle": -22.5, "axis": "y", "origin": [4.5, 1.34421, 6.97436]},
			"faces": {
				"north": {"uv": [11.5, 1, 11, 0.5], "rotation": 180, "texture": "#0"},
				"east": {"uv": [6, 7, 6.5, 9.5], "rotation": 90, "texture": "#0"},
				"south": {"uv": [11.5, 1, 11, 1.5], "texture": "#0"},
				"west": {"uv": [7, 7, 7.5, 9.5], "rotation": 270, "texture": "#0"},
				"up": {"uv": [6.5, 7, 7, 9.5], "texture": "#0"},
				"down": {"uv": [5.5, 7, 6, 9.5], "rotation": 180, "texture": "#0"}
			}
		},
		{
			"from": [3.5, 0.59421, 3.22436],
			"to": [5.5, 2.59421, 5.22436],
			"rotation": {"angle": 0, "axis": "x", "origin": [8, 1.40928, 5.31508]},
			"faces": {
				"north": {"uv": [10.5, 10.5, 9.5, 9.5], "rotation": 180, "texture": "#0"},
				"east": {"uv": [5, 9.5, 6, 10.5], "rotation": 90, "texture": "#0"},
				"south": {"uv": [10.5, 5, 9.5, 6], "texture": "#0"},
				"west": {"uv": [8.5, 9.5, 9.5, 10.5], "rotation": 270, "texture": "#0"},
				"up": {"uv": [6, 9.5, 7, 10.5], "texture": "#0"},
				"down": {"uv": [9, 6.5, 10, 7.5], "rotation": 180, "texture": "#0"}
			}
		},
		{
			"from": [10, 0.075, 11],
			"to": [10, 2.075, 14],
			"rotation": {"angle": 0, "axis": "y", "origin": [8, 0.075, 12]},
			"faces": {
				"north": {"uv": [6, 3, 4, 4], "texture": "#0"},
				"east": {"uv": [7, 5.5, 5.5, 6.5], "texture": "#0"},
				"south": {"uv": [4, 5, 2, 6], "texture": "#0"},
				"west": {"uv": [5.5, 5.5, 4, 6.5], "texture": "#0"},
				"up": {"uv": [4, 3, 6, 1.5], "texture": "#0"},
				"down": {"uv": [0, 5, 2, 6.5], "texture": "#0"}
			}
		},
		{
			"from": [6, 0.075, 11],
			"to": [10, 2.075, 11],
			"rotation": {"angle": 0, "axis": "y", "origin": [8, 0.075, 12]},
			"faces": {
				"north": {"uv": [4, 3, 6, 4], "texture": "#0"},
				"east": {"uv": [4, 5.5, 5.5, 6.5], "texture": "#0"},
				"south": {"uv": [2, 5, 4, 6], "texture": "#0"},
				"west": {"uv": [5.5, 5.5, 7, 6.5], "texture": "#0"},
				"up": {"uv": [6, 3, 4, 1.5], "texture": "#0"},
				"down": {"uv": [2, 5, 0, 6.5], "texture": "#0"}
			}
		},
		{
			"from": [6, 0.075, 11],
			"to": [10, 0.075, 14],
			"rotation": {"angle": 0, "axis": "y", "origin": [8, 0.075, 12]},
			"faces": {
				"north": {"uv": [4, 3, 6, 4], "texture": "#0"},
				"east": {"uv": [4, 5.5, 5.5, 6.5], "texture": "#0"},
				"south": {"uv": [2, 5, 4, 6], "texture": "#0"},
				"west": {"uv": [5.5, 5.5, 7, 6.5], "texture": "#0"},
				"up": {"uv": [6, 3, 4, 1.5], "texture": "#0"},
				"down": {"uv": [2, 5, 0, 6.5], "texture": "#0"}
			}
		},
		{
			"from": [6, 0.075, 11],
			"to": [6, 2.075, 14],
			"rotation": {"angle": 0, "axis": "y", "origin": [8, 0.075, 12]},
			"faces": {
				"north": {"uv": [4, 3, 6, 4], "texture": "#0"},
				"east": {"uv": [4, 5.5, 5.5, 6.5], "texture": "#0"},
				"south": {"uv": [2, 5, 4, 6], "texture": "#0"},
				"west": {"uv": [5.5, 5.5, 7, 6.5], "texture": "#0"},
				"up": {"uv": [6, 3, 4, 1.5], "texture": "#0"},
				"down": {"uv": [2, 5, 0, 6.5], "texture": "#0"}
			}
		},
		{
			"from": [6, 0.075, 14],
			"to": [10, 2.075, 14],
			"rotation": {"angle": 0, "axis": "y", "origin": [8, 0.075, 12]},
			"faces": {
				"north": {"uv": [4, 3, 6, 4], "texture": "#0"},
				"east": {"uv": [4, 5.5, 5.5, 6.5], "texture": "#0"},
				"south": {"uv": [2, 5, 4, 6], "texture": "#0"},
				"west": {"uv": [5.5, 5.5, 7, 6.5], "texture": "#0"},
				"up": {"uv": [6, 3, 4, 1.5], "texture": "#0"},
				"down": {"uv": [2, 5, 0, 6.5], "texture": "#0"}
			}
		},
		{
			"from": [4.5, -0.675, -5.75],
			"to": [4.5, 6.325, 1.25],
			"rotation": {"angle": 0, "axis": "y", "origin": [8, 0.075, 12]},
			"faces": {
				"north": {"uv": [11.5, 15, 8, 11.5], "texture": "#0"},
				"east": {"uv": [11.5, 11.5, 15, 8], "texture": "#0"},
				"south": {"uv": [15, 15, 11.5, 11.5], "texture": "#0"},
				"west": {"uv": [15, 11.5, 11.5, 8], "texture": "#0"},
				"up": {"uv": [15, 7, 11.5, 3.5], "texture": "#0"},
				"down": {"uv": [15, 3.5, 11.5, 0], "texture": "#0"}
			}
		},
		{
			"from": [11.5, -0.675, -5.75],
			"to": [11.5, 6.325, 1.25],
			"rotation": {"angle": 0, "axis": "y", "origin": [8, 0.075, 12]},
			"faces": {
				"north": {"uv": [11.5, 15, 8, 11.5], "texture": "#0"},
				"east": {"uv": [11.5, 11.5, 15, 8], "texture": "#0"},
				"south": {"uv": [15, 15, 11.5, 11.5], "texture": "#0"},
				"west": {"uv": [15, 11.5, 11.5, 8], "texture": "#0"},
				"up": {"uv": [15, 7, 11.5, 3.5], "texture": "#0"},
				"down": {"uv": [15, 3.5, 11.5, 0], "texture": "#0"}
			}
		},
		{
			"from": [4.5, 6.325, -5.75],
			"to": [11.5, 6.325, 1.25],
			"rotation": {"angle": 0, "axis": "y", "origin": [8, 0.075, 12]},
			"faces": {
				"north": {"uv": [11.5, 15, 8, 11.5], "texture": "#0"},
				"east": {"uv": [11.5, 11.5, 15, 8], "texture": "#0"},
				"south": {"uv": [15, 15, 11.5, 11.5], "texture": "#0"},
				"west": {"uv": [15, 11.5, 11.5, 8], "texture": "#0"},
				"up": {"uv": [15, 7, 11.5, 3.5], "texture": "#0"},
				"down": {"uv": [15, 3.5, 11.5, 7], "texture": "#0"}
			}
		},
		{
			"from": [4.5, -0.675, 1.25],
			"to": [11.5, 6.325, 1.25],
			"rotation": {"angle": 0, "axis": "y", "origin": [8, 0.075, 12]},
			"faces": {
				"north": {"uv": [15, 15, 11.5, 11.5], "texture": "#0"},
				"east": {"uv": [11.5, 11.5, 15, 8], "texture": "#0"},
				"south": {"uv": [15, 15, 11.5, 11.5], "texture": "#0"},
				"west": {"uv": [15, 11.5, 11.5, 8], "texture": "#0"},
				"up": {"uv": [15, 7, 11.5, 3.5], "texture": "#0"},
				"down": {"uv": [15, 3.5, 11.5, 0], "texture": "#0"}
			}
		},
		{
			"from": [4.5, -0.675, -5.75],
			"to": [11.5, 6.325, -5.75],
			"rotation": {"angle": 0, "axis": "y", "origin": [8, 0.075, 12]},
			"faces": {
				"north": {"uv": [11.5, 15, 8, 11.5], "texture": "#0"},
				"east": {"uv": [11.5, 11.5, 15, 8], "texture": "#0"},
				"south": {"uv": [11.5, 15, 8, 11.5], "texture": "#0"},
				"west": {"uv": [15, 11.5, 11.5, 8], "texture": "#0"},
				"up": {"uv": [15, 7, 11.5, 3.5], "texture": "#0"},
				"down": {"uv": [15, 3.5, 11.5, 0], "texture": "#0"}
			}
		},
		{
			"from": [4.5, -0.675, -5.75],
			"to": [11.5, -0.675, 1.25],
			"rotation": {"angle": 0, "axis": "y", "origin": [8, 0.075, 12]},
			"faces": {
				"north": {"uv": [11.5, 15, 8, 11.5], "texture": "#0"},
				"east": {"uv": [11.5, 11.5, 15, 8], "texture": "#0"},
				"south": {"uv": [15, 15, 11.5, 11.5], "texture": "#0"},
				"west": {"uv": [15, 11.5, 11.5, 8], "texture": "#0"},
				"up": {"uv": [15, 0, 11.5, 3.5], "texture": "#0"},
				"down": {"uv": [15, 3.5, 11.5, 0], "texture": "#0"}
			}
		},
		{
			"from": [6, 2.075, 11],
			"to": [10, 2.075, 14],
			"rotation": {"angle": 0, "axis": "y", "origin": [8, 0.075, 12]},
			"faces": {
				"north": {"uv": [4, 3, 6, 4], "texture": "#0"},
				"east": {"uv": [4, 5.5, 5.5, 6.5], "texture": "#0"},
				"south": {"uv": [2, 5, 4, 6], "texture": "#0"},
				"west": {"uv": [5.5, 5.5, 7, 6.5], "texture": "#0"},
				"up": {"uv": [6, 3, 4, 1.5], "texture": "#0"},
				"down": {"uv": [2, 5, 0, 6.5], "texture": "#0"}
			}
		},
		{
			"from": [5.5, 0.24421, 2.22436],
			"to": [10.5, 3.24421, 2.22436],
			"rotation": {"angle": 22.5, "axis": "z", "origin": [8, 1.40928, 5.31508]},
			"faces": {
				"north": {"uv": [6.5, 5.5, 4, 4], "rotation": 180, "texture": "#0"},
				"east": {"uv": [2.5, 2.5, 4, 5], "rotation": 90, "texture": "#0"},
				"south": {"uv": [6.5, 0, 4, 1.5], "texture": "#0"},
				"west": {"uv": [2.5, 0, 4, 2.5], "rotation": 270, "texture": "#0"},
				"up": {"uv": [0, 2.5, 2.5, 5], "texture": "#0"},
				"down": {"uv": [0, 0, 2.5, 2.5], "rotation": 180, "texture": "#0"}
			}
		},
		{
			"from": [5.5, 0.24421, 2.22436],
			"to": [5.5, 3.24421, 7.22436],
			"rotation": {"angle": 22.5, "axis": "z", "origin": [8, 1.40928, 5.31508]},
			"faces": {
				"north": {"uv": [6.5, 5.5, 4, 4], "rotation": 180, "texture": "#0"},
				"east": {"uv": [2.5, 2.5, 4, 5], "rotation": 90, "texture": "#0"},
				"south": {"uv": [6.5, 0, 4, 1.5], "texture": "#0"},
				"west": {"uv": [2.5, 0, 4, 2.5], "rotation": 270, "texture": "#0"},
				"up": {"uv": [0, 2.5, 2.5, 5], "texture": "#0"},
				"down": {"uv": [0, 0, 2.5, 2.5], "rotation": 180, "texture": "#0"}
			}
		},
		{
			"from": [7.5, -0.25579, 1.22436],
			"to": [8.5, 0.74421, 7.22436],
			"rotation": {"angle": 0, "axis": "x", "origin": [8, 1.40928, 5.31508]},
			"faces": {
				"north": {"uv": [7.5, 11.5, 7, 11], "rotation": 180, "texture": "#0"},
				"east": {"uv": [2.5, 6, 3, 9], "rotation": 90, "texture": "#0"},
				"south": {"uv": [8, 11, 7.5, 11.5], "texture": "#0"},
				"west": {"uv": [3.5, 6, 4, 9], "rotation": 270, "texture": "#0"},
				"up": {"uv": [3, 6, 3.5, 9], "texture": "#0"},
				"down": {"uv": [2, 6, 2.5, 9], "rotation": 180, "texture": "#0"}
			}
		},
		{
			"from": [5.5, 0.24421, 2.22436],
			"to": [10.5, 0.24421, 7.22436],
			"rotation": {"angle": 22.5, "axis": "z", "origin": [8, 1.40928, 5.31508]},
			"faces": {
				"north": {"uv": [6.5, 5.5, 4, 4], "rotation": 180, "texture": "#0"},
				"east": {"uv": [2.5, 2.5, 4, 5], "rotation": 90, "texture": "#0"},
				"south": {"uv": [6.5, 0, 4, 1.5], "texture": "#0"},
				"west": {"uv": [2.5, 0, 4, 2.5], "rotation": 270, "texture": "#0"},
				"up": {"uv": [0, 2.5, 2.5, 5], "texture": "#0"},
				"down": {"uv": [0, 0, 2.5, 2.5], "rotation": 180, "texture": "#0"}
			}
		},
		{
			"from": [10.5, 0.24421, 2.22436],
			"to": [10.5, 3.24421, 7.22436],
			"rotation": {"angle": 22.5, "axis": "z", "origin": [8, 1.40928, 5.31508]},
			"faces": {
				"north": {"uv": [4, 5.5, 6.5, 4], "rotation": 180, "texture": "#0"},
				"east": {"uv": [4, 0, 2.5, 2.5], "rotation": 90, "texture": "#0"},
				"south": {"uv": [4, 0, 6.5, 1.5], "texture": "#0"},
				"west": {"uv": [4, 2.5, 2.5, 5], "rotation": 270, "texture": "#0"},
				"up": {"uv": [2.5, 2.5, 0, 5], "texture": "#0"},
				"down": {"uv": [2.5, 0, 0, 2.5], "rotation": 180, "texture": "#0"}
			}
		},
		{
			"from": [5.5, 3.24421, 2.22436],
			"to": [10.5, 3.24421, 7.22436],
			"rotation": {"angle": 22.5, "axis": "z", "origin": [8, 1.40928, 5.31508]},
			"faces": {
				"north": {"uv": [6.5, 5.5, 4, 4], "rotation": 180, "texture": "#0"},
				"east": {"uv": [2.5, 2.5, 4, 5], "rotation": 90, "texture": "#0"},
				"south": {"uv": [6.5, 0, 4, 1.5], "texture": "#0"},
				"west": {"uv": [2.5, 0, 4, 2.5], "rotation": 270, "texture": "#0"},
				"up": {"uv": [0, 2.5, 2.5, 5], "texture": "#0"},
				"down": {"uv": [0, 0, 2.5, 2.5], "rotation": 180, "texture": "#0"}
			}
		},
		{
			"from": [3, 0, 17],
			"to": [5, 2, 19],
			"rotation": {"angle": 0, "axis": "y", "origin": [4, 0, 18]},
			"faces": {
				"north": {"uv": [5, 9, 4, 10], "texture": "#0"},
				"east": {"uv": [10, 2, 9, 3], "texture": "#0"},
				"south": {"uv": [10, 1, 9, 2], "texture": "#0"},
				"west": {"uv": [10, 0, 9, 1], "texture": "#0"},
				"up": {"uv": [9, 4, 10, 3], "texture": "#0"},
				"down": {"uv": [9, 4, 10, 5], "texture": "#0"}
			}
		},
		{
			"from": [0.45833, -0.875, 23],
			"to": [1.45833, 0.125, 24],
			"rotation": {"angle": 0, "axis": "z", "origin": [3.66667, 2.29167, 23.08333]},
			"faces": {
				"north": {"uv": [2, 11.5, 1.5, 12], "rotation": 90, "texture": "#0"},
				"east": {"uv": [4, 11.5, 4.5, 12], "rotation": 270, "texture": "#0"},
				"south": {"uv": [3, 11.5, 2.5, 12], "rotation": 270, "texture": "#0"},
				"west": {"uv": [3.5, 12, 4, 11.5], "rotation": 270, "texture": "#0"},
				"up": {"uv": [3.5, 11.5, 3, 12], "rotation": 270, "texture": "#0"},
				"down": {"uv": [2.5, 11.5, 2, 12], "rotation": 270, "texture": "#0"}
			}
		},
		{
			"from": [1.45833, -0.625, 22.75],
			"to": [2.45833, 0.375, 23.75],
			"rotation": {"angle": 0, "axis": "z", "origin": [3.66667, 2.29167, 23.08333]},
			"faces": {
				"north": {"uv": [11.5, 6.5, 11, 7], "rotation": 90, "texture": "#0"},
				"east": {"uv": [11, 9, 11.5, 9.5], "rotation": 270, "texture": "#0"},
				"south": {"uv": [11.5, 7.5, 11, 8], "rotation": 270, "texture": "#0"},
				"west": {"uv": [11, 9, 11.5, 8.5], "rotation": 270, "texture": "#0"},
				"up": {"uv": [11.5, 8, 11, 8.5], "rotation": 270, "texture": "#0"},
				"down": {"uv": [11.5, 7, 11, 7.5], "rotation": 270, "texture": "#0"}
			}
		},
		{
			"from": [1.45833, 0.625, 22.75],
			"to": [2.45833, 1.625, 23.75],
			"rotation": {"angle": 0, "axis": "z", "origin": [3.66667, 2.29167, 23.08333]},
			"faces": {
				"north": {"uv": [11.5, 3.5, 11, 4], "rotation": 90, "texture": "#0"},
				"east": {"uv": [11, 6, 11.5, 6.5], "rotation": 270, "texture": "#0"},
				"south": {"uv": [11.5, 4.5, 11, 5], "rotation": 270, "texture": "#0"},
				"west": {"uv": [11, 6, 11.5, 5.5], "rotation": 270, "texture": "#0"},
				"up": {"uv": [11.5, 5, 11, 5.5], "rotation": 270, "texture": "#0"},
				"down": {"uv": [11.5, 4, 11, 4.5], "rotation": 270, "texture": "#0"}
			}
		},
		{
			"from": [0.45833, 0.875, 23],
			"to": [1.45833, 1.875, 24],
			"rotation": {"angle": 0, "axis": "z", "origin": [3.66667, 2.29167, 23.08333]},
			"faces": {
				"north": {"uv": [11.5, 9.5, 11, 10], "rotation": 90, "texture": "#0"},
				"east": {"uv": [1, 11.5, 1.5, 12], "rotation": 270, "texture": "#0"},
				"south": {"uv": [11.5, 10.5, 11, 11], "rotation": 270, "texture": "#0"},
				"west": {"uv": [0.5, 12, 1, 11.5], "rotation": 270, "texture": "#0"},
				"up": {"uv": [0.5, 11.5, 0, 12], "rotation": 270, "texture": "#0"},
				"down": {"uv": [11.5, 10, 11, 10.5], "rotation": 270, "texture": "#0"}
			}
		},
		{
			"from": [3.20833, 0.375, 19],
			"to": [4.20833, 1.375, 24],
			"rotation": {"angle": 0, "axis": "z", "origin": [3.66667, 2.29167, 23.08333]},
			"faces": {
				"north": {"uv": [11.5, 2.5, 11, 3], "rotation": 90, "texture": "#0"},
				"east": {"uv": [8, 8, 8.5, 10.5], "rotation": 270, "texture": "#0"},
				"south": {"uv": [11.5, 3, 11, 3.5], "rotation": 270, "texture": "#0"},
				"west": {"uv": [7.5, 5.5, 8, 3], "rotation": 270, "texture": "#0"},
				"up": {"uv": [9.5, 6, 7, 6.5], "rotation": 270, "texture": "#0"},
				"down": {"uv": [9.5, 5.5, 7, 6], "rotation": 270, "texture": "#0"}
			}
		},
		{
			"from": [2.45833, -0.625, 23],
			"to": [4.45833, 1.375, 24],
			"rotation": {"angle": 0, "axis": "z", "origin": [3.66667, 2.29167, 23.08333]},
			"faces": {
				"north": {"uv": [9, 0.5, 8, 1.5], "rotation": 90, "texture": "#0"},
				"east": {"uv": [10, 2, 11, 2.5], "rotation": 270, "texture": "#0"},
				"south": {"uv": [9, 1.5, 8, 2.5], "rotation": 270, "texture": "#0"},
				"west": {"uv": [9.5, 6.5, 10.5, 6], "rotation": 270, "texture": "#0"},
				"up": {"uv": [10.5, 1, 10, 2], "rotation": 270, "texture": "#0"},
				"down": {"uv": [10.5, 0, 10, 1], "rotation": 270, "texture": "#0"}
			}
		},
		{
			"from": [5, -0.25, 11],
			"to": [7, 1.75, 13],
			"rotation": {"angle": -22.5, "axis": "y", "origin": [6, -0.25, 12]},
			"faces": {
				"north": {"uv": [9, 2.5, 8, 3.5], "texture": "#0"},
				"east": {"uv": [9, 6.5, 8, 7.5], "texture": "#0"},
				"south": {"uv": [9, 4.5, 8, 5.5], "texture": "#0"},
				"west": {"uv": [9, 3.5, 8, 4.5], "texture": "#0"},
				"up": {"uv": [8.5, 9.5, 9.5, 8.5], "texture": "#0"},
				"down": {"uv": [8.5, 7.5, 9.5, 8.5], "texture": "#0"}
			}
		},
		{
			"from": [5.5, 0.25, 13],
			"to": [6.5, 1.25, 18],
			"rotation": {"angle": -22.5, "axis": "y", "origin": [6, 0.75, 12]},
			"faces": {
				"north": {"uv": [11.5, 11, 11, 11.5], "texture": "#0"},
				"east": {"uv": [9, 0, 6.5, 0.5], "texture": "#0"},
				"south": {"uv": [11.5, 0, 11, 0.5], "texture": "#0"},
				"west": {"uv": [8, 6.5, 5.5, 7], "texture": "#0"},
				"up": {"uv": [6.5, 3, 7, 0.5], "texture": "#0"},
				"down": {"uv": [6.5, 3, 7, 5.5], "texture": "#0"}
			}
		},
		{
			"from": [12.5, 0, 12.5],
			"to": [14.5, 1, 14.5],
			"rotation": {"angle": 22.5, "axis": "y", "origin": [15, 0, 13.5]},
			"faces": {
				"north": {"uv": [11, 2.5, 10, 3], "texture": "#0"},
				"east": {"uv": [11, 4, 10, 4.5], "texture": "#0"},
				"south": {"uv": [11, 3.5, 10, 4], "texture": "#0"},
				"west": {"uv": [11, 3, 10, 3.5], "texture": "#0"},
				"up": {"uv": [2, 10, 3, 9], "texture": "#0"},
				"down": {"uv": [3, 9, 4, 10], "texture": "#0"}
			}
		},
		{
			"from": [12.25, -1.25, 13.25],
			"to": [13.25, 0.75, 14.25],
			"rotation": {"angle": 22.5, "axis": "y", "origin": [14.75, 0.75, 14.25]},
			"faces": {
				"north": {"uv": [10.5, 6.5, 10, 7.5], "texture": "#0"},
				"east": {"uv": [6.5, 10.5, 6, 11.5], "texture": "#0"},
				"south": {"uv": [6, 10.5, 5.5, 11.5], "texture": "#0"},
				"west": {"uv": [5.5, 10.5, 5, 11.5], "texture": "#0"},
				"up": {"uv": [7, 10, 7.5, 9.5], "texture": "#0"},
				"down": {"uv": [10, 4.5, 10.5, 5], "texture": "#0"}
			}
		},
		{
			"from": [12, -0.25, 8.75],
			"to": [13, 0.75, 12.75],
			"rotation": {"angle": 22.5, "axis": "y", "origin": [14.5, -0.25, 8.75]},
			"faces": {
				"north": {"uv": [9, 5, 9.5, 5.5], "rotation": 180, "texture": "#0"},
				"east": {"uv": [1.5, 11, 2, 9], "rotation": 90, "texture": "#0"},
				"south": {"uv": [5, 9.5, 5.5, 9], "texture": "#0"},
				"west": {"uv": [0.5, 11, 1, 9], "rotation": 270, "texture": "#0"},
				"up": {"uv": [0.5, 9, 0, 11], "rotation": 180, "texture": "#0"},
				"down": {"uv": [1.5, 9, 1, 11], "texture": "#0"}
			}
		},
		{
			"from": [10.5, -0.25, 8.5],
			"to": [11.5, 0.75, 13.5],
			"rotation": {"angle": 22.5, "axis": "y", "origin": [13, -0.25, 8.5]},
			"faces": {
				"north": {"uv": [8, 7.5, 8.5, 8], "rotation": 180, "texture": "#0"},
				"east": {"uv": [1, 9, 1.5, 6.5], "rotation": 90, "texture": "#0"},
				"south": {"uv": [7.5, 7.5, 8, 7], "texture": "#0"},
				"west": {"uv": [0, 9, 0.5, 6.5], "rotation": 270, "texture": "#0"},
				"up": {"uv": [6.5, 1.5, 6, 4], "rotation": 180, "texture": "#0"},
				"down": {"uv": [1, 6.5, 0.5, 9], "texture": "#0"}
			}
		},
		{
			"from": [5, -0.25, 3],
			"to": [8, 2.75, 7],
			"faces": {
				"north": {"uv": [1, 9.5, 2.5, 11], "texture": "#1"},
				"east": {"uv": [5, 3.5, 7, 5], "texture": "#1"},
				"south": {"uv": [1, 9.5, 2.5, 11], "texture": "#1"},
				"west": {"uv": [0.5, 9.5, 2.5, 11], "texture": "#1"},
				"up": {"uv": [0.5, 9, 2, 11], "texture": "#1"},
				"down": {"uv": [4, 5, 5.5, 7], "texture": "#1"}
			}
		},
		{
			"from": [4, 0.75, -6],
			"to": [5, 3.75, -2],
			"faces": {
				"north": {"uv": [1, 9.5, 1.5, 11], "texture": "#1"},
				"east": {"uv": [5, 3.5, 7, 5], "texture": "#1"},
				"south": {"uv": [1, 9.5, 1.5, 11], "texture": "#1"},
				"west": {"uv": [0.5, 9.5, 2.5, 11], "texture": "#1"},
				"up": {"uv": [0.5, 9, 1, 11], "texture": "#1"},
				"down": {"uv": [4, 5, 4.5, 7], "texture": "#1"}
			}
		},
		{
			"from": [4.75, 1.5, -6.5],
			"to": [7.75, 4.5, -5.5],
			"faces": {
				"north": {"uv": [1, 9.5, 2.5, 11], "texture": "#1"},
				"east": {"uv": [5, 3.5, 5.5, 5], "texture": "#1"},
				"south": {"uv": [1, 9.5, 2.5, 11], "texture": "#1"},
				"west": {"uv": [0.5, 9.5, 1, 11], "texture": "#1"},
				"up": {"uv": [0.5, 9, 2, 9.5], "texture": "#1"},
				"down": {"uv": [4, 5, 5.5, 5.5], "texture": "#1"}
			}
		},
		{
			"from": [5, -0.25, -6],
			"to": [9, 2.75, -5],
			"faces": {
				"north": {"uv": [1, 9.5, 3, 11], "texture": "#1"},
				"east": {"uv": [5, 3.5, 5.5, 5], "texture": "#1"},
				"south": {"uv": [1, 9.5, 3, 11], "texture": "#1"},
				"west": {"uv": [0.5, 9.5, 1, 11], "texture": "#1"},
				"up": {"uv": [0.5, 9, 2.5, 9.5], "texture": "#1"},
				"down": {"uv": [4, 5, 6, 5.5], "texture": "#1"}
			}
		},
		{
			"from": [8.75, 2.75, 5],
			"to": [10.75, 3.75, 7],
			"faces": {
				"north": {"uv": [1, 9.5, 2, 10], "texture": "#1"},
				"east": {"uv": [5, 3.5, 6, 4], "texture": "#1"},
				"south": {"uv": [1, 9.5, 2, 10], "texture": "#1"},
				"west": {"uv": [0.5, 9.5, 1.5, 10], "texture": "#1"},
				"up": {"uv": [0.5, 9, 1.5, 10], "texture": "#1"},
				"down": {"uv": [4, 5, 5, 6], "texture": "#1"}
			}
		},
		{
			"from": [9.75, -0.25, 12.75],
			"to": [11.75, 1.75, 16.75],
			"rotation": {"angle": 22.5, "axis": "y", "origin": [10.75, 0.75, 14]},
			"faces": {
				"north": {"uv": [1, 9.5, 2, 10.5], "texture": "#1"},
				"east": {"uv": [5, 3.5, 7, 4.5], "texture": "#1"},
				"south": {"uv": [1, 9.5, 2, 10.5], "texture": "#1"},
				"west": {"uv": [0.5, 9.5, 2.5, 10.5], "texture": "#1"},
				"up": {"uv": [0.5, 9, 1.5, 11], "texture": "#1"},
				"down": {"uv": [4, 5, 5, 7], "texture": "#1"}
			}
		},
		{
			"from": [1.73883, -0.25, 5.13917],
			"to": [3.73883, 1.75, 9.13917],
			"rotation": {"angle": -22.5, "axis": "y", "origin": [3.73883, 0.75, 10.13917]},
			"faces": {
				"north": {"uv": [1, 9.5, 2, 10.5], "texture": "#1"},
				"east": {"uv": [5, 3.5, 7, 4.5], "texture": "#1"},
				"south": {"uv": [1, 9.5, 2, 10.5], "texture": "#1"},
				"west": {"uv": [0.5, 9.5, 2.5, 10.5], "texture": "#1"},
				"up": {"uv": [0.5, 9, 1.5, 11], "texture": "#1"},
				"down": {"uv": [4, 5, 5, 7], "texture": "#1"}
			}
		},
		{
			"from": [9.5, -0.75, 10.75],
			"to": [12.5, 2.25, 14.75],
			"rotation": {"angle": 22.5, "axis": "y", "origin": [10.75, 0.75, 14]},
			"faces": {
				"north": {"uv": [1, 9.5, 2.5, 11], "texture": "#1"},
				"east": {"uv": [5, 3.5, 7, 5], "texture": "#1"},
				"south": {"uv": [1, 9.5, 2.5, 11], "texture": "#1"},
				"west": {"uv": [0.5, 9.5, 2.5, 11], "texture": "#1"},
				"up": {"uv": [0.5, 9, 2, 11], "texture": "#1"},
				"down": {"uv": [4, 5, 5.5, 7], "texture": "#1"}
			}
		},
		{
			"from": [2.9494, -0.25, 17.79348],
			"to": [4.9494, 1.75, 21.79348],
			"rotation": {"angle": 0, "axis": "y", "origin": [3.9494, 0.75, 19.79348]},
			"faces": {
				"north": {"uv": [1, 9.5, 2, 10.5], "texture": "#1"},
				"east": {"uv": [5, 3.5, 7, 4.5], "texture": "#1"},
				"south": {"uv": [1, 9.5, 2, 10.5], "texture": "#1"},
				"west": {"uv": [0.5, 9.5, 2.5, 10.5], "texture": "#1"},
				"up": {"uv": [0.5, 9, 1.5, 11], "texture": "#1"},
				"down": {"uv": [4, 5, 5, 7], "texture": "#1"}
			}
		},
		{
			"from": [7, -0.25, 7],
			"to": [10, 1.75, 10],
			"faces": {
				"north": {"uv": [1, 9.5, 2.5, 10.5], "texture": "#1"},
				"east": {"uv": [5, 3.5, 6.5, 4.5], "texture": "#1"},
				"south": {"uv": [1, 9.5, 2.5, 10.5], "texture": "#1"},
				"west": {"uv": [0.5, 9.5, 2, 10.5], "texture": "#1"},
				"up": {"uv": [0.5, 9, 2, 10.5], "texture": "#1"},
				"down": {"uv": [4, 5, 5.5, 6.5], "texture": "#1"}
			}
		},
		{
			"from": [5.5, -0.5, 9],
			"to": [8.5, 2.5, 12],
			"faces": {
				"north": {"uv": [1, 9.5, 2.5, 11], "texture": "#1"},
				"east": {"uv": [5, 3.5, 6.5, 5], "texture": "#1"},
				"south": {"uv": [1, 9.5, 2.5, 11], "texture": "#1"},
				"west": {"uv": [0.5, 9.5, 2, 11], "texture": "#1"},
				"up": {"uv": [0.5, 9, 2, 10.5], "texture": "#1"},
				"down": {"uv": [4, 5, 5.5, 6.5], "texture": "#1"}
			}
		}
	],
	"display": {
		"thirdperson_righthand": {
			"rotation": [120, -15, 79],
			"translation": [-2.25, 1.25, 0.5],
			"scale": [0.5, 0.5, 0.5]
		},
		"thirdperson_lefthand": {
			"rotation": [120, -15, 79],
			"translation": [-2.25, 1.25, 0.5],
			"scale": [0.5, 0.5, 0.5]
		},
		"firstperson_righthand": {
			"rotation": [120, -15, 79],
			"translation": [7.25, 1.25, 0.5],
			"scale": [0.5, 0.5, 0.5]
		},
		"firstperson_lefthand": {
			"rotation": [120, -15, 79],
			"translation": [-1.5, 1.25, 0.5],
			"scale": [0.5, 0.5, 0.5]
		},
		"ground": {
			"translation": [0, 2.75, 0],
			"scale": [0.5, 0.5, 0.5]
		},
		"gui": {
			"rotation": [18, 21, 0],
			"translation": [0, 4, 0],
			"scale": [0.8, 0.8, 0.8]
		},
		"head": {
			"translation": [0, -30.5, 0],
			"scale": [1.6, 1.6, 1.6]
		},
		"fixed": {
			"rotation": [-90, -180, 0],
			"translation": [0, 0, -8.75]
		}
	}
}