{
	"credit": "Made by ArtsByKev - Minecraft Content Creator: https://www.youtube.com/c/artsbykev - Tweet at: https://www.twitter.com/artsbykev",
	"texture_size": [128, 128],
	"textures": {
		"0": "artsbykev_lootables/ground_bag",
		"particle": "artsbykev_lootables/ground_bag"
	},
	"elements": [
		{
			"name": "foldbag",
			"from": [2, 0, 3],
			"to": [14, 12, 13],
			"rotation": {"angle": 45, "axis": "y", "origin": [8, 7.5, 8.25]},
			"faces": {
				"north": {"uv": [1.5, 3, 3, 4.5], "texture": "#0"},
				"east": {"uv": [4.5, 5.75, 5.75, 7.25], "texture": "#0"},
				"south": {"uv": [3, 1.5, 4.5, 3], "texture": "#0"},
				"west": {"uv": [5.75, 5.75, 7, 7.25], "texture": "#0"},
				"up": {"uv": [1.5, 7.25, 0, 6], "texture": "#0"},
				"down": {"uv": [7.5, 0, 6, 1.25], "texture": "#0"}
			}
		},
		{
			"name": "foldbag",
			"from": [1.9, 4.9, 2.9],
			"to": [14.1, 13.1, 14.1],
			"rotation": {"angle": 45, "axis": "y", "origin": [8, 7.5, 8.25]},
			"faces": {
				"north": {"uv": [8.25, 2.625, 9.75, 3.625], "texture": "#0"},
				"east": {"uv": [8.25, 7.625, 9.625, 8.625], "texture": "#0"},
				"south": {"uv": [8.25, 3.625, 9.75, 4.625], "texture": "#0"},
				"west": {"uv": [0, 8.375, 1.375, 9.375], "texture": "#0"},
				"up": {"uv": [6, 4.375, 4.5, 3], "texture": "#0"},
				"down": {"uv": [6, 4.375, 4.5, 5.75], "texture": "#0"}
			}
		}
	],
	"display": {
		"thirdperson_righthand": {
			"translation": [0, 0.75, -1.25],
			"scale": [0.3, 0.3, 0.3]
		},
		"thirdperson_lefthand": {
			"translation": [0, 0.75, -1.25],
			"scale": [0.3, 0.3, 0.3]
		},
		"firstperson_righthand": {
			"translation": [0, 0.75, -1.25],
			"scale": [0.3, 0.3, 0.3]
		},
		"firstperson_lefthand": {
			"translation": [0, 0.75, -1.25],
			"scale": [0.3, 0.3, 0.3]
		},
		"ground": {
			"translation": [0, 1.5, 0],
			"scale": [0.5, 0.5, 0.5]
		},
		"gui": {
			"rotation": [47, -20, 0],
			"translation": [0.75, 0.75, 0],
			"scale": [0.3, 0.3, 0.3]
		},
		"head": {
			"rotation": [0, -47.25, 0],
			"translation": [0, -11.5, 7.25]
		},
		"fixed": {
			"rotation": [-90, 0, 0],
			"translation": [0, 0, -8.75]
		}
	}
}