{
	"credit": "Made by ArtsByKev - Minecraft Content Creator: https://www.youtube.com/c/artsbykev - Tweet at: https://www.twitter.com/artsbykev",
	"texture_size": [128, 128],
	"textures": {
		"0": "artsbykev_lootables/ground_bag",
		"particle": "artsbykev_lootables/ground_bag"
	},
	"elements": [
		{
			"name": "steel_box",
			"from": [4, 0, 3],
			"to": [12, 5, 15],
			"rotation": {"angle": -22.5, "axis": "y", "origin": [8, 5.25, 9]},
			"faces": {
				"north": {"uv": [9.875, 0, 10.875, 0.625], "texture": "#0"},
				"east": {"uv": [4.875, 9.75, 6.375, 10.375], "texture": "#0"},
				"south": {"uv": [1.25, 9.875, 2.25, 10.5], "texture": "#0"},
				"west": {"uv": [9.75, 3.75, 11.25, 4.375], "texture": "#0"},
				"up": {"uv": [9.625, 6, 8.125, 5], "rotation": 270, "texture": "#0"},
				"down": {"uv": [3, 8.25, 1.5, 9.25], "rotation": 90, "texture": "#0"}
			}
		},
		{
			"name": "steel_box",
			"from": [7.5, 5, 12],
			"to": [8.5, 7, 13],
			"rotation": {"angle": -22.5, "axis": "y", "origin": [8, 5.25, 9]},
			"faces": {
				"north": {"uv": [6.875, 7.25, 7, 7.5], "texture": "#0"},
				"east": {"uv": [8.125, 2.625, 8.25, 2.875], "texture": "#0"},
				"south": {"uv": [8.125, 2.875, 8.25, 3.125], "texture": "#0"},
				"west": {"uv": [6.75, 7.25, 6.875, 7.5], "texture": "#0"},
				"up": {"uv": [4.5, 7.25, 4.375, 7.125], "rotation": 270, "texture": "#0"},
				"down": {"uv": [8.25, 3.125, 8.125, 3.25], "rotation": 90, "texture": "#0"}
			}
		},
		{
			"name": "steel_box",
			"from": [7.5, 5, 5],
			"to": [8.5, 7, 6],
			"rotation": {"angle": -22.5, "axis": "y", "origin": [8, 5.25, 9]},
			"faces": {
				"north": {"uv": [8.125, 6.25, 8.25, 6.5], "texture": "#0"},
				"east": {"uv": [8.25, 6, 8.375, 6.25], "texture": "#0"},
				"south": {"uv": [8.25, 6.25, 8.375, 6.5], "texture": "#0"},
				"west": {"uv": [8.125, 6, 8.25, 6.25], "texture": "#0"},
				"up": {"uv": [8.5, 6.375, 8.375, 6.25], "rotation": 270, "texture": "#0"},
				"down": {"uv": [8.5, 6.375, 8.375, 6.5], "rotation": 90, "texture": "#0"}
			}
		},
		{
			"name": "steel_box",
			"from": [7.5, 6, 6],
			"to": [8.5, 7, 12],
			"rotation": {"angle": -22.5, "axis": "y", "origin": [8, 5.25, 9]},
			"faces": {
				"north": {"uv": [8.625, 1.25, 8.75, 1.375], "texture": "#0"},
				"east": {"uv": [7.5, 3.375, 8.25, 3.5], "texture": "#0"},
				"south": {"uv": [1.375, 8.625, 1.5, 8.75], "texture": "#0"},
				"west": {"uv": [7.5, 3.25, 8.25, 3.375], "texture": "#0"},
				"up": {"uv": [9.75, 2.375, 9, 2.25], "rotation": 270, "texture": "#0"},
				"down": {"uv": [9.75, 2.375, 9, 2.5], "rotation": 90, "texture": "#0"}
			}
		}
	],
	"display": {
		"thirdperson_righthand": {
			"translation": [0, 0.75, -1.25],
			"scale": [0.3, 0.3, 0.3]
		},
		"thirdperson_lefthand": {
			"translation": [0, 0.75, -1.25],
			"scale": [0.3, 0.3, 0.3]
		},
		"firstperson_righthand": {
			"translation": [0, 0.75, -1.25],
			"scale": [0.3, 0.3, 0.3]
		},
		"firstperson_lefthand": {
			"translation": [0, 0.75, -1.25],
			"scale": [0.3, 0.3, 0.3]
		},
		"ground": {
			"translation": [0, 1.5, 0],
			"scale": [0.5, 0.5, 0.5]
		},
		"gui": {
			"rotation": [47, -20, 0],
			"translation": [0.75, 0.75, 0],
			"scale": [0.3, 0.3, 0.3]
		},
		"head": {
			"translation": [0, -36.5, 0]
		},
		"fixed": {
			"rotation": [-90, 0, 0],
			"translation": [0, 0, -8.75]
		}
	}
}