{
	"credit": "Made by ArtsByKev - Minecraft Content Creator: https://www.youtube.com/c/artsbykev - Tweet at: https://www.twitter.com/artsbykev",
	"texture_size": [128, 128],
	"textures": {
		"0": "artsbykev_lootables/ground_bag",
		"particle": "artsbykev_lootables/ground_bag"
	},
	"elements": [
		{
			"name": "box",
			"from": [2, 0, 2],
			"to": [14, 9, 14],
			"rotation": {"angle": 22.5, "axis": "y", "origin": [8, 4.5, 8]},
			"faces": {
				"north": {"uv": [6, 2.375, 7.5, 3.5], "texture": "#0"},
				"east": {"uv": [6, 1.25, 7.5, 2.375], "texture": "#0"},
				"south": {"uv": [6, 2.375, 7.5, 3.5], "texture": "#0"},
				"west": {"uv": [6, 1.25, 7.5, 2.375], "texture": "#0"},
				"up": {"uv": [1.5, 1.5, 0, 0], "texture": "#0"},
				"down": {"uv": [1.5, 1.5, 0, 3], "texture": "#0"}
			}
		},
		{
			"name": "foldbag",
			"from": [2, 0, 19],
			"to": [14, 12, 29],
			"rotation": {"angle": 45, "axis": "y", "origin": [8, 7.5, 24.25]},
			"faces": {
				"north": {"uv": [1.5, 3, 3, 4.5], "texture": "#0"},
				"east": {"uv": [4.5, 5.75, 5.75, 7.25], "texture": "#0"},
				"south": {"uv": [3, 1.5, 4.5, 3], "texture": "#0"},
				"west": {"uv": [5.75, 5.75, 7, 7.25], "texture": "#0"},
				"up": {"uv": [1.5, 7.25, 0, 6], "texture": "#0"},
				"down": {"uv": [7.5, 0, 6, 1.25], "texture": "#0"}
			}
		},
		{
			"name": "foldbag",
			"from": [1.9, 4.9, 18.9],
			"to": [14.1, 13.1, 30.1],
			"rotation": {"angle": 45, "axis": "y", "origin": [8, 7.5, 24.25]},
			"faces": {
				"north": {"uv": [8.25, 2.625, 9.75, 3.625], "texture": "#0"},
				"east": {"uv": [8.25, 7.625, 9.625, 8.625], "texture": "#0"},
				"south": {"uv": [8.25, 3.625, 9.75, 4.625], "texture": "#0"},
				"west": {"uv": [0, 8.375, 1.375, 9.375], "texture": "#0"},
				"up": {"uv": [6, 4.375, 4.5, 3], "texture": "#0"},
				"down": {"uv": [6, 4.375, 4.5, 5.75], "texture": "#0"}
			}
		},
		{
			"name": "steel_box",
			"from": [-12, 0, 0],
			"to": [-4, 5, 12],
			"rotation": {"angle": -22.5, "axis": "y", "origin": [-8, 5.25, 6]},
			"faces": {
				"north": {"uv": [9.875, 0, 10.875, 0.625], "texture": "#0"},
				"east": {"uv": [4.875, 9.75, 6.375, 10.375], "texture": "#0"},
				"south": {"uv": [1.25, 9.875, 2.25, 10.5], "texture": "#0"},
				"west": {"uv": [9.75, 3.75, 11.25, 4.375], "texture": "#0"},
				"up": {"uv": [9.625, 6, 8.125, 5], "rotation": 270, "texture": "#0"},
				"down": {"uv": [3, 8.25, 1.5, 9.25], "rotation": 90, "texture": "#0"}
			}
		},
		{
			"name": "steel_box",
			"from": [-8.5, 5, 9],
			"to": [-7.5, 7, 10],
			"rotation": {"angle": -22.5, "axis": "y", "origin": [-8, 5.25, 6]},
			"faces": {
				"north": {"uv": [6.875, 7.25, 7, 7.5], "texture": "#0"},
				"east": {"uv": [8.125, 2.625, 8.25, 2.875], "texture": "#0"},
				"south": {"uv": [8.125, 2.875, 8.25, 3.125], "texture": "#0"},
				"west": {"uv": [6.75, 7.25, 6.875, 7.5], "texture": "#0"},
				"up": {"uv": [4.5, 7.25, 4.375, 7.125], "rotation": 270, "texture": "#0"},
				"down": {"uv": [8.25, 3.125, 8.125, 3.25], "rotation": 90, "texture": "#0"}
			}
		},
		{
			"name": "steel_box",
			"from": [-8.5, 5, 2],
			"to": [-7.5, 7, 3],
			"rotation": {"angle": -22.5, "axis": "y", "origin": [-8, 5.25, 6]},
			"faces": {
				"north": {"uv": [8.125, 6.25, 8.25, 6.5], "texture": "#0"},
				"east": {"uv": [8.25, 6, 8.375, 6.25], "texture": "#0"},
				"south": {"uv": [8.25, 6.25, 8.375, 6.5], "texture": "#0"},
				"west": {"uv": [8.125, 6, 8.25, 6.25], "texture": "#0"},
				"up": {"uv": [8.5, 6.375, 8.375, 6.25], "rotation": 270, "texture": "#0"},
				"down": {"uv": [8.5, 6.375, 8.375, 6.5], "rotation": 90, "texture": "#0"}
			}
		},
		{
			"name": "steel_box",
			"from": [-8.5, 6, 3],
			"to": [-7.5, 7, 9],
			"rotation": {"angle": -22.5, "axis": "y", "origin": [-8, 5.25, 6]},
			"faces": {
				"north": {"uv": [8.625, 1.25, 8.75, 1.375], "texture": "#0"},
				"east": {"uv": [7.5, 3.375, 8.25, 3.5], "texture": "#0"},
				"south": {"uv": [1.375, 8.625, 1.5, 8.75], "texture": "#0"},
				"west": {"uv": [7.5, 3.25, 8.25, 3.375], "texture": "#0"},
				"up": {"uv": [9.75, 2.375, 9, 2.25], "rotation": 270, "texture": "#0"},
				"down": {"uv": [9.75, 2.375, 9, 2.5], "rotation": 90, "texture": "#0"}
			}
		},
		{
			"name": "hiking_bag",
			"from": [18, 0, 2],
			"to": [30, 12, 11],
			"rotation": {"angle": 0, "axis": "y", "origin": [18, 0, 2]},
			"faces": {
				"north": {"uv": [1.5, 0, 3, 1.5], "texture": "#0"},
				"east": {"uv": [6, 3.5, 7.125, 5], "texture": "#0"},
				"south": {"uv": [1.5, 1.5, 3, 3], "texture": "#0"},
				"west": {"uv": [7, 5, 8.125, 6.5], "texture": "#0"},
				"up": {"uv": [8.5, 7.625, 7, 6.5], "texture": "#0"},
				"down": {"uv": [3, 7.125, 1.5, 8.25], "texture": "#0"}
			}
		},
		{
			"name": "hiking_bag",
			"from": [17.8, 0.025, 1.8],
			"to": [30.2, 12.425, 11.2],
			"rotation": {"angle": 0, "axis": "y", "origin": [24, 7.32197, 8.98119]},
			"faces": {
				"north": {"uv": [0, 3, 1.5, 4.5], "texture": "#0"},
				"east": {"uv": [3, 7.125, 4.125, 8.625], "texture": "#0"},
				"south": {"uv": [3, 0, 4.5, 1.5], "texture": "#0"},
				"west": {"uv": [4.125, 7.125, 3, 8.625], "texture": "#0"},
				"up": {"uv": [1.5, 8.375, 0, 7.25], "texture": "#0"},
				"down": {"uv": [5.625, 7.25, 4.125, 8.375], "texture": "#0"}
			}
		},
		{
			"name": "hiking_bag",
			"from": [19, 12, 2],
			"to": [29, 18, 10],
			"rotation": {"angle": 22.5, "axis": "x", "origin": [18, 12, 2]},
			"faces": {
				"north": {"uv": [9.625, 5.25, 10.875, 6], "texture": "#0"},
				"east": {"uv": [6, 5, 7, 5.75], "texture": "#0"},
				"south": {"uv": [7.875, 9.625, 9.125, 10.375], "texture": "#0"},
				"west": {"uv": [3.125, 8.625, 4.125, 9.375], "texture": "#0"},
				"up": {"uv": [5.375, 9.375, 4.125, 8.375], "texture": "#0"},
				"down": {"uv": [9.75, 6, 8.5, 7], "texture": "#0"}
			}
		},
		{
			"name": "hiking_bag",
			"from": [18.8, 8.81059, 0.63359],
			"to": [29.2, 15.21059, 9.03359],
			"rotation": {"angle": 22.5, "axis": "x", "origin": [24, 7.32197, 8.98119]},
			"faces": {
				"north": {"uv": [9.75, 2.25, 11, 3], "texture": "#0"},
				"east": {"uv": [9.75, 6, 10.75, 6.75], "texture": "#0"},
				"south": {"uv": [9.75, 3, 11, 3.75], "texture": "#0"},
				"west": {"uv": [6.375, 9.75, 7.375, 10.5], "texture": "#0"},
				"up": {"uv": [9.875, 1, 8.625, 0], "texture": "#0"},
				"down": {"uv": [9.5, 8.625, 8.25, 9.625], "texture": "#0"}
			}
		},
		{
			"name": "hiking_bag",
			"from": [17, 0, 11],
			"to": [31, 5, 16],
			"rotation": {"angle": 0, "axis": "y", "origin": [24, 7.32197, 8.98119]},
			"faces": {
				"north": {"uv": [9, 1, 10.75, 1.625], "texture": "#0"},
				"east": {"uv": [7.5, 2.625, 8.125, 3.25], "texture": "#0"},
				"south": {"uv": [9, 1, 10.75, 1.625], "texture": "#0"},
				"west": {"uv": [8.125, 2.625, 7.5, 3.25], "texture": "#0"},
				"up": {"uv": [10.75, 1.625, 9, 1], "texture": "#0"},
				"down": {"uv": [10.75, 1, 9, 1.625], "texture": "#0"}
			}
		},
		{
			"name": "scout_bag",
			"from": [-14.2, 0, 16.8],
			"to": [-1.8, 12.4, 26.2],
			"rotation": {"angle": -22.5, "axis": "y", "origin": [-8, 9.175, 24.3]},
			"faces": {
				"north": {"uv": [4.5, 1.5, 6, 3], "texture": "#0"},
				"east": {"uv": [8.625, 0, 7.5, 1.5], "texture": "#0"},
				"south": {"uv": [4.5, 1.5, 6, 3], "texture": "#0"},
				"west": {"uv": [7.5, 0, 8.625, 1.5], "texture": "#0"},
				"up": {"uv": [9, 2.625, 7.5, 1.5], "texture": "#0"},
				"down": {"uv": [8.25, 7.625, 6.75, 8.75], "texture": "#0"}
			}
		},
		{
			"name": "scout_bag",
			"from": [-15, 11, 25],
			"to": [-1, 16, 30],
			"rotation": {"angle": -22.5, "axis": "y", "origin": [-8, 9.175, 24.3]},
			"faces": {
				"north": {"uv": [9, 1, 10.75, 1.625], "texture": "#0"},
				"east": {"uv": [7.5, 2.625, 8.125, 3.25], "texture": "#0"},
				"south": {"uv": [9, 1, 10.75, 1.625], "texture": "#0"},
				"west": {"uv": [7.5, 2.625, 8.125, 3.25], "texture": "#0"},
				"up": {"uv": [10.75, 1.625, 9, 1], "texture": "#0"},
				"down": {"uv": [10.75, 1, 9, 1.625], "texture": "#0"}
			}
		},
		{
			"name": "scout_bag",
			"from": [-13, 12, 17.1],
			"to": [-3, 15, 25.1],
			"rotation": {"angle": -22.5, "axis": "y", "origin": [-8, 9.175, 24.3]},
			"faces": {
				"north": {"uv": [8.25, 4.625, 9.5, 5], "texture": "#0"},
				"east": {"uv": [3.75, 10, 4.75, 10.375], "texture": "#0"},
				"south": {"uv": [0, 10.25, 1.25, 10.625], "texture": "#0"},
				"west": {"uv": [1.25, 10.5, 2.25, 10.875], "texture": "#0"},
				"up": {"uv": [6.625, 9.75, 5.375, 8.75], "texture": "#0"},
				"down": {"uv": [7.875, 8.75, 6.625, 9.75], "texture": "#0"}
			}
		},
		{
			"name": "scout_bag",
			"from": [-13, 0, 26.1],
			"to": [-3, 7, 28.1],
			"rotation": {"angle": -22.5, "axis": "y", "origin": [-8, 9.175, 24.3]},
			"faces": {
				"north": {"uv": [0, 9.375, 1.25, 10.25], "texture": "#0"},
				"east": {"uv": [7.875, 8.75, 8.125, 9.625], "texture": "#0"},
				"south": {"uv": [9.625, 7.625, 10.875, 8.5], "texture": "#0"},
				"west": {"uv": [8.625, 10.375, 8.875, 11.25], "texture": "#0"},
				"up": {"uv": [11, 4.625, 9.75, 4.375], "texture": "#0"},
				"down": {"uv": [7.125, 10.5, 5.875, 10.75], "texture": "#0"}
			}
		},
		{
			"name": "suit_case",
			"from": [5, 1.5, -1],
			"to": [11, 2.5, 0],
			"rotation": {"angle": 0, "axis": "y", "origin": [8, 2.83638, -3.90615]},
			"faces": {
				"north": {"uv": [9, 2.5, 9.75, 2.625], "texture": "#0"},
				"east": {"uv": [8.75, 1.25, 8.875, 1.375], "texture": "#0"},
				"south": {"uv": [9.625, 8.5, 10.375, 8.625], "texture": "#0"},
				"west": {"uv": [1.375, 8.75, 1.5, 8.875], "texture": "#0"},
				"up": {"uv": [3, 10, 2.25, 9.875], "texture": "#0"},
				"down": {"uv": [11, 7.5, 10.25, 7.625], "texture": "#0"}
			}
		},
		{
			"name": "suit_case",
			"from": [4, 1.5, -2],
			"to": [5, 2.5, 0],
			"rotation": {"angle": 0, "axis": "y", "origin": [8, 2.83638, -3.90615]},
			"faces": {
				"north": {"uv": [5.375, 8.625, 5.5, 8.75], "texture": "#0"},
				"east": {"uv": [8.625, 1, 8.875, 1.125], "texture": "#0"},
				"south": {"uv": [5.5, 8.625, 5.625, 8.75], "texture": "#0"},
				"west": {"uv": [8.625, 1.125, 8.875, 1.25], "texture": "#0"},
				"up": {"uv": [5.625, 8.625, 5.5, 8.375], "texture": "#0"},
				"down": {"uv": [8.5, 6, 8.375, 6.25], "texture": "#0"}
			}
		},
		{
			"name": "suit_case",
			"from": [11, 1.5, -2],
			"to": [12, 2.5, 0],
			"rotation": {"angle": 0, "axis": "y", "origin": [8, 2.83638, -3.90615]},
			"faces": {
				"north": {"uv": [8.625, 1.375, 8.75, 1.5], "texture": "#0"},
				"east": {"uv": [4.125, 7.125, 4.375, 7.25], "texture": "#0"},
				"south": {"uv": [3, 8.625, 3.125, 8.75], "texture": "#0"},
				"west": {"uv": [6.75, 7.5, 7, 7.625], "texture": "#0"},
				"up": {"uv": [1.5, 8.625, 1.375, 8.375], "texture": "#0"},
				"down": {"uv": [5.5, 8.375, 5.375, 8.625], "texture": "#0"}
			}
		},
		{
			"name": "suit_case",
			"from": [2, 0, -14],
			"to": [14, 3, -2],
			"rotation": {"angle": 0, "axis": "y", "origin": [8, 2.83638, -3.90615]},
			"faces": {
				"north": {"uv": [9.875, 0.625, 11.375, 1], "texture": "#0"},
				"east": {"uv": [9.125, 9.875, 10.625, 10.25], "texture": "#0"},
				"south": {"uv": [2.25, 10, 3.75, 10.375], "texture": "#0"},
				"west": {"uv": [10.25, 6.75, 11.75, 7.125], "texture": "#0"},
				"up": {"uv": [4.5, 4.5, 3, 3], "texture": "#0"},
				"down": {"uv": [1.5, 4.5, 0, 6], "texture": "#0"}
			}
		},
		{
			"name": "suit_case",
			"from": [2, 6.85029, -13.16904],
			"to": [14, 9.85029, -1.16904],
			"rotation": {"angle": -22.5, "axis": "x", "origin": [8, 2.83638, -3.90615]},
			"faces": {
				"north": {"uv": [10.25, 7.125, 11.75, 7.5], "texture": "#0"},
				"east": {"uv": [9.125, 10.25, 10.625, 10.625], "texture": "#0"},
				"south": {"uv": [2.25, 10.375, 3.75, 10.75], "texture": "#0"},
				"west": {"uv": [3.75, 10.375, 5.25, 10.75], "texture": "#0"},
				"up": {"uv": [6, 1.5, 4.5, 0], "texture": "#0"},
				"down": {"uv": [3, 4.5, 1.5, 6], "texture": "#0"}
			}
		}
	],
	"display": {
		"thirdperson_righthand": {
			"translation": [0, 0.75, -1.25],
			"scale": [0.3, 0.3, 0.3]
		},
		"thirdperson_lefthand": {
			"translation": [0, 0.75, -1.25],
			"scale": [0.3, 0.3, 0.3]
		},
		"firstperson_righthand": {
			"translation": [0, 0.75, -1.25],
			"scale": [0.3, 0.3, 0.3]
		},
		"firstperson_lefthand": {
			"translation": [0, 0.75, -1.25],
			"scale": [0.3, 0.3, 0.3]
		},
		"ground": {
			"translation": [0, 1.5, 0],
			"scale": [0.5, 0.5, 0.5]
		},
		"gui": {
			"rotation": [47, -20, 0],
			"translation": [0.75, 0.75, 0],
			"scale": [0.3, 0.3, 0.3]
		},
		"head": {
			"translation": [0, -36.5, 0]
		},
		"fixed": {
			"rotation": [-90, 0, 0],
			"translation": [0, 0, -8.75]
		}
	}
}