{
	"credit": "Made by ArtsByKev - Minecraft Content Creator: https://www.youtube.com/c/artsbykev - Tweet at: https://www.twitter.com/artsbykev",
	"texture_size": [128, 128],
	"textures": {
		"0": "artsbykev_lootables/ground_bag",
		"particle": "artsbykev_lootables/ground_bag"
	},
	"elements": [
		{
			"name": "suit_case",
			"from": [5, 1.5, 15],
			"to": [11, 2.5, 16],
			"rotation": {"angle": 0, "axis": "y", "origin": [8, 2.83638, 12.09385]},
			"faces": {
				"north": {"uv": [9, 2.5, 9.75, 2.625], "texture": "#0"},
				"east": {"uv": [8.75, 1.25, 8.875, 1.375], "texture": "#0"},
				"south": {"uv": [9.625, 8.5, 10.375, 8.625], "texture": "#0"},
				"west": {"uv": [1.375, 8.75, 1.5, 8.875], "texture": "#0"},
				"up": {"uv": [3, 10, 2.25, 9.875], "texture": "#0"},
				"down": {"uv": [11, 7.5, 10.25, 7.625], "texture": "#0"}
			}
		},
		{
			"name": "suit_case",
			"from": [4, 1.5, 14],
			"to": [5, 2.5, 16],
			"rotation": {"angle": 0, "axis": "y", "origin": [8, 2.83638, 12.09385]},
			"faces": {
				"north": {"uv": [5.375, 8.625, 5.5, 8.75], "texture": "#0"},
				"east": {"uv": [8.625, 1, 8.875, 1.125], "texture": "#0"},
				"south": {"uv": [5.5, 8.625, 5.625, 8.75], "texture": "#0"},
				"west": {"uv": [8.625, 1.125, 8.875, 1.25], "texture": "#0"},
				"up": {"uv": [5.625, 8.625, 5.5, 8.375], "texture": "#0"},
				"down": {"uv": [8.5, 6, 8.375, 6.25], "texture": "#0"}
			}
		},
		{
			"name": "suit_case",
			"from": [11, 1.5, 14],
			"to": [12, 2.5, 16],
			"rotation": {"angle": 0, "axis": "y", "origin": [8, 2.83638, 12.09385]},
			"faces": {
				"north": {"uv": [8.625, 1.375, 8.75, 1.5], "texture": "#0"},
				"east": {"uv": [4.125, 7.125, 4.375, 7.25], "texture": "#0"},
				"south": {"uv": [3, 8.625, 3.125, 8.75], "texture": "#0"},
				"west": {"uv": [6.75, 7.5, 7, 7.625], "texture": "#0"},
				"up": {"uv": [1.5, 8.625, 1.375, 8.375], "texture": "#0"},
				"down": {"uv": [5.5, 8.375, 5.375, 8.625], "texture": "#0"}
			}
		},
		{
			"name": "suit_case",
			"from": [2, 0, 2],
			"to": [14, 3, 14],
			"rotation": {"angle": 0, "axis": "y", "origin": [8, 2.83638, 12.09385]},
			"faces": {
				"north": {"uv": [9.875, 0.625, 11.375, 1], "texture": "#0"},
				"east": {"uv": [9.125, 9.875, 10.625, 10.25], "texture": "#0"},
				"south": {"uv": [2.25, 10, 3.75, 10.375], "texture": "#0"},
				"west": {"uv": [10.25, 6.75, 11.75, 7.125], "texture": "#0"},
				"up": {"uv": [4.5, 4.5, 3, 3], "texture": "#0"},
				"down": {"uv": [1.5, 4.5, 0, 6], "texture": "#0"}
			}
		},
		{
			"name": "suit_case",
			"from": [2, 6.85029, 2.83096],
			"to": [14, 9.85029, 14.83096],
			"rotation": {"angle": -22.5, "axis": "x", "origin": [8, 2.83638, 12.09385]},
			"faces": {
				"north": {"uv": [10.25, 7.125, 11.75, 7.5], "texture": "#0"},
				"east": {"uv": [9.125, 10.25, 10.625, 10.625], "texture": "#0"},
				"south": {"uv": [2.25, 10.375, 3.75, 10.75], "texture": "#0"},
				"west": {"uv": [3.75, 10.375, 5.25, 10.75], "texture": "#0"},
				"up": {"uv": [6, 1.5, 4.5, 0], "texture": "#0"},
				"down": {"uv": [3, 4.5, 1.5, 6], "texture": "#0"}
			}
		}
	],
	"display": {
		"thirdperson_righthand": {
			"translation": [0, 0.75, -1.25],
			"scale": [0.3, 0.3, 0.3]
		},
		"thirdperson_lefthand": {
			"translation": [0, 0.75, -1.25],
			"scale": [0.3, 0.3, 0.3]
		},
		"firstperson_righthand": {
			"translation": [0, 0.75, -1.25],
			"scale": [0.3, 0.3, 0.3]
		},
		"firstperson_lefthand": {
			"translation": [0, 0.75, -1.25],
			"scale": [0.3, 0.3, 0.3]
		},
		"ground": {
			"translation": [0, 1.5, 0],
			"scale": [0.5, 0.5, 0.5]
		},
		"gui": {
			"rotation": [47, -20, 0],
			"translation": [0.75, 0.75, 0],
			"scale": [0.3, 0.3, 0.3]
		},
		"head": {
			"translation": [0, -36.5, 0]
		},
		"fixed": {
			"rotation": [-90, 0, 0],
			"translation": [0, 0, -8.75]
		}
	}
}