{
	"credit": "Made by ArtsByKev - Minecraft Content Creator: https://www.youtube.com/c/artsbykev - Tweet at: https://www.twitter.com/artsbykev",
	"texture_size": [128, 128],
	"textures": {
		"0": "artsbykev_lootables/ground_bag",
		"particle": "artsbykev_lootables/ground_bag"
	},
	"elements": [
		{
			"name": "hiking_bag",
			"from": [2, 0, 1],
			"to": [14, 12, 10],
			"rotation": {"angle": 0, "axis": "y", "origin": [2, 0, 1]},
			"faces": {
				"north": {"uv": [1.5, 0, 3, 1.5], "texture": "#0"},
				"east": {"uv": [6, 3.5, 7.125, 5], "texture": "#0"},
				"south": {"uv": [1.5, 1.5, 3, 3], "texture": "#0"},
				"west": {"uv": [7, 5, 8.125, 6.5], "texture": "#0"},
				"up": {"uv": [8.5, 7.625, 7, 6.5], "texture": "#0"},
				"down": {"uv": [3, 7.125, 1.5, 8.25], "texture": "#0"}
			}
		},
		{
			"name": "hiking_bag",
			"from": [1.8, 0.025, 0.8],
			"to": [14.2, 12.425, 10.2],
			"rotation": {"angle": 0, "axis": "y", "origin": [8, 7.32197, 7.98119]},
			"faces": {
				"north": {"uv": [0, 3, 1.5, 4.5], "texture": "#0"},
				"east": {"uv": [3, 7.125, 4.125, 8.625], "texture": "#0"},
				"south": {"uv": [3, 0, 4.5, 1.5], "texture": "#0"},
				"west": {"uv": [4.125, 7.125, 3, 8.625], "texture": "#0"},
				"up": {"uv": [1.5, 8.375, 0, 7.25], "texture": "#0"},
				"down": {"uv": [5.625, 7.25, 4.125, 8.375], "texture": "#0"}
			}
		},
		{
			"name": "hiking_bag",
			"from": [3, 12, 1],
			"to": [13, 18, 9],
			"rotation": {"angle": 22.5, "axis": "x", "origin": [2, 12, 1]},
			"faces": {
				"north": {"uv": [9.625, 5.25, 10.875, 6], "texture": "#0"},
				"east": {"uv": [6, 5, 7, 5.75], "texture": "#0"},
				"south": {"uv": [7.875, 9.625, 9.125, 10.375], "texture": "#0"},
				"west": {"uv": [3.125, 8.625, 4.125, 9.375], "texture": "#0"},
				"up": {"uv": [5.375, 9.375, 4.125, 8.375], "texture": "#0"},
				"down": {"uv": [9.75, 6, 8.5, 7], "texture": "#0"}
			}
		},
		{
			"name": "hiking_bag",
			"from": [2.8, 8.81059, -0.36641],
			"to": [13.2, 15.21059, 8.03359],
			"rotation": {"angle": 22.5, "axis": "x", "origin": [8, 7.32197, 7.98119]},
			"faces": {
				"north": {"uv": [9.75, 2.25, 11, 3], "texture": "#0"},
				"east": {"uv": [9.75, 6, 10.75, 6.75], "texture": "#0"},
				"south": {"uv": [9.75, 3, 11, 3.75], "texture": "#0"},
				"west": {"uv": [6.375, 9.75, 7.375, 10.5], "texture": "#0"},
				"up": {"uv": [9.875, 1, 8.625, 0], "texture": "#0"},
				"down": {"uv": [9.5, 8.625, 8.25, 9.625], "texture": "#0"}
			}
		},
		{
			"name": "hiking_bag",
			"from": [1, 0, 10],
			"to": [15, 5, 15],
			"rotation": {"angle": 0, "axis": "y", "origin": [8, 7.32197, 7.98119]},
			"faces": {
				"north": {"uv": [9, 1, 10.75, 1.625], "texture": "#0"},
				"east": {"uv": [7.5, 2.625, 8.125, 3.25], "texture": "#0"},
				"south": {"uv": [9, 1, 10.75, 1.625], "texture": "#0"},
				"west": {"uv": [8.125, 2.625, 7.5, 3.25], "texture": "#0"},
				"up": {"uv": [10.75, 1.625, 9, 1], "texture": "#0"},
				"down": {"uv": [10.75, 1, 9, 1.625], "texture": "#0"}
			}
		}
	],
	"display": {
		"thirdperson_righthand": {
			"translation": [0, 0.75, -1.25],
			"scale": [0.3, 0.3, 0.3]
		},
		"thirdperson_lefthand": {
			"translation": [0, 0.75, -1.25],
			"scale": [0.3, 0.3, 0.3]
		},
		"firstperson_righthand": {
			"translation": [0, 0.75, -1.25],
			"scale": [0.3, 0.3, 0.3]
		},
		"firstperson_lefthand": {
			"translation": [0, 0.75, -1.25],
			"scale": [0.3, 0.3, 0.3]
		},
		"ground": {
			"translation": [0, 1.5, 0],
			"scale": [0.5, 0.5, 0.5]
		},
		"gui": {
			"rotation": [47, -20, 0],
			"translation": [0.75, 0.75, 0],
			"scale": [0.3, 0.3, 0.3]
		},
		"head": {
			"translation": [0, -11, 10.25]
		},
		"fixed": {
			"rotation": [-90, 0, 0],
			"translation": [0, 0, -8.75]
		}
	}
}