{
	"credit": " (C)ArtsByKev, https://youtube.com/c/artsbykev & https://twitter.com/artsbykev - Using Blockbench",
	"ambientocclusion": false,
	"texture_size": [32, 32],
	"textures": {
		"0": "artsbykev_lootables/loot_glint_chest",
		"1": "artsbykev_lootables/loot_glint",
		"particle": "artsbykev_lootables/loot_glint_chest"
	},
	"elements": [
		{
			"from": [4.5, 0.25, 5.5],
			"to": [11.5, 4.75, 10.5],
			"rotation": {"angle": 0, "axis": "y", "origin": [8.5, 0.25, 8.5]},
			"faces": {
				"north": {"uv": [3.5, 5, 7, 7.25], "texture": "#0"},
				"east": {"uv": [7, 0, 9.5, 2.25], "texture": "#0"},
				"south": {"uv": [0, 6, 3.5, 8.25], "texture": "#0"},
				"west": {"uv": [7, 2.5, 9.5, 4.75], "texture": "#0"},
				"up": {"uv": [7, 2.5, 3.5, 0], "texture": "#0"},
				"down": {"uv": [7, 2.5, 3.5, 5], "texture": "#0"}
			}
		},
		{
			"from": [4.4, 0.45, 6.9],
			"to": [11.6, 6.15, 9.1],
			"rotation": {"angle": 0, "axis": "y", "origin": [8.5, 1.55, 9]},
			"faces": {
				"north": {"uv": [0, 0, 3.5, 2.75], "texture": "#0"},
				"east": {"uv": [3.5, 8.5, 4.5, 11.25], "texture": "#0"},
				"south": {"uv": [0, 3, 3.5, 5.75], "texture": "#0"},
				"west": {"uv": [4.5, 8.5, 5.5, 11.25], "texture": "#0"},
				"up": {"uv": [10.5, 6, 7, 5], "texture": "#0"},
				"down": {"uv": [10.5, 6, 7, 7], "texture": "#0"}
			}
		},
		{
			"from": [4.5, 4.75, 5.5],
			"to": [11.5, 6.75, 6.5],
			"rotation": {"angle": 45, "axis": "x", "origin": [4.5, 4.75, 5.5]},
			"faces": {
				"north": {"uv": [7, 7, 10.5, 8], "texture": "#0"},
				"east": {"uv": [9, 10, 9.5, 11], "texture": "#0"},
				"south": {"uv": [3.5, 7.5, 7, 8.5], "texture": "#0"},
				"west": {"uv": [9.5, 10, 10, 11], "texture": "#0"},
				"up": {"uv": [9, 9.5, 5.5, 9], "texture": "#0"},
				"down": {"uv": [12.5, 9, 9, 9.5], "texture": "#0"}
			}
		},
		{
			"from": [4.5, 4.75, 9.5],
			"to": [11.5, 6.75, 10.5],
			"rotation": {"angle": -45, "axis": "x", "origin": [4.5, 4.75, 10.5]},
			"faces": {
				"north": {"uv": [7, 8, 10.5, 9], "texture": "#0"},
				"east": {"uv": [10, 10, 10.5, 11], "texture": "#0"},
				"south": {"uv": [0, 8.5, 3.5, 9.5], "texture": "#0"},
				"west": {"uv": [0, 10.5, 0.5, 11.5], "texture": "#0"},
				"up": {"uv": [3.5, 10, 0, 9.5], "texture": "#0"},
				"down": {"uv": [13, 0, 9.5, 0.5], "texture": "#0"}
			}
		},
		{
			"from": [4, 0, 5.1],
			"to": [5, 5, 6.1],
			"rotation": {"angle": 0, "axis": "y", "origin": [4, 0, 5.1]},
			"faces": {
				"north": {"uv": [9.5, 2.5, 10, 5], "texture": "#0"},
				"east": {"uv": [5.5, 9.5, 6, 12], "texture": "#0"},
				"south": {"uv": [6, 9.5, 6.5, 12], "texture": "#0"},
				"west": {"uv": [6.5, 9.5, 7, 12], "texture": "#0"},
				"up": {"uv": [10.5, 5, 10, 4.5], "texture": "#0"},
				"down": {"uv": [11, 4, 10.5, 4.5], "texture": "#0"}
			}
		},
		{
			"from": [11, 0, 5.1],
			"to": [12, 5, 6.1],
			"rotation": {"angle": 0, "axis": "y", "origin": [12, 0, 5.1]},
			"faces": {
				"north": {"uv": [10, 2.5, 9.5, 5], "texture": "#0"},
				"east": {"uv": [7, 9.5, 6.5, 12], "texture": "#0"},
				"south": {"uv": [6.5, 9.5, 6, 12], "texture": "#0"},
				"west": {"uv": [6, 9.5, 5.5, 12], "texture": "#0"},
				"up": {"uv": [10, 5, 10.5, 4.5], "texture": "#0"},
				"down": {"uv": [10.5, 4, 11, 4.5], "texture": "#0"}
			}
		},
		{
			"from": [4, 0, 9.9],
			"to": [5, 5, 10.9],
			"rotation": {"angle": 0, "axis": "y", "origin": [4, 0, 10.9]},
			"faces": {
				"north": {"uv": [6.5, 9.5, 6, 12], "texture": "#0"},
				"east": {"uv": [6, 9.5, 5.5, 12], "texture": "#0"},
				"south": {"uv": [10, 2.5, 9.5, 5], "texture": "#0"},
				"west": {"uv": [7, 9.5, 6.5, 12], "texture": "#0"},
				"up": {"uv": [10.5, 4.5, 10, 5], "texture": "#0"},
				"down": {"uv": [11, 4.5, 10.5, 4], "texture": "#0"}
			}
		},
		{
			"from": [11, 0, 9.9],
			"to": [12, 5, 10.9],
			"rotation": {"angle": 0, "axis": "y", "origin": [12, 0, 10.9]},
			"faces": {
				"north": {"uv": [6, 9.5, 6.5, 12], "texture": "#0"},
				"east": {"uv": [6.5, 9.5, 7, 12], "texture": "#0"},
				"south": {"uv": [9.5, 2.5, 10, 5], "texture": "#0"},
				"west": {"uv": [5.5, 9.5, 6, 12], "texture": "#0"},
				"up": {"uv": [10, 4.5, 10.5, 5], "texture": "#0"},
				"down": {"uv": [10.5, 4.5, 11, 4], "texture": "#0"}
			}
		},
		{
			"from": [7, 2.75, 5.1],
			"to": [9, 4.75, 5.6],
			"rotation": {"angle": 0, "axis": "y", "origin": [8, -0.25, 5.1]},
			"faces": {
				"north": {"uv": [7, 9.5, 8, 10.5], "texture": "#0"},
				"east": {"uv": [10.5, 4.5, 10.75, 5.5], "texture": "#0"},
				"south": {"uv": [8, 9.5, 9, 10.5], "texture": "#0"},
				"west": {"uv": [10.5, 5.5, 10.75, 6.5], "texture": "#0"},
				"up": {"uv": [11.5, 6.75, 10.5, 6.5], "texture": "#0"},
				"down": {"uv": [8, 10.5, 7, 10.75], "texture": "#0"}
			}
		},
		{
			"from": [4.01, 5.01, 5.11],
			"to": [4.99, 6.99, 6.09],
			"rotation": {"angle": 45, "axis": "x", "origin": [4, 5, 5.1]},
			"faces": {
				"north": {"uv": [0.5, 10.5, 1, 11.5], "texture": "#0"},
				"east": {"uv": [1, 10.5, 1.5, 11.5], "texture": "#0"},
				"south": {"uv": [1.5, 10.5, 2, 11.5], "texture": "#0"},
				"west": {"uv": [10.5, 3, 11, 4], "texture": "#0"},
				"up": {"uv": [11, 7.5, 10.5, 7], "texture": "#0"},
				"down": {"uv": [11, 7.5, 10.5, 8], "texture": "#0"}
			}
		},
		{
			"from": [11.01, 5.01, 5.11],
			"to": [11.99, 6.99, 6.09],
			"rotation": {"angle": 45, "axis": "x", "origin": [12, 5, 5.1]},
			"faces": {
				"north": {"uv": [1, 10.5, 0.5, 11.5], "texture": "#0"},
				"east": {"uv": [11, 3, 10.5, 4], "texture": "#0"},
				"south": {"uv": [2, 10.5, 1.5, 11.5], "texture": "#0"},
				"west": {"uv": [1.5, 10.5, 1, 11.5], "texture": "#0"},
				"up": {"uv": [10.5, 7.5, 11, 7], "texture": "#0"},
				"down": {"uv": [10.5, 7.5, 11, 8], "texture": "#0"}
			}
		},
		{
			"from": [4.01, 5.01, 9.91],
			"to": [4.99, 6.99, 10.89],
			"rotation": {"angle": -45, "axis": "x", "origin": [4, 5, 10.9]},
			"faces": {
				"north": {"uv": [2, 10.5, 1.5, 11.5], "texture": "#0"},
				"east": {"uv": [1.5, 10.5, 1, 11.5], "texture": "#0"},
				"south": {"uv": [1, 10.5, 0.5, 11.5], "texture": "#0"},
				"west": {"uv": [11, 3, 10.5, 4], "texture": "#0"},
				"up": {"uv": [11, 7, 10.5, 7.5], "texture": "#0"},
				"down": {"uv": [11, 8, 10.5, 7.5], "texture": "#0"}
			}
		},
		{
			"from": [11.01, 5.01, 9.91],
			"to": [11.99, 6.99, 10.89],
			"rotation": {"angle": -45, "axis": "x", "origin": [12, 5, 10.9]},
			"faces": {
				"north": {"uv": [1.5, 10.5, 2, 11.5], "texture": "#0"},
				"east": {"uv": [10.5, 3, 11, 4], "texture": "#0"},
				"south": {"uv": [0.5, 10.5, 1, 11.5], "texture": "#0"},
				"west": {"uv": [1, 10.5, 1.5, 11.5], "texture": "#0"},
				"up": {"uv": [10.5, 7, 11, 7.5], "texture": "#0"},
				"down": {"uv": [10.5, 8, 11, 7.5], "texture": "#0"}
			}
		},
		{
			"from": [4.25, 0, 6],
			"to": [5.25, 1, 10],
			"rotation": {"angle": 0, "axis": "y", "origin": [4.25, 0, 6]},
			"faces": {
				"north": {"uv": [8, 10.5, 8.5, 11], "texture": "#0"},
				"east": {"uv": [9, 9.5, 11, 10], "texture": "#0"},
				"south": {"uv": [10.5, 8, 11, 8.5], "texture": "#0"},
				"west": {"uv": [0, 10, 2, 10.5], "texture": "#0"},
				"up": {"uv": [2.5, 12, 2, 10], "texture": "#0"},
				"down": {"uv": [3, 10, 2.5, 12], "texture": "#0"}
			}
		},
		{
			"from": [10.75, 0, 6],
			"to": [11.75, 1, 10],
			"rotation": {"angle": 0, "axis": "y", "origin": [11.75, 0, 6]},
			"faces": {
				"north": {"uv": [8.5, 10.5, 8, 11], "texture": "#0"},
				"east": {"uv": [2, 10, 0, 10.5], "texture": "#0"},
				"south": {"uv": [11, 8, 10.5, 8.5], "texture": "#0"},
				"west": {"uv": [11, 9.5, 9, 10], "texture": "#0"},
				"up": {"uv": [2, 12, 2.5, 10], "texture": "#0"},
				"down": {"uv": [2.5, 10, 3, 12], "texture": "#0"}
			}
		},
		{
			"from": [4.25, 4, 6],
			"to": [5.25, 5, 10],
			"rotation": {"angle": 0, "axis": "y", "origin": [4.25, 4, 6]},
			"faces": {
				"north": {"uv": [8, 10.5, 8.5, 11], "texture": "#0"},
				"east": {"uv": [9, 9.5, 11, 10], "texture": "#0"},
				"south": {"uv": [10.5, 8, 11, 8.5], "texture": "#0"},
				"west": {"uv": [0, 10, 2, 10.5], "texture": "#0"},
				"up": {"uv": [2.5, 12, 2, 10], "texture": "#0"},
				"down": {"uv": [3, 10, 2.5, 12], "texture": "#0"}
			}
		},
		{
			"from": [10.75, 4, 6],
			"to": [11.75, 5, 10],
			"rotation": {"angle": 0, "axis": "y", "origin": [11.75, 4, 6]},
			"faces": {
				"north": {"uv": [8.5, 10.5, 8, 11], "texture": "#0"},
				"east": {"uv": [2, 10, 0, 10.5], "texture": "#0"},
				"south": {"uv": [11, 8, 10.5, 8.5], "texture": "#0"},
				"west": {"uv": [11, 9.5, 9, 10], "texture": "#0"},
				"up": {"uv": [2, 12, 2.5, 10], "texture": "#0"},
				"down": {"uv": [2.5, 10, 3, 12], "texture": "#0"}
			}
		},
		{
			"from": [4, 5.4, 6.5],
			"to": [5, 6.4, 9.5],
			"rotation": {"angle": 0, "axis": "y", "origin": [4, 5.4, 6.5]},
			"faces": {
				"north": {"uv": [8.5, 10.5, 9, 11], "texture": "#0"},
				"east": {"uv": [5.5, 8.5, 7, 9], "texture": "#0"},
				"south": {"uv": [10.5, 8.5, 11, 9], "texture": "#0"},
				"west": {"uv": [10, 2.5, 11.5, 3], "texture": "#0"},
				"up": {"uv": [3.5, 11.5, 3, 10], "texture": "#0"},
				"down": {"uv": [10.5, 3, 10, 4.5], "texture": "#0"}
			}
		},
		{
			"from": [11, 5.4, 6.5],
			"to": [12, 6.4, 9.5],
			"rotation": {"angle": 0, "axis": "y", "origin": [12, 5.4, 6.5]},
			"faces": {
				"north": {"uv": [9, 10.5, 8.5, 11], "texture": "#0"},
				"east": {"uv": [11.5, 2.5, 10, 3], "texture": "#0"},
				"south": {"uv": [11, 8.5, 10.5, 9], "texture": "#0"},
				"west": {"uv": [7, 8.5, 5.5, 9], "texture": "#0"},
				"up": {"uv": [3, 11.5, 3.5, 10], "texture": "#0"},
				"down": {"uv": [10, 3, 10.5, 4.5], "texture": "#0"}
			}
		},
		{
			"from": [5, 0, 5.35],
			"to": [11, 1, 6.35],
			"rotation": {"angle": 0, "axis": "y", "origin": [4, 0, 5.35]},
			"faces": {
				"north": {"uv": [9.5, 0.5, 12.5, 1], "texture": "#0"},
				"east": {"uv": [10.5, 10, 11, 10.5], "texture": "#0"},
				"south": {"uv": [9.5, 1, 12.5, 1.5], "texture": "#0"},
				"west": {"uv": [10.5, 10.5, 11, 11], "texture": "#0"},
				"up": {"uv": [12.5, 2, 9.5, 1.5], "texture": "#0"},
				"down": {"uv": [12.5, 2, 9.5, 2.5], "texture": "#0"}
			}
		},
		{
			"from": [5, 0, 9.65],
			"to": [11, 1, 10.65],
			"rotation": {"angle": 0, "axis": "y", "origin": [4, 0, 10.65]},
			"faces": {
				"north": {"uv": [12.5, 1, 9.5, 1.5], "texture": "#0"},
				"east": {"uv": [11, 10, 10.5, 10.5], "texture": "#0"},
				"south": {"uv": [12.5, 0.5, 9.5, 1], "texture": "#0"},
				"west": {"uv": [11, 10.5, 10.5, 11], "texture": "#0"},
				"up": {"uv": [12.5, 1.5, 9.5, 2], "texture": "#0"},
				"down": {"uv": [12.5, 2.5, 9.5, 2], "texture": "#0"}
			}
		},
		{
			"from": [5, 4, 5.35],
			"to": [11, 5, 6.35],
			"rotation": {"angle": 0, "axis": "y", "origin": [4, 4, 5.35]},
			"faces": {
				"north": {"uv": [9.5, 0.5, 12.5, 1], "texture": "#0"},
				"east": {"uv": [10.5, 10, 11, 10.5], "texture": "#0"},
				"south": {"uv": [9.5, 1, 12.5, 1.5], "texture": "#0"},
				"west": {"uv": [10.5, 10.5, 11, 11], "texture": "#0"},
				"up": {"uv": [12.5, 2, 9.5, 1.5], "texture": "#0"},
				"down": {"uv": [12.5, 2, 9.5, 2.5], "texture": "#0"}
			}
		},
		{
			"from": [5, 4, 9.65],
			"to": [11, 5, 10.65],
			"rotation": {"angle": 0, "axis": "y", "origin": [4, 4, 10.65]},
			"faces": {
				"north": {"uv": [12.5, 1, 9.5, 1.5], "texture": "#0"},
				"east": {"uv": [11, 10, 10.5, 10.5], "texture": "#0"},
				"south": {"uv": [12.5, 0.5, 9.5, 1], "texture": "#0"},
				"west": {"uv": [11, 10.5, 10.5, 11], "texture": "#0"},
				"up": {"uv": [12.5, 1.5, 9.5, 2], "texture": "#0"},
				"down": {"uv": [12.5, 2.5, 9.5, 2], "texture": "#0"}
			}
		},
		{
			"name": "glint",
			"from": [8, 0, 1],
			"to": [21, 0, 15],
			"rotation": {"angle": 22.5, "axis": "z", "origin": [8, 0, 8]},
			"faces": {
				"north": {"uv": [0, 0, 0, 4], "rotation": 270, "texture": "#1"},
				"east": {"uv": [0, 0, 5, 0], "rotation": 180, "texture": "#1"},
				"south": {"uv": [0, 0, 0, 4], "rotation": 90, "texture": "#1"},
				"west": {"uv": [0, 0, 5, 0], "texture": "#1"},
				"up": {"uv": [0, 0, 16, 16], "rotation": 90, "texture": "#1"},
				"down": {"uv": [0, 0, 16, 16], "rotation": 90, "texture": "#1"}
			}
		},
		{
			"name": "glint",
			"from": [1, 0, 8],
			"to": [15, 0, 21],
			"rotation": {"angle": -22.5, "axis": "x", "origin": [8, 0, 8]},
			"faces": {
				"north": {"uv": [0, 0, 5, 0], "rotation": 180, "texture": "#1"},
				"east": {"uv": [0, 0, 0, 4], "rotation": 270, "texture": "#1"},
				"south": {"uv": [0, 0, 5, 0], "texture": "#1"},
				"west": {"uv": [0, 0, 0, 4], "rotation": 90, "texture": "#1"},
				"up": {"uv": [0, 0, 16, 16], "rotation": 180, "texture": "#1"},
				"down": {"uv": [0, 0, 16, 16], "texture": "#1"}
			}
		},
		{
			"name": "glint",
			"from": [-5, 0, 1],
			"to": [8, 0, 15],
			"rotation": {"angle": -22.5, "axis": "z", "origin": [8, 0, 8]},
			"faces": {
				"north": {"uv": [0, 0, 0, 4], "rotation": 90, "texture": "#1"},
				"east": {"uv": [0, 0, 5, 0], "rotation": 180, "texture": "#1"},
				"south": {"uv": [0, 0, 0, 4], "rotation": 270, "texture": "#1"},
				"west": {"uv": [0, 0, 5, 0], "texture": "#1"},
				"up": {"uv": [0, 0, 16, 16], "rotation": 270, "texture": "#1"},
				"down": {"uv": [0, 0, 16, 16], "rotation": 270, "texture": "#1"}
			}
		},
		{
			"name": "glint",
			"from": [1, 0, -5],
			"to": [15, 0, 8],
			"rotation": {"angle": 22.5, "axis": "x", "origin": [8, 0, 8]},
			"faces": {
				"north": {"uv": [0, 0, 5, 0], "rotation": 180, "texture": "#1"},
				"east": {"uv": [0, 0, 0, 4], "rotation": 90, "texture": "#1"},
				"south": {"uv": [0, 0, 5, 0], "texture": "#1"},
				"west": {"uv": [0, 0, 0, 4], "rotation": 270, "texture": "#1"},
				"up": {"uv": [0, 0, 16, 16], "texture": "#1"},
				"down": {"uv": [0, 0, 16, 16], "rotation": 180, "texture": "#1"}
			}
		}
	],
	"groups": [0, 1, 2, 3, 4, 5, 6, 7, 8, 9, 10, 11, 12, 13, 14, 15, 16, 17, 18, 19, 20, 21, 22,
		{
			"name": "glint",
			"origin": [8, 8, 8],
			"children": [23, 24, 25, 26]
		}
	]
}