{
	"credit": " (C)ArtsByKev, https://youtube.com/c/artsbykev & https://twitter.com/artsbykev - Using Blockbench",
	"ambientocclusion": false,
	"texture_size": [32, 32],
	"textures": {
		"1": "artsbykev_lootables/loot_glint",
		"2": "artsbykev_lootables/loot_glint_chalice",
		"particle": "artsbykev_lootables/loot_glint_chalice"
	},
	"elements": [
		{
			"name": "glint",
			"from": [8, 0, 1],
			"to": [21, 0, 15],
			"rotation": {"angle": 22.5, "axis": "z", "origin": [8, 0, 8]},
			"faces": {
				"north": {"uv": [0, 0, 0, 4], "rotation": 270, "texture": "#1"},
				"east": {"uv": [0, 0, 5, 0], "rotation": 180, "texture": "#1"},
				"south": {"uv": [0, 0, 0, 4], "rotation": 90, "texture": "#1"},
				"west": {"uv": [0, 0, 5, 0], "texture": "#1"},
				"up": {"uv": [0, 0, 16, 16], "rotation": 90, "texture": "#1"},
				"down": {"uv": [0, 0, 16, 16], "rotation": 90, "texture": "#1"}
			}
		},
		{
			"name": "glint",
			"from": [1, 0, 8],
			"to": [15, 0, 21],
			"rotation": {"angle": -22.5, "axis": "x", "origin": [8, 0, 8]},
			"faces": {
				"north": {"uv": [0, 0, 5, 0], "rotation": 180, "texture": "#1"},
				"east": {"uv": [0, 0, 0, 4], "rotation": 270, "texture": "#1"},
				"south": {"uv": [0, 0, 5, 0], "texture": "#1"},
				"west": {"uv": [0, 0, 0, 4], "rotation": 90, "texture": "#1"},
				"up": {"uv": [0, 0, 16, 16], "rotation": 180, "texture": "#1"},
				"down": {"uv": [0, 0, 16, 16], "texture": "#1"}
			}
		},
		{
			"name": "glint",
			"from": [-5, 0, 1],
			"to": [8, 0, 15],
			"rotation": {"angle": -22.5, "axis": "z", "origin": [8, 0, 8]},
			"faces": {
				"north": {"uv": [0, 0, 0, 4], "rotation": 90, "texture": "#1"},
				"east": {"uv": [0, 0, 5, 0], "rotation": 180, "texture": "#1"},
				"south": {"uv": [0, 0, 0, 4], "rotation": 270, "texture": "#1"},
				"west": {"uv": [0, 0, 5, 0], "texture": "#1"},
				"up": {"uv": [0, 0, 16, 16], "rotation": 270, "texture": "#1"},
				"down": {"uv": [0, 0, 16, 16], "rotation": 270, "texture": "#1"}
			}
		},
		{
			"name": "glint",
			"from": [1, 0, -5],
			"to": [15, 0, 8],
			"rotation": {"angle": 22.5, "axis": "x", "origin": [8, 0, 8]},
			"faces": {
				"north": {"uv": [0, 0, 5, 0], "rotation": 180, "texture": "#1"},
				"east": {"uv": [0, 0, 0, 4], "rotation": 90, "texture": "#1"},
				"south": {"uv": [0, 0, 5, 0], "texture": "#1"},
				"west": {"uv": [0, 0, 0, 4], "rotation": 270, "texture": "#1"},
				"up": {"uv": [0, 0, 16, 16], "texture": "#1"},
				"down": {"uv": [0, 0, 16, 16], "rotation": 180, "texture": "#1"}
			}
		},
		{
			"from": [6, 0, 6],
			"to": [10, 1, 10],
			"rotation": {"angle": 0, "axis": "y", "origin": [8, 0, 8]},
			"faces": {
				"north": {"uv": [5.5, 4, 7.5, 4.5], "texture": "#2"},
				"east": {"uv": [6, 4.5, 8, 5], "texture": "#2"},
				"south": {"uv": [6, 5, 8, 5.5], "texture": "#2"},
				"west": {"uv": [3, 6.5, 5, 7], "texture": "#2"},
				"up": {"uv": [2, 2, 0, 0], "texture": "#2"},
				"down": {"uv": [2, 2, 0, 4], "texture": "#2"}
			}
		},
		{
			"from": [7.5, 2, 7],
			"to": [8.5, 7, 9],
			"rotation": {"angle": 0, "axis": "y", "origin": [7.5, 2, 8]},
			"faces": {
				"north": {"uv": [0, 5.5, 0.5, 8], "texture": "#2"},
				"east": {"uv": [2, 0, 3, 2.5], "texture": "#2"},
				"south": {"uv": [0.5, 5.5, 1, 8], "texture": "#2"},
				"west": {"uv": [2, 2.5, 3, 5], "texture": "#2"},
				"up": {"uv": [7, 8.5, 6.5, 7.5], "texture": "#2"},
				"down": {"uv": [8, 7, 7.5, 8], "texture": "#2"}
			}
		},
		{
			"from": [7, 2, 7.5],
			"to": [9, 7, 8.5],
			"rotation": {"angle": 0, "axis": "y", "origin": [8, 2, 8.5]},
			"faces": {
				"north": {"uv": [3, 0, 4, 2.5], "texture": "#2"},
				"east": {"uv": [1, 5.5, 1.5, 8], "texture": "#2"},
				"south": {"uv": [3, 2.5, 4, 5], "texture": "#2"},
				"west": {"uv": [1.5, 6, 2, 8.5], "texture": "#2"},
				"up": {"uv": [8.5, 6.5, 7.5, 6], "texture": "#2"},
				"down": {"uv": [1, 8, 0, 8.5], "texture": "#2"}
			}
		},
		{
			"from": [6.5, 1, 6.5],
			"to": [9.5, 2, 9.5],
			"rotation": {"angle": 0, "axis": "y", "origin": [8.5, 1, 8.5]},
			"faces": {
				"north": {"uv": [7.5, 2, 9, 2.5], "texture": "#2"},
				"east": {"uv": [7.5, 2.5, 9, 3], "texture": "#2"},
				"south": {"uv": [3, 7.5, 4.5, 8], "texture": "#2"},
				"west": {"uv": [7.5, 3, 9, 3.5], "texture": "#2"},
				"up": {"uv": [1.5, 5.5, 0, 4], "texture": "#2"},
				"down": {"uv": [5.5, 0, 4, 1.5], "texture": "#2"}
			}
		},
		{
			"from": [6.5, 7, 6.5],
			"to": [9.5, 8, 9.5],
			"rotation": {"angle": 0, "axis": "y", "origin": [8.5, 7, 8.5]},
			"faces": {
				"north": {"uv": [7.5, 3.5, 9, 4], "texture": "#2"},
				"east": {"uv": [7.5, 4, 9, 4.5], "texture": "#2"},
				"south": {"uv": [4.5, 7.5, 6, 8], "texture": "#2"},
				"west": {"uv": [7.5, 5.5, 9, 6], "texture": "#2"},
				"up": {"uv": [5.5, 3, 4, 1.5], "texture": "#2"},
				"down": {"uv": [5.5, 3, 4, 4.5], "texture": "#2"}
			}
		},
		{
			"from": [6, 8, 5.5],
			"to": [10, 10, 6.5],
			"rotation": {"angle": 0, "axis": "y", "origin": [9, 8, 7.5]},
			"faces": {
				"north": {"uv": [5.5, 0, 7.5, 1], "texture": "#2"},
				"east": {"uv": [8, 0, 8.5, 1], "texture": "#2"},
				"south": {"uv": [5.5, 1, 7.5, 2], "texture": "#2"},
				"west": {"uv": [1, 8, 1.5, 9], "texture": "#2"},
				"up": {"uv": [7, 7, 5, 6.5], "texture": "#2"},
				"down": {"uv": [5, 7, 3, 7.5], "texture": "#2"}
			}
		},
		{
			"from": [6, 8, 9.5],
			"to": [10, 10, 10.5],
			"rotation": {"angle": 0, "axis": "y", "origin": [9, 8, 8.5]},
			"faces": {
				"north": {"uv": [7.5, 1, 5.5, 2], "texture": "#2"},
				"east": {"uv": [8.5, 0, 8, 1], "texture": "#2"},
				"south": {"uv": [7.5, 0, 5.5, 1], "texture": "#2"},
				"west": {"uv": [1.5, 8, 1, 9], "texture": "#2"},
				"up": {"uv": [7, 6.5, 5, 7], "texture": "#2"},
				"down": {"uv": [5, 7.5, 3, 7], "texture": "#2"}
			}
		},
		{
			"from": [6, 10, 5],
			"to": [10, 12, 6],
			"rotation": {"angle": 0, "axis": "y", "origin": [9, 10, 7]},
			"faces": {
				"north": {"uv": [5.5, 2, 7.5, 3], "texture": "#2"},
				"east": {"uv": [8, 1, 8.5, 2], "texture": "#2"},
				"south": {"uv": [5.5, 3, 7.5, 4], "texture": "#2"},
				"west": {"uv": [2, 8, 2.5, 9], "texture": "#2"},
				"up": {"uv": [7, 7.5, 5, 7], "texture": "#2"},
				"down": {"uv": [9, 6.5, 7, 7], "texture": "#2"}
			}
		},
		{
			"from": [6, 10, 10],
			"to": [10, 12, 11],
			"rotation": {"angle": 0, "axis": "y", "origin": [9, 10, 9]},
			"faces": {
				"north": {"uv": [7.5, 3, 5.5, 4], "texture": "#2"},
				"east": {"uv": [8.5, 1, 8, 2], "texture": "#2"},
				"south": {"uv": [7.5, 2, 5.5, 3], "texture": "#2"},
				"west": {"uv": [2.5, 8, 2, 9], "texture": "#2"},
				"up": {"uv": [7, 7, 5, 7.5], "texture": "#2"},
				"down": {"uv": [9, 7, 7, 6.5], "texture": "#2"}
			}
		},
		{
			"from": [5.5, 8, 6],
			"to": [6.5, 10, 10],
			"rotation": {"angle": 0, "axis": "y", "origin": [5.5, 8, 11]},
			"faces": {
				"north": {"uv": [2.5, 8, 3, 9], "texture": "#2"},
				"east": {"uv": [3.5, 5.5, 5.5, 6.5], "texture": "#2"},
				"south": {"uv": [3, 8, 3.5, 9], "texture": "#2"},
				"west": {"uv": [5.5, 5.5, 7.5, 6.5], "texture": "#2"},
				"up": {"uv": [7.5, 9, 7, 7], "texture": "#2"},
				"down": {"uv": [8, 0, 7.5, 2], "texture": "#2"}
			}
		},
		{
			"from": [9.5, 8, 6],
			"to": [10.5, 10, 10],
			"rotation": {"angle": 0, "axis": "y", "origin": [10.5, 8, 11]},
			"faces": {
				"north": {"uv": [3, 8, 2.5, 9], "texture": "#2"},
				"east": {"uv": [7.5, 5.5, 5.5, 6.5], "texture": "#2"},
				"south": {"uv": [3.5, 8, 3, 9], "texture": "#2"},
				"west": {"uv": [5.5, 5.5, 3.5, 6.5], "texture": "#2"},
				"up": {"uv": [7, 9, 7.5, 7], "texture": "#2"},
				"down": {"uv": [7.5, 0, 8, 2], "texture": "#2"}
			}
		},
		{
			"from": [5, 10, 6],
			"to": [6, 12, 10],
			"rotation": {"angle": 0, "axis": "y", "origin": [5, 10, 11]},
			"faces": {
				"north": {"uv": [1.5, 4, 2, 5], "texture": "#2"},
				"east": {"uv": [4, 4.5, 6, 5.5], "texture": "#2"},
				"south": {"uv": [6, 7.5, 6.5, 8.5], "texture": "#2"},
				"west": {"uv": [1.5, 5, 3.5, 6], "texture": "#2"},
				"up": {"uv": [2.5, 8, 2, 6], "texture": "#2"},
				"down": {"uv": [3, 6, 2.5, 8], "texture": "#2"}
			}
		},
		{
			"from": [10, 10, 6],
			"to": [11, 12, 10],
			"rotation": {"angle": 0, "axis": "y", "origin": [11, 10, 11]},
			"faces": {
				"north": {"uv": [2, 4, 1.5, 5], "texture": "#2"},
				"east": {"uv": [3.5, 5, 1.5, 6], "texture": "#2"},
				"south": {"uv": [6.5, 7.5, 6, 8.5], "texture": "#2"},
				"west": {"uv": [6, 4.5, 4, 5.5], "texture": "#2"},
				"up": {"uv": [2, 8, 2.5, 6], "texture": "#2"},
				"down": {"uv": [2.5, 6, 3, 8], "texture": "#2"}
			}
		}
	],
	"display": {
		"thirdperson_righthand": {
			"rotation": [41, 59, 0],
			"translation": [0, 3.25, 1.25],
			"scale": [0.5, 0.5, 0.5]
		},
		"thirdperson_lefthand": {
			"rotation": [41, 59, 0],
			"translation": [0, 3.25, 1.25],
			"scale": [0.5, 0.5, 0.5]
		},
		"firstperson_righthand": {
			"rotation": [41, 59, 0],
			"translation": [1.25, 3.25, 2.25],
			"scale": [0.5, 0.5, 0.5]
		},
		"firstperson_lefthand": {
			"rotation": [41, 59, 0],
			"translation": [1.25, 3.25, 2.25],
			"scale": [0.5, 0.5, 0.5]
		},
		"ground": {
			"translation": [0, 5.5, 0]
		},
		"gui": {
			"rotation": [26, 143, 1],
			"translation": [0, 4.75, 0]
		},
		"head": {
			"translation": [0, -37.25, 0]
		},
		"fixed": {
			"translation": [0, 3.75, -3]
		}
	},
	"groups": [
		{
			"name": "glint",
			"origin": [8, 8, 8],
			"children": [0, 1, 2, 3]
		}, 4, 5, 6, 7, 8, 9, 10, 11, 12, 13, 14, 15, 16]
}