{
	"credit": " (C)ArtsByKev, https://youtube.com/c/artsbykev & https://twitter.com/artsbykev - Using Blockbench",
	"textures": {
		"particle": "artsbykev_var/textures/lightpost",
		"texture": "artsbykev_var/textures/lightpost"
	},
	"elements": [
		{
			"name": "Center post",
			"from": [5, 0, 6],
			"to": [11, 16, 10],
			"faces": {
				"north": {"uv": [5, 0, 11, 16], "texture": "#texture"},
				"east": {"uv": [6, 0, 10, 16], "texture": "#texture"},
				"south": {"uv": [5, 0, 11, 16], "texture": "#texture"},
				"west": {"uv": [6, 0, 10, 16], "texture": "#texture"},
				"up": {"uv": [6, 6, 10, 10], "texture": "#texture"},
				"down": {"uv": [6, 6, 10, 10], "texture": "#texture"}
			}
		},
		{
			"name": "Center post",
			"from": [6, -0.001, 5],
			"to": [10, 15.999, 11],
			"faces": {
				"north": {"uv": [6, 0, 10, 16], "texture": "#texture"},
				"east": {"uv": [5, 0, 11, 16], "texture": "#texture"},
				"south": {"uv": [6, 0, 10, 16], "texture": "#texture"},
				"west": {"uv": [5, 0, 11, 16], "texture": "#texture"},
				"up": {"uv": [6, 6, 10, 10], "texture": "#texture"},
				"down": {"uv": [6, 6, 10, 10], "texture": "#texture"}
			}
		}
	]
}