{
	"credit": " (C)ArtsByKev, https://youtube.com/c/artsbykev & https://twitter.com/artsbykev - Using Blockbench",
	"textures": {
		"particle": "#texture"
	},
	"elements": [
		{
			"name": "Center post",
			"from": [6, 0, 6],
			"to": [10, 5, 10],
			"faces": {
				"north": {"uv": [6, 11, 10, 16], "texture": "#texture"},
				"east": {"uv": [6, 11, 10, 16], "texture": "#texture"},
				"south": {"uv": [6, 11, 10, 16], "texture": "#texture"},
				"west": {"uv": [6, 11, 10, 16], "texture": "#texture"},
				"up": {"uv": [6, 6, 10, 10], "texture": "#texture"},
				"down": {"uv": [6, 6, 10, 10], "texture": "#texture"}
			}
		},
		{
			"name": "Center post",
			"from": [5.9, 11, 6.1],
			"to": [9.9, 16, 10.1],
			"rotation": {"angle": 0, "axis": "y", "origin": [7.75, 8, 8.25]},
			"faces": {
				"north": {"uv": [6, 0, 10, 5], "texture": "#texture"},
				"east": {"uv": [6, 0, 10, 5], "texture": "#texture"},
				"south": {"uv": [6, 0, 10, 5], "texture": "#texture"},
				"west": {"uv": [6, 0, 10, 5], "texture": "#texture"},
				"up": {"uv": [6, 6, 10, 10], "texture": "#texture"},
				"down": {"uv": [6, 6, 10, 10], "texture": "#texture"}
			}
		},
		{
			"name": "Center post",
			"from": [6.1, 5, 5.9],
			"to": [10.1, 11, 9.9],
			"rotation": {"angle": 0, "axis": "y", "origin": [8.25, 8, 7.75]},
			"faces": {
				"north": {"uv": [6, 5, 10, 11], "texture": "#texture"},
				"east": {"uv": [6, 5, 10, 11], "texture": "#texture"},
				"south": {"uv": [6, 5, 10, 11], "texture": "#texture"},
				"west": {"uv": [6, 5, 10, 11], "texture": "#texture"},
				"up": {"uv": [6, 6, 10, 10], "texture": "#texture"},
				"down": {"uv": [6, 6, 10, 10], "texture": "#texture"}
			}
		}
	]
}