{
	"credit": "Designed by Kevin *ArtsByKev* www.twitter.com/artsbykev - youtube.com/c/artsbykev",
	"texture_size": [64, 64],
	"textures": {
		"0": "block/chain",
		"1": "block/grindstone",
		"particle": "block/chain"
	},
	"elements": [
		{
			"from": [2, 0, 6],
			"to": [4, 7, 10],
			"faces": {
				"north": {"uv": [6.5, 3, 7, 4.75], "texture": "#1"},
				"east": {"uv": [0, 6, 1, 7.75], "texture": "#1"},
				"south": {"uv": [2, 7, 2.5, 8.75], "texture": "#1"},
				"west": {"uv": [1, 6, 2, 7.75], "texture": "#1"},
				"down": {"uv": [7.5, 2, 7, 3], "texture": "#1", "cullface": "down"}
			}
		},
		{
			"from": [12, 0, 6],
			"to": [14, 7, 10],
			"faces": {
				"north": {"uv": [7, 3, 6.5, 4.75], "texture": "#1"},
				"east": {"uv": [2, 6, 1, 7.75], "texture": "#1"},
				"south": {"uv": [2.5, 7, 2, 8.75], "texture": "#1"},
				"west": {"uv": [1, 6, 0, 7.75], "texture": "#1"},
				"down": {"uv": [7, 2, 7.5, 3], "texture": "#1", "cullface": "down"}
			}
		},
		{
			"from": [2, 7, 5],
			"to": [4, 13, 11],
			"faces": {
				"north": {"uv": [2.5, 7, 3, 8.5], "texture": "#1"},
				"south": {"uv": [3, 7, 3.5, 8.5], "texture": "#1"},
				"west": {"uv": [5, 3, 6.5, 4.5], "texture": "#1"},
				"up": {"uv": [4, 8.5, 3.5, 7], "texture": "#1"},
				"down": {"uv": [4.5, 7, 4, 8.5], "texture": "#1"}
			}
		},
		{
			"from": [12, 7, 5],
			"to": [14, 13, 11],
			"faces": {
				"north": {"uv": [3, 7, 2.5, 8.5], "texture": "#1"},
				"east": {"uv": [6.5, 3, 5, 4.5], "texture": "#1"},
				"south": {"uv": [3.5, 7, 3, 8.5], "texture": "#1"},
				"up": {"uv": [3.5, 8.5, 4, 7], "texture": "#1"},
				"down": {"uv": [4, 7, 4.5, 8.5], "texture": "#1"}
			}
		},
		{
			"from": [14, 9, 7],
			"to": [15, 11, 9],
			"rotation": {"angle": 0, "axis": "y", "origin": [10, 8, 8]},
			"faces": {
				"north": {"uv": [2.75, 7, 2.5, 7.5], "texture": "#1"},
				"east": {"uv": [6, 3.5, 5.5, 4], "texture": "#1"},
				"south": {"uv": [3.25, 7, 3, 7.5], "texture": "#1"},
				"up": {"uv": [3.5, 7.5, 3.75, 7], "texture": "#1"},
				"down": {"uv": [5.75, 3.5, 6, 4], "texture": "#1"}
			}
		},
		{
			"from": [1, 9, 7],
			"to": [2, 11, 9],
			"rotation": {"angle": 0, "axis": "y", "origin": [6, 8, 8]},
			"faces": {
				"north": {"uv": [2.5, 7, 2.75, 7.5], "texture": "#1"},
				"south": {"uv": [3, 7, 3.25, 7.5], "texture": "#1"},
				"west": {"uv": [5.5, 3.5, 6, 4], "texture": "#1"},
				"up": {"uv": [3.75, 7.5, 3.5, 7], "texture": "#1"},
				"down": {"uv": [6, 3.5, 5.75, 4], "texture": "#1"}
			}
		},
		{
			"from": [4, 4, 2],
			"to": [12, 16, 14],
			"faces": {
				"north": {"uv": [3, 3, 5, 6], "texture": "#1"},
				"east": {"uv": [0, 3, 3, 6], "texture": "#1"},
				"south": {"uv": [3, 0, 5, 3], "texture": "#1"},
				"west": {"uv": [0, 3, 3, 6], "texture": "#1"},
				"up": {"uv": [7, 8, 5, 5], "texture": "#1", "cullface": "up"},
				"down": {"uv": [7, 0, 5, 3], "texture": "#1"}
			}
		},
		{
			"from": [6.5, 1.25, 1.5],
			"to": [9.5, 14.25, 1.5],
			"rotation": {"angle": 0, "axis": "y", "origin": [8, 7.25, 1.5]},
			"faces": {
				"north": {"uv": [6, 0, 9, 14], "texture": "#0"},
				"east": {"uv": [0, 0, 0, 3.25], "texture": "#missing"},
				"south": {"uv": [6, 0, 9, 14], "texture": "#0"},
				"west": {"uv": [0, 0, 0, 3.25], "texture": "#missing"},
				"up": {"uv": [0, 0, 0.75, 0], "texture": "#missing"},
				"down": {"uv": [0, 0, 0.75, 0], "texture": "#missing"}
			}
		},
		{
			"from": [6.5, 1.25, 14.5],
			"to": [9.5, 14.25, 14.5],
			"rotation": {"angle": 0, "axis": "y", "origin": [8, 7.25, 14.5]},
			"faces": {
				"north": {"uv": [9, 0, 6, 14], "texture": "#0"},
				"east": {"uv": [0, 0, 0, 3.25], "texture": "#missing"},
				"south": {"uv": [9, 0, 6, 14], "texture": "#0"},
				"west": {"uv": [0, 0, 0, 3.25], "texture": "#missing"},
				"up": {"uv": [0, 0, 0.75, 0], "texture": "#missing"},
				"down": {"uv": [0, 0, 0.75, 0], "texture": "#missing"}
			}
		},
		{
			"from": [8, 13.2, -0.1],
			"to": [8, 15.2, 2.9],
			"rotation": {"angle": 22.5, "axis": "x", "origin": [8.5, 13.2, 1.9]},
			"faces": {
				"north": {"uv": [0, 3, 3, 5], "texture": "#0"},
				"east": {"uv": [6, 1, 9, 3], "texture": "#0"},
				"south": {"uv": [0, 0, 3, 14], "texture": "#0"},
				"west": {"uv": [6, 1, 9, 3], "texture": "#0"},
				"up": {"uv": [0, 0, 0.75, 0], "texture": "#missing"},
				"down": {"uv": [0, 0, 0.75, 0], "texture": "#missing"}
			}
		},
		{
			"from": [8, 13.2, 13.1],
			"to": [8, 15.2, 16.1],
			"rotation": {"angle": -22.5, "axis": "x", "origin": [8.5, 13.2, 14.1]},
			"faces": {
				"north": {"uv": [3, 0, 0, 14], "texture": "#0"},
				"east": {"uv": [9, 1, 6, 3], "texture": "#0"},
				"south": {"uv": [3, 3, 0, 5], "texture": "#0"},
				"west": {"uv": [9, 1, 6, 3], "texture": "#0"},
				"up": {"uv": [0, 0, 0.75, 0], "texture": "#missing"},
				"down": {"uv": [0, 0, 0.75, 0], "texture": "#missing"}
			}
		},
		{
			"from": [8, 1.25, 0],
			"to": [8, 14.25, 3],
			"rotation": {"angle": 0, "axis": "y", "origin": [8, 7.25, 1.5]},
			"faces": {
				"north": {"uv": [0, 0, 0, 4], "texture": "#missing"},
				"east": {"uv": [9, 0, 12, 14], "texture": "#0"},
				"south": {"uv": [0, 0, 0, 4], "texture": "#missing"},
				"west": {"uv": [9, 0, 12, 14], "texture": "#0"},
				"up": {"uv": [0, 0, 0.75, 0], "rotation": 270, "texture": "#missing"},
				"down": {"uv": [0, 0, 0.75, 0], "rotation": 90, "texture": "#missing"}
			}
		},
		{
			"from": [8, 1.25, 13],
			"to": [8, 14.25, 16],
			"rotation": {"angle": 0, "axis": "y", "origin": [8, 7.25, 14.5]},
			"faces": {
				"north": {"uv": [0, 0, 0, 4], "texture": "#missing"},
				"east": {"uv": [12, 0, 9, 14], "texture": "#0"},
				"south": {"uv": [0, 0, 0, 4], "texture": "#missing"},
				"west": {"uv": [12, 0, 9, 14], "texture": "#0"},
				"up": {"uv": [0.75, 0, 0, 0], "rotation": 270, "texture": "#missing"},
				"down": {"uv": [0.75, 0, 0, 0], "rotation": 90, "texture": "#missing"}
			}
		},
		{
			"from": [5, 0, 0],
			"to": [11, 2, 4],
			"rotation": {"angle": 0, "axis": "y", "origin": [13, 8, 11]},
			"faces": {
				"north": {"uv": [5, 4.5, 6.5, 5], "texture": "#1"},
				"east": {"uv": [7, 3, 8, 3.5], "texture": "#1"},
				"south": {"uv": [7, 7, 8.5, 7.5], "texture": "#1"},
				"west": {"uv": [7, 3.5, 8, 4], "texture": "#1"},
				"up": {"uv": [3.5, 7, 2, 6], "texture": "#1"},
				"down": {"uv": [5, 6, 3.5, 7], "texture": "#1"}
			}
		},
		{
			"from": [5, 0, 12],
			"to": [11, 2, 16],
			"rotation": {"angle": 0, "axis": "y", "origin": [13, 8, 5]},
			"faces": {
				"north": {"uv": [8.5, 7, 7, 7.5], "texture": "#1"},
				"east": {"uv": [8, 3, 7, 3.5], "texture": "#1"},
				"south": {"uv": [6.5, 4.5, 5, 5], "texture": "#1"},
				"west": {"uv": [8, 3.5, 7, 4], "texture": "#1"},
				"up": {"uv": [3.5, 6, 2, 7], "texture": "#1"},
				"down": {"uv": [5, 7, 3.5, 6], "texture": "#1"}
			}
		},
		{
			"from": [3, 0, 2],
			"to": [5, 2, 6],
			"rotation": {"angle": 0, "axis": "y", "origin": [11, 8, 13]},
			"faces": {
				"north": {"uv": [7, 4, 7.5, 4.5], "texture": "#1"},
				"east": {"uv": [7, 0, 8, 0.5], "texture": "#1"},
				"south": {"uv": [7, 4.5, 7.5, 5], "texture": "#1"},
				"west": {"uv": [7, 0.5, 8, 1], "texture": "#1"},
				"up": {"uv": [5, 8, 4.5, 7], "texture": "#1"},
				"down": {"uv": [7.5, 1, 7, 2], "texture": "#1"}
			}
		},
		{
			"from": [3, 0, 10],
			"to": [5, 2, 14],
			"rotation": {"angle": 0, "axis": "y", "origin": [11, 8, 3]},
			"faces": {
				"north": {"uv": [7.5, 4.5, 7, 5], "texture": "#1"},
				"east": {"uv": [8, 0, 7, 0.5], "texture": "#1"},
				"south": {"uv": [7.5, 4, 7, 4.5], "texture": "#1"},
				"west": {"uv": [8, 0.5, 7, 1], "texture": "#1"},
				"up": {"uv": [5, 7, 4.5, 8], "texture": "#1"},
				"down": {"uv": [7.5, 2, 7, 1], "texture": "#1"}
			}
		},
		{
			"from": [11, 0, 2],
			"to": [13, 2, 6],
			"rotation": {"angle": 0, "axis": "y", "origin": [5, 8, 13]},
			"faces": {
				"north": {"uv": [7.5, 4, 7, 4.5], "texture": "#1"},
				"east": {"uv": [8, 0.5, 7, 1], "texture": "#1"},
				"south": {"uv": [7.5, 4.5, 7, 5], "texture": "#1"},
				"west": {"uv": [8, 0, 7, 0.5], "texture": "#1"},
				"up": {"uv": [4.5, 8, 5, 7], "texture": "#1"},
				"down": {"uv": [7, 1, 7.5, 2], "texture": "#1"}
			}
		},
		{
			"from": [11, 0, 10],
			"to": [13, 2, 14],
			"rotation": {"angle": 0, "axis": "y", "origin": [5, 8, 3]},
			"faces": {
				"north": {"uv": [7, 4.5, 7.5, 5], "texture": "#1"},
				"east": {"uv": [7, 0.5, 8, 1], "texture": "#1"},
				"south": {"uv": [7, 4, 7.5, 4.5], "texture": "#1"},
				"west": {"uv": [7, 0, 8, 0.5], "texture": "#1"},
				"up": {"uv": [4.5, 7, 5, 8], "texture": "#1"},
				"down": {"uv": [7, 2, 7.5, 1], "texture": "#1"}
			}
		}
	]
}