{
	"credit": " (C)ArtsByKev, https://youtube.com/c/artsbykev & https://twitter.com/artsbykev - Using Blockbench",
	"ambientocclusion": false,
	"texture_size": [64, 64],
	"textures": {
		"0": "artsbykev_var/textures/wood_roundtable",
		"particle": "artsbykev_var/textures/wood_roundtable"
	},
	"elements": [
		{
			"from": [1, 14.75, 1],
			"to": [15, 15.75, 15],
			"rotation": {"angle": 0, "axis": "y", "origin": [8, 14.75, 8]},
			"faces": {
				"north": {"uv": [8, 6.25, 12, 6.5], "texture": "#0"},
				"east": {"uv": [8, 6.25, 12, 6.5], "texture": "#0"},
				"south": {"uv": [8, 6.25, 12, 6.5], "texture": "#0"},
				"west": {"uv": [8, 6.25, 12, 6.5], "texture": "#0"},
				"up": {"uv": [4, 4, 0, 0], "texture": "#0"},
				"down": {"uv": [4, 4, 0, 8], "texture": "#0"}
			}
		},
		{
			"from": [0, 15, 1],
			"to": [1, 16, 15],
			"rotation": {"angle": 0, "axis": "y", "origin": [15.9, 15, 8]},
			"faces": {
				"north": {"uv": [8, 7.5, 8.25, 7.75], "texture": "#0"},
				"east": {"uv": [7, 2.5, 11.5, 2.75], "texture": "#0"},
				"south": {"uv": [8, 7.75, 8.25, 8], "texture": "#0"},
				"west": {"uv": [7, 2.75, 11.5, 3], "texture": "#0"},
				"up": {"uv": [8.25, 12.5, 8, 8], "texture": "#0"},
				"down": {"uv": [8, 6, 7.75, 10.5], "texture": "#0"}
			}
		},
		{
			"from": [0, 11, 1],
			"to": [1, 12, 15],
			"rotation": {"angle": 0, "axis": "y", "origin": [15.9, 11, 8]},
			"faces": {
				"north": {"uv": [8, 7.5, 8.25, 7.75], "texture": "#0"},
				"east": {"uv": [7, 2.5, 11.5, 2.75], "texture": "#0"},
				"south": {"uv": [8, 7.75, 8.25, 8], "texture": "#0"},
				"west": {"uv": [7, 2.75, 11.5, 3], "texture": "#0"},
				"up": {"uv": [8.25, 12.5, 8, 8], "texture": "#0"},
				"down": {"uv": [8, 6, 7.75, 10.5], "texture": "#0"}
			}
		},
		{
			"from": [15, 15, 1],
			"to": [16, 16, 15],
			"rotation": {"angle": 0, "axis": "y", "origin": [0.1, 15, 8]},
			"faces": {
				"north": {"uv": [8.25, 7.5, 8, 7.75], "texture": "#0"},
				"east": {"uv": [11.5, 2.75, 7, 3], "texture": "#0"},
				"south": {"uv": [8.25, 7.75, 8, 8], "texture": "#0"},
				"west": {"uv": [11.5, 2.5, 7, 2.75], "texture": "#0"},
				"up": {"uv": [8, 12.5, 8.25, 8], "texture": "#0"},
				"down": {"uv": [7.75, 6, 8, 10.5], "texture": "#0"}
			}
		},
		{
			"from": [15, 11, 1],
			"to": [16, 12, 15],
			"rotation": {"angle": 0, "axis": "y", "origin": [0.1, 11, 8]},
			"faces": {
				"north": {"uv": [8.25, 7.5, 8, 7.75], "texture": "#0"},
				"east": {"uv": [11.5, 2.75, 7, 3], "texture": "#0"},
				"south": {"uv": [8.25, 7.75, 8, 8], "texture": "#0"},
				"west": {"uv": [11.5, 2.5, 7, 2.75], "texture": "#0"},
				"up": {"uv": [8, 12.5, 8.25, 8], "texture": "#0"},
				"down": {"uv": [7.75, 6, 8, 10.5], "texture": "#0"}
			}
		},
		{
			"from": [0, 15, 0],
			"to": [16, 16, 1],
			"rotation": {"angle": 0, "axis": "y", "origin": [8, 15, 15.9]},
			"faces": {
				"north": {"uv": [7, 3, 11.5, 3.25], "texture": "#0"},
				"east": {"uv": [9, 10.25, 9.25, 10.5], "texture": "#0"},
				"south": {"uv": [7, 3.25, 11.5, 3.5], "texture": "#0"},
				"west": {"uv": [9.25, 10.25, 9.5, 10.5], "texture": "#0"},
				"up": {"uv": [12.5, 6.25, 8, 6], "texture": "#0"},
				"down": {"uv": [12.5, 6.25, 8, 6.5], "texture": "#0"}
			}
		},
		{
			"from": [1, 11, 0],
			"to": [15, 12, 1],
			"rotation": {"angle": 0, "axis": "y", "origin": [8, 11, 15.9]},
			"faces": {
				"north": {"uv": [7, 3, 11.5, 3.25], "texture": "#0"},
				"east": {"uv": [9, 10.25, 9.25, 10.5], "texture": "#0"},
				"south": {"uv": [7, 3.25, 11.5, 3.5], "texture": "#0"},
				"west": {"uv": [9.25, 10.25, 9.5, 10.5], "texture": "#0"},
				"up": {"uv": [12.5, 6.25, 8, 6], "texture": "#0"},
				"down": {"uv": [12.5, 6.25, 8, 6.5], "texture": "#0"}
			}
		},
		{
			"from": [0, 15, 15],
			"to": [16, 16, 16],
			"rotation": {"angle": 0, "axis": "y", "origin": [8, 15, 0.1]},
			"faces": {
				"north": {"uv": [11.5, 3.25, 7, 3.5], "texture": "#0"},
				"east": {"uv": [9.25, 10.25, 9, 10.5], "texture": "#0"},
				"south": {"uv": [11.5, 3, 7, 3.25], "texture": "#0"},
				"west": {"uv": [9.5, 10.25, 9.25, 10.5], "texture": "#0"},
				"up": {"uv": [12.5, 6, 8, 6.25], "texture": "#0"},
				"down": {"uv": [12.5, 6.5, 8, 6.25], "texture": "#0"}
			}
		},
		{
			"from": [1, 11, 15],
			"to": [15, 12, 16],
			"rotation": {"angle": 0, "axis": "y", "origin": [8, 11, 0.1]},
			"faces": {
				"north": {"uv": [11.5, 3.25, 7, 3.5], "texture": "#0"},
				"east": {"uv": [9.25, 10.25, 9, 10.5], "texture": "#0"},
				"south": {"uv": [11.5, 3, 7, 3.25], "texture": "#0"},
				"west": {"uv": [9.5, 10.25, 9.25, 10.5], "texture": "#0"},
				"up": {"uv": [12.5, 6, 8, 6.25], "texture": "#0"},
				"down": {"uv": [12.5, 6.5, 8, 6.25], "texture": "#0"}
			}
		},
		{
			"from": [0, 0, 0],
			"to": [1, 15, 1],
			"rotation": {"angle": 0, "axis": "y", "origin": [8, 0.25, 15.9]},
			"faces": {
				"north": {"uv": [7, 3, 11.5, 3.25], "texture": "#0"},
				"east": {"uv": [9, 10.25, 9.25, 10.5], "texture": "#0"},
				"south": {"uv": [7, 3.25, 11.5, 3.5], "texture": "#0"},
				"west": {"uv": [9.25, 10.25, 9.5, 10.5], "texture": "#0"},
				"up": {"uv": [12.5, 6.25, 8, 6], "texture": "#0"},
				"down": {"uv": [12.5, 6.25, 8, 6.5], "texture": "#0"}
			}
		},
		{
			"from": [0, 0, 15],
			"to": [1, 15, 16],
			"rotation": {"angle": 0, "axis": "y", "origin": [8, 0.25, 30.9]},
			"faces": {
				"north": {"uv": [7, 3, 11.5, 3.25], "texture": "#0"},
				"east": {"uv": [9, 10.25, 9.25, 10.5], "texture": "#0"},
				"south": {"uv": [7, 3.25, 11.5, 3.5], "texture": "#0"},
				"west": {"uv": [9.25, 10.25, 9.5, 10.5], "texture": "#0"},
				"up": {"uv": [12.5, 6.25, 8, 6], "texture": "#0"},
				"down": {"uv": [12.5, 6.25, 8, 6.5], "texture": "#0"}
			}
		},
		{
			"from": [15, 0, 15],
			"to": [16, 15, 16],
			"rotation": {"angle": 0, "axis": "y", "origin": [23, 0.25, 30.9]},
			"faces": {
				"north": {"uv": [7, 3, 11.5, 3.25], "texture": "#0"},
				"east": {"uv": [9, 10.25, 9.25, 10.5], "texture": "#0"},
				"south": {"uv": [7, 3.25, 11.5, 3.5], "texture": "#0"},
				"west": {"uv": [9.25, 10.25, 9.5, 10.5], "texture": "#0"},
				"up": {"uv": [12.5, 6.25, 8, 6], "texture": "#0"},
				"down": {"uv": [12.5, 6.25, 8, 6.5], "texture": "#0"}
			}
		},
		{
			"from": [15, 0, 0],
			"to": [16, 15, 1],
			"rotation": {"angle": 0, "axis": "y", "origin": [23, 0.25, 15.9]},
			"faces": {
				"north": {"uv": [7, 3, 11.5, 3.25], "texture": "#0"},
				"east": {"uv": [9, 10.25, 9.25, 10.5], "texture": "#0"},
				"south": {"uv": [7, 3.25, 11.5, 3.5], "texture": "#0"},
				"west": {"uv": [9.25, 10.25, 9.5, 10.5], "texture": "#0"},
				"up": {"uv": [12.5, 6.25, 8, 6], "texture": "#0"},
				"down": {"uv": [12.5, 6.25, 8, 6.5], "texture": "#0"}
			}
		}
	],
	"display": {
		"thirdperson_righthand": {
			"rotation": [31, -22, 0],
			"translation": [-1, 0.75, -1.25],
			"scale": [0.3, 0.3, 0.3]
		},
		"thirdperson_lefthand": {
			"rotation": [31, -22, 0],
			"translation": [-1, 0.75, -1.25],
			"scale": [0.3, 0.3, 0.3]
		},
		"firstperson_righthand": {
			"rotation": [31, -22, 0],
			"translation": [2.5, 0.75, -1.25],
			"scale": [0.3, 0.3, 0.3]
		},
		"firstperson_lefthand": {
			"rotation": [31, -22, 0],
			"translation": [2.5, 0.75, -1.25],
			"scale": [0.3, 0.3, 0.3]
		},
		"ground": {
			"translation": [0, 3.75, 0],
			"scale": [0.5, 0.5, 0.5]
		},
		"gui": {
			"rotation": [28, 37, 37],
			"scale": [0.5, 0.5, 0.5]
		},
		"head": {
			"translation": [0, 1, 0]
		},
		"fixed": {
			"rotation": [90, 0, 0],
			"translation": [0, 0, -16],
			"scale": [1, 2, 1]
		}
	}
}
}