{
	"credit": "Designed by Kevin *ArtsByKev* www.twitter.com/artsbykev - youtube.com/c/artsbykev",
	"ambientocclusion": false,
	"textures": {
		"0": "block/stripped_birch_log",
		"1": "block/stripped_birch_log_top",
		"particle": "block/stripped_birch_log"
	},
	"elements": [
		{
			"from": [0, 0, 0],
			"to": [16, 16, 16],
			"faces": {
				"north": {"uv": [0, 0, 16, 16], "texture": "#0"},
				"east": {"uv": [0, 0, 16, 16], "texture": "#0"},
				"south": {"uv": [0, 0, 16, 16], "texture": "#0"},
				"west": {"uv": [0, 0, 16, 16], "texture": "#0"},
				"up": {"uv": [0, 0, 16, 16], "texture": "#1"},
				"down": {"uv": [0, 0, 16, 16], "texture": "#1"}
			}
		},
		{
			"from": [2, 0.05, 16],
			"to": [14, 16.05, 17],
			"rotation": {"angle": 0, "axis": "y", "origin": [8, 8.05, 9]},
			"faces": {
				"north": {"uv": [0, 0, 12, 16], "texture": "#0", "cullface": "north"},
				"east": {"uv": [15, 0, 16, 16], "texture": "#0", "cullface": "east"},
				"south": {"uv": [2, 0, 14, 16], "texture": "#0", "cullface": "south"},
				"west": {"uv": [0, 0, 1, 16], "texture": "#0", "cullface": "west"},
				"up": {"uv": [0, 0, 12, 1], "texture": "#1", "cullface": "up"},
				"down": {"uv": [0, 0, 12, 1], "texture": "#1", "cullface": "down"}
			}
		},
		{
			"from": [2, -0.05, -1],
			"to": [14, 15.95, 0],
			"rotation": {"angle": 0, "axis": "y", "origin": [8, 7.95, -8]},
			"faces": {
				"north": {"uv": [2, 0, 14, 16], "texture": "#0", "cullface": "north"},
				"east": {"uv": [0, 0, 1, 16], "texture": "#0", "cullface": "east"},
				"south": {"uv": [0, 0, 12, 16], "texture": "#0", "cullface": "south"},
				"west": {"uv": [15, 0, 16, 16], "texture": "#0", "cullface": "west"},
				"up": {"uv": [0, 0, 12, 1], "texture": "#1", "cullface": "up"},
				"down": {"uv": [0, 0, 12, 1], "texture": "#1", "cullface": "down"}
			}
		},
		{
			"from": [5, -0.05, -2],
			"to": [11, 15.95, -1],
			"rotation": {"angle": 0, "axis": "y", "origin": [8, 7.95, -9]},
			"faces": {
				"north": {"uv": [5, 0, 11, 16], "texture": "#0", "cullface": "north"},
				"east": {"uv": [1, 0, 2, 16], "texture": "#0", "cullface": "east"},
				"south": {"uv": [0, 0, 6, 16], "texture": "#0", "cullface": "south"},
				"west": {"uv": [14, 0, 15, 16], "texture": "#0", "cullface": "west"},
				"up": {"uv": [0, 0, 6, 1], "texture": "#1", "cullface": "up"},
				"down": {"uv": [0, 0, 6, 1], "texture": "#1", "cullface": "down"}
			}
		},
		{
			"from": [5, 0.05, 17],
			"to": [11, 16.05, 18],
			"rotation": {"angle": 0, "axis": "y", "origin": [8, 8.05, 10]},
			"faces": {
				"north": {"uv": [0, 0, 6, 16], "texture": "#0", "cullface": "north"},
				"east": {"uv": [14, 0, 15, 16], "texture": "#0", "cullface": "east"},
				"south": {"uv": [5, 0, 11, 16], "texture": "#0", "cullface": "south"},
				"west": {"uv": [1, 0, 2, 16], "texture": "#0", "cullface": "west"},
				"up": {"uv": [0, 0, 6, 1], "texture": "#1", "cullface": "up"},
				"down": {"uv": [0, 0, 6, 1], "texture": "#1", "cullface": "down"}
			}
		},
		{
			"from": [-1, -0.05, 2],
			"to": [0, 15.95, 14],
			"rotation": {"angle": 0, "axis": "y", "origin": [7, 7.95, 8]},
			"faces": {
				"north": {"uv": [0, 0, 1, 16], "texture": "#0", "cullface": "north"},
				"east": {"uv": [0, 0, 6, 16], "texture": "#0", "cullface": "east"},
				"south": {"uv": [15, 0, 16, 16], "texture": "#0", "cullface": "south"},
				"west": {"uv": [2, 0, 14, 16], "texture": "#0", "cullface": "west"},
				"up": {"uv": [0, 0, 1, 12], "texture": "#1", "cullface": "up"},
				"down": {"uv": [0, 0, 1, 12], "texture": "#1", "cullface": "down"}
			}
		},
		{
			"from": [-2, 0.05, 5],
			"to": [-1, 16.05, 11],
			"rotation": {"angle": 0, "axis": "y", "origin": [6, 8.05, 8]},
			"faces": {
				"north": {"uv": [1, 0, 2, 16], "texture": "#0", "cullface": "north"},
				"east": {"uv": [0, 0, 6, 16], "texture": "#0", "cullface": "east"},
				"south": {"uv": [14, 0, 15, 16], "texture": "#0", "cullface": "south"},
				"west": {"uv": [5, 0, 11, 16], "texture": "#0", "cullface": "west"},
				"up": {"uv": [0, 0, 1, 6], "texture": "#1", "cullface": "up"},
				"down": {"uv": [0, 0, 1, 6], "texture": "#1", "cullface": "down"}
			}
		},
		{
			"from": [16, 0.05, 2],
			"to": [17, 16.05, 14],
			"rotation": {"angle": 0, "axis": "y", "origin": [24, 8.05, 8]},
			"faces": {
				"north": {"uv": [15, 0, 16, 16], "texture": "#0", "cullface": "north"},
				"east": {"uv": [2, 0, 14, 16], "texture": "#0", "cullface": "east"},
				"south": {"uv": [0, 0, 1, 16], "texture": "#0", "cullface": "south"},
				"west": {"uv": [0, 0, 12, 16], "texture": "#0", "cullface": "west"},
				"up": {"uv": [0, 0, 1, 12], "texture": "#1", "cullface": "up"},
				"down": {"uv": [0, 0, 1, 12], "texture": "#1", "cullface": "down"}
			}
		},
		{
			"from": [17, -0.05, 5],
			"to": [18, 15.95, 11],
			"rotation": {"angle": 0, "axis": "y", "origin": [25, 7.95, 8]},
			"faces": {
				"north": {"uv": [14, 0, 15, 16], "texture": "#0", "cullface": "north"},
				"east": {"uv": [5, 0, 11, 16], "texture": "#0", "cullface": "east"},
				"south": {"uv": [1, 0, 2, 16], "texture": "#0", "cullface": "south"},
				"west": {"uv": [0, 0, 6, 16], "texture": "#0", "cullface": "west"},
				"up": {"uv": [0, 0, 1, 6], "texture": "#1", "cullface": "up"},
				"down": {"uv": [0, 0, 1, 6], "texture": "#1", "cullface": "down"}
			}
		}
	],
	"display": {
		"thirdperson_righthand": {
			"rotation": [31, -22, 0],
			"translation": [-1, 0.75, -1.25],
			"scale": [0.3, 0.3, 0.3]
		},
		"thirdperson_lefthand": {
			"rotation": [31, -22, 0],
			"translation": [-1, 0.75, -1.25],
			"scale": [0.3, 0.3, 0.3]
		},
		"firstperson_righthand": {
			"rotation": [31, -22, 0],
			"translation": [2.5, 0.75, -1.25],
			"scale": [0.3, 0.3, 0.3]
		},
		"firstperson_lefthand": {
			"rotation": [31, -22, 0],
			"translation": [2.5, 0.75, -1.25],
			"scale": [0.3, 0.3, 0.3]
		},
		"ground": {
			"translation": [0, 3.75, 0],
			"scale": [0.5, 0.5, 0.5]
		},
		"gui": {
			"rotation": [28, 37, 37],
			"scale": [0.5, 0.5, 0.5]
		},
		"head": {
			"translation": [0, 1, 0]
		},
		"fixed": {
			"rotation": [90, 0, 0],
			"translation": [0, 0, -16],
			"scale": [1, 2, 1]
		}
	}
}