{
	"credit": " (C)ArtsByKev, https://youtube.com/c/artsbykev & https://twitter.com/artsbykev - Using Blockbench",
	"ambientocclusion": false,
	"textures": {
		"0": "artsbykev_var/consume/focus_stimpak",
		"1": "artsbykev_var/consume/focus_stimpack_stim"
	},
	"elements": [
		{
			"from": [6, 0.5, 5],
			"to": [9, 7.5, 11],
			"rotation": {"angle": 0, "axis": "y", "origin": [6, 0.5, 5]},
			"faces": {
				"north": {"uv": [6, 3, 7.5, 6.5], "texture": "#0"},
				"east": {"uv": [6, 0, 3, 3.5], "texture": "#0"},
				"south": {"uv": [0, 6.5, 1.5, 10], "texture": "#0"},
				"west": {"uv": [3, 0, 6, 3.5], "texture": "#0"},
				"up": {"uv": [1.5, 9.5, 0, 6.5], "texture": "#0"},
				"down": {"uv": [4.5, 6.5, 3, 9.5], "texture": "#0"}
			}
		},
		{
			"from": [5.5, 0, 9],
			"to": [9.5, 6, 10],
			"rotation": {"angle": 0, "axis": "y", "origin": [5.5, 1, 9]},
			"faces": {
				"north": {"uv": [0, 3.5, 2, 6.5], "texture": "#0"},
				"east": {"uv": [2, 9.5, 1.5, 12.5], "texture": "#0"},
				"south": {"uv": [2, 3.5, 4, 6.5], "texture": "#0"},
				"west": {"uv": [1.5, 9.5, 2, 12.5], "texture": "#0"},
				"up": {"uv": [5, 10, 3, 9.5], "texture": "#0"},
				"down": {"uv": [7, 9.5, 5, 10], "texture": "#0"}
			}
		},
		{
			"from": [5.5, 0, 6],
			"to": [9.5, 6, 7],
			"rotation": {"angle": 0, "axis": "y", "origin": [5.5, 1, 6]},
			"faces": {
				"north": {"uv": [4, 3.5, 6, 6.5], "texture": "#0"},
				"east": {"uv": [3, 9.5, 2.5, 12.5], "texture": "#0"},
				"south": {"uv": [6, 0, 8, 3], "texture": "#0"},
				"west": {"uv": [2.5, 9.5, 3, 12.5], "texture": "#0"},
				"up": {"uv": [11.5, 8.5, 9.5, 8], "texture": "#0"},
				"down": {"uv": [11.5, 8.5, 9.5, 9], "texture": "#0"}
			}
		},
		{
			"from": [5.5, 5, 7],
			"to": [9.5, 6, 9],
			"rotation": {"angle": 0, "axis": "y", "origin": [5.5, 5, 8]},
			"faces": {
				"north": {"uv": [9.5, 6, 11.5, 6.5], "texture": "#0"},
				"east": {"uv": [9.5, 9.5, 10.5, 10], "texture": "#0"},
				"south": {"uv": [9.5, 6.5, 11.5, 7], "texture": "#0"},
				"west": {"uv": [9.5, 9.5, 10.5, 10], "texture": "#0"},
				"up": {"uv": [10, 1, 8, 0], "texture": "#0"},
				"down": {"uv": [10, 1, 8, 2], "texture": "#0"}
			}
		},
		{
			"from": [5.5, 1, 7],
			"to": [9.5, 2, 9],
			"rotation": {"angle": 0, "axis": "y", "origin": [5.5, 1, 8]},
			"faces": {
				"north": {"uv": [9.5, 7, 11.5, 7.5], "texture": "#0"},
				"east": {"uv": [10, 0, 11, 0.5], "texture": "#0"},
				"south": {"uv": [9.5, 7.5, 11.5, 8], "texture": "#0"},
				"west": {"uv": [10, 0, 11, 0.5], "texture": "#0"},
				"up": {"uv": [10, 3, 8, 2], "texture": "#0"},
				"down": {"uv": [9.5, 8, 7.5, 9], "texture": "#0"}
			}
		},
		{
			"from": [6.5, 1, 4.9],
			"to": [8.5, 7, 4.9],
			"rotation": {"angle": 0, "axis": "y", "origin": [6.5, 2, 4.9]},
			"faces": {
				"north": {"uv": [0, 0, 4, 12], "texture": "#1"},
				"east": {"uv": [0, 0, 0, 6], "texture": "#1"},
				"south": {"uv": [14, 0, 16, 6], "texture": "#1"},
				"west": {"uv": [0, 0, 0, 6], "texture": "#1"},
				"up": {"uv": [2, 0, 0, 0], "texture": "#1"},
				"down": {"uv": [2, 0, 0, 0], "texture": "#1"}
			}
		},
		{
			"from": [6.5, 7.525, 5],
			"to": [8.5, 7.525, 11],
			"rotation": {"angle": 0, "axis": "x", "origin": [6.5, 7.525, 6]},
			"faces": {
				"north": {"uv": [2, 0, 0, 0], "rotation": 180, "texture": "#1"},
				"east": {"uv": [0, 0, 0, 6], "rotation": 270, "texture": "#1"},
				"south": {"uv": [2, 0, 0, 0], "texture": "#1"},
				"west": {"uv": [0, 0, 0, 6], "rotation": 90, "texture": "#1"},
				"up": {"uv": [0, 0, 4, 12], "rotation": 180, "texture": "#1"},
				"down": {"uv": [14, 0, 16, 6], "texture": "#1"}
			}
		}
	],
	"display": {
		"thirdperson_righthand": {
			"rotation": [38, 0, 0],
			"translation": [-0.5, 0.75, -0.25]
		},
		"thirdperson_lefthand": {
			"rotation": [38, 0, 0],
			"translation": [-0.5, 0.75, -0.25]
		},
		"firstperson_righthand": {
			"rotation": [19, 68, 0],
			"translation": [0, 4.75, 0]
		},
		"firstperson_lefthand": {
			"rotation": [19, 68, 0],
			"translation": [0, 4.75, 0]
		},
		"ground": {
			"translation": [0, 5.75, 0],
			"scale": [0.7, 0.7, 0.7]
		},
		"gui": {
			"rotation": [26, 126, 1],
			"translation": [-0.25, 3.5, 0],
			"scale": [1.2, 1.2, 1.2]
		},
		"head": {
			"translation": [0, 14.25, 0]
		}
	}
}