{
	"credit": " (C)ArtsByKev, https://youtube.com/c/artsbykev & https://twitter.com/artsbykev - Using Blockbench",
	"ambientocclusion": false,
	"texture_size": [32, 32],
	"textures": {
		"0": "artsbykev_var/textures/medic_supply"
	},
	"elements": [
		{
			"from": [7, 0, 7],
			"to": [9, 4, 9],
			"rotation": {"angle": 0, "axis": "y", "origin": [7, 0, 7]},
			"faces": {
				"north": {"uv": [3, 7, 4, 9.25], "texture": "#0"},
				"east": {"uv": [3, 7, 4, 9.25], "texture": "#0"},
				"south": {"uv": [3, 7, 4, 9.25], "texture": "#0"},
				"west": {"uv": [3, 7, 4, 9.25], "texture": "#0"},
				"up": {"uv": [4, 8, 5, 9], "texture": "#0"},
				"down": {"uv": [4, 8, 5, 9], "texture": "#0"}
			}
		},
		{
			"from": [7, 1, 9.05],
			"to": [9, 3, 9.05],
			"rotation": {"angle": 0, "axis": "y", "origin": [7, -1, 7.05]},
			"faces": {
				"north": {"uv": [3, 7, 4, 9.25], "texture": "#0"},
				"east": {"uv": [3, 7, 4, 9.25], "texture": "#0"},
				"south": {"uv": [1.25, 0.75, 3.25, 2.75], "texture": "#0"},
				"west": {"uv": [3, 7, 4, 9.25], "texture": "#0"},
				"up": {"uv": [4, 8, 5, 9], "texture": "#0"},
				"down": {"uv": [4, 8, 5, 9], "texture": "#0"}
			}
		},
		{
			"from": [7, 1, 6.95],
			"to": [9, 3, 6.95],
			"rotation": {"angle": 0, "axis": "y", "origin": [7, -1, 8.95]},
			"faces": {
				"north": {"uv": [3.25, 0.75, 1.25, 2.75], "texture": "#0"},
				"east": {"uv": [4, 7, 3, 9.25], "texture": "#0"},
				"south": {"uv": [4, 7, 3, 9.25], "texture": "#0"},
				"west": {"uv": [4, 7, 3, 9.25], "texture": "#0"},
				"up": {"uv": [4, 9, 5, 8], "texture": "#0"},
				"down": {"uv": [4, 9, 5, 8], "texture": "#0"}
			}
		},
		{
			"from": [7.2, 3.95, 7.2],
			"to": [8.8, 5.05, 8.8],
			"rotation": {"angle": 0, "axis": "y", "origin": [7, 3.75, 7]},
			"faces": {
				"north": {"uv": [8, 7.25, 9, 8], "texture": "#0"},
				"east": {"uv": [8, 7.25, 9, 8], "texture": "#0"},
				"south": {"uv": [8, 7.25, 9, 8], "texture": "#0"},
				"west": {"uv": [8, 7.25, 9, 8], "texture": "#0"},
				"up": {"uv": [6, 8, 7, 9], "texture": "#0"},
				"down": {"uv": [7, 8, 8, 9], "texture": "#0"}
			}
		}
	],
	"display": {
		"thirdperson_righthand": {
			"rotation": [43, 9, 16],
			"translation": [-2, 4.25, 4.25]
		},
		"thirdperson_lefthand": {
			"rotation": [43, 9, 16],
			"translation": [-2, 4.25, 4.25]
		},
		"firstperson_righthand": {
			"rotation": [19, 68, 0],
			"translation": [0, 4.75, 0]
		},
		"firstperson_lefthand": {
			"rotation": [19, 68, 0],
			"translation": [0, 4.75, 0]
		},
		"ground": {
			"translation": [0, 5.75, 0],
			"scale": [0.7, 0.7, 0.7]
		},
		"gui": {
			"rotation": [26, 126, 1],
			"translation": [0, 7.5, 0],
			"scale": [1.5, 1.5, 1.5]
		},
		"head": {
			"translation": [0, 14.25, 0]
		},
		"fixed": {
			"translation": [0, 9.25, -1.25],
			"scale": [1.5, 1.5, 1.5]
		}
	}
}