{
	"credit": " (C)ArtsByKev, https://youtube.com/c/artsbykev & https://twitter.com/artsbykev - Using Blockbench",
	"ambientocclusion": false,
	"texture_size": [32, 32],
	"textures": {
		"0": "artsbykev_var/textures/medic_supply"
	},
	"elements": [
		{
			"from": [3.5, 0.25, 4.5],
			"to": [12.5, 4.25, 11.5],
			"faces": {
				"north": {"uv": [4.5, 0, 9, 2], "texture": "#0"},
				"east": {"uv": [4.5, 6, 8, 8], "texture": "#0"},
				"south": {"uv": [4.5, 0, 9, 2], "texture": "#0"},
				"west": {"uv": [4.5, 6, 8, 8], "texture": "#0"},
				"up": {"uv": [4.5, 3.5, 0, 0], "texture": "#0"},
				"down": {"uv": [4.5, 3.5, 0, 7], "texture": "#0"}
			}
		},
		{
			"from": [11, 0, 4],
			"to": [13, 4.5, 6],
			"rotation": {"angle": 0, "axis": "y", "origin": [11, 0, 4]},
			"faces": {
				"north": {"uv": [0, 7, 1, 9.25], "texture": "#0"},
				"east": {"uv": [1, 7, 2, 9.25], "texture": "#0"},
				"south": {"uv": [2, 7, 3, 9.25], "texture": "#0"},
				"west": {"uv": [3, 7, 4, 9.25], "texture": "#0"},
				"up": {"uv": [5, 9, 4, 8], "texture": "#0"},
				"down": {"uv": [5, 8, 4, 9], "texture": "#0"}
			}
		},
		{
			"from": [11, 0, 10],
			"to": [13, 4.5, 12],
			"rotation": {"angle": 0, "axis": "y", "origin": [11, 0, 10]},
			"faces": {
				"north": {"uv": [0, 7, 1, 9.25], "texture": "#0"},
				"east": {"uv": [1, 7, 2, 9.25], "texture": "#0"},
				"south": {"uv": [2, 7, 3, 9.25], "texture": "#0"},
				"west": {"uv": [3, 7, 4, 9.25], "texture": "#0"},
				"up": {"uv": [5, 9, 4, 8], "texture": "#0"},
				"down": {"uv": [5, 8, 4, 9], "texture": "#0"}
			}
		},
		{
			"from": [3, 0, 4],
			"to": [5, 4.5, 6],
			"rotation": {"angle": 0, "axis": "y", "origin": [5, 0, 4]},
			"faces": {
				"north": {"uv": [1, 7, 0, 9.25], "texture": "#0"},
				"east": {"uv": [4, 7, 3, 9.25], "texture": "#0"},
				"south": {"uv": [3, 7, 2, 9.25], "texture": "#0"},
				"west": {"uv": [2, 7, 1, 9.25], "texture": "#0"},
				"up": {"uv": [4, 9, 5, 8], "texture": "#0"},
				"down": {"uv": [4, 8, 5, 9], "texture": "#0"}
			}
		},
		{
			"from": [3, 0, 10],
			"to": [5, 4.5, 12],
			"rotation": {"angle": 0, "axis": "y", "origin": [5, 0, 10]},
			"faces": {
				"north": {"uv": [1, 7, 0, 9.25], "texture": "#0"},
				"east": {"uv": [4, 7, 3, 9.25], "texture": "#0"},
				"south": {"uv": [3, 7, 2, 9.25], "texture": "#0"},
				"west": {"uv": [2, 7, 1, 9.25], "texture": "#0"},
				"up": {"uv": [4, 9, 5, 8], "texture": "#0"},
				"down": {"uv": [4, 8, 5, 9], "texture": "#0"}
			}
		}
	],
	"display": {
		"thirdperson_righthand": {
			"rotation": [43, 9, -86],
			"translation": [3.5, 1.5, -1.25]
		},
		"thirdperson_lefthand": {
			"rotation": [43, 9, -86],
			"translation": [3.5, 1.5, -1.25]
		},
		"firstperson_righthand": {
			"rotation": [19, 68, 0],
			"translation": [0, 4.75, 0]
		},
		"firstperson_lefthand": {
			"rotation": [19, 68, 0],
			"translation": [0, 4.75, 0]
		},
		"ground": {
			"translation": [0, 5.75, 0],
			"scale": [0.7, 0.7, 0.7]
		},
		"gui": {
			"rotation": [26, 126, 1],
			"translation": [0, 6, 0],
			"scale": [1.2, 1.2, 1.2]
		},
		"head": {
			"translation": [0, 14.25, 0]
		}
	}
}