{
	"credit": " (C)ArtsByKev, https://youtube.com/c/artsbykev & https://twitter.com/artsbykev - Using Blockbench",
	"ambientocclusion": false,
	"texture_size": [32, 32],
	"textures": {
		"0": "artsbykev_var/textures/medic_supply"
	},
	"elements": [
		{
			"from": [5, 0.25, 4.5],
			"to": [11, 4.25, 11.5],
			"rotation": {"angle": 0, "axis": "y", "origin": [0.5, 0, 0]},
			"faces": {
				"north": {"uv": [5.25, 0, 8.25, 2], "texture": "#0"},
				"east": {"uv": [5.25, 0, 8.25, 2], "texture": "#0"},
				"south": {"uv": [5.25, 0, 8.25, 2], "texture": "#0"},
				"west": {"uv": [5.25, 0, 8.25, 2], "texture": "#0"},
				"up": {"uv": [3.75, 3.5, 0.75, 0], "texture": "#0"},
				"down": {"uv": [3.75, 3.5, 0.75, 7], "texture": "#0"}
			}
		}
	],
	"display": {
		"thirdperson_righthand": {
			"rotation": [43, 9, -86],
			"translation": [3.5, 1.5, -1.25]
		},
		"thirdperson_lefthand": {
			"rotation": [43, 9, -86],
			"translation": [3.5, 1.5, -1.25]
		},
		"firstperson_righthand": {
			"rotation": [19, 68, 0],
			"translation": [0, 4.75, 0]
		},
		"firstperson_lefthand": {
			"rotation": [19, 68, 0],
			"translation": [0, 4.75, 0]
		},
		"ground": {
			"translation": [0, 5.75, 0],
			"scale": [0.7, 0.7, 0.7]
		},
		"gui": {
			"rotation": [26, 126, 1],
			"translation": [0, 6, 0],
			"scale": [1.2, 1.2, 1.2]
		},
		"head": {
			"translation": [0, 14.25, 0]
		}
	}
}