{
	"credit": " (C)ArtsByKev, https://youtube.com/c/artsbykev & https://twitter.com/artsbykev - Using Blockbench",
	"ambientocclusion": false,
	"texture_size": [32, 32],
	"textures": {
		"0": "artsbykev_lootables/lucky_plant"
	},
	"elements": [
		{
			"from": [6, 8, 6],
			"to": [10, 12, 10],
			"rotation": {"angle": 0, "axis": "z", "origin": [8, 10, 8]},
			"faces": {
				"north": {"uv": [0, 9.5, 4, 13.5], "texture": "#0"},
				"east": {"uv": [0, 9.5, 4, 13.5], "texture": "#0"},
				"south": {"uv": [0, 9.5, 4, 13.5], "texture": "#0"},
				"west": {"uv": [0, 9.5, 4, 13.5], "texture": "#0"},
				"up": {"uv": [0, 9.5, 4, 13.5], "texture": "#0"},
				"down": {"uv": [4, 10.75, 8, 14.75], "texture": "#0"}
			}
		},
		{
			"from": [3.75, 8, 6.5],
			"to": [7.75, 8, 9.5],
			"rotation": {"angle": 22.5, "axis": "z", "origin": [7.75, 8, 8]},
			"faces": {
				"north": {"uv": [0, 5.5, 4, 9.5], "texture": "#0"},
				"east": {"uv": [0, 5.5, 4, 9.5], "texture": "#0"},
				"south": {"uv": [0, 5.5, 4, 9.5], "texture": "#0"},
				"west": {"uv": [0, 5.5, 4, 9.5], "texture": "#0"},
				"up": {"uv": [0, 0, 4, 2.5], "texture": "#0"},
				"down": {"uv": [0, 0, 4, 2.5], "texture": "#0"}
			}
		},
		{
			"from": [8.25, 4, 6.5],
			"to": [8.25, 8, 9.5],
			"rotation": {"angle": 22.5, "axis": "z", "origin": [8.25, 8, 8]},
			"faces": {
				"north": {"uv": [0, 5.5, 4, 9.5], "rotation": 90, "texture": "#0"},
				"east": {"uv": [0, 0, 4, 2.5], "rotation": 270, "texture": "#0"},
				"south": {"uv": [0, 5.5, 4, 9.5], "rotation": 270, "texture": "#0"},
				"west": {"uv": [0, 0, 4, 2.5], "rotation": 270, "texture": "#0"},
				"up": {"uv": [0, 5.5, 4, 9.5], "rotation": 270, "texture": "#0"},
				"down": {"uv": [0, 5.5, 4, 9.5], "rotation": 270, "texture": "#0"}
			}
		}
	],
	"display": {
		"thirdperson_righthand": {
			"rotation": [29, 144, 19],
			"translation": [-1.5, 0, -1.5]
		},
		"thirdperson_lefthand": {
			"rotation": [29, 144, 19],
			"translation": [-1.5, 0, -1.5]
		},
		"firstperson_righthand": {
			"rotation": [17, 33, -7],
			"translation": [0, 1.5, 0.75]
		},
		"firstperson_lefthand": {
			"rotation": [17, 33, -7],
			"translation": [0, 1.5, 0.75]
		},
		"ground": {
			"translation": [0, 1.25, 0],
			"scale": [0.7, 0.7, 0.7]
		},
		"gui": {
			"rotation": [19, 42, 1],
			"translation": [-0.25, -1, 0],
			"scale": [1.2, 1.2, 1.2]
		},
		"head": {
			"translation": [0, -33, 0],
			"scale": [1.51, 1.5, 1.5]
		},
		"fixed": {
			"rotation": [0, -26, 0],
			"translation": [0.5, -0.75, -2],
			"scale": [2, 2, 2]
		}
	}
}