{
	"credit": " (C)ArtsByKev, https://youtube.com/c/artsbykev & https://twitter.com/artsbykev - Using Blockbench",
	"texture_size": [32, 32],
	"textures": {
		"0": "artsbykev_cur/tameless_token",
		"particle": "artsbykev_cur/tameless_token"
	},
	"elements": [
		{
			"from": [2, 7, 2],
			"to": [14, 8, 14],
			"rotation": {"angle": 0, "axis": "y", "origin": [8, 7, 8]},
			"faces": {
				"north": {"uv": [6, 0, 12, 0.5], "texture": "#0"},
				"east": {"uv": [6, 0.5, 12, 1], "texture": "#0"},
				"south": {"uv": [6, 1, 12, 1.5], "texture": "#0"},
				"west": {"uv": [6, 1.5, 12, 2], "texture": "#0"},
				"up": {"uv": [6, 6, 0, 0], "texture": "#0"},
				"down": {"uv": [6, 6, 0, 12], "texture": "#0"}
			}
		},
		{
			"from": [14.64372, 6.5, 3.51378],
			"to": [16.64372, 8.5, 7.51378],
			"rotation": {"angle": 22.5, "axis": "y", "origin": [10.63146, 7.5, 8]},
			"faces": {
				"north": {"uv": [10, 2, 11, 3], "texture": "#0"},
				"east": {"uv": [8, 7, 10, 8], "texture": "#0"},
				"south": {"uv": [10, 3, 11, 4], "texture": "#0"},
				"west": {"uv": [8, 8, 10, 9], "texture": "#0"},
				"up": {"uv": [10, 4, 9, 2], "texture": "#0"},
				"down": {"uv": [10, 4, 9, 6], "texture": "#0"}
			}
		},
		{
			"from": [-0.63081, 6.5, 8.48622],
			"to": [1.36919, 8.5, 12.48622],
			"rotation": {"angle": 22.5, "axis": "y", "origin": [5.38146, 7.5, 8]},
			"faces": {
				"north": {"uv": [10, 3, 11, 4], "texture": "#0"},
				"east": {"uv": [8, 8, 10, 9], "texture": "#0"},
				"south": {"uv": [10, 2, 11, 3], "texture": "#0"},
				"west": {"uv": [8, 7, 10, 8], "texture": "#0"},
				"up": {"uv": [10, 4, 9, 2], "rotation": 180, "texture": "#0"},
				"down": {"uv": [10, 4, 9, 6], "rotation": 180, "texture": "#0"}
			}
		},
		{
			"from": [7.68951, 6.51, 0.5736],
			"to": [11.66951, 8.49, 2.5536],
			"rotation": {"angle": -22.5, "axis": "y", "origin": [10.63146, 7.5, 8]},
			"faces": {
				"north": {"uv": [6, 6, 8, 7], "texture": "#0"},
				"east": {"uv": [8, 9, 9, 10], "texture": "#0"},
				"south": {"uv": [6, 7, 8, 8], "texture": "#0"},
				"west": {"uv": [9, 9, 10, 10], "texture": "#0"},
				"up": {"uv": [8, 9, 6, 8], "texture": "#0"},
				"down": {"uv": [10, 6, 8, 7], "texture": "#0"}
			}
		},
		{
			"from": [4.34341, 6.51, 13.4464],
			"to": [8.32341, 8.49, 15.4264],
			"rotation": {"angle": -22.5, "axis": "y", "origin": [5.38146, 7.5, 8]},
			"faces": {
				"north": {"uv": [6, 7, 8, 8], "texture": "#0"},
				"east": {"uv": [9, 9, 10, 10], "texture": "#0"},
				"south": {"uv": [6, 6, 8, 7], "texture": "#0"},
				"west": {"uv": [8, 9, 9, 10], "texture": "#0"},
				"up": {"uv": [8, 9, 6, 8], "rotation": 180, "texture": "#0"},
				"down": {"uv": [10, 6, 8, 7], "rotation": 180, "texture": "#0"}
			}
		},
		{
			"from": [5.25, 6.5, 0],
			"to": [10.75, 8.5, 2],
			"rotation": {"angle": 0, "axis": "y", "origin": [10.63146, 7.5, 8]},
			"faces": {
				"north": {"uv": [6, 2, 8.75, 3], "texture": "#0"},
				"east": {"uv": [6, 9, 7, 10], "texture": "#0"},
				"south": {"uv": [6, 3, 8.75, 4], "texture": "#0"},
				"west": {"uv": [7, 9, 8, 10], "texture": "#0"},
				"up": {"uv": [8.75, 5, 6, 4], "texture": "#0"},
				"down": {"uv": [8.75, 5, 6, 6], "texture": "#0"}
			}
		},
		{
			"from": [5.25, 6.5, 14],
			"to": [10.75, 8.5, 16],
			"rotation": {"angle": 0, "axis": "y", "origin": [10.63146, 7.5, 8]},
			"faces": {
				"north": {"uv": [8.75, 3, 6, 4], "texture": "#0"},
				"east": {"uv": [7, 9, 6, 10], "texture": "#0"},
				"south": {"uv": [8.75, 2, 6, 3], "texture": "#0"},
				"west": {"uv": [8, 9, 7, 10], "texture": "#0"},
				"up": {"uv": [8.75, 4, 6, 5], "texture": "#0"},
				"down": {"uv": [8.75, 6, 6, 5], "texture": "#0"}
			}
		},
		{
			"from": [7.67951, 6.5, 13.4364],
			"to": [11.67951, 8.5, 15.4364],
			"rotation": {"angle": 22.5, "axis": "y", "origin": [10.63146, 7.5, 8]},
			"faces": {
				"north": {"uv": [8, 8, 10, 9], "texture": "#0"},
				"east": {"uv": [10, 2, 11, 3], "texture": "#0"},
				"south": {"uv": [8, 7, 10, 8], "texture": "#0"},
				"west": {"uv": [10, 3, 11, 4], "texture": "#0"},
				"up": {"uv": [10, 4, 9, 2], "rotation": 90, "texture": "#0"},
				"down": {"uv": [10, 4, 9, 6], "rotation": 270, "texture": "#0"}
			}
		},
		{
			"from": [4.33341, 6.5, 0.5636],
			"to": [8.33341, 8.5, 2.5636],
			"rotation": {"angle": 22.5, "axis": "y", "origin": [5.38146, 7.5, 8]},
			"faces": {
				"north": {"uv": [8, 7, 10, 8], "texture": "#0"},
				"east": {"uv": [10, 3, 11, 4], "texture": "#0"},
				"south": {"uv": [8, 8, 10, 9], "texture": "#0"},
				"west": {"uv": [10, 2, 11, 3], "texture": "#0"},
				"up": {"uv": [10, 4, 9, 2], "rotation": 270, "texture": "#0"},
				"down": {"uv": [10, 4, 9, 6], "rotation": 90, "texture": "#0"}
			}
		},
		{
			"from": [14.65372, 6.51, 8.49622],
			"to": [16.63372, 8.49, 12.47622],
			"rotation": {"angle": -22.5, "axis": "y", "origin": [10.63146, 7.5, 8]},
			"faces": {
				"north": {"uv": [9, 9, 10, 10], "texture": "#0"},
				"east": {"uv": [6, 6, 8, 7], "texture": "#0"},
				"south": {"uv": [8, 9, 9, 10], "texture": "#0"},
				"west": {"uv": [6, 7, 8, 8], "texture": "#0"},
				"up": {"uv": [8, 9, 6, 8], "rotation": 90, "texture": "#0"},
				"down": {"uv": [10, 6, 8, 7], "rotation": 270, "texture": "#0"}
			}
		},
		{
			"from": [-0.62081, 6.51, 3.52378],
			"to": [1.35919, 8.49, 7.50378],
			"rotation": {"angle": -22.5, "axis": "y", "origin": [5.38146, 7.5, 8]},
			"faces": {
				"north": {"uv": [8, 9, 9, 10], "texture": "#0"},
				"east": {"uv": [6, 7, 8, 8], "texture": "#0"},
				"south": {"uv": [9, 9, 10, 10], "texture": "#0"},
				"west": {"uv": [6, 6, 8, 7], "texture": "#0"},
				"up": {"uv": [8, 9, 6, 8], "rotation": 270, "texture": "#0"},
				"down": {"uv": [10, 6, 8, 7], "rotation": 90, "texture": "#0"}
			}
		},
		{
			"from": [14, 6.5, 5.25],
			"to": [16, 8.5, 10.75],
			"rotation": {"angle": 0, "axis": "y", "origin": [10.63146, 7.5, 8]},
			"faces": {
				"north": {"uv": [7, 9, 8, 10], "texture": "#0"},
				"east": {"uv": [6, 2, 8.75, 3], "texture": "#0"},
				"south": {"uv": [6, 9, 7, 10], "texture": "#0"},
				"west": {"uv": [6, 3, 8.75, 4], "texture": "#0"},
				"up": {"uv": [8.75, 5, 6, 4], "rotation": 90, "texture": "#0"},
				"down": {"uv": [8.75, 5, 6, 6], "rotation": 270, "texture": "#0"}
			}
		},
		{
			"from": [0.01291, 6.5, 5.25],
			"to": [2.01291, 8.5, 10.75],
			"rotation": {"angle": 0, "axis": "y", "origin": [5.38146, 7.5, 8]},
			"faces": {
				"north": {"uv": [6, 9, 7, 10], "texture": "#0"},
				"east": {"uv": [6, 3, 8.75, 4], "texture": "#0"},
				"south": {"uv": [7, 9, 8, 10], "texture": "#0"},
				"west": {"uv": [6, 2, 8.75, 3], "texture": "#0"},
				"up": {"uv": [8.75, 5, 6, 4], "rotation": 270, "texture": "#0"},
				"down": {"uv": [8.75, 5, 6, 6], "rotation": 90, "texture": "#0"}
			}
		}
	],
	"display": {
		"thirdperson_righthand": {
			"rotation": [-19, 2, 98],
			"translation": [-0.25, 0, -1.75],
			"scale": [0.3, 0.3, 0.3]
		},
		"thirdperson_lefthand": {
			"rotation": [-19, 2, 98],
			"translation": [-0.25, 0, -1.75],
			"scale": [0.3, 0.3, 0.3]
		},
		"firstperson_righthand": {
			"rotation": [54, 151, -84],
			"translation": [0.5, 2.25, 0],
			"scale": [0.5, 0.5, 0.5]
		},
		"firstperson_lefthand": {
			"rotation": [54, 151, -84],
			"translation": [0.5, 2.25, 0],
			"scale": [0.5, 0.5, 0.5]
		},
		"ground": {
			"rotation": [-22, 0, -21],
			"translation": [0, 3, 0],
			"scale": [0.5, 0.5, 0.5]
		},
		"gui": {
			"rotation": [78, 154, -22],
			"translation": [-0.25, 0, 0],
			"scale": [0.7, 0.7, 0.7]
		},
		"head": {
			"rotation": [-90, 0, 0],
			"translation": [0, 18.5, 0],
			"scale": [0.6, 0.6, 0.6]
		},
		"fixed": {
			"rotation": [-90, 0, 0],
			"translation": [0, 0, -1.75]
		}
	}
}