{
  "multipart": [
    {
      "when": {
        "age": "0"
      },
      "apply": [
        {
          "model": "minecraft:artsbykev_var/models/bamboo_short_1"
        },
		{
          "model": "minecraft:artsbykev_var/models/bamboo_short_1", "y": 180
        },
        {
          "model": "minecraft:artsbykev_var/models/bamboo_short_3"
        },
		{
          "model": "minecraft:artsbykev_var/models/bamboo_short_3", "y": 180
        }
      ]
    },
    {
      "when": {
        "age": "1"
      },
      "apply": [
       {
          "model": "minecraft:artsbykev_var/models/bamboo_short_1", "y": 90
        },
		{
          "model": "minecraft:artsbykev_var/models/bamboo_short_1", "y": 270
        },
        {
          "model": "minecraft:artsbykev_var/models/bamboo_short_2", "y": 90
        },
		{
          "model": "minecraft:artsbykev_var/models/bamboo_short_2", "y": 270
        },
        {
          "model": "minecraft:artsbykev_var/models/bamboo_short_3"
        },
		{
          "model": "minecraft:artsbykev_var/models/bamboo_short_3", "y": 90
        },
        {
          "model": "minecraft:artsbykev_var/models/bamboo_short_3", "y": 180
        },
		{
          "model": "minecraft:artsbykev_var/models/bamboo_short_3", "y": 270
        }
      ]
    },
    {
      "when": {
        "leaves": "small"
      },
      "apply": [
		  {
			"model": "minecraft:artsbykev_var/models/bamboo_leaves_small_1"
		  },
		  {
			"model": "minecraft:artsbykev_var/models/bamboo_leaves_small_1", "y": 180
		  },
		  {
			"model": "minecraft:artsbykev_var/models/bamboo_leaves_small_2"
		  },
		  {
			"model": "minecraft:artsbykev_var/models/bamboo_leaves_small_2", "y": 180
		  }
	  ]
    },
    {
      "when": {
        "leaves": "large"
      },
      "apply": [
		  {
			"model": "minecraft:artsbykev_var/models/bamboo_leaves_1"
		  },
		  {
			"model": "minecraft:artsbykev_var/models/bamboo_leaves_2"
		  },
		  {
			"model": "minecraft:artsbykev_var/models/bamboo_leaves_3"
		  },
		  {
			"model": "minecraft:artsbykev_var/models/bamboo_leaves_1", "y": 90
		  },
		  {
			"model": "minecraft:artsbykev_var/models/bamboo_leaves_2", "y": 90
		  },
		  {
			"model": "minecraft:artsbykev_var/models/bamboo_leaves_3", "y": 90
		  },
		  {
			"model": "minecraft:artsbykev_var/models/bamboo_leaves_1", "y": 180
		  },
		  {
			"model": "minecraft:artsbykev_var/models/bamboo_leaves_2", "y": 180
		  },
		  {
			"model": "minecraft:artsbykev_var/models/bamboo_leaves_3", "y": 180
		  },
		  {
			"model": "minecraft:artsbykev_var/models/bamboo_leaves_1", "y": 270
		  },
		  {
			"model": "minecraft:artsbykev_var/models/bamboo_leaves_2", "y": 270
		  },
		  {
			"model": "minecraft:artsbykev_var/models/bamboo_leaves_3", "y": 270
		  }
	  ]
    }
  ]
}