{
  "variants": {
    "": [{
      "model": "minecraft:artsbykev_var/models/swamp_struct_1"
    },
    {
      "model": "minecraft:artsbykev_var/models/swamp_struct_1", "y": 90
    },
	{
      "model": "minecraft:artsbykev_var/models/swamp_struct_1", "y": 180
    },
    {
      "model": "minecraft:artsbykev_var/models/swamp_struct_1", "y": 270
    },{
      "model": "minecraft:artsbykev_var/models/swamp_struct_2"
    },
    {
      "model": "minecraft:artsbykev_var/models/swamp_struct_2", "y": 90
    },
	{
      "model": "minecraft:artsbykev_var/models/swamp_struct_2", "y": 180
    },
    {
      "model": "minecraft:artsbykev_var/models/swamp_struct_2", "y": 270
    },
	{
      "model": "minecraft:artsbykev_var/models/swamp_struct_3"
    },
    {
      "model": "minecraft:artsbykev_var/models/swamp_struct_3", "y": 90
    },
	{
      "model": "minecraft:artsbykev_var/models/swamp_struct_3", "y": 180
    },
    {
      "model": "minecraft:artsbykev_var/models/swamp_struct_3", "y": 270
    },
	{
      "model": "minecraft:artsbykev_var/models/swamp_struct_4"
    },
    {
      "model": "minecraft:artsbykev_var/models/swamp_struct_4", "y": 90
    },
	{
      "model": "minecraft:artsbykev_var/models/swamp_struct_4", "y": 180
    },
    {
      "model": "minecraft:artsbykev_var/models/swamp_struct_4", "y": 270
    }]
  }
}