{
  "variants": {
    "": [
	{
      "model": "minecraft:artsbykev_var/models/wood_table_a"
    },
	{
      "model": "minecraft:artsbykev_var/models/wood_table_a", "y": 90
    },
	{
      "model": "minecraft:artsbykev_var/models/wood_table_a", "y": 180
    },
	{
      "model": "minecraft:artsbykev_var/models/wood_table_a", "y": 270
    },
	
	{
      "model": "minecraft:artsbykev_var/models/wood_table_b"
    },
	{
      "model": "minecraft:artsbykev_var/models/wood_table_b", "y": 90
    },
	{
      "model": "minecraft:artsbykev_var/models/wood_table_b", "y": 180
    },
	{
      "model": "minecraft:artsbykev_var/models/wood_table_b", "y": 270
    },
	
	{
      "model": "minecraft:artsbykev_var/models/wood_table_c"
    },
	{
      "model": "minecraft:artsbykev_var/models/wood_table_c", "y": 90
    },
	{
      "model": "minecraft:artsbykev_var/models/wood_table_c", "y": 180
    },
	{
      "model": "minecraft:artsbykev_var/models/wood_table_c", "y": 270
    },
	
	{
      "model": "minecraft:artsbykev_var/models/wood_table_d"
    },
	{
      "model": "minecraft:artsbykev_var/models/wood_table_d", "y": 90
    },
	{
      "model": "minecraft:artsbykev_var/models/wood_table_d", "y": 180
    },
	{
      "model": "minecraft:artsbykev_var/models/wood_table_d", "y": 270
    },
	
	{
      "model": "minecraft:artsbykev_var/models/wood_table_e"
    },
	{
      "model": "minecraft:artsbykev_var/models/wood_table_e", "y": 90
    },
	{
      "model": "minecraft:artsbykev_var/models/wood_table_e", "y": 180
    },
	{
      "model": "minecraft:artsbykev_var/models/wood_table_e", "y": 270
    }
	]
  }
}