{
"__comment": "Designed by Kevin *ArtsByKev* - Become a patreon today www.patreon.com/artsbykev",
  "variants": {
    "":[
      {
        "model": "minecraft:block/cobblestone", "weight": 60
      },
	  {
        "model": "minecraft:block/cobblestone_1", "weight": 10
      },
	  {
        "model": "minecraft:block/cobblestone_1", "y": 180, "weight": 10
      },
	  {
        "model": "minecraft:block/cobblestone_2", "weight": 10
      },
	  {
        "model": "minecraft:block/cobblestone_2", "y": 180, "weight": 10
      },
	  {
        "model": "minecraft:block/cobblestone_3", "weight": 10
      },
	  {
        "model": "minecraft:block/cobblestone_3", "y": 180, "weight": 10
      }
	]
  }
}