{
  "variants": {
    "": [{
      "model": "minecraft:artsbykev_var/models/cornflower"
    },
    {
      "model": "minecraft:artsbykev_var/models/cornflower", "y": 90
    },
	{
      "model": "minecraft:artsbykev_var/models/cornflower", "y": 180
    },
    {
      "model": "minecraft:artsbykev_var/models/cornflower", "y": 270
    },
	{
      "model": "minecraft:artsbykev_var/models/cornflower_2"
    },
    {
      "model": "minecraft:artsbykev_var/models/cornflower_2", "y": 90
    },
	{
      "model": "minecraft:artsbykev_var/models/cornflower_2", "y": 180
    },
    {
      "model": "minecraft:artsbykev_var/models/cornflower_2", "y": 270
    }]
  }
}