{
  "variants": {
    "face=floor,facing=east": [{
      "model": "minecraft:artsbykev_var/models/medic_supply_c",
      "y": 90
    },
	{
      "model": "minecraft:artsbykev_var/models/medic_supply_b",
      "y": 90
    },
	{
      "model": "minecraft:artsbykev_var/models/medic_supply",
      "y": 90
    }],
    "face=floor,facing=north": [{
      "model": "minecraft:artsbykev_var/models/medic_supply_c"
    },
	{
      "model": "minecraft:artsbykev_var/models/medic_supply_b"
    },
	{
      "model": "minecraft:artsbykev_var/models/medic_supply"
    }],
    "face=floor,facing=south": [{
      "model": "minecraft:artsbykev_var/models/medic_supply_c",
      "y": 180
    },
	{
      "model": "minecraft:artsbykev_var/models/medic_supply_b",
      "y": 180
    },
	{
      "model": "minecraft:artsbykev_var/models/medic_supply",
      "y": 180
    }],
    "face=floor,facing=west": [{
      "model": "minecraft:artsbykev_var/models/medic_supply_c",
      "y": 270
    },
	{
      "model": "minecraft:artsbykev_var/models/medic_supply_b",
      "y": 270
    },
	{
      "model": "minecraft:artsbykev_var/models/medic_supply",
      "y": 270
    }],
	
	
	
	"face=wall,facing=east": {
      "model": "minecraft:artsbykev_var/models/bank_sign",
      "y": 90
    },
    "face=wall,facing=north": {
      "model": "minecraft:artsbykev_var/models/bank_sign"
    },
    "face=wall,facing=south": {
      "model": "minecraft:artsbykev_var/models/bank_sign",
      "y": 180
    },
    "face=wall,facing=west": {
      "model": "minecraft:artsbykev_var/models/bank_sign",
      "y": 270
    }
  }
}