{
"__comment": "Designed by Kevin *ArtsByKev* www.twitter.com/artsbykev",
  "variants": {
    "": [{
      "model": "minecraft:artsbykev_var/models/thin_log_1"
    },
	{
      "model": "minecraft:artsbykev_var/models/thin_log_1", "y": 90
    },
	{
      "model": "minecraft:artsbykev_var/models/thin_log_1", "y": 180
    },
	{
      "model": "minecraft:artsbykev_var/models/thin_log_1", "y": 270
    },
	{
      "model": "minecraft:artsbykev_var/models/thin_log_2"
    },
	{
      "model": "minecraft:artsbykev_var/models/thin_log_2", "y": 90
    },
	{
      "model": "minecraft:artsbykev_var/models/thin_log_2", "y": 180
    },
	{
      "model": "minecraft:artsbykev_var/models/thin_log_2", "y": 270
    }]
  }
}