{
  "variants": {
    "": [{
      "model": "minecraft:artsbykev_var/models/bush_a"
    },
    {
      "model": "minecraft:artsbykev_var/models/bush_a", "y": 90
    },
	{
      "model": "minecraft:artsbykev_var/models/bush_a", "y": 180
    },
    {
      "model": "minecraft:artsbykev_var/models/bush_a", "y": 270
    },
	{
      "model": "minecraft:artsbykev_var/models/bush_b"
    },
    {
      "model": "minecraft:artsbykev_var/models/bush_b", "y": 90
    },
	{
      "model": "minecraft:artsbykev_var/models/bush_b", "y": 180
    },
    {
      "model": "minecraft:artsbykev_var/models/bush_b", "y": 270
    },
	{
      "model": "minecraft:artsbykev_var/models/bush_c"
    },
    {
      "model": "minecraft:artsbykev_var/models/bush_c", "y": 90
    },
	{
      "model": "minecraft:artsbykev_var/models/bush_c", "y": 180
    },
    {
      "model": "minecraft:artsbykev_var/models/bush_c", "y": 270
    },
	{
      "model": "minecraft:artsbykev_var/models/bush_d"
    },
    {
      "model": "minecraft:artsbykev_var/models/bush_d", "y": 90
    },
	{
      "model": "minecraft:artsbykev_var/models/bush_d", "y": 180
    },
    {
      "model": "minecraft:artsbykev_var/models/bush_d", "y": 270
    }]
  }
}