{
"__comment": "Designed by Kevin *ArtsByKev* www.twitter.com/artsbykev",
  "variants": {
    "": [{
      "model": "minecraft:artsbykev_var/models/rice_plant"
    },
	{
      "model": "minecraft:artsbykev_var/models/rice_plant", "y": 90
    },
	{
      "model": "minecraft:artsbykev_var/models/rice_plant", "y": 180
    },
	{
      "model": "minecraft:artsbykev_var/models/rice_plant", "y": 270
    },
	{
      "model": "minecraft:artsbykev_var/models/rice_plant_2"
    },
	{
      "model": "minecraft:artsbykev_var/models/rice_plant_2", "y": 90
    },
	{
      "model": "minecraft:artsbykev_var/models/rice_plant_2", "y": 180
    },
	{
      "model": "minecraft:artsbykev_var/models/rice_plant_2", "y": 270
    },
	{
      "model": "minecraft:artsbykev_var/models/rice_plant_3"
    },
	{
      "model": "minecraft:artsbykev_var/models/rice_plant_3", "y": 90
    },
	{
      "model": "minecraft:artsbykev_var/models/rice_plant_3", "y": 180
    },
	{
      "model": "minecraft:artsbykev_var/models/rice_plant_3", "y": 270
    }]
  }
}