{
  "variants": {
    "": [{
      "model": "minecraft:artsbykev_var/models/mangroove_roots"
    },{
      "model": "minecraft:artsbykev_var/models/mangroove_roots", "y": 180
    },
	{
      "model": "minecraft:artsbykev_var/models/mangroove_roots_2"
    },
	{
      "model": "minecraft:artsbykev_var/models/mangroove_roots_2", "y": 180
    },
	{
      "model": "minecraft:artsbykev_var/models/mangroove_roots_3"
    },
	{
      "model": "minecraft:artsbykev_var/models/mangroove_roots_3", "y": 180
    },
	{
      "model": "minecraft:artsbykev_var/models/mangroove_roots_4"
    },
	{
      "model": "minecraft:artsbykev_var/models/mangroove_roots_4", "y": 180
    }]
  }
}