{
"__comment": "Designed by Kevin *ArtsByKev* www.twitter.com/artsbykev",
  "variants": {
    "": [{
      "model": "minecraft:artsbykev_var/models/vass"
    },
	{
      "model": "minecraft:artsbykev_var/models/vass", "y": 90
    },
	{
      "model": "minecraft:artsbykev_var/models/vass", "y": 180
    },
	{
      "model": "minecraft:artsbykev_var/models/vass", "y": 270
    },
	{
      "model": "minecraft:artsbykev_var/models/vass_2"
    },
	{
      "model": "minecraft:artsbykev_var/models/vass_2", "y": 90
    },
	{
      "model": "minecraft:artsbykev_var/models/vass_2", "y": 180
    },
	{
      "model": "minecraft:artsbykev_var/models/vass_2", "y": 270
    },
	{
      "model": "minecraft:artsbykev_var/models/vass_3"
    },
	{
      "model": "minecraft:artsbykev_var/models/vass_3", "y": 90
    },
	{
      "model": "minecraft:artsbykev_var/models/vass_3", "y": 180
    },
	{
      "model": "minecraft:artsbykev_var/models/vass_3", "y": 270
    }]
  }
}