{
"__comment": "Designed by Kevin *ArtsByKev* www.twitter.com/artsbykev",
  "variants": {
    "": [{
      "model": "minecraft:artsbykev_var/models/skeleton_part_a"
    },
	{
      "model": "minecraft:artsbykev_var/models/skeleton_part_a", "y": 90
    },
	{
      "model": "minecraft:artsbykev_var/models/skeleton_part_a", "y": 180
    },
	{
      "model": "minecraft:artsbykev_var/models/skeleton_part_a", "y": 270
    },
	
	{
      "model": "minecraft:artsbykev_var/models/skeleton_part_b"
    },
	{
      "model": "minecraft:artsbykev_var/models/skeleton_part_b", "y": 90
    },
	{
      "model": "minecraft:artsbykev_var/models/skeleton_part_b", "y": 180
    },
	{
      "model": "minecraft:artsbykev_var/models/skeleton_part_b", "y": 270
    },
	
	{
      "model": "minecraft:artsbykev_var/models/skeleton_part_c"
    },
	{
      "model": "minecraft:artsbykev_var/models/skeleton_part_c", "y": 90
    },
	{
      "model": "minecraft:artsbykev_var/models/skeleton_part_c", "y": 180
    },
	{
      "model": "minecraft:artsbykev_var/models/skeleton_part_c", "y": 270
    },
	
	{
      "model": "minecraft:artsbykev_var/models/skeleton_part_d"
    },
	{
      "model": "minecraft:artsbykev_var/models/skeleton_part_d", "y": 90
    },
	{
      "model": "minecraft:artsbykev_var/models/skeleton_part_d", "y": 180
    },
	{
      "model": "minecraft:artsbykev_var/models/skeleton_part_d", "y": 270
    },
	
	{
      "model": "minecraft:artsbykev_var/models/skeleton_part_e"
    },
	{
      "model": "minecraft:artsbykev_var/models/skeleton_part_e", "y": 90
    },
	{
      "model": "minecraft:artsbykev_var/models/skeleton_part_e", "y": 180
    },
	{
      "model": "minecraft:artsbykev_var/models/skeleton_part_e", "y": 270
    },
	
	{
      "model": "minecraft:artsbykev_var/models/skeleton_part_f"
    },
	{
      "model": "minecraft:artsbykev_var/models/skeleton_part_f", "y": 90
    },
	{
      "model": "minecraft:artsbykev_var/models/skeleton_part_f", "y": 180
    },
	{
      "model": "minecraft:artsbykev_var/models/skeleton_part_f", "y": 270
    }]
  }
}