{
  "variants": {
    "": [{
      "model": "minecraft:artsbykev_var/models/stones_1"
    },
    {
      "model": "minecraft:artsbykev_var/models/stones_1", "y": 90
    },
	{
      "model": "minecraft:artsbykev_var/models/stones_1", "y": 180
    },
    {
      "model": "minecraft:artsbykev_var/models/stones_1", "y": 270
    },
	{
      "model": "minecraft:artsbykev_var/models/stones_2"
    },
    {
      "model": "minecraft:artsbykev_var/models/stones_2", "y": 90
    },
	{
      "model": "minecraft:artsbykev_var/models/stones_2", "y": 180
    },
    {
      "model": "minecraft:artsbykev_var/models/stones_2", "y": 270
    },
	{
      "model": "minecraft:artsbykev_var/models/stones_3"
    },
    {
      "model": "minecraft:artsbykev_var/models/stones_3", "y": 90
    },
	{
      "model": "minecraft:artsbykev_var/models/stones_3", "y": 180
    },
    {
      "model": "minecraft:artsbykev_var/models/stones_3", "y": 270
    },
	{
      "model": "minecraft:artsbykev_var/models/stones_4"
    },
    {
      "model": "minecraft:artsbykev_var/models/stones_4", "y": 90
    },
	{
      "model": "minecraft:artsbykev_var/models/stones_4", "y": 180
    },
    {
      "model": "minecraft:artsbykev_var/models/stones_4", "y": 270
    },
	{
      "model": "minecraft:artsbykev_var/models/stones_5"
    },
    {
      "model": "minecraft:artsbykev_var/models/stones_5", "y": 90
    },
	{
      "model": "minecraft:artsbykev_var/models/stones_5", "y": 180
    },
    {
      "model": "minecraft:artsbykev_var/models/stones_5", "y": 270
    },
	{
      "model": "minecraft:artsbykev_var/models/stones_6"
    },
    {
      "model": "minecraft:artsbykev_var/models/stones_6", "y": 90
    },
	{
      "model": "minecraft:artsbykev_var/models/stones_6", "y": 180
    },
    {
      "model": "minecraft:artsbykev_var/models/stones_6", "y": 270
    },
	{
      "model": "minecraft:artsbykev_var/models/stones_7"
    },
    {
      "model": "minecraft:artsbykev_var/models/stones_7", "y": 90
    },
	{
      "model": "minecraft:artsbykev_var/models/stones_7", "y": 180
    },
    {
      "model": "minecraft:artsbykev_var/models/stones_7", "y": 270
    },
	{
      "model": "minecraft:artsbykev_var/models/stones_8"
    },
    {
      "model": "minecraft:artsbykev_var/models/stones_8", "y": 90
    },
	{
      "model": "minecraft:artsbykev_var/models/stones_8", "y": 180
    },
    {
      "model": "minecraft:artsbykev_var/models/stones_8", "y": 270
    }]
  }
}