{
  "variants": {
    "": [
	{
      "model": "minecraft:artsbykev_lootables/ground_bag_box"
    },
    {
      "model": "minecraft:artsbykev_lootables/ground_bag_box", "y": 90
    },
	{
      "model": "minecraft:artsbykev_lootables/ground_bag_box", "y": 180
    },
    {
      "model": "minecraft:artsbykev_lootables/ground_bag_box", "y": 270
    },
	
	{
      "model": "minecraft:artsbykev_lootables/ground_bag_foldbag"
    },
    {
      "model": "minecraft:artsbykev_lootables/ground_bag_foldbag", "y": 90
    },
	{
      "model": "minecraft:artsbykev_lootables/ground_bag_foldbag", "y": 180
    },
    {
      "model": "minecraft:artsbykev_lootables/ground_bag_foldbag", "y": 270
    },
	
	{
      "model": "minecraft:artsbykev_lootables/ground_bag_hiking"
    },
    {
      "model": "minecraft:artsbykev_lootables/ground_bag_hiking", "y": 90
    },
	{
      "model": "minecraft:artsbykev_lootables/ground_bag_hiking", "y": 180
    },
    {
      "model": "minecraft:artsbykev_lootables/ground_bag_hiking", "y": 270
    },
	
	{
      "model": "minecraft:artsbykev_lootables/ground_bag_steelbox"
    },
    {
      "model": "minecraft:artsbykev_lootables/ground_bag_steelbox", "y": 90
    },
	{
      "model": "minecraft:artsbykev_lootables/ground_bag_steelbox", "y": 180
    },
    {
      "model": "minecraft:artsbykev_lootables/ground_bag_steelbox", "y": 270
    },
	
	{
      "model": "minecraft:artsbykev_lootables/ground_bag_suitcase"
    },
    {
      "model": "minecraft:artsbykev_lootables/ground_bag_suitcase", "y": 90
    },
	{
      "model": "minecraft:artsbykev_lootables/ground_bag_suitcase", "y": 180
    },
    {
      "model": "minecraft:artsbykev_lootables/ground_bag_suitcase", "y": 270
    },
	
	{
      "model": "minecraft:artsbykev_lootables/ground_bag_scout"
    },
    {
      "model": "minecraft:artsbykev_lootables/ground_bag_scout", "y": 90
    },
	{
      "model": "minecraft:artsbykev_lootables/ground_bag_scout", "y": 180
    },
    {
      "model": "minecraft:artsbykev_lootables/ground_bag_scout", "y": 270
    }]
  }
}