{
  "variants": {
    "": [{
      "model": "minecraft:artsbykev_var/models/ormbunke"
    },
	{
      "model": "minecraft:artsbykev_var/models/ormbunke_1"
    },
	{
      "model": "minecraft:artsbykev_var/models/ormbunke_2"
    },
	{
      "model": "minecraft:artsbykev_var/models/ormbunke_3"
    },
	{
      "model": "minecraft:artsbykev_var/models/ormbunke_4"
    },
	{
      "model": "minecraft:artsbykev_var/models/ormbunke", "y": 180
    },
	{
      "model": "minecraft:artsbykev_var/models/ormbunke_1", "y": 180
    },
	{
      "model": "minecraft:artsbykev_var/models/ormbunke_2", "y": 180
    },
	{
      "model": "minecraft:artsbykev_var/models/ormbunke_3", "y": 180
    },
	{
      "model": "minecraft:artsbykev_var/models/ormbunke_4", "y": 180
    },
	{
      "model": "minecraft:artsbykev_var/models/ormbunke", "y": 90
    },
	{
      "model": "minecraft:artsbykev_var/models/ormbunke_1", "y": 90
    },
	{
      "model": "minecraft:artsbykev_var/models/ormbunke_2", "y": 90
    },
	{
      "model": "minecraft:artsbykev_var/models/ormbunke_3", "y": 90
    },
	{
      "model": "minecraft:artsbykev_var/models/ormbunke_4", "y": 90
    },
	{
      "model": "minecraft:artsbykev_var/models/ormbunke", "y": 270
    },
	{
      "model": "minecraft:artsbykev_var/models/ormbunke_1", "y": 270
    },
	{
      "model": "minecraft:artsbykev_var/models/ormbunke_2", "y": 270
    },
	{
      "model": "minecraft:artsbykev_var/models/ormbunke_3", "y": 270
    },
	{
      "model": "minecraft:artsbykev_var/models/ormbunke_4", "y": 270
    }
	]
  }
}