{
"__comment": "Designed by Kevin *ArtsByKev* www.twitter.com/artsbykev",
  "variants": {
    "": [
      {
        "model": "minecraft:block/ice", "weight": 300
      },
      {
        "model": "minecraft:block/ice", "y": 180, "weight": 75
      },
      {
        "model": "minecraft:block/ice_1",
		"weight": 10
      },
      {
        "model": "minecraft:block/ice_1",
        "y": 180, "weight": 10
      },
      {
        "model": "minecraft:block/ice_2",
		"weight": 10
      },
      {
        "model": "minecraft:block/ice_2",
        "y": 180, "weight": 10
      }
    ]
  }
}