{
"__comment": "Designed by Kevin *ArtsByKev* www.twitter.com/artsbykev",
  "variants": {
    "": [{
      "model": "minecraft:artsbykev_var/models/thin_log_3"
    },
	{
      "model": "minecraft:artsbykev_var/models/thin_log_3", "y": 90
    },
	{
      "model": "minecraft:artsbykev_var/models/thin_log_3", "y": 180
    },
	{
      "model": "minecraft:artsbykev_var/models/thin_log_3", "y": 270
    },
	{
      "model": "minecraft:artsbykev_var/models/thin_log_4"
    },
	{
      "model": "minecraft:artsbykev_var/models/thin_log_4", "y": 90
    },
	{
      "model": "minecraft:artsbykev_var/models/thin_log_4", "y": 180
    },
	{
      "model": "minecraft:artsbykev_var/models/thin_log_4", "y": 270
    }]
  }
}