{
  "variants": {
    "face=ceiling": [{
      "model": "minecraft:artsbykev_var/models/jungle_vines_1",
      "y": 90
    },
	{
      "model": "minecraft:artsbykev_var/models/jungle_vines_1",
      "y": 180
    },
	{
      "model": "minecraft:artsbykev_var/models/jungle_vines_1",
      "y": 270
    },
	{
      "model": "minecraft:artsbykev_var/models/jungle_vines_1"
    },
	{
      "model": "minecraft:artsbykev_var/models/jungle_vines_2",
      "y": 90
    },
	{
      "model": "minecraft:artsbykev_var/models/jungle_vines_2",
      "y": 180
    },
	{
      "model": "minecraft:artsbykev_var/models/jungle_vines_2",
      "y": 270
    },
	{
      "model": "minecraft:artsbykev_var/models/jungle_vines_2"
    },
	{
      "model": "minecraft:artsbykev_var/models/jungle_vines_3",
      "y": 90
    },
	{
      "model": "minecraft:artsbykev_var/models/jungle_vines_3",
      "y": 180
    },
	{
      "model": "minecraft:artsbykev_var/models/jungle_vines_3",
      "y": 270
    },
	{
      "model": "minecraft:artsbykev_var/models/jungle_vines_3"
    },
	{
      "model": "minecraft:artsbykev_var/models/jungle_vines_4",
      "y": 90
    },
	{
      "model": "minecraft:artsbykev_var/models/jungle_vines_4",
      "y": 180
    },
	{
      "model": "minecraft:artsbykev_var/models/jungle_vines_4",
      "y": 270
    },
	{
      "model": "minecraft:artsbykev_var/models/jungle_vines_4"
    },
	{
      "model": "minecraft:artsbykev_var/models/jungle_vines_5",
      "y": 90
    },
	{
      "model": "minecraft:artsbykev_var/models/jungle_vines_5",
      "y": 180
    },
	{
      "model": "minecraft:artsbykev_var/models/jungle_vines_5",
      "y": 270
    },
	{
      "model": "minecraft:artsbykev_var/models/jungle_vines_5"
    }],
    "face=floor,facing=east,powered=false": {
      "model": "minecraft:block/jungle_button",
      "y": 90
    },
    "face=floor,facing=east,powered=true": {
      "model": "minecraft:block/jungle_button_pressed",
      "y": 90
    },
    "face=floor,facing=north,powered=false": {
      "model": "minecraft:block/jungle_button"
    },
    "face=floor,facing=north,powered=true": {
      "model": "minecraft:block/jungle_button_pressed"
    },
    "face=floor,facing=south,powered=false": {
      "model": "minecraft:block/jungle_button",
      "y": 180
    },
    "face=floor,facing=south,powered=true": {
      "model": "minecraft:block/jungle_button_pressed",
      "y": 180
    },
    "face=floor,facing=west,powered=false": {
      "model": "minecraft:block/jungle_button",
      "y": 270
    },
    "face=floor,facing=west,powered=true": {
      "model": "minecraft:block/jungle_button_pressed",
      "y": 270
    },
    "face=wall,facing=east,powered=false": {
      "model": "minecraft:block/jungle_button",
      "y": 90,
      "x": 90,
      "uvlock": true
    },
    "face=wall,facing=east,powered=true": {
      "model": "minecraft:block/jungle_button_pressed",
      "y": 90,
      "x": 90,
      "uvlock": true
    },
    "face=wall,facing=north,powered=false": {
      "model": "minecraft:block/jungle_button",
      "x": 90,
      "uvlock": true
    },
    "face=wall,facing=north,powered=true": {
      "model": "minecraft:block/jungle_button_pressed",
      "x": 90,
      "uvlock": true
    },
    "face=wall,facing=south,powered=false": {
      "model": "minecraft:block/jungle_button",
      "y": 180,
      "x": 90,
      "uvlock": true
    },
    "face=wall,facing=south,powered=true": {
      "model": "minecraft:block/jungle_button_pressed",
      "y": 180,
      "x": 90,
      "uvlock": true
    },
    "face=wall,facing=west,powered=false": {
      "model": "minecraft:block/jungle_button",
      "y": 270,
      "x": 90,
      "uvlock": true
    },
    "face=wall,facing=west,powered=true": {
      "model": "minecraft:block/jungle_button_pressed",
      "y": 270,
      "x": 90,
      "uvlock": true
    }
  }
}