{
  "variants": {
    "facing=east,open=false": {
      "uvlock": true,
      "y": 270,
      "model": "minecraft:artsbykev_var/models/thin_log_sideways"
    },
    "facing=east,open=true": {
      "uvlock": true,
      "y": 270,
      "model": "minecraft:artsbykev_var/models/thin_log_sideways_wall"
    },
	"facing=north,open=false": {
      "uvlock": true,
      "y": 180,
      "model": "minecraft:artsbykev_var/models/thin_log_sideways"
    },
    "facing=north,open=true": {
      "uvlock": true,
      "y": 180,
      "model": "minecraft:artsbykev_var/models/thin_log_sideways_wall"
    },
	"facing=west,open=false": {
      "uvlock": true,
	  "y": 90,
      "model": "minecraft:artsbykev_var/models/thin_log_sideways"
    },
    "facing=west,open=true": {
      "uvlock": true,
	  "y": 90,
      "model": "minecraft:artsbykev_var/models/thin_log_sideways_wall"
    },
	"facing=south,open=false": {
      "uvlock": true,
      
      "model": "minecraft:artsbykev_var/models/thin_log_sideways"
    },
    "facing=south,open=true": {
      "uvlock": true,
      "model": "minecraft:artsbykev_var/models/thin_log_sideways_wall"
    }
  }
}