{
"__comment": "Designed by Kevin *ArtsByKev* www.twitter.com/artsbykev",
  "variants": {
    "facing=east": [
     { "model": "minecraft:artsbykev_var/models/ladder", "y": 90, "weight": 200 },
     { "model": "minecraft:artsbykev_var/models/ladder_broken", "y": 90, "weight": 15 } ],
    "facing=north": [
     { "model": "minecraft:artsbykev_var/models/ladder", "weight": 200},
     { "model": "minecraft:artsbykev_var/models/ladder_broken", "weight": 15 } ],
    "facing=south": [
     { "model": "minecraft:artsbykev_var/models/ladder", "y": 180, "weight": 200 },
     { "model": "minecraft:artsbykev_var/models/ladder_broken", "y": 180, "weight": 15 } ],
    "facing=west": [
     { "model": "minecraft:artsbykev_var/models/ladder", "y": 270, "weight": 200 },
     { "model": "minecraft:artsbykev_var/models/ladder_broken", "y": 270, "weight": 15 } ]
  }
}