{
"__comment": "Designed by Kevin *ArtsByKev* www.twitter.com/artsbykev",
  "variants": {
    "": [{
      "model": "minecraft:artsbykev_var/models/lily_pad_a"
    },
	{
      "model": "minecraft:artsbykev_var/models/lily_pad_a", "y": 90
    },
	{
      "model": "minecraft:artsbykev_var/models/lily_pad_a", "y": 180
    },
	{
      "model": "minecraft:artsbykev_var/models/lily_pad_a", "y": 270
    },
	{
      "model": "minecraft:artsbykev_var/models/lily_pad_b"
    },
	{
      "model": "minecraft:artsbykev_var/models/lily_pad_b", "y": 90
    },
	{
      "model": "minecraft:artsbykev_var/models/lily_pad_b", "y": 180
    },
	{
      "model": "minecraft:artsbykev_var/models/lily_pad_b", "y": 270
    },
	{
      "model": "minecraft:artsbykev_var/models/lily_pad_c"
    },
	{
      "model": "minecraft:artsbykev_var/models/lily_pad_c", "y": 90
    },
	{
      "model": "minecraft:artsbykev_var/models/lily_pad_c", "y": 180
    },
	{
      "model": "minecraft:artsbykev_var/models/lily_pad_c", "y": 270
    },
	{
      "model": "minecraft:artsbykev_var/models/lily_pad_d"
    },
	{
      "model": "minecraft:artsbykev_var/models/lily_pad_d", "y": 90
    },
	{
      "model": "minecraft:artsbykev_var/models/lily_pad_d", "y": 180
    },
	{
      "model": "minecraft:artsbykev_var/models/lily_pad_d", "y": 270
    },
	{
      "model": "minecraft:artsbykev_var/models/lily_pad_e"
    },
	{
      "model": "minecraft:artsbykev_var/models/lily_pad_e", "y": 90
    },
	{
      "model": "minecraft:artsbykev_var/models/lily_pad_e", "y": 180
    },
	{
      "model": "minecraft:artsbykev_var/models/lily_pad_e", "y": 270
    }]
  }
}