{
  "variants": {
    "": [{
      "model": "minecraft:block/mossy_cobblestone", "weight": 100
    },
	{
      "model": "minecraft:block/mossy_cobblestone_2", "weight": 30
    },
	{
      "model": "minecraft:block/mossy_cobblestone_3", "weight": 15
    },
	{
      "model": "minecraft:block/mossy_cobblestone", "weight": 100, "y": 180
    },
	{
      "model": "minecraft:block/mossy_cobblestone_2", "weight": 30, "y": 180
    },
	{
      "model": "minecraft:block/mossy_cobblestone_3", "weight": 15, "y": 180
    }
	]
  }
}