{
"__comment": "Designed by Kevin *ArtsByKev* www.youtube.com/c/artsbykev",
    "variants": {
        "distance=1": [
		{ "model": "block/leaves/round/oak/0"}, 
		{ "model": "block/leaves/round/oak/1"},
		{ "model": "block/leaves/round/oak/2"},
		{ "model": "block/leaves/round/oak/3"},
		{ "model": "block/leaves/round/oak/4"},
		{ "model": "block/leaves/round/oak/5"},
		{ "model": "block/leaves/round/oak/6"},
		{ "model": "block/leaves/round/oak/7"},
		{ "model": "block/leaves/round/oak/8"},
		{ "model": "block/leaves/round/oak/9"}
		],
        "distance=2": [
		{ "model": "block/leaves/round/oak/0"}, 
		{ "model": "block/leaves/round/oak/1"},
		{ "model": "block/leaves/round/oak/2"},
		{ "model": "block/leaves/round/oak/3"},
		{ "model": "block/leaves/round/oak/4"},
		{ "model": "block/leaves/round/oak/5"},
		{ "model": "block/leaves/round/oak/6"},
		{ "model": "block/leaves/round/oak/7"},
		{ "model": "block/leaves/round/oak/8"},
		{ "model": "block/leaves/round/oak/9"}
		],
        "distance=3": [
		{ "model": "block/leaves/round/oak/0"}, 
		{ "model": "block/leaves/round/oak/1"},
		{ "model": "block/leaves/round/oak/2"},
		{ "model": "block/leaves/round/oak/3"},
		{ "model": "block/leaves/round/oak/4"},
		{ "model": "block/leaves/round/oak/5"},
		{ "model": "block/leaves/round/oak/6"},
		{ "model": "block/leaves/round/oak/7"},
		{ "model": "block/leaves/round/oak/8"},
		{ "model": "block/leaves/round/oak/9"}
		],
        "distance=4": [
		{ "model": "block/leaves/round/oak/0"}, 
		{ "model": "block/leaves/round/oak/1"},
		{ "model": "block/leaves/round/oak/2"},
		{ "model": "block/leaves/round/oak/3"},
		{ "model": "block/leaves/round/oak/4"},
		{ "model": "block/leaves/round/oak/5"},
		{ "model": "block/leaves/round/oak/6"},
		{ "model": "block/leaves/round/oak/7"},
		{ "model": "block/leaves/round/oak/8"},
		{ "model": "block/leaves/round/oak/9"}
		],
        "distance=5": [
		{ "model": "block/leaves/round/oak/0"}, 
		{ "model": "block/leaves/round/oak/1"},
		{ "model": "block/leaves/round/oak/2"},
		{ "model": "block/leaves/round/oak/3"},
		{ "model": "block/leaves/round/oak/4"},
		{ "model": "block/leaves/round/oak/5"},
		{ "model": "block/leaves/round/oak/6"},
		{ "model": "block/leaves/round/oak/7"},
		{ "model": "block/leaves/round/oak/8"},
		{ "model": "block/leaves/round/oak/9"}
		],
        "distance=6": [
		{ "model": "block/leaves/round/oak/0"}, 
		{ "model": "block/leaves/round/oak/1"},
		{ "model": "block/leaves/round/oak/2"},
		{ "model": "block/leaves/round/oak/3"},
		{ "model": "block/leaves/round/oak/4"},
		{ "model": "block/leaves/round/oak/5"},
		{ "model": "block/leaves/round/oak/6"},
		{ "model": "block/leaves/round/oak/7"},
		{ "model": "block/leaves/round/oak/8"},
		{ "model": "block/leaves/round/oak/9"}
		],
        "distance=7": [
		{ "model": "block/leaves/round/oak/0"}, 
		{ "model": "block/leaves/round/oak/1"},
		{ "model": "block/leaves/round/oak/2"},
		{ "model": "block/leaves/round/oak/3"},
		{ "model": "block/leaves/round/oak/4"},
		{ "model": "block/leaves/round/oak/5"},
		{ "model": "block/leaves/round/oak/6"},
		{ "model": "block/leaves/round/oak/7"},
		{ "model": "block/leaves/round/oak/8"},
		{ "model": "block/leaves/round/oak/9"}
		]
    }

}
