{
  "variants": {
    "": [{
      "model": "minecraft:artsbykev_var/models/flower_a"
    },
    {
      "model": "minecraft:artsbykev_var/models/flower_a", "y": 90
    },
	{
      "model": "minecraft:artsbykev_var/models/flower_a", "y": 180
    },
    {
      "model": "minecraft:artsbykev_var/models/flower_a", "y": 270
    },
	{
      "model": "minecraft:artsbykev_var/models/flower_a_2"
    },
    {
      "model": "minecraft:artsbykev_var/models/flower_a_2", "y": 90
    },
	{
      "model": "minecraft:artsbykev_var/models/flower_a_2", "y": 180
    },
    {
      "model": "minecraft:artsbykev_var/models/flower_a_2", "y": 270
    },
	{
      "model": "minecraft:artsbykev_var/models/flower_a_3"
    },
    {
      "model": "minecraft:artsbykev_var/models/flower_a_3", "y": 90
    },
	{
      "model": "minecraft:artsbykev_var/models/flower_a_3", "y": 180
    },
    {
      "model": "minecraft:artsbykev_var/models/flower_a_3", "y": 270
    },
	{
      "model": "minecraft:artsbykev_var/models/flower_b"
    },
    {
      "model": "minecraft:artsbykev_var/models/flower_b", "y": 90
    },
	{
      "model": "minecraft:artsbykev_var/models/flower_b", "y": 180
    },
    {
      "model": "minecraft:artsbykev_var/models/flower_b", "y": 270
    },
	{
      "model": "minecraft:artsbykev_var/models/flower_b_2"
    },
    {
      "model": "minecraft:artsbykev_var/models/flower_b_2", "y": 90
    },
	{
      "model": "minecraft:artsbykev_var/models/flower_b_2", "y": 180
    },
    {
      "model": "minecraft:artsbykev_var/models/flower_b_2", "y": 270
    },
	{
      "model": "minecraft:artsbykev_var/models/flower_b_3"
    },
    {
      "model": "minecraft:artsbykev_var/models/flower_b_3", "y": 90
    },
	{
      "model": "minecraft:artsbykev_var/models/flower_b_3", "y": 180
    },
    {
      "model": "minecraft:artsbykev_var/models/flower_b_3", "y": 270
    },
	{
      "model": "minecraft:artsbykev_var/models/flower_c"
    },
    {
      "model": "minecraft:artsbykev_var/models/flower_c", "y": 90
    },
	{
      "model": "minecraft:artsbykev_var/models/flower_c", "y": 180
    },
    {
      "model": "minecraft:artsbykev_var/models/flower_c", "y": 270
    },
	{
      "model": "minecraft:artsbykev_var/models/flower_c_1"
    },
    {
      "model": "minecraft:artsbykev_var/models/flower_c_1", "y": 90
    },
	{
      "model": "minecraft:artsbykev_var/models/flower_c_1", "y": 180
    },
    {
      "model": "minecraft:artsbykev_var/models/flower_c_1", "y": 270
    },
	{
      "model": "minecraft:artsbykev_var/models/flower_c_2"
    },
    {
      "model": "minecraft:artsbykev_var/models/flower_c_2", "y": 90
    },
	{
      "model": "minecraft:artsbykev_var/models/flower_c_2", "y": 180
    },
    {
      "model": "minecraft:artsbykev_var/models/flower_c_2", "y": 270
    }]
  }
}