{
"__comment": "Designed by Kevin *ArtsByKev* www.twitter.com/artsbykev",
  "variants": {
    "": [{
      "model": "minecraft:artsbykev_var/models/areca"
    },
	{
      "model": "minecraft:artsbykev_var/models/areca", "y": 90
    },
	{
      "model": "minecraft:artsbykev_var/models/areca", "y": 180
    },
	{
      "model": "minecraft:artsbykev_var/models/areca", "y": 270
    },
	
	{
      "model": "minecraft:artsbykev_var/models/areca_1"
    },
	{
      "model": "minecraft:artsbykev_var/models/areca_1", "y": 90
    },
	{
      "model": "minecraft:artsbykev_var/models/areca_1", "y": 180
    },
	{
      "model": "minecraft:artsbykev_var/models/areca_1", "y": 270
    },
	
	{
      "model": "minecraft:artsbykev_var/models/areca_2"
    },
	{
      "model": "minecraft:artsbykev_var/models/areca_2", "y": 90
    },
	{
      "model": "minecraft:artsbykev_var/models/areca_2", "y": 180
    },
	{
      "model": "minecraft:artsbykev_var/models/areca_2", "y": 270
    }]
  }
}