{
"__comment": "Designed by Kevin *ArtsByKev* www.twitter.com/artsbykev",
  "variants": {
    "": [
      {
        "model": "minecraft:block/stone", "weight": 200
      },
      {
        "model": "minecraft:block/stone_mirrored", "weight": 200
      },
      {
        "model": "minecraft:block/stone",
        "y": 180, "weight": 200
      },
      {
        "model": "minecraft:block/stone_mirrored",
        "y": 180, "weight": 200
      },
      {
        "model": "minecraft:artsbykev_var/models/stone", "weight": 24
      },
      {
        "model": "minecraft:artsbykev_var/models/stone_2", "weight": 97
      }
    ]
  }
}