{
"__comment": "Designed by Kevin *ArtsByKev* - Become a patreon today www.patreon.com/artsbykev",
  "variants": {
    "":[
      {
        "model": "minecraft:artsbykev_var/models/pad_plant_1"
      },
	  {
        "model": "minecraft:artsbykev_var/models/pad_plant_1", "y": 90
      },
	  
	  {
        "model": "minecraft:artsbykev_var/models/pad_plant_2"
      },
	  {
        "model": "minecraft:artsbykev_var/models/pad_plant_2", "y": 90
      },
	  {
        "model": "minecraft:artsbykev_var/models/pad_plant_2", "y": 180
      },
	  {
        "model": "minecraft:artsbykev_var/models/pad_plant_2", "y": 270
      },
	  
	  {
        "model": "minecraft:artsbykev_var/models/pad_plant_3"
      },
	  {
        "model": "minecraft:artsbykev_var/models/pad_plant_3", "y": 90
      },
	  {
        "model": "minecraft:artsbykev_var/models/pad_plant_3", "y": 180
      },
	  {
        "model": "minecraft:artsbykev_var/models/pad_plant_3", "y": 270
      },
	  
	  {
        "model": "minecraft:artsbykev_var/models/pad_plant_4"
      },
	  {
        "model": "minecraft:artsbykev_var/models/pad_plant_4", "y": 90
      },
	  {
        "model": "minecraft:artsbykev_var/models/pad_plant_4", "y": 180
      },
	  {
        "model": "minecraft:artsbykev_var/models/pad_plant_4", "y": 270
      },
	  
	  {
        "model": "minecraft:artsbykev_var/models/pad_plant_5"
      },
	  {
        "model": "minecraft:artsbykev_var/models/pad_plant_5", "y": 90
      },
	  {
        "model": "minecraft:artsbykev_var/models/pad_plant_5", "y": 180
      },
	  {
        "model": "minecraft:artsbykev_var/models/pad_plant_5", "y": 270
      }
	]
  }
}