{
  "variants": {
    "face=floor,facing=east": [{
      "model": "minecraft:artsbykev_var/models/stickpath",
      "y": 90
    },
	{
      "model": "minecraft:artsbykev_var/models/stickpath_2",
      "y": 90
    },
	{
      "model": "minecraft:artsbykev_var/models/stickpath_3",
      "y": 90
    }],
    "face=floor,facing=north": [{
      "model": "minecraft:artsbykev_var/models/stickpath"
    },
	{
      "model": "minecraft:artsbykev_var/models/stickpath_2"
    },
	{
      "model": "minecraft:artsbykev_var/models/stickpath_3"
    }],
    "face=floor,facing=south": [{
      "model": "minecraft:artsbykev_var/models/stickpath",
      "y": 180
    },
	{
      "model": "minecraft:artsbykev_var/models/stickpath_2",
      "y": 180
    },
	{
      "model": "minecraft:artsbykev_var/models/stickpath_3",
      "y": 180
    }],
    "face=floor,facing=west": [{
      "model": "minecraft:artsbykev_var/models/stickpath",
      "y": 270
    },
	{
      "model": "minecraft:artsbykev_var/models/stickpath_2",
      "y": 270
    },
	{
      "model": "minecraft:artsbykev_var/models/stickpath_3",
      "y": 270
    }],
	
	
	
	"face=wall,facing=east": {
      "model": "minecraft:artsbykev_var/models/tourist_center",
      "y": 90
    },
    "face=wall,facing=north": {
      "model": "minecraft:artsbykev_var/models/tourist_center"
    },
    "face=wall,facing=south": {
      "model": "minecraft:artsbykev_var/models/tourist_center",
      "y": 180
    },
    "face=wall,facing=west": {
      "model": "minecraft:artsbykev_var/models/tourist_center",
      "y": 270
    }
  }
}