{
  "variants": {
    "age=0": [{
      "model": "minecraft:block/wheat_stage0"
    },
	{
      "model": "minecraft:block/wheat_stage0_0"
    },
	{
      "model": "minecraft:block/wheat_stage0_1"
    },
	{
      "model": "minecraft:block/wheat_stage0_2"
    }
	],
    "age=1": [{
      "model": "minecraft:block/wheat_stage1"
    },
	{
      "model": "minecraft:block/wheat_stage1_0"
    },
	{
      "model": "minecraft:block/wheat_stage1_1"
    },
	{
      "model": "minecraft:block/wheat_stage1_2"
    }
	],
    "age=2": [{
      "model": "minecraft:block/wheat_stage2"
    },
	{
      "model": "minecraft:block/wheat_stage2_0"
    },
	{
      "model": "minecraft:block/wheat_stage2_1"
    },
	{
      "model": "minecraft:block/wheat_stage2_2"
    }
	],
    "age=3": [{
      "model": "minecraft:block/wheat_stage3"
    },
	{
      "model": "minecraft:block/wheat_stage3_0"
    },
	{
      "model": "minecraft:block/wheat_stage3_1"
    },
	{
      "model": "minecraft:block/wheat_stage3_2"
    }
	],
    "age=4": [{
      "model": "minecraft:block/wheat_stage4"
    },
	{
      "model": "minecraft:block/wheat_stage4_0"
    },
	{
      "model": "minecraft:block/wheat_stage4_1"
    },
	{
      "model": "minecraft:block/wheat_stage4_2"
    }
	],
    "age=5": [{
      "model": "minecraft:block/wheat_stage5"
    },
	{
      "model": "minecraft:block/wheat_stage5_0"
    },
	{
      "model": "minecraft:block/wheat_stage5_1"
    },
	{
      "model": "minecraft:block/wheat_stage5_2"
    }
	],
    "age=6": [{
      "model": "minecraft:block/wheat_stage6"
    },
	{
      "model": "minecraft:block/wheat_stage6_0"
    },
	{
      "model": "minecraft:block/wheat_stage6_1"
    },
	{
      "model": "minecraft:block/wheat_stage6_2"
    }
	],
    "age=7": [{
      "model": "minecraft:block/wheat_stage7"
    },
	{
      "model": "minecraft:block/wheat_stage7_0"
    },
	{
      "model": "minecraft:block/wheat_stage7_1"
    },
	{
      "model": "minecraft:block/wheat_stage7_2"
    }
	]
  }
}