{
	"credit": " (C)ArtsByKev, https://youtube.com/c/artsbykev & https://twitter.com/artsbykev - Using Blockbench",
	"texture_size": [64, 64],
	"textures": {
		"0": "artsbykev_var/int/propane_tank",
		"particle": "artsbykev_var/int/propane_tank"
	},
	"elements": [
		{
			"from": [3, 1, 3],
			"to": [13, 2, 13],
			"rotation": {"angle": 0, "axis": "y", "origin": [8, 0, 8]},
			"faces": {
				"north": {"uv": [7.5, 0, 10, 0.25], "texture": "#0"},
				"east": {"uv": [7.5, 0.25, 10, 0.5], "texture": "#0"},
				"south": {"uv": [7.5, 0.5, 10, 0.75], "texture": "#0"},
				"west": {"uv": [7.5, 0.75, 10, 1], "texture": "#0"},
				"up": {"uv": [2.5, 2.5, 0, 0], "texture": "#0"},
				"down": {"uv": [2.5, 2.5, 0, 5], "texture": "#0"}
			}
		},
		{
			"from": [4.5, 0, 4.5],
			"to": [11.5, 1, 11.5],
			"rotation": {"angle": 0, "axis": "y", "origin": [8.5, -1, 8.5]},
			"faces": {
				"north": {"uv": [7.5, 2.5, 9.25, 2.75], "texture": "#0"},
				"east": {"uv": [7.5, 2.75, 9.25, 3], "texture": "#0"},
				"south": {"uv": [7.5, 3, 9.25, 3.25], "texture": "#0"},
				"west": {"uv": [7.5, 3.25, 9.25, 3.5], "texture": "#0"},
				"up": {"uv": [6.75, 6.25, 5, 4.5], "texture": "#0"},
				"down": {"uv": [6.75, 6.25, 5, 8], "texture": "#0"}
			}
		},
		{
			"from": [5, 12, 5],
			"to": [11, 13, 11],
			"rotation": {"angle": 0, "axis": "y", "origin": [8, 11, 8]},
			"faces": {
				"north": {"uv": [7.5, 3.5, 9, 3.75], "texture": "#0"},
				"east": {"uv": [7.5, 3.75, 9, 4], "texture": "#0"},
				"south": {"uv": [7.5, 4, 9, 4.25], "texture": "#0"},
				"west": {"uv": [7.5, 4.25, 9, 4.5], "texture": "#0"},
				"up": {"uv": [8.25, 6, 6.75, 4.5], "texture": "#0"},
				"down": {"uv": [8.25, 6, 6.75, 7.5], "texture": "#0"}
			}
		},
		{
			"from": [3, 11, 3],
			"to": [13, 12, 13],
			"rotation": {"angle": 0, "axis": "y", "origin": [8, 12, 8]},
			"faces": {
				"north": {"uv": [7.5, 1, 10, 1.25], "texture": "#0"},
				"east": {"uv": [7.5, 1.25, 10, 1.5], "texture": "#0"},
				"south": {"uv": [7.5, 1.5, 10, 1.75], "texture": "#0"},
				"west": {"uv": [7.5, 1.75, 10, 2], "texture": "#0"},
				"up": {"uv": [5, 2.5, 2.5, 0], "texture": "#0"},
				"down": {"uv": [5, 2.5, 2.5, 5], "texture": "#0"}
			}
		},
		{
			"from": [7.5, 13, 7.5],
			"to": [8.5, 14, 8.5],
			"rotation": {"angle": 0, "axis": "y", "origin": [7.5, 13, 8.5]},
			"faces": {
				"north": {"uv": [0.25, 8, 0.5, 8.25], "texture": "#0"},
				"east": {"uv": [0.5, 8, 0.75, 8.25], "texture": "#0"},
				"south": {"uv": [0.75, 8, 1, 8.25], "texture": "#0"},
				"west": {"uv": [1, 8, 1.25, 8.25], "texture": "#0"},
				"up": {"uv": [1.5, 8.25, 1.25, 8], "texture": "#0"},
				"down": {"uv": [1.75, 8, 1.5, 8.25], "texture": "#0"}
			}
		},
		{
			"from": [7.5, 14, 6.5],
			"to": [8.5, 15, 8.5],
			"rotation": {"angle": 0, "axis": "y", "origin": [7.5, 14, 8.5]},
			"faces": {
				"north": {"uv": [1.75, 8, 2, 8.25], "texture": "#0"},
				"east": {"uv": [7.25, 7.5, 7.75, 7.75], "texture": "#0"},
				"south": {"uv": [2, 8, 2.25, 8.25], "texture": "#0"},
				"west": {"uv": [7.25, 7.75, 7.75, 8], "texture": "#0"},
				"up": {"uv": [8, 8, 7.75, 7.5], "texture": "#0"},
				"down": {"uv": [0.25, 8, 0, 8.5], "texture": "#0"}
			}
		},
		{
			"from": [6, 13, 6],
			"to": [6, 16, 10],
			"rotation": {"angle": 0, "axis": "y", "origin": [4, 14, 8]},
			"faces": {
				"north": {"uv": [0, 0, 0, 0.75], "texture": "#0"},
				"east": {"uv": [1, 7.25, 2, 8], "texture": "#0"},
				"south": {"uv": [0, 0, 0, 0.75], "texture": "#0"},
				"west": {"uv": [1, 7.25, 2, 8], "texture": "#0"},
				"up": {"uv": [0, 1, 0, 0], "texture": "#0"},
				"down": {"uv": [0, 0, 0, 1], "texture": "#0"}
			}
		},
		{
			"from": [10, 13, 6],
			"to": [10, 16, 10],
			"rotation": {"angle": 0, "axis": "y", "origin": [8, 14, 8]},
			"faces": {
				"north": {"uv": [0, 0, 0, 0.75], "texture": "#0"},
				"east": {"uv": [1, 7.25, 2, 8], "texture": "#0"},
				"south": {"uv": [0, 0, 0, 0.75], "texture": "#0"},
				"west": {"uv": [1, 7.25, 2, 8], "texture": "#0"},
				"up": {"uv": [0, 1, 0, 0], "texture": "#0"},
				"down": {"uv": [0, 0, 0, 1], "texture": "#0"}
			}
		},
		{
			"from": [6, 13, 10],
			"to": [10, 16, 10],
			"rotation": {"angle": 0, "axis": "y", "origin": [4, 14, 7]},
			"faces": {
				"north": {"uv": [3, 7.25, 4, 8], "texture": "#0"},
				"east": {"uv": [0, 0, 0, 0.75], "texture": "#0"},
				"south": {"uv": [3, 7.25, 4, 8], "texture": "#0"},
				"west": {"uv": [0, 0, 0, 0.75], "texture": "#0"},
				"up": {"uv": [1, 0, 0, 0], "texture": "#0"},
				"down": {"uv": [1, 0, 0, 0], "texture": "#0"}
			}
		},
		{
			"from": [2, 2, 3],
			"to": [3, 11, 13],
			"rotation": {"angle": 0, "axis": "y", "origin": [8, 2, 8]},
			"faces": {
				"north": {"uv": [4.5, 7.25, 4.75, 9.5], "texture": "#0"},
				"east": {"uv": [0, 5, 2.5, 7.25], "texture": "#0"},
				"south": {"uv": [4.75, 7.25, 5, 9.5], "texture": "#0"},
				"west": {"uv": [5, 0, 7.5, 2.25], "texture": "#0"},
				"up": {"uv": [4.25, 9.75, 4, 7.25], "texture": "#0"},
				"down": {"uv": [4.5, 7.25, 4.25, 9.75], "texture": "#0"}
			}
		},
		{
			"from": [13, 2, 3],
			"to": [14, 11, 13],
			"rotation": {"angle": 0, "axis": "y", "origin": [8, 2, 8]},
			"faces": {
				"north": {"uv": [4.75, 7.25, 5, 9.5], "texture": "#0"},
				"east": {"uv": [5, 0, 7.5, 2.25], "texture": "#0"},
				"south": {"uv": [4.5, 7.25, 4.75, 9.5], "texture": "#0"},
				"west": {"uv": [0, 5, 2.5, 7.25], "texture": "#0"},
				"up": {"uv": [4.25, 9.75, 4, 7.25], "rotation": 180, "texture": "#0"},
				"down": {"uv": [4.5, 7.25, 4.25, 9.75], "rotation": 180, "texture": "#0"}
			}
		},
		{
			"from": [14.025, 4, 5],
			"to": [14.025, 9, 11],
			"rotation": {"angle": 0, "axis": "y", "origin": [8.025, 2, 8]},
			"faces": {
				"north": {"uv": [4.75, 7.25, 5, 9.5], "texture": "#0"},
				"east": {"uv": [0, 0, 2.5, 2.25], "texture": "#0"},
				"south": {"uv": [4.5, 7.25, 4.75, 9.5], "texture": "#0"},
				"west": {"uv": [0, 5, 2.5, 7.25], "texture": "#0"},
				"up": {"uv": [4.25, 9.75, 4, 7.25], "rotation": 180, "texture": "#0"},
				"down": {"uv": [4.5, 7.25, 4.25, 9.75], "rotation": 180, "texture": "#0"}
			}
		},
		{
			"from": [1.925, 4, 5],
			"to": [1.925, 9, 11],
			"rotation": {"angle": 0, "axis": "y", "origin": [7.925, 2, 8]},
			"faces": {
				"north": {"uv": [4.5, 7.25, 4.75, 9.5], "texture": "#0"},
				"east": {"uv": [0, 5, 2.5, 7.25], "texture": "#0"},
				"south": {"uv": [4.75, 7.25, 5, 9.5], "texture": "#0"},
				"west": {"uv": [0, 0, 2.5, 2.25], "texture": "#0"},
				"up": {"uv": [4.25, 9.75, 4, 7.25], "texture": "#0"},
				"down": {"uv": [4.5, 7.25, 4.25, 9.75], "texture": "#0"}
			}
		},
		{
			"from": [3, 2, 2],
			"to": [13, 11, 3],
			"rotation": {"angle": 0, "axis": "y", "origin": [8, 2, 7]},
			"faces": {
				"north": {"uv": [5, 2.25, 7.5, 4.5], "texture": "#0"},
				"east": {"uv": [6.75, 7.5, 7, 9.75], "texture": "#0"},
				"south": {"uv": [2.5, 5, 5, 7.25], "texture": "#0"},
				"west": {"uv": [7, 7.5, 7.25, 9.75], "texture": "#0"},
				"up": {"uv": [10, 2.25, 7.5, 2], "texture": "#0"},
				"down": {"uv": [10, 2.25, 7.5, 2.5], "texture": "#0"}
			}
		},
		{
			"from": [3, 2, 13],
			"to": [13, 11, 14],
			"rotation": {"angle": 0, "axis": "y", "origin": [8, 2, 9]},
			"faces": {
				"north": {"uv": [2.5, 5, 5, 7.25], "texture": "#0"},
				"east": {"uv": [7, 7.5, 7.25, 9.75], "texture": "#0"},
				"south": {"uv": [5, 2.25, 7.5, 4.5], "texture": "#0"},
				"west": {"uv": [6.75, 7.5, 7, 9.75], "texture": "#0"},
				"up": {"uv": [10, 2.25, 7.5, 2], "rotation": 180, "texture": "#0"},
				"down": {"uv": [10, 2.25, 7.5, 2.5], "rotation": 180, "texture": "#0"}
			}
		}
	],
	"display": {
		"thirdperson_righthand": {
			"rotation": [59.5, 26, 0],
			"translation": [0, -3, -3.5],
			"scale": [0.6, 0.6, 0.6]
		},
		"thirdperson_lefthand": {
			"rotation": [59.5, 26, 0],
			"translation": [0, -3, -3.5],
			"scale": [0.6, 0.6, 0.6]
		},
		"firstperson_righthand": {
			"rotation": [0, 104, 0],
			"translation": [0, 3, 2],
			"scale": [0.5, 0.5, 0.5]
		},
		"firstperson_lefthand": {
			"rotation": [0, 104, 0],
			"translation": [0, 3, 2],
			"scale": [0.5, 0.5, 0.5]
		},
		"ground": {
			"translation": [0, 3.25, 0],
			"scale": [0.8, 0.8, 0.8]
		},
		"gui": {
			"rotation": [33, -146, 0],
			"scale": [0.8, 0.8, 0.8]
		},
		"head": {
			"translation": [0, -34, 0],
			"scale": [1.4, 1.4, 1.4]
		},
		"fixed": {
			"translation": [0, 0, -4.75]
		}
	}
}