{
	"credit": " (C)ArtsByKev, https://youtube.com/c/artsbykev & https://twitter.com/artsbykev - Using Blockbench",
	"parent": "minecraft:artsbykev_cos/hats/beta_visor",
	"textures": {
		"0": "artsbykev_cos/beta_visor_camo"
	},
	"display": {
		"thirdperson_righthand": {
			"rotation": [35, 39, 0],
			"translation": [-1.75, 1.25, -2],
			"scale": [0.4, 0.4, 0.4]
		},
		"thirdperson_lefthand": {
			"rotation": [35, 39, 0],
			"translation": [-1.75, 1.25, -2],
			"scale": [0.4, 0.4, 0.4]
		},
		"firstperson_righthand": {
			"rotation": [17, 104, -5],
			"translation": [0.25, 4.5, -0.75],
			"scale": [0.5, 0.5, 0.5]
		},
		"firstperson_lefthand": {
			"rotation": [17, 104, -5],
			"translation": [0.25, 4.5, -0.75],
			"scale": [0.5, 0.5, 0.5]
		},
		"ground": {
			"translation": [0, 3, 0],
			"scale": [0.5, 0.5, 0.5]
		},
		"gui": {
			"rotation": [29, -11, 11],
			"translation": [0, -0.5, 0],
			"scale": [0.5, 0.5, 0.5]
		},
		"head": {
			"scale": [0.92, 0.92, 0.92]
		},
		"fixed": {
			"translation": [0, 0, -8]
		}
	}
}