{
	"credit": " (C)ArtsByKev, https://youtube.com/c/artsbykev & https://twitter.com/artsbykev - Using Blockbench",
	"ambientocclusion": false,
	"texture_size": [64, 64],
	"textures": {
		"0": "Desktop/beta_visor_teal",
		"particle": "Desktop/beta_visor_teal"
	},
	"elements": [
		{
			"from": [0, 0, 0],
			"to": [16, 16, 16],
			"faces": {
				"north": {"uv": [0, 0, 4, 4], "texture": "#0"},
				"east": {"uv": [0, 4, 4, 8], "texture": "#0"},
				"south": {"uv": [4, 0, 8, 4], "texture": "#0"},
				"west": {"uv": [4, 4, 8, 8], "texture": "#0"},
				"up": {"uv": [4, 12, 0, 8], "texture": "#0"},
				"down": {"uv": [12, 0, 8, 4], "texture": "#0"}
			}
		},
		{
			"from": [6, 12, -3],
			"to": [10, 17.375, -0.5],
			"rotation": {"angle": 22.5, "axis": "x", "origin": [7.5, 12, -3]},
			"faces": {
				"north": {"uv": [14.75, 0, 15.75, 1.5], "texture": "#0"},
				"east": {"uv": [14.25, 9.75, 14.75, 11.25], "texture": "#0"},
				"south": {"uv": [14.875, 1.5, 15.875, 3], "texture": "#0"},
				"west": {"uv": [14.25, 9.75, 14.75, 11.25], "texture": "#0"},
				"up": {"uv": [15.5, 12, 14.5, 11.5], "texture": "#0"},
				"down": {"uv": [10.5, 0, 9.25, 0.5], "texture": "#0"}
			}
		},
		{
			"from": [2, 6, 16],
			"to": [14, 14, 17],
			"rotation": {"angle": 0, "axis": "y", "origin": [8, 11.5, 17]},
			"faces": {
				"north": {"uv": [4, 8, 7, 10], "texture": "#0"},
				"east": {"uv": [1.75, 13.25, 2, 15.25], "texture": "#0"},
				"south": {"uv": [8, 4, 11, 6], "texture": "#0"},
				"west": {"uv": [6, 13.25, 6.25, 15.25], "texture": "#0"},
				"up": {"uv": [15, 4, 12, 3.75], "texture": "#0"},
				"down": {"uv": [16, 6.5, 13, 6.75], "texture": "#0"}
			}
		},
		{
			"from": [3, 1, 16],
			"to": [13, 4, 17],
			"rotation": {"angle": 0, "axis": "y", "origin": [8, 6.5, 17]},
			"faces": {
				"north": {"uv": [11, 5, 13.5, 5.75], "texture": "#0"},
				"east": {"uv": [7.75, 12, 8, 12.75], "texture": "#0"},
				"south": {"uv": [10.75, 11.25, 13.25, 12], "texture": "#0"},
				"west": {"uv": [12.25, 9.25, 12.5, 10], "texture": "#0"},
				"up": {"uv": [15.5, 7.75, 13, 7.5], "texture": "#0"},
				"down": {"uv": [15.75, 11.25, 13.25, 11.5], "texture": "#0"}
			}
		},
		{
			"from": [4, 4, 16],
			"to": [12, 12, 18],
			"rotation": {"angle": 0, "axis": "y", "origin": [8, 6.5, 17]},
			"faces": {
				"north": {"uv": [6, 10, 8, 12], "texture": "#0"},
				"east": {"uv": [10.25, 12.25, 10.75, 14.25], "texture": "#0"},
				"south": {"uv": [10, 6, 12, 8], "texture": "#0"},
				"west": {"uv": [12.5, 9.25, 13, 11.25], "texture": "#0"},
				"up": {"uv": [13.75, 13, 11.75, 12.5], "texture": "#0"},
				"down": {"uv": [2, 12.75, 0, 13.25], "texture": "#0"}
			}
		},
		{
			"from": [4.01, 1.01, 16.01],
			"to": [11.99, 3.99, 17.99],
			"rotation": {"angle": 22.5, "axis": "x", "origin": [8, 4, 18]},
			"faces": {
				"north": {"uv": [4.75, 12, 6.75, 12.75], "texture": "#0"},
				"east": {"uv": [13.75, 12, 14.25, 12.75], "texture": "#0"},
				"south": {"uv": [12, 5.75, 14, 6.5], "texture": "#0"},
				"west": {"uv": [12.25, 13.75, 12.75, 14.5], "texture": "#0"},
				"up": {"uv": [14.25, 8.75, 12.25, 8.25], "texture": "#0"},
				"down": {"uv": [14.25, 8.75, 12.25, 9.25], "texture": "#0"}
			}
		},
		{
			"from": [2, 15.5, 7],
			"to": [14, 17.5, 11],
			"rotation": {"angle": 0, "axis": "y", "origin": [0, 1.5, 0]},
			"faces": {
				"north": {"uv": [12, 2.75, 15, 3.25], "texture": "#0"},
				"east": {"uv": [13.75, 0.75, 14.75, 1.25], "texture": "#0"},
				"south": {"uv": [12, 3.25, 15, 3.75], "texture": "#0"},
				"west": {"uv": [13.75, 1.25, 14.75, 1.75], "texture": "#0"},
				"up": {"uv": [11, 11, 8, 10], "texture": "#0"},
				"down": {"uv": [14, 4, 11, 5], "texture": "#0"}
			}
		},
		{
			"from": [-3, 5, 5],
			"to": [0, 13, 13],
			"rotation": {"angle": 0, "axis": "y", "origin": [-1.5, 9, 9]},
			"faces": {
				"north": {"uv": [12, 0.75, 12.75, 2.75], "texture": "#0"},
				"east": {"uv": [9, 8, 11, 10], "texture": "#0"},
				"south": {"uv": [2.5, 12, 3.25, 14], "texture": "#0"},
				"west": {"uv": [4, 10, 6, 12], "texture": "#0"},
				"up": {"uv": [4, 14, 3.25, 12], "texture": "#0"},
				"down": {"uv": [4.75, 12, 4, 14], "texture": "#0"}
			}
		},
		{
			"from": [16, 5, 5],
			"to": [19, 13, 13],
			"rotation": {"angle": 0, "axis": "y", "origin": [17.5, 9, 9]},
			"faces": {
				"north": {"uv": [12.75, 0.75, 12, 2.75], "texture": "#0"},
				"east": {"uv": [6, 10, 4, 12], "texture": "#0"},
				"south": {"uv": [3.25, 12, 2.5, 14], "texture": "#0"},
				"west": {"uv": [11, 8, 9, 10], "texture": "#0"},
				"up": {"uv": [3.25, 14, 4, 12], "texture": "#0"},
				"down": {"uv": [4, 12, 4.75, 14], "texture": "#0"}
			}
		},
		{
			"from": [-2, 12.5, 12],
			"to": [-1, 20.5, 13],
			"rotation": {"angle": 45, "axis": "x", "origin": [-1, 12.5, 12]},
			"faces": {
				"north": {"uv": [1, 13.75, 1.25, 15.75], "texture": "#0"},
				"east": {"uv": [5.75, 13.75, 6, 15.75], "texture": "#0"},
				"south": {"uv": [7.75, 13.75, 8, 15.75], "texture": "#0"},
				"west": {"uv": [8, 13.75, 8.25, 15.75], "texture": "#0"},
				"up": {"uv": [11, 11.25, 10.75, 11], "texture": "#0"},
				"down": {"uv": [12.25, 7.75, 12, 8], "texture": "#0"}
			}
		},
		{
			"from": [-2.2, 20.3, 11.8],
			"to": [-0.8, 21.7, 13.2],
			"rotation": {"angle": 45, "axis": "x", "origin": [-1, 12.5, 12]},
			"faces": {
				"north": {"uv": [7.75, 12.75, 8, 13], "texture": "#0"},
				"east": {"uv": [8.75, 14, 9, 14.25], "texture": "#0"},
				"south": {"uv": [9, 14, 9.25, 14.25], "texture": "#0"},
				"west": {"uv": [10.75, 14, 11, 14.25], "texture": "#0"},
				"up": {"uv": [11.25, 14.25, 11, 14], "texture": "#0"},
				"down": {"uv": [11.5, 14, 11.25, 14.25], "texture": "#0"}
			}
		},
		{
			"from": [-2.275, 15.35, 6.35],
			"to": [2.025, 17.65, 11.65],
			"rotation": {"angle": 22.5, "axis": "z", "origin": [1.875, 17.5, 9.5]},
			"faces": {
				"north": {"uv": [6.75, 13.25, 7.75, 13.75], "texture": "#0"},
				"east": {"uv": [13, 10.25, 14.25, 10.75], "texture": "#0"},
				"south": {"uv": [0, 13.75, 1, 14.25], "texture": "#0"},
				"west": {"uv": [13, 10.75, 14.25, 11.25], "texture": "#0"},
				"up": {"uv": [13, 7.75, 12, 6.5], "texture": "#0"},
				"down": {"uv": [7.75, 12, 6.75, 13.25], "texture": "#0"}
			}
		},
		{
			"from": [13.975, 15.35, 6.35],
			"to": [18.275, 17.65, 11.65],
			"rotation": {"angle": -22.5, "axis": "z", "origin": [14.125, 17.5, 9.5]},
			"faces": {
				"north": {"uv": [7.75, 13.25, 6.75, 13.75], "texture": "#0"},
				"east": {"uv": [14.25, 10.75, 13, 11.25], "texture": "#0"},
				"south": {"uv": [1, 13.75, 0, 14.25], "texture": "#0"},
				"west": {"uv": [14.25, 10.25, 13, 10.75], "texture": "#0"},
				"up": {"uv": [12, 7.75, 13, 6.5], "texture": "#0"},
				"down": {"uv": [6.75, 12, 7.75, 13.25], "texture": "#0"}
			}
		},
		{
			"from": [-2, 13, 7],
			"to": [0, 16, 11],
			"rotation": {"angle": 0, "axis": "y", "origin": [-4, 8, 0]},
			"faces": {
				"north": {"uv": [8.25, 13.75, 8.75, 14.5], "texture": "#0"},
				"east": {"uv": [12.75, 0.75, 13.75, 1.5], "texture": "#0"},
				"south": {"uv": [11.75, 13.75, 12.25, 14.5], "texture": "#0"},
				"west": {"uv": [12.75, 1.5, 13.75, 2.25], "texture": "#0"},
				"up": {"uv": [9.25, 14, 8.75, 13], "texture": "#0"},
				"down": {"uv": [1.75, 13.25, 1.25, 14.25], "texture": "#0"}
			}
		},
		{
			"from": [16, 13, 7],
			"to": [18, 16, 11],
			"rotation": {"angle": 0, "axis": "y", "origin": [20, 8, 0]},
			"faces": {
				"north": {"uv": [8.75, 13.75, 8.25, 14.5], "texture": "#0"},
				"east": {"uv": [13.75, 1.5, 12.75, 2.25], "texture": "#0"},
				"south": {"uv": [12.25, 13.75, 11.75, 14.5], "texture": "#0"},
				"west": {"uv": [13.75, 0.75, 12.75, 1.5], "texture": "#0"},
				"up": {"uv": [8.75, 14, 9.25, 13], "texture": "#0"},
				"down": {"uv": [1.25, 13.25, 1.75, 14.25], "texture": "#0"}
			}
		},
		{
			"from": [4, 5, -2],
			"to": [12, 13, 0],
			"rotation": {"angle": 0, "axis": "y", "origin": [0, 0, -2]},
			"faces": {
				"north": {"uv": [8, 6, 10, 8], "texture": "#0"},
				"east": {"uv": [10.75, 12, 11.25, 14], "texture": "#0"},
				"south": {"uv": [7, 8, 9, 10], "texture": "#0"},
				"west": {"uv": [11.25, 12, 11.75, 14], "texture": "#0"},
				"up": {"uv": [13.75, 12.5, 11.75, 12], "texture": "#0"},
				"down": {"uv": [14.25, 7.75, 12.25, 8.25], "texture": "#0"}
			}
		},
		{
			"from": [3, 11, -4.5],
			"to": [13, 12, -1.5],
			"rotation": {"angle": 0, "axis": "y", "origin": [0, 0, -4.5]},
			"faces": {
				"north": {"uv": [13.5, 5.5, 16, 5.75], "texture": "#0"},
				"east": {"uv": [14, 5.75, 14.75, 6], "texture": "#0"},
				"south": {"uv": [11.75, 13.5, 14.25, 13.75], "texture": "#0"},
				"west": {"uv": [14, 6, 14.75, 6.25], "texture": "#0"},
				"up": {"uv": [2.5, 12.75, 0, 12], "texture": "#0"},
				"down": {"uv": [14.5, 0, 12, 0.75], "texture": "#0"}
			}
		},
		{
			"from": [5, 0, -2],
			"to": [11, 5, 0],
			"rotation": {"angle": 0, "axis": "y", "origin": [0, -8, -2]},
			"faces": {
				"north": {"uv": [9.25, 11, 10.75, 12.25], "texture": "#0"},
				"east": {"uv": [2, 12.75, 2.5, 14], "texture": "#0"},
				"south": {"uv": [11, 10, 12.5, 11.25], "texture": "#0"},
				"west": {"uv": [6.25, 12.75, 6.75, 14], "texture": "#0"},
				"up": {"uv": [14.25, 2.75, 12.75, 2.25], "texture": "#0"},
				"down": {"uv": [6.25, 12.75, 4.75, 13.25], "texture": "#0"}
			}
		},
		{
			"from": [6.001, -0.999, -2.999],
			"to": [9.999, 0.999, -2.001],
			"rotation": {"angle": 0, "axis": "y", "origin": [8, 0, -2]},
			"faces": {
				"north": {"uv": [13.75, 1.75, 14.75, 2.25], "texture": "#0"},
				"east": {"uv": [4.5, 14, 4.75, 14.5], "texture": "#0"},
				"south": {"uv": [4.75, 13.75, 5.75, 14.25], "texture": "#0"},
				"west": {"uv": [6.25, 14, 6.5, 14.5], "texture": "#0"},
				"up": {"uv": [12, 6, 11, 5.75], "texture": "#0"},
				"down": {"uv": [4, 14, 3, 14.25], "texture": "#0"}
			}
		},
		{
			"from": [6, 1, -3],
			"to": [10, 4, -2],
			"rotation": {"angle": 22.5, "axis": "x", "origin": [8, 1, -3]},
			"faces": {
				"north": {"uv": [13, 6.75, 14, 7.5], "texture": "#0"},
				"east": {"uv": [4, 14, 4.25, 14.75], "texture": "#0"},
				"south": {"uv": [7.75, 13, 8.75, 13.75], "texture": "#0"},
				"west": {"uv": [4.25, 14, 4.5, 14.75], "texture": "#0"},
				"up": {"uv": [15, 4.25, 14, 4], "texture": "#0"},
				"down": {"uv": [15, 4.25, 14, 4.5], "texture": "#0"}
			}
		},
		{
			"from": [-0.999, 5.001, -1.999],
			"to": [3.999, 12.999, -0.001],
			"rotation": {"angle": 22.5, "axis": "y", "origin": [4, 0, -2]},
			"faces": {
				"north": {"uv": [8, 11, 9.25, 13], "texture": "#0"},
				"east": {"uv": [9.25, 12.25, 9.75, 14.25], "texture": "#0"},
				"south": {"uv": [11, 8, 12.25, 10], "texture": "#0"},
				"west": {"uv": [9.75, 12.25, 10.25, 14.25], "texture": "#0"},
				"up": {"uv": [14.25, 9.75, 13, 9.25], "texture": "#0"},
				"down": {"uv": [14.25, 9.75, 13, 10.25], "texture": "#0"}
			}
		},
		{
			"from": [12.001, 5.001, -1.999],
			"to": [16.999, 12.999, -0.001],
			"rotation": {"angle": -22.5, "axis": "y", "origin": [12, 0, -2]},
			"faces": {
				"north": {"uv": [9.25, 11, 8, 13], "texture": "#0"},
				"east": {"uv": [10.25, 12.25, 9.75, 14.25], "texture": "#0"},
				"south": {"uv": [12.25, 8, 11, 10], "texture": "#0"},
				"west": {"uv": [9.75, 12.25, 9.25, 14.25], "texture": "#0"},
				"up": {"uv": [13, 9.75, 14.25, 9.25], "texture": "#0"},
				"down": {"uv": [13, 9.75, 14.25, 10.25], "texture": "#0"}
			}
		},
		{
			"from": [3.01, 11.01, -4.49],
			"to": [4.99, 11.99, -0.51],
			"rotation": {"angle": -22.5, "axis": "y", "origin": [3, 0, -4.5]},
			"faces": {
				"north": {"uv": [14, 6.25, 14.5, 6.5], "texture": "#0"},
				"east": {"uv": [14, 4.5, 15, 4.75], "texture": "#0"},
				"south": {"uv": [14, 7.25, 14.5, 7.5], "texture": "#0"},
				"west": {"uv": [14, 4.75, 15, 5], "texture": "#0"},
				"up": {"uv": [7.25, 14.75, 6.75, 13.75], "texture": "#0"},
				"down": {"uv": [7.75, 13.75, 7.25, 14.75], "texture": "#0"}
			}
		},
		{
			"from": [11.01, 11.01, -4.49],
			"to": [12.99, 11.99, -0.51],
			"rotation": {"angle": 22.5, "axis": "y", "origin": [13, 0, -4.5]},
			"faces": {
				"north": {"uv": [14.5, 6.25, 14, 6.5], "texture": "#0"},
				"east": {"uv": [15, 4.75, 14, 5], "texture": "#0"},
				"south": {"uv": [14.5, 7.25, 14, 7.5], "texture": "#0"},
				"west": {"uv": [15, 4.5, 14, 4.75], "texture": "#0"},
				"up": {"uv": [6.75, 14.75, 7.25, 13.75], "texture": "#0"},
				"down": {"uv": [7.25, 13.75, 7.75, 14.75], "texture": "#0"}
			}
		},
		{
			"from": [0.001, 0.001, -1.999],
			"to": [4.999, 1.999, -0.001],
			"rotation": {"angle": 22.5, "axis": "y", "origin": [5, -5, -2]},
			"faces": {
				"north": {"uv": [11.75, 13, 13, 13.5], "texture": "#0"},
				"east": {"uv": [2, 14, 2.5, 14.5], "texture": "#0"},
				"south": {"uv": [13, 13, 14.25, 13.5], "texture": "#0"},
				"west": {"uv": [2.5, 14, 3, 14.5], "texture": "#0"},
				"up": {"uv": [1.25, 13.75, 0, 13.25], "texture": "#0"},
				"down": {"uv": [6, 13.25, 4.75, 13.75], "texture": "#0"}
			}
		},
		{
			"from": [11.001, 0.001, -1.999],
			"to": [15.999, 1.999, -0.001],
			"rotation": {"angle": -22.5, "axis": "y", "origin": [11, -5, -2]},
			"faces": {
				"north": {"uv": [13, 13, 11.75, 13.5], "texture": "#0"},
				"east": {"uv": [3, 14, 2.5, 14.5], "texture": "#0"},
				"south": {"uv": [14.25, 13, 13, 13.5], "texture": "#0"},
				"west": {"uv": [2.5, 14, 2, 14.5], "texture": "#0"},
				"up": {"uv": [0, 13.75, 1.25, 13.25], "texture": "#0"},
				"down": {"uv": [4.75, 13.25, 6, 13.75], "texture": "#0"}
			}
		},
		{
			"from": [1.001, -0.999, -2.999],
			"to": [5.999, 0.999, -2.001],
			"rotation": {"angle": 22.5, "axis": "y", "origin": [6, -6, -3]},
			"faces": {
				"north": {"uv": [13.25, 11.5, 14.5, 12], "texture": "#0"},
				"east": {"uv": [6.5, 14, 6.75, 14.5], "texture": "#0"},
				"south": {"uv": [13.5, 5, 14.75, 5.5], "texture": "#0"},
				"west": {"uv": [14, 6.75, 14.25, 7.25], "texture": "#0"},
				"up": {"uv": [14, 14, 12.75, 13.75], "texture": "#0"},
				"down": {"uv": [15, 12.75, 13.75, 13], "texture": "#0"}
			}
		},
		{
			"from": [10.001, -0.999, -2.999],
			"to": [14.999, 0.999, -2.001],
			"rotation": {"angle": -22.5, "axis": "y", "origin": [10, -6, -3]},
			"faces": {
				"north": {"uv": [14.5, 11.5, 13.25, 12], "texture": "#0"},
				"east": {"uv": [14.25, 6.75, 14, 7.25], "texture": "#0"},
				"south": {"uv": [14.75, 5, 13.5, 5.5], "texture": "#0"},
				"west": {"uv": [6.75, 14, 6.5, 14.5], "texture": "#0"},
				"up": {"uv": [12.75, 14, 14, 13.75], "texture": "#0"},
				"down": {"uv": [13.75, 12.75, 15, 13], "texture": "#0"}
			}
		}
	],
	"display": {
		"thirdperson_righthand": {
			"rotation": [35, 39, 0],
			"translation": [-1.75, 1.25, -2],
			"scale": [0.4, 0.4, 0.4]
		},
		"thirdperson_lefthand": {
			"rotation": [35, 39, 0],
			"translation": [-1.75, 1.25, -2],
			"scale": [0.4, 0.4, 0.4]
		},
		"firstperson_righthand": {
			"rotation": [17, 104, -5],
			"translation": [0.25, 4.5, -0.75],
			"scale": [0.5, 0.5, 0.5]
		},
		"firstperson_lefthand": {
			"rotation": [17, 104, -5],
			"translation": [0.25, 4.5, -0.75],
			"scale": [0.5, 0.5, 0.5]
		},
		"ground": {
			"translation": [0, 3, 0],
			"scale": [0.5, 0.5, 0.5]
		},
		"gui": {
			"rotation": [29, -11, 11],
			"translation": [0, -0.5, 0],
			"scale": [0.5, 0.5, 0.5]
		},
		"head": {
			"scale": [0.92, 0.92, 0.92]
		},
		"fixed": {
			"translation": [0, 0, -8]
		}
	}
}