{
	"credit": "Made by ArtsByKev - Minecraft Content Creator: https://www.youtube.com/c/artsbykev - Tweet at: https://www.twitter.com/artsbykev",
	"texture_size": [64, 64],
	"textures": {
		"0": "artsbykev_cos/cannibal_mask",
		"particle": "artsbykev_cos/cannibal_mask"
	},
	"elements": [
		{
			"from": [1, 2, 0],
			"to": [15, 16, 1],
			"faces": {
				"north": {"uv": [3.75, 0, 7.25, 3.5], "texture": "#0"},
				"east": {"uv": [10.75, 0, 11, 3.5], "texture": "#0"},
				"south": {"uv": [3.75, 3.5, 7.25, 7], "texture": "#0"},
				"west": {"uv": [10.75, 10, 11, 13.5], "texture": "#0"},
				"up": {"uv": [13.75, 5.25, 10.25, 5], "texture": "#0"},
				"down": {"uv": [13.75, 5.25, 10.25, 5.5], "texture": "#0"}
			}
		},
		{
			"from": [-12, 8, 1],
			"to": [0, 20, 1],
			"rotation": {"angle": 22.5, "axis": "y", "origin": [0, 8, 1]},
			"faces": {
				"north": {"uv": [3.5, 12.875, 6.5, 15.875], "texture": "#0"},
				"east": {"uv": [0.25, 15, 0.625, 15.25], "texture": "#0"},
				"south": {"uv": [6.5, 12.875, 3.5, 15.875], "texture": "#0"},
				"west": {"uv": [0.625, 15.375, 0.875, 15.75], "texture": "#0"},
				"up": {"uv": [1, 15.25, 0.625, 15.5], "texture": "#0"},
				"down": {"uv": [0.5, 15.375, 0.25, 15.625], "texture": "#0"}
			}
		},
		{
			"from": [-4, 15.5, -1.25],
			"to": [8, 27.5, -1.25],
			"rotation": {"angle": 22.5, "axis": "y", "origin": [8, 15.5, -1.25]},
			"faces": {
				"north": {"uv": [3.5, 12.875, 6.5, 15.875], "texture": "#0"},
				"east": {"uv": [0.875, 12.625, 0.875, 15.625], "texture": "#0"},
				"south": {"uv": [6.5, 12.875, 3.5, 15.875], "texture": "#0"},
				"west": {"uv": [0.75, 12.75, 0.75, 15.75], "texture": "#0"},
				"up": {"uv": [3.125, 15.375, 0.125, 15.375], "texture": "#0"},
				"down": {"uv": [3.375, 15.25, 0.375, 15.25], "texture": "#0"}
			}
		},
		{
			"from": [-13, 16, 0],
			"to": [2, 31, 0],
			"rotation": {"angle": 45, "axis": "y", "origin": [2, 16, 0]},
			"faces": {
				"north": {"uv": [12.125, 12.125, 15.875, 15.875], "texture": "#0"},
				"east": {"uv": [0.875, 12.25, 0.875, 16], "texture": "#0"},
				"south": {"uv": [15.875, 12.125, 12.125, 15.875], "texture": "#0"},
				"west": {"uv": [0.75, 12.25, 0.75, 16], "texture": "#0"},
				"up": {"uv": [3.75, 14.5, 0, 14.5], "texture": "#0"},
				"down": {"uv": [3.75, 14.125, 0, 14.125], "texture": "#0"}
			}
		},
		{
			"from": [-10, 16, 0],
			"to": [2, 27, 0],
			"rotation": {"angle": 22.5, "axis": "y", "origin": [2, 16, 0]},
			"faces": {
				"north": {"uv": [0.375, 4, 3.375, 6.75], "texture": "#0"},
				"east": {"uv": [0.5, 13.125, 0.5, 15.875], "texture": "#0"},
				"south": {"uv": [3.375, 4, 0.375, 6.75], "texture": "#0"},
				"west": {"uv": [0.75, 13, 0.75, 15.75], "texture": "#0"},
				"up": {"uv": [3.25, 14.875, 0.25, 14.875], "texture": "#0"},
				"down": {"uv": [3, 14.375, 0, 14.375], "texture": "#0"}
			}
		},
		{
			"from": [-9, 0, 0.75],
			"to": [0, 9, 0.75],
			"rotation": {"angle": 22.5, "axis": "y", "origin": [0, 9, 1]},
			"faces": {
				"north": {"uv": [0.625, 0.875, 2.875, 3.125], "texture": "#0"},
				"east": {"uv": [1, 13.5, 1, 15.75], "texture": "#0"},
				"south": {"uv": [2.875, 0.875, 0.625, 3.125], "texture": "#0"},
				"west": {"uv": [0.625, 13.125, 0.625, 15.375], "texture": "#0"},
				"up": {"uv": [2.875, 14.25, 0.625, 14.25], "texture": "#0"},
				"down": {"uv": [3, 14.375, 0.75, 14.375], "texture": "#0"}
			}
		},
		{
			"from": [-1, 14, -2.2],
			"to": [8, 23, -2.2],
			"rotation": {"angle": 22.5, "axis": "y", "origin": [8, 14, -2.2]},
			"faces": {
				"north": {"uv": [0.125, 13.625, 2.375, 15.875], "texture": "#0"},
				"east": {"uv": [0.125, 13.125, 0.125, 15.375], "texture": "#0"},
				"south": {"uv": [2.375, 13.625, 0.125, 15.875], "texture": "#0"},
				"west": {"uv": [0.25, 13.5, 0.25, 15.75], "texture": "#0"},
				"up": {"uv": [2.625, 14.75, 0.375, 14.75], "texture": "#0"},
				"down": {"uv": [2.25, 14.875, 0, 14.875], "texture": "#0"}
			}
		},
		{
			"from": [8, 15.5, -1.25],
			"to": [20, 27.5, -1.25],
			"rotation": {"angle": -22.5, "axis": "y", "origin": [8, 15.5, -1.25]},
			"faces": {
				"north": {"uv": [6.5, 12.875, 3.5, 15.875], "texture": "#0"},
				"east": {"uv": [0.75, 12.75, 0.75, 15.75], "texture": "#0"},
				"south": {"uv": [3.5, 12.875, 6.5, 15.875], "texture": "#0"},
				"west": {"uv": [0.875, 12.625, 0.875, 15.625], "texture": "#0"},
				"up": {"uv": [0.125, 15.375, 3.125, 15.375], "texture": "#0"},
				"down": {"uv": [0.375, 15.25, 3.375, 15.25], "texture": "#0"}
			}
		},
		{
			"from": [14, 16, 0],
			"to": [29, 31, 0],
			"rotation": {"angle": -45, "axis": "y", "origin": [14, 16, 0]},
			"faces": {
				"north": {"uv": [15.875, 12.125, 12.125, 15.875], "texture": "#0"},
				"east": {"uv": [0.75, 12.25, 0.75, 16], "texture": "#0"},
				"south": {"uv": [12.125, 12.125, 15.875, 15.875], "texture": "#0"},
				"west": {"uv": [0.875, 12.25, 0.875, 16], "texture": "#0"},
				"up": {"uv": [0, 14.5, 3.75, 14.5], "texture": "#0"},
				"down": {"uv": [0, 14.125, 3.75, 14.125], "texture": "#0"}
			}
		},
		{
			"from": [16, 0, 0.75],
			"to": [25, 9, 0.75],
			"rotation": {"angle": -22.5, "axis": "y", "origin": [16, 9, 1]},
			"faces": {
				"north": {"uv": [2.875, 0.875, 0.625, 3.125], "texture": "#0"},
				"east": {"uv": [0.625, 13.125, 0.625, 15.375], "texture": "#0"},
				"south": {"uv": [0.625, 0.875, 2.875, 3.125], "texture": "#0"},
				"west": {"uv": [1, 13.5, 1, 15.75], "texture": "#0"},
				"up": {"uv": [0.625, 14.25, 2.875, 14.25], "texture": "#0"},
				"down": {"uv": [0.75, 14.375, 3, 14.375], "texture": "#0"}
			}
		},
		{
			"from": [16, 8, 1],
			"to": [28, 20, 1],
			"rotation": {"angle": -22.5, "axis": "y", "origin": [16, 8, 1]},
			"faces": {
				"north": {"uv": [6.5, 12.875, 3.5, 15.875], "texture": "#0"},
				"east": {"uv": [0.875, 15.375, 0.625, 15.75], "texture": "#0"},
				"south": {"uv": [3.5, 12.875, 6.5, 15.875], "texture": "#0"},
				"west": {"uv": [0.625, 15, 0.25, 15.25], "texture": "#0"},
				"up": {"uv": [0.625, 15.25, 1, 15.5], "texture": "#0"},
				"down": {"uv": [0.25, 15.375, 0.5, 15.625], "texture": "#0"}
			}
		},
		{
			"from": [14, 16, 0],
			"to": [26, 27, 0],
			"rotation": {"angle": -22.5, "axis": "y", "origin": [14, 16, 0]},
			"faces": {
				"north": {"uv": [3.375, 4, 0.375, 6.75], "texture": "#0"},
				"east": {"uv": [0.75, 13, 0.75, 15.75], "texture": "#0"},
				"south": {"uv": [0.375, 4, 3.375, 6.75], "texture": "#0"},
				"west": {"uv": [0.5, 13.125, 0.5, 15.875], "texture": "#0"},
				"up": {"uv": [0.25, 14.875, 3.25, 14.875], "texture": "#0"},
				"down": {"uv": [0, 14.375, 3, 14.375], "texture": "#0"}
			}
		},
		{
			"from": [8, 14, -2.2],
			"to": [17, 23, -2.2],
			"rotation": {"angle": -22.5, "axis": "y", "origin": [8, 14, -2.2]},
			"faces": {
				"north": {"uv": [2.375, 13.625, 0.125, 15.875], "texture": "#0"},
				"east": {"uv": [0.25, 13.5, 0.25, 15.75], "texture": "#0"},
				"south": {"uv": [0.125, 13.625, 2.375, 15.875], "texture": "#0"},
				"west": {"uv": [0.125, 13.125, 0.125, 15.375], "texture": "#0"},
				"up": {"uv": [0.375, 14.75, 2.625, 14.75], "texture": "#0"},
				"down": {"uv": [0, 14.875, 2.25, 14.875], "texture": "#0"}
			}
		},
		{
			"from": [7, 13, -2.25],
			"to": [9, 15, -1.25],
			"rotation": {"angle": -45, "axis": "z", "origin": [8, 14, -2.25]},
			"faces": {
				"north": {"uv": [11.5, 0.5, 12, 1], "texture": "#0"},
				"east": {"uv": [11.5, 2.5, 11.75, 3], "texture": "#0"},
				"south": {"uv": [11.5, 2, 12, 2.5], "texture": "#0"},
				"west": {"uv": [11, 11.5, 11.25, 12], "texture": "#0"},
				"up": {"uv": [12, 11.25, 11.5, 11], "texture": "#0"},
				"down": {"uv": [11.75, 11.5, 11.25, 11.75], "texture": "#0"}
			}
		},
		{
			"from": [7, 15, -0.25],
			"to": [9, 17, 0.75],
			"rotation": {"angle": -45, "axis": "z", "origin": [8, 16, -0.25]},
			"faces": {
				"north": {"uv": [11.5, 0.5, 12, 1], "texture": "#0"},
				"east": {"uv": [11.5, 2.5, 11.75, 3], "texture": "#0"},
				"south": {"uv": [11.5, 2, 12, 2.5], "texture": "#0"},
				"west": {"uv": [11, 11.5, 11.25, 12], "texture": "#0"},
				"up": {"uv": [12, 11.25, 11.5, 11], "texture": "#0"},
				"down": {"uv": [11.75, 11.5, 11.25, 11.75], "texture": "#0"}
			}
		},
		{
			"from": [1, 15, -0.25],
			"to": [3, 17, 0.75],
			"rotation": {"angle": -45, "axis": "z", "origin": [2, 16, -0.25]},
			"faces": {
				"north": {"uv": [11.5, 1.5, 12, 2], "texture": "#0"},
				"east": {"uv": [11.75, 2.5, 12, 3], "texture": "#0"},
				"south": {"uv": [11.5, 2, 12, 2.5], "texture": "#0"},
				"west": {"uv": [11.25, 11.75, 11.5, 12.25], "texture": "#0"},
				"up": {"uv": [12, 11.5, 11.5, 11.25], "texture": "#0"},
				"down": {"uv": [12, 11.75, 11.5, 12], "texture": "#0"}
			}
		},
		{
			"from": [-1.25, 8, 0.75],
			"to": [0.75, 10, 1.75],
			"rotation": {"angle": 0, "axis": "z", "origin": [-0.25, 9, 0.75]},
			"faces": {
				"north": {"uv": [11.5, 1.5, 12, 2], "texture": "#0"},
				"east": {"uv": [11.75, 2.5, 12, 3], "texture": "#0"},
				"south": {"uv": [11.5, 2, 12, 2.5], "texture": "#0"},
				"west": {"uv": [11.25, 11.75, 11.5, 12.25], "texture": "#0"},
				"up": {"uv": [12, 11.5, 11.5, 11.25], "texture": "#0"},
				"down": {"uv": [12, 11.75, 11.5, 12], "texture": "#0"}
			}
		},
		{
			"from": [5, 4, -2],
			"to": [11, 14, 0],
			"rotation": {"angle": 0, "axis": "y", "origin": [8, 5, -1]},
			"faces": {
				"north": {"uv": [2.25, 7.5, 3.75, 10], "texture": "#0"},
				"east": {"uv": [9.75, 10, 10.25, 12.5], "texture": "#0"},
				"south": {"uv": [2.25, 10, 3.75, 12.5], "texture": "#0"},
				"west": {"uv": [10.25, 0, 10.75, 2.5], "texture": "#0"},
				"up": {"uv": [8.75, 6, 7.25, 5.5], "texture": "#0"},
				"down": {"uv": [8.75, 6, 7.25, 6.5], "texture": "#0"}
			}
		},
		{
			"from": [6, -2, -3],
			"to": [10, 11, -1],
			"rotation": {"angle": 0, "axis": "y", "origin": [8, -2, -2]},
			"faces": {
				"north": {"uv": [6.75, 10, 7.75, 13.25], "texture": "#0"},
				"east": {"uv": [8.75, 10, 9.25, 13.25], "texture": "#0"},
				"south": {"uv": [7.75, 10, 8.75, 13.25], "texture": "#0"},
				"west": {"uv": [9.25, 10, 9.75, 13.25], "texture": "#0"},
				"up": {"uv": [12, 3.5, 11, 3], "texture": "#0"},
				"down": {"uv": [12, 10, 11, 10.5], "texture": "#0"}
			}
		},
		{
			"from": [4, -2, -3],
			"to": [6, 4, -1],
			"rotation": {"angle": 22.5, "axis": "y", "origin": [6, -2, -3]},
			"faces": {
				"north": {"uv": [8.75, 5.5, 9.25, 7], "texture": "#0"},
				"east": {"uv": [9.25, 5.5, 9.75, 7], "texture": "#0"},
				"south": {"uv": [11, 0, 11.5, 1.5], "texture": "#0"},
				"west": {"uv": [11, 1.5, 11.5, 3], "texture": "#0"},
				"up": {"uv": [11.5, 11.5, 11, 11], "texture": "#0"},
				"down": {"uv": [12, 0, 11.5, 0.5], "texture": "#0"}
			}
		},
		{
			"from": [-1, 4, -2],
			"to": [5, 14, 0],
			"rotation": {"angle": 22.5, "axis": "y", "origin": [5, 5, -2]},
			"faces": {
				"north": {"uv": [3.75, 10, 5.25, 12.5], "texture": "#0"},
				"east": {"uv": [10.25, 2.5, 10.75, 5], "texture": "#0"},
				"south": {"uv": [5.25, 10, 6.75, 12.5], "texture": "#0"},
				"west": {"uv": [10.25, 10, 10.75, 12.5], "texture": "#0"},
				"up": {"uv": [8.75, 7, 7.25, 6.5], "texture": "#0"},
				"down": {"uv": [12.25, 3.5, 10.75, 4], "texture": "#0"}
			}
		},
		{
			"from": [0, 9, -3],
			"to": [6, 11, -2],
			"rotation": {"angle": 22.5, "axis": "y", "origin": [6, 4, -3]},
			"faces": {
				"north": {"uv": [10.75, 4, 12.25, 4.5], "texture": "#0"},
				"east": {"uv": [0, 12, 0.25, 12.5], "texture": "#0"},
				"south": {"uv": [10.75, 4.5, 12.25, 5], "texture": "#0"},
				"west": {"uv": [12, 0, 12.25, 0.5], "texture": "#0"},
				"up": {"uv": [12.5, 10.75, 11, 10.5], "texture": "#0"},
				"down": {"uv": [12.5, 10.75, 11, 11], "texture": "#0"}
			}
		},
		{
			"from": [11, 4, -2],
			"to": [17, 14, 0],
			"rotation": {"angle": -22.5, "axis": "y", "origin": [11, 5, -2]},
			"faces": {
				"north": {"uv": [5.25, 10, 3.75, 12.5], "texture": "#0"},
				"east": {"uv": [10.75, 10, 10.25, 12.5], "texture": "#0"},
				"south": {"uv": [6.75, 10, 5.25, 12.5], "texture": "#0"},
				"west": {"uv": [10.75, 2.5, 10.25, 5], "texture": "#0"},
				"up": {"uv": [7.25, 7, 8.75, 6.5], "texture": "#0"},
				"down": {"uv": [10.75, 3.5, 12.25, 4], "texture": "#0"}
			}
		},
		{
			"from": [10, 9, -3],
			"to": [16, 11, -2],
			"rotation": {"angle": -22.5, "axis": "y", "origin": [10, 4, -3]},
			"faces": {
				"north": {"uv": [12.25, 4, 10.75, 4.5], "texture": "#0"},
				"east": {"uv": [12.25, 0, 12, 0.5], "texture": "#0"},
				"south": {"uv": [12.25, 4.5, 10.75, 5], "texture": "#0"},
				"west": {"uv": [0.25, 12, 0, 12.5], "texture": "#0"},
				"up": {"uv": [11, 10.75, 12.5, 10.5], "texture": "#0"},
				"down": {"uv": [11, 10.75, 12.5, 11], "texture": "#0"}
			}
		},
		{
			"from": [10, -2, -3],
			"to": [12, 4, -1],
			"rotation": {"angle": -22.5, "axis": "y", "origin": [10, -2, -3]},
			"faces": {
				"north": {"uv": [9.25, 5.5, 8.75, 7], "texture": "#0"},
				"east": {"uv": [11.5, 1.5, 11, 3], "texture": "#0"},
				"south": {"uv": [11.5, 0, 11, 1.5], "texture": "#0"},
				"west": {"uv": [9.75, 5.5, 9.25, 7], "texture": "#0"},
				"up": {"uv": [11, 11.5, 11.5, 11], "texture": "#0"},
				"down": {"uv": [11.5, 0, 12, 0.5], "texture": "#0"}
			}
		},
		{
			"from": [13, 15, -0.25],
			"to": [15, 17, 0.75],
			"rotation": {"angle": 45, "axis": "z", "origin": [14, 16, -0.25]},
			"faces": {
				"north": {"uv": [12, 1.5, 11.5, 2], "texture": "#0"},
				"east": {"uv": [11.5, 11.75, 11.25, 12.25], "texture": "#0"},
				"south": {"uv": [12, 2, 11.5, 2.5], "texture": "#0"},
				"west": {"uv": [12, 2.5, 11.75, 3], "texture": "#0"},
				"up": {"uv": [11.5, 11.5, 12, 11.25], "texture": "#0"},
				"down": {"uv": [11.5, 11.75, 12, 12], "texture": "#0"}
			}
		}
	],
	"display": {
		"thirdperson_righthand": {
			"rotation": [45, -65, 0],
			"translation": [-4.75, -1, 0],
			"scale": [0.4, 0.4, 0.4]
		},
		"thirdperson_lefthand": {
			"rotation": [45, -65, 0],
			"translation": [-4.75, -1, 0],
			"scale": [0.4, 0.4, 0.4]
		},
		"firstperson_righthand": {
			"rotation": [36, 101, -16],
			"translation": [2.5, 4.75, -2.75],
			"scale": [0.4, 0.4, 0.4]
		},
		"firstperson_lefthand": {
			"rotation": [36, 101, -16],
			"translation": [2.5, 4.75, -2.75],
			"scale": [0.4, 0.4, 0.4]
		},
		"ground": {
			"translation": [0, 2, 0],
			"scale": [0.3, 0.3, 0.3]
		},
		"gui": {
			"rotation": [26, 151, 0],
			"translation": [1.25, -0.75, 0],
			"scale": [0.4, 0.4, 0.4]
		}
	}
}