{
	"credit": " (C)ArtsByKev, https://youtube.com/c/artsbykev & https://twitter.com/artsbykev - Using Blockbench",
	"texture_size": [128, 128],
	"textures": {
		"0": "item/hats/champion_hat",
		"particle": "item/hats/champion_hat"
	},
	"elements": [
		{
			"from": [0, 0, -1],
			"to": [16, 2, 1],
			"rotation": {"angle": 0, "axis": "y", "origin": [8, 1, 0]},
			"faces": {
				"north": {"uv": [5.5, 5.25, 7.5, 5.5], "texture": "#0"},
				"east": {"uv": [4.875, 7.75, 5.125, 8], "texture": "#0"},
				"south": {"uv": [6.875, 3.375, 8.875, 3.625], "texture": "#0"},
				"west": {"uv": [5.125, 7.75, 5.375, 8], "texture": "#0"},
				"up": {"uv": [8.875, 3.875, 6.875, 3.625], "texture": "#0"},
				"down": {"uv": [8.875, 3.875, 6.875, 4.125], "texture": "#0"}
			}
		},
		{
			"from": [1, 1.5, 1],
			"to": [15, 2.5, 14],
			"rotation": {"angle": 0, "axis": "y", "origin": [8, 1.5, 1]},
			"faces": {
				"north": {"uv": [2.625, 2.5, 4.375, 2.625], "texture": "#0"},
				"east": {"uv": [7.25, 4.875, 8.875, 5], "texture": "#0"},
				"south": {"uv": [6.875, 4.125, 8.625, 4.25], "texture": "#0"},
				"west": {"uv": [7.25, 5, 8.875, 5.125], "texture": "#0"},
				"up": {"uv": [1.75, 4.625, 0, 3], "texture": "#0"},
				"down": {"uv": [3.5, 3.875, 1.75, 5.5], "texture": "#0"}
			}
		},
		{
			"from": [0, -8, -1],
			"to": [0, 0, 14],
			"rotation": {"angle": 0, "axis": "y", "origin": [7, -1, 1]},
			"faces": {
				"north": {"uv": [0, 0, 0, 1], "texture": "#0"},
				"east": {"uv": [1, 6.5, 2.875, 5.5], "rotation": 180, "texture": "#0"},
				"south": {"uv": [0, 0, 0, 1], "texture": "#0"},
				"west": {"uv": [1, 5.5, 2.875, 6.5], "texture": "#0"},
				"up": {"uv": [0, 1.875, 0, 0], "texture": "#0"},
				"down": {"uv": [0, 0, 0, 1.875], "texture": "#0"}
			}
		},
		{
			"from": [16, -8, -1],
			"to": [16, 0, 14],
			"rotation": {"angle": 0, "axis": "y", "origin": [9, -1, 1]},
			"faces": {
				"north": {"uv": [0, 0, 0, 1], "texture": "#0"},
				"east": {"uv": [2.875, 5.5, 1, 6.5], "texture": "#0"},
				"south": {"uv": [0, 0, 0, 1], "texture": "#0"},
				"west": {"uv": [2.875, 6.5, 1, 5.5], "rotation": 180, "texture": "#0"},
				"up": {"uv": [0, 1.875, 0, 0], "texture": "#0"},
				"down": {"uv": [0, 0, 0, 1.875], "texture": "#0"}
			}
		},
		{
			"from": [1, 1.5, 14],
			"to": [15, 2.5, 15],
			"rotation": {"angle": 45, "axis": "x", "origin": [8, 2.5, 14]},
			"faces": {
				"north": {"uv": [7.25, 7.25, 9, 7.375], "texture": "#0"},
				"east": {"uv": [3.625, 8.5, 3.75, 8.625], "texture": "#0"},
				"south": {"uv": [7.25, 4.25, 9, 4.375], "texture": "#0"},
				"west": {"uv": [4.375, 8.5, 4.5, 8.625], "texture": "#0"},
				"up": {"uv": [9, 4.5, 7.25, 4.375], "texture": "#0"},
				"down": {"uv": [9, 4.5, 7.25, 4.625], "texture": "#0"}
			}
		},
		{
			"from": [1, -1.20711, 13.70711],
			"to": [15, 1.79289, 14.70711],
			"rotation": {"angle": 0, "axis": "y", "origin": [8, 0.79289, 13.70711]},
			"faces": {
				"north": {"uv": [6.125, 2, 7.875, 2.375], "texture": "#0"},
				"east": {"uv": [4.875, 8.25, 5, 8.625], "texture": "#0"},
				"south": {"uv": [5.5, 6.875, 7.25, 7.25], "texture": "#0"},
				"west": {"uv": [5, 8.25, 5.125, 8.625], "texture": "#0"},
				"up": {"uv": [8.625, 6.375, 6.875, 6.25], "texture": "#0"},
				"down": {"uv": [7.25, 7.25, 5.5, 7.375], "texture": "#0"}
			}
		},
		{
			"from": [1, -5.20711, 13.70711],
			"to": [15, -1.20711, 14.70711],
			"rotation": {"angle": 0, "axis": "y", "origin": [8, -1.20711, 14.70711]},
			"faces": {
				"north": {"uv": [5.5, 4.25, 7.25, 4.75], "texture": "#0"},
				"east": {"uv": [1.5, 7.875, 1.625, 8.375], "texture": "#0"},
				"south": {"uv": [5.5, 4.25, 7.25, 4.75], "texture": "#0"},
				"west": {"uv": [0.75, 8.125, 0.875, 8.625], "texture": "#0"},
				"up": {"uv": [9, 4.75, 7.25, 4.625], "texture": "#0"},
				"down": {"uv": [9, 4.75, 7.25, 4.875], "texture": "#0"}
			}
		},
		{
			"from": [1, -5.20711, 14.70711],
			"to": [15, -1.20711, 14.70711],
			"rotation": {"angle": -22.5, "axis": "x", "origin": [8, -1.20711, 14.70711]},
			"faces": {
				"north": {"uv": [6.125, 0.5, 7.875, 1], "texture": "#0"},
				"east": {"uv": [0, 0, 0, 0.5], "texture": "#0"},
				"south": {"uv": [6.125, 0.5, 7.875, 1], "texture": "#0"},
				"west": {"uv": [0, 0, 0, 0.5], "texture": "#0"},
				"up": {"uv": [1.75, 0, 0, 0], "texture": "#0"},
				"down": {"uv": [1.75, 0, 0, 0], "texture": "#0"}
			}
		},
		{
			"from": [1, -2.20711, 14.70711],
			"to": [15, 1.79289, 14.70711],
			"rotation": {"angle": -22.5, "axis": "x", "origin": [8, 1.79289, 14.70711]},
			"faces": {
				"north": {"uv": [6.125, 0.5, 7.875, 1], "texture": "#0"},
				"east": {"uv": [0, 0, 0, 0.5], "texture": "#0"},
				"south": {"uv": [6.125, 0.5, 7.875, 1], "texture": "#0"},
				"west": {"uv": [0, 0, 0, 0.5], "texture": "#0"},
				"up": {"uv": [1.75, 0, 0, 0], "texture": "#0"},
				"down": {"uv": [1.75, 0, 0, 0], "texture": "#0"}
			}
		},
		{
			"from": [1, -9.20711, 14.70711],
			"to": [15, -5.20711, 14.70711],
			"rotation": {"angle": -22.5, "axis": "x", "origin": [8, -5.20711, 14.70711]},
			"faces": {
				"north": {"uv": [6.125, 1, 7.875, 1.5], "texture": "#0"},
				"east": {"uv": [0, 0, 0, 0.5], "texture": "#0"},
				"south": {"uv": [6.125, 1.5, 7.875, 2], "texture": "#0"},
				"west": {"uv": [0, 0, 0, 0.5], "texture": "#0"},
				"up": {"uv": [1.75, 0, 0, 0], "texture": "#0"},
				"down": {"uv": [1.75, 0, 0, 0], "texture": "#0"}
			}
		},
		{
			"from": [1, -12.90262, 16.23784],
			"to": [15, -8.90262, 16.23784],
			"rotation": {"angle": -45, "axis": "x", "origin": [8, -8.90262, 16.23784]},
			"faces": {
				"north": {"uv": [1, 6.5, 2.75, 7], "texture": "#0"},
				"east": {"uv": [0, 0, 0, 0.5], "texture": "#0"},
				"south": {"uv": [1, 6.5, 2.75, 7], "texture": "#0"},
				"west": {"uv": [0, 0, 0, 0.5], "texture": "#0"},
				"up": {"uv": [1.75, 0, 0, 0], "texture": "#0"},
				"down": {"uv": [1.75, 0, 0, 0], "texture": "#0"}
			}
		},
		{
			"from": [1, -9.20672, 14.70803],
			"to": [15, -5.20672, 14.70803],
			"rotation": {"angle": -45, "axis": "x", "origin": [8, -5.20672, 14.70803]},
			"faces": {
				"north": {"uv": [1, 6.5, 2.75, 7], "texture": "#0"},
				"east": {"uv": [0, 0, 0, 0.5], "texture": "#0"},
				"south": {"uv": [1, 6.5, 2.75, 7], "texture": "#0"},
				"west": {"uv": [0, 0, 0, 0.5], "texture": "#0"},
				"up": {"uv": [1.75, 0, 0, 0], "texture": "#0"},
				"down": {"uv": [1.75, 0, 0, 0], "texture": "#0"}
			}
		},
		{
			"from": [3, 0, -3],
			"to": [13, 2, -1],
			"rotation": {"angle": 0, "axis": "y", "origin": [8, 8, 6]},
			"faces": {
				"north": {"uv": [7, 2.375, 8.25, 2.625], "texture": "#0"},
				"east": {"uv": [1.25, 7.875, 1.5, 8.125], "texture": "#0"},
				"south": {"uv": [7, 2.625, 8.25, 2.875], "texture": "#0"},
				"west": {"uv": [2.375, 7.875, 2.625, 8.125], "texture": "#0"},
				"up": {"uv": [8.25, 3.125, 7, 2.875], "texture": "#0"},
				"down": {"uv": [8.25, 3.125, 7, 3.375], "texture": "#0"}
			}
		},
		{
			"from": [6, 2, -3],
			"to": [10, 4, -1],
			"rotation": {"angle": 0, "axis": "y", "origin": [8, 10, 6]},
			"faces": {
				"north": {"uv": [6, 7.375, 6.5, 7.625], "texture": "#0"},
				"east": {"uv": [7.875, 0, 8.125, 0.25], "texture": "#0"},
				"south": {"uv": [6.5, 7.375, 7, 7.625], "texture": "#0"},
				"west": {"uv": [7.875, 0.25, 8.125, 0.5], "texture": "#0"},
				"up": {"uv": [7.5, 7.625, 7, 7.375], "texture": "#0"},
				"down": {"uv": [0.5, 7.5, 0, 7.75], "texture": "#0"}
			}
		},
		{
			"from": [6, 4, -3],
			"to": [7, 7, -2],
			"rotation": {"angle": 0, "axis": "y", "origin": [7, 4, -2]},
			"faces": {
				"north": {"uv": [0.125, 8.25, 0.25, 8.625], "texture": "#0"},
				"east": {"uv": [0.875, 8.25, 1, 8.625], "texture": "#0"},
				"south": {"uv": [2.125, 8.25, 2.25, 8.625], "texture": "#0"},
				"west": {"uv": [2.25, 8.25, 2.375, 8.625], "texture": "#0"},
				"up": {"uv": [2.875, 8.625, 2.75, 8.5], "texture": "#0"},
				"down": {"uv": [3, 8.5, 2.875, 8.625], "texture": "#0"}
			}
		},
		{
			"from": [9, 4, -3],
			"to": [10, 7, -2],
			"rotation": {"angle": 0, "axis": "y", "origin": [9, 4, -2]},
			"faces": {
				"north": {"uv": [0.25, 8.25, 0.125, 8.625], "texture": "#0"},
				"east": {"uv": [2.375, 8.25, 2.25, 8.625], "texture": "#0"},
				"south": {"uv": [2.25, 8.25, 2.125, 8.625], "texture": "#0"},
				"west": {"uv": [1, 8.25, 0.875, 8.625], "texture": "#0"},
				"up": {"uv": [2.75, 8.625, 2.875, 8.5], "texture": "#0"},
				"down": {"uv": [2.875, 8.5, 3, 8.625], "texture": "#0"}
			}
		},
		{
			"from": [3, 2, -3],
			"to": [4, 6, -2],
			"rotation": {"angle": 0, "axis": "y", "origin": [4, 2, -2]},
			"faces": {
				"north": {"uv": [1.625, 4.625, 1.75, 5.125], "texture": "#0"},
				"east": {"uv": [5.375, 3.375, 5.5, 3.875], "texture": "#0"},
				"south": {"uv": [3.375, 7, 3.5, 7.5], "texture": "#0"},
				"west": {"uv": [0.875, 7.75, 1, 8.25], "texture": "#0"},
				"up": {"uv": [2.75, 7.125, 2.625, 7], "texture": "#0"},
				"down": {"uv": [0.375, 8, 0.25, 8.125], "texture": "#0"}
			}
		},
		{
			"from": [12, 2, -3],
			"to": [13, 6, -2],
			"rotation": {"angle": 0, "axis": "y", "origin": [12, 2, -2]},
			"faces": {
				"north": {"uv": [1.75, 4.625, 1.625, 5.125], "texture": "#0"},
				"east": {"uv": [1, 7.75, 0.875, 8.25], "texture": "#0"},
				"south": {"uv": [3.5, 7, 3.375, 7.5], "texture": "#0"},
				"west": {"uv": [5.5, 3.375, 5.375, 3.875], "texture": "#0"},
				"up": {"uv": [2.625, 7.125, 2.75, 7], "texture": "#0"},
				"down": {"uv": [0.25, 8, 0.375, 8.125], "texture": "#0"}
			}
		},
		{
			"from": [6, -1, -3],
			"to": [10, 0, -1],
			"rotation": {"angle": 0, "axis": "y", "origin": [8, -1, -2]},
			"faces": {
				"north": {"uv": [7.875, 2.25, 8.375, 2.375], "texture": "#0"},
				"east": {"uv": [7.875, 8.375, 8.125, 8.5], "texture": "#0"},
				"south": {"uv": [8, 5.375, 8.5, 5.5], "texture": "#0"},
				"west": {"uv": [8.125, 8.375, 8.375, 8.5], "texture": "#0"},
				"up": {"uv": [8, 5.375, 7.5, 5.125], "texture": "#0"},
				"down": {"uv": [7.5, 7.625, 7, 7.875], "texture": "#0"}
			}
		},
		{
			"from": [4.001, -0.999, -2.999],
			"to": [5.999, -0.001, -1.001],
			"rotation": {"angle": -45, "axis": "z", "origin": [6, -1, -2]},
			"faces": {
				"north": {"uv": [8.375, 8.375, 8.625, 8.5], "texture": "#0"},
				"east": {"uv": [8.375, 0, 8.625, 0.125], "texture": "#0"},
				"south": {"uv": [8.375, 0.125, 8.625, 0.25], "texture": "#0"},
				"west": {"uv": [8.375, 0.25, 8.625, 0.375], "texture": "#0"},
				"up": {"uv": [0.5, 8.375, 0.25, 8.125], "texture": "#0"},
				"down": {"uv": [0.75, 8.125, 0.5, 8.375], "texture": "#0"}
			}
		},
		{
			"from": [10.001, -0.999, -2.999],
			"to": [11.999, -0.001, -1.001],
			"rotation": {"angle": 45, "axis": "z", "origin": [10, -1, -2]},
			"faces": {
				"north": {"uv": [8.625, 8.375, 8.375, 8.5], "texture": "#0"},
				"east": {"uv": [8.625, 0.25, 8.375, 0.375], "texture": "#0"},
				"south": {"uv": [8.625, 0.125, 8.375, 0.25], "texture": "#0"},
				"west": {"uv": [8.625, 0, 8.375, 0.125], "texture": "#0"},
				"up": {"uv": [0.25, 8.375, 0.5, 8.125], "texture": "#0"},
				"down": {"uv": [0.5, 8.125, 0.75, 8.375], "texture": "#0"}
			}
		},
		{
			"from": [6.001, 1.001, -2.999],
			"to": [6.999, 2.999, -1.001],
			"rotation": {"angle": -45, "axis": "z", "origin": [6, 3, -2]},
			"faces": {
				"north": {"uv": [8.375, 2, 8.5, 2.25], "texture": "#0"},
				"east": {"uv": [1, 8.125, 1.25, 8.375], "texture": "#0"},
				"south": {"uv": [8.375, 5.125, 8.5, 5.375], "texture": "#0"},
				"west": {"uv": [1.25, 8.125, 1.5, 8.375], "texture": "#0"},
				"up": {"uv": [8.5, 6.625, 8.375, 6.375], "texture": "#0"},
				"down": {"uv": [0.375, 8.5, 0.25, 8.75], "texture": "#0"}
			}
		},
		{
			"from": [9.001, 1.001, -2.999],
			"to": [9.999, 2.999, -1.001],
			"rotation": {"angle": 45, "axis": "z", "origin": [10, 3, -2]},
			"faces": {
				"north": {"uv": [8.5, 2, 8.375, 2.25], "texture": "#0"},
				"east": {"uv": [1.5, 8.125, 1.25, 8.375], "texture": "#0"},
				"south": {"uv": [8.5, 5.125, 8.375, 5.375], "texture": "#0"},
				"west": {"uv": [1.25, 8.125, 1, 8.375], "texture": "#0"},
				"up": {"uv": [8.375, 6.625, 8.5, 6.375], "texture": "#0"},
				"down": {"uv": [0.25, 8.5, 0.375, 8.75], "texture": "#0"}
			}
		},
		{
			"from": [6.5, 4, -3.5],
			"to": [8.5, 6, -1.5],
			"rotation": {"angle": -45, "axis": "z", "origin": [6.5, 6, -2.5]},
			"faces": {
				"north": {"uv": [2.375, 8.125, 2.625, 8.375], "texture": "#0"},
				"east": {"uv": [2.625, 8.125, 2.875, 8.375], "texture": "#0"},
				"south": {"uv": [2.875, 8.125, 3.125, 8.375], "texture": "#0"},
				"west": {"uv": [3.125, 8.125, 3.375, 8.375], "texture": "#0"},
				"up": {"uv": [3.625, 8.375, 3.375, 8.125], "texture": "#0"},
				"down": {"uv": [3.875, 8.125, 3.625, 8.375], "texture": "#0"}
			}
		},
		{
			"from": [7.725, 0, -3.5],
			"to": [10.725, 3, -1.5],
			"rotation": {"angle": -45, "axis": "z", "origin": [8.725, 3, -2.5]},
			"faces": {
				"north": {"uv": [2.375, 8.125, 2.625, 8.375], "texture": "#0"},
				"east": {"uv": [2.625, 8.125, 2.875, 8.375], "texture": "#0"},
				"south": {"uv": [2.875, 8.125, 3.125, 8.375], "texture": "#0"},
				"west": {"uv": [3.125, 8.125, 3.375, 8.375], "texture": "#0"},
				"up": {"uv": [3.625, 8.375, 3.375, 8.125], "texture": "#0"},
				"down": {"uv": [3.875, 8.125, 3.625, 8.375], "texture": "#0"}
			}
		},
		{
			"from": [2.725, -1.5, -2.75],
			"to": [5.725, 1.5, -0.75],
			"rotation": {"angle": -45, "axis": "z", "origin": [3.725, 1.5, -1.75]},
			"faces": {
				"north": {"uv": [2.375, 8.125, 2.625, 8.375], "texture": "#0"},
				"east": {"uv": [2.625, 8.125, 2.875, 8.375], "texture": "#0"},
				"south": {"uv": [2.875, 8.125, 3.125, 8.375], "texture": "#0"},
				"west": {"uv": [3.125, 8.125, 3.375, 8.375], "texture": "#0"},
				"up": {"uv": [3.625, 8.375, 3.375, 8.125], "texture": "#0"},
				"down": {"uv": [3.875, 8.125, 3.625, 8.375], "texture": "#0"}
			}
		},
		{
			"from": [12.725, -1.5, -2.75],
			"to": [15.725, 1.5, -0.75],
			"rotation": {"angle": -45, "axis": "z", "origin": [13.725, 1.5, -1.75]},
			"faces": {
				"north": {"uv": [2.375, 8.125, 2.625, 8.375], "texture": "#0"},
				"east": {"uv": [2.625, 8.125, 2.875, 8.375], "texture": "#0"},
				"south": {"uv": [2.875, 8.125, 3.125, 8.375], "texture": "#0"},
				"west": {"uv": [3.125, 8.125, 3.375, 8.375], "texture": "#0"},
				"up": {"uv": [3.625, 8.375, 3.375, 8.125], "texture": "#0"},
				"down": {"uv": [3.875, 8.125, 3.625, 8.375], "texture": "#0"}
			}
		},
		{
			"from": [8, 1, -4],
			"to": [10, 3, -2],
			"rotation": {"angle": -45, "axis": "z", "origin": [8, 3, -3]},
			"faces": {
				"north": {"uv": [2, 8.625, 2.25, 8.875], "texture": "#0"},
				"east": {"uv": [2.5625, 8.625, 2.8125, 8.875], "texture": "#0"},
				"south": {"uv": [2.875, 8.125, 3.125, 8.375], "texture": "#0"},
				"west": {"uv": [2.875, 8.625, 3.125, 8.875], "texture": "#0"},
				"up": {"uv": [2.5, 8.875, 2.25, 8.625], "texture": "#0"},
				"down": {"uv": [3.4375, 8.625, 3.1875, 8.875], "texture": "#0"}
			}
		},
		{
			"from": [3, -0.5, -3.25],
			"to": [5, 1.5, -1.25],
			"rotation": {"angle": -45, "axis": "z", "origin": [3, 1.5, -2.25]},
			"faces": {
				"north": {"uv": [2, 8.625, 2.25, 8.875], "texture": "#0"},
				"east": {"uv": [2.5625, 8.625, 2.8125, 8.875], "texture": "#0"},
				"south": {"uv": [2.875, 8.125, 3.125, 8.375], "texture": "#0"},
				"west": {"uv": [2.875, 8.625, 3.125, 8.875], "texture": "#0"},
				"up": {"uv": [2.5, 8.875, 2.25, 8.625], "texture": "#0"},
				"down": {"uv": [3.4375, 8.625, 3.1875, 8.875], "texture": "#0"}
			}
		},
		{
			"from": [13, -0.5, -3.25],
			"to": [15, 1.5, -1.25],
			"rotation": {"angle": -45, "axis": "z", "origin": [13, 1.5, -2.25]},
			"faces": {
				"north": {"uv": [2, 8.625, 2.25, 8.875], "texture": "#0"},
				"east": {"uv": [2.5625, 8.625, 2.8125, 8.875], "texture": "#0"},
				"south": {"uv": [2.875, 8.125, 3.125, 8.375], "texture": "#0"},
				"west": {"uv": [2.875, 8.625, 3.125, 8.875], "texture": "#0"},
				"up": {"uv": [2.5, 8.875, 2.25, 8.625], "texture": "#0"},
				"down": {"uv": [3.4375, 8.625, 3.1875, 8.875], "texture": "#0"}
			}
		},
		{
			"from": [7.5, 4, -3.5],
			"to": [9.5, 6, -1.5],
			"rotation": {"angle": 45, "axis": "z", "origin": [9.5, 6, -2.5]},
			"faces": {
				"north": {"uv": [2.625, 8.125, 2.375, 8.375], "texture": "#0"},
				"east": {"uv": [3.375, 8.125, 3.125, 8.375], "texture": "#0"},
				"south": {"uv": [3.125, 8.125, 2.875, 8.375], "texture": "#0"},
				"west": {"uv": [2.875, 8.125, 2.625, 8.375], "texture": "#0"},
				"up": {"uv": [3.375, 8.375, 3.625, 8.125], "texture": "#0"},
				"down": {"uv": [3.625, 8.125, 3.875, 8.375], "texture": "#0"}
			}
		},
		{
			"from": [3.5, 3, -3.5],
			"to": [5.5, 5, -1.5],
			"rotation": {"angle": -45, "axis": "z", "origin": [3.5, 5, -2.5]},
			"faces": {
				"north": {"uv": [4.375, 8.125, 4.625, 8.375], "texture": "#0"},
				"east": {"uv": [4.625, 8.125, 4.875, 8.375], "texture": "#0"},
				"south": {"uv": [5.375, 8.125, 5.625, 8.375], "texture": "#0"},
				"west": {"uv": [5.625, 8.125, 5.875, 8.375], "texture": "#0"},
				"up": {"uv": [6.125, 8.375, 5.875, 8.125], "texture": "#0"},
				"down": {"uv": [6.375, 8.125, 6.125, 8.375], "texture": "#0"}
			}
		},
		{
			"from": [10.5, 3, -3.5],
			"to": [12.5, 5, -1.5],
			"rotation": {"angle": 45, "axis": "z", "origin": [12.5, 5, -2.5]},
			"faces": {
				"north": {"uv": [4.625, 8.125, 4.375, 8.375], "texture": "#0"},
				"east": {"uv": [5.875, 8.125, 5.625, 8.375], "texture": "#0"},
				"south": {"uv": [5.625, 8.125, 5.375, 8.375], "texture": "#0"},
				"west": {"uv": [4.875, 8.125, 4.625, 8.375], "texture": "#0"},
				"up": {"uv": [5.875, 8.375, 6.125, 8.125], "texture": "#0"},
				"down": {"uv": [6.125, 8.125, 6.375, 8.375], "texture": "#0"}
			}
		},
		{
			"from": [0.5, 2, -1.5],
			"to": [2.5, 4, 0.5],
			"rotation": {"angle": -45, "axis": "z", "origin": [0.5, 4, -0.5]},
			"faces": {
				"north": {"uv": [6.375, 8.125, 6.625, 8.375], "texture": "#0"},
				"east": {"uv": [6.625, 8.125, 6.875, 8.375], "texture": "#0"},
				"south": {"uv": [6.875, 8.125, 7.125, 8.375], "texture": "#0"},
				"west": {"uv": [7.125, 8.125, 7.375, 8.375], "texture": "#0"},
				"up": {"uv": [8.375, 0.25, 8.125, 0], "texture": "#0"},
				"down": {"uv": [8.375, 0.25, 8.125, 0.5], "texture": "#0"}
			}
		},
		{
			"from": [13.5, 2, -1.5],
			"to": [15.5, 4, 0.5],
			"rotation": {"angle": 45, "axis": "z", "origin": [15.5, 4, -0.5]},
			"faces": {
				"north": {"uv": [6.625, 8.125, 6.375, 8.375], "texture": "#0"},
				"east": {"uv": [7.375, 8.125, 7.125, 8.375], "texture": "#0"},
				"south": {"uv": [7.125, 8.125, 6.875, 8.375], "texture": "#0"},
				"west": {"uv": [6.875, 8.125, 6.625, 8.375], "texture": "#0"},
				"up": {"uv": [8.125, 0.25, 8.375, 0], "texture": "#0"},
				"down": {"uv": [8.125, 0.25, 8.375, 0.5], "texture": "#0"}
			}
		},
		{
			"from": [0, 2, -1],
			"to": [1, 5, 0],
			"rotation": {"angle": 0, "axis": "y", "origin": [1, 2, 0]},
			"faces": {
				"north": {"uv": [3.875, 8.25, 4, 8.625], "texture": "#0"},
				"east": {"uv": [4, 8.25, 4.125, 8.625], "texture": "#0"},
				"south": {"uv": [4.125, 8.25, 4.25, 8.625], "texture": "#0"},
				"west": {"uv": [4.25, 8.25, 4.375, 8.625], "texture": "#0"},
				"up": {"uv": [3.125, 8.625, 3, 8.5], "texture": "#0"},
				"down": {"uv": [3.375, 8.5, 3.25, 8.625], "texture": "#0"}
			}
		},
		{
			"from": [15, 2, -1],
			"to": [16, 5, 0],
			"rotation": {"angle": 0, "axis": "y", "origin": [15, 2, 0]},
			"faces": {
				"north": {"uv": [4, 8.25, 3.875, 8.625], "texture": "#0"},
				"east": {"uv": [4.375, 8.25, 4.25, 8.625], "texture": "#0"},
				"south": {"uv": [4.25, 8.25, 4.125, 8.625], "texture": "#0"},
				"west": {"uv": [4.125, 8.25, 4, 8.625], "texture": "#0"},
				"up": {"uv": [3, 8.625, 3.125, 8.5], "texture": "#0"},
				"down": {"uv": [3.25, 8.5, 3.375, 8.625], "texture": "#0"}
			}
		},
		{
			"from": [-1, 2, 1],
			"to": [0, 4, 2],
			"rotation": {"angle": 0, "axis": "y", "origin": [0, 2, 2]},
			"faces": {
				"north": {"uv": [7.25, 8.375, 7.375, 8.625], "texture": "#0"},
				"east": {"uv": [7.5, 8.375, 7.625, 8.625], "texture": "#0"},
				"south": {"uv": [7.625, 8.375, 7.75, 8.625], "texture": "#0"},
				"west": {"uv": [7.75, 8.375, 7.875, 8.625], "texture": "#0"},
				"up": {"uv": [3.5, 8.625, 3.375, 8.5], "texture": "#0"},
				"down": {"uv": [3.625, 8.5, 3.5, 8.625], "texture": "#0"}
			}
		},
		{
			"from": [16, 2, 1],
			"to": [17, 4, 2],
			"rotation": {"angle": 0, "axis": "y", "origin": [16, 2, 2]},
			"faces": {
				"north": {"uv": [7.375, 8.375, 7.25, 8.625], "texture": "#0"},
				"east": {"uv": [7.875, 8.375, 7.75, 8.625], "texture": "#0"},
				"south": {"uv": [7.75, 8.375, 7.625, 8.625], "texture": "#0"},
				"west": {"uv": [7.625, 8.375, 7.5, 8.625], "texture": "#0"},
				"up": {"uv": [3.375, 8.625, 3.5, 8.5], "texture": "#0"},
				"down": {"uv": [3.5, 8.5, 3.625, 8.625], "texture": "#0"}
			}
		},
		{
			"from": [-1, 0, 1],
			"to": [1, 2, 5],
			"rotation": {"angle": 0, "axis": "y", "origin": [1, 0, 1]},
			"faces": {
				"north": {"uv": [7.75, 7.75, 8, 8], "texture": "#0"},
				"east": {"uv": [4.625, 2.25, 5.125, 2.5], "texture": "#0"},
				"south": {"uv": [7.75, 6.375, 8, 6.625], "texture": "#0"},
				"west": {"uv": [1, 5.125, 1.5, 5.375], "texture": "#0"},
				"up": {"uv": [5.375, 3.875, 5.125, 3.375], "texture": "#0"},
				"down": {"uv": [2.625, 7.375, 2.375, 7.875], "texture": "#0"}
			}
		},
		{
			"from": [15, 0, 1],
			"to": [17, 2, 5],
			"rotation": {"angle": 0, "axis": "y", "origin": [15, 0, 1]},
			"faces": {
				"north": {"uv": [8, 7.75, 7.75, 8], "texture": "#0"},
				"east": {"uv": [1.5, 5.125, 1, 5.375], "texture": "#0"},
				"south": {"uv": [8, 6.375, 7.75, 6.625], "texture": "#0"},
				"west": {"uv": [5.125, 2.25, 4.625, 2.5], "texture": "#0"},
				"up": {"uv": [5.125, 3.875, 5.375, 3.375], "texture": "#0"},
				"down": {"uv": [2.375, 7.375, 2.625, 7.875], "texture": "#0"}
			}
		},
		{
			"from": [-1, 2.24264, 6.41421],
			"to": [1, 4.24264, 9.41421],
			"rotation": {"angle": 0, "axis": "y", "origin": [1, 2.24264, 6.41421]},
			"faces": {
				"north": {"uv": [7.875, 0.5, 8.125, 0.75], "texture": "#0"},
				"east": {"uv": [2.25, 3.625, 2.625, 3.875], "texture": "#0"},
				"south": {"uv": [7.875, 0.75, 8.125, 1], "texture": "#0"},
				"west": {"uv": [0, 7.75, 0.375, 8], "texture": "#0"},
				"up": {"uv": [1.75, 5.5, 1.5, 5.125], "texture": "#0"},
				"down": {"uv": [0.625, 7.75, 0.375, 8.125], "texture": "#0"}
			}
		},
		{
			"from": [15, 2.24264, 6.41421],
			"to": [17, 4.24264, 9.41421],
			"rotation": {"angle": 0, "axis": "y", "origin": [15, 2.24264, 6.41421]},
			"faces": {
				"north": {"uv": [8.125, 0.5, 7.875, 0.75], "texture": "#0"},
				"east": {"uv": [0.375, 7.75, 0, 8], "texture": "#0"},
				"south": {"uv": [8.125, 0.75, 7.875, 1], "texture": "#0"},
				"west": {"uv": [2.625, 3.625, 2.25, 3.875], "texture": "#0"},
				"up": {"uv": [1.5, 5.5, 1.75, 5.125], "texture": "#0"},
				"down": {"uv": [0.375, 7.75, 0.625, 8.125], "texture": "#0"}
			}
		},
		{
			"from": [-1, -1.75736, 9.41421],
			"to": [1, 4.24264, 10.41421],
			"rotation": {"angle": 0, "axis": "y", "origin": [1, 2.24264, 6.41421]},
			"faces": {
				"north": {"uv": [1.75, 3, 2, 3.75], "texture": "#0"},
				"east": {"uv": [3.375, 5.5, 3.5, 6.25], "texture": "#0"},
				"south": {"uv": [2, 3, 2.25, 3.75], "texture": "#0"},
				"west": {"uv": [3.375, 6.25, 3.5, 7], "texture": "#0"},
				"up": {"uv": [8.5, 0.75, 8.25, 0.625], "texture": "#0"},
				"down": {"uv": [8.5, 0.75, 8.25, 0.875], "texture": "#0"}
			}
		},
		{
			"from": [15, -1.75736, 9.41421],
			"to": [17, 4.24264, 10.41421],
			"rotation": {"angle": 0, "axis": "y", "origin": [15, 2.24264, 6.41421]},
			"faces": {
				"north": {"uv": [2, 3, 1.75, 3.75], "texture": "#0"},
				"east": {"uv": [3.5, 6.25, 3.375, 7], "texture": "#0"},
				"south": {"uv": [2.25, 3, 2, 3.75], "texture": "#0"},
				"west": {"uv": [3.5, 5.5, 3.375, 6.25], "texture": "#0"},
				"up": {"uv": [8.25, 0.75, 8.5, 0.625], "texture": "#0"},
				"down": {"uv": [8.25, 0.75, 8.5, 0.875], "texture": "#0"}
			}
		},
		{
			"from": [-1, -1.75736, 10.41421],
			"to": [1, -0.75736, 14.41421],
			"rotation": {"angle": 0, "axis": "y", "origin": [1, 2.24264, 10.41421]},
			"faces": {
				"north": {"uv": [8.25, 0.875, 8.5, 1], "texture": "#0"},
				"east": {"uv": [1, 5.375, 1.5, 5.5], "texture": "#0"},
				"south": {"uv": [8.25, 1, 8.5, 1.125], "texture": "#0"},
				"west": {"uv": [2.125, 7, 2.625, 7.125], "texture": "#0"},
				"up": {"uv": [6.25, 8.125, 6, 7.625], "texture": "#0"},
				"down": {"uv": [6.5, 7.625, 6.25, 8.125], "texture": "#0"}
			}
		},
		{
			"from": [15, -1.75736, 10.41421],
			"to": [17, -0.75736, 14.41421],
			"rotation": {"angle": 0, "axis": "y", "origin": [15, 2.24264, 10.41421]},
			"faces": {
				"north": {"uv": [8.5, 0.875, 8.25, 1], "texture": "#0"},
				"east": {"uv": [2.625, 7, 2.125, 7.125], "texture": "#0"},
				"south": {"uv": [8.5, 1, 8.25, 1.125], "texture": "#0"},
				"west": {"uv": [1.5, 5.375, 1, 5.5], "texture": "#0"},
				"up": {"uv": [6, 8.125, 6.25, 7.625], "texture": "#0"},
				"down": {"uv": [6.25, 7.625, 6.5, 8.125], "texture": "#0"}
			}
		},
		{
			"from": [-1, 3.24264, 10.41421],
			"to": [1, 4.24264, 12.41421],
			"rotation": {"angle": 0, "axis": "y", "origin": [1, 7.24264, 10.41421]},
			"faces": {
				"north": {"uv": [8.25, 2.75, 8.5, 2.875], "texture": "#0"},
				"east": {"uv": [8.25, 2.875, 8.5, 3], "texture": "#0"},
				"south": {"uv": [8.25, 3, 8.5, 3.125], "texture": "#0"},
				"west": {"uv": [8.25, 3.125, 8.5, 3.25], "texture": "#0"},
				"up": {"uv": [5.375, 8.25, 5.125, 8], "texture": "#0"},
				"down": {"uv": [7.75, 8, 7.5, 8.25], "texture": "#0"}
			}
		},
		{
			"from": [15, 3.24264, 10.41421],
			"to": [17, 4.24264, 12.41421],
			"rotation": {"angle": 0, "axis": "y", "origin": [15, 7.24264, 10.41421]},
			"faces": {
				"north": {"uv": [8.5, 2.75, 8.25, 2.875], "texture": "#0"},
				"east": {"uv": [8.5, 3.125, 8.25, 3.25], "texture": "#0"},
				"south": {"uv": [8.5, 3, 8.25, 3.125], "texture": "#0"},
				"west": {"uv": [8.5, 2.875, 8.25, 3], "texture": "#0"},
				"up": {"uv": [5.125, 8.25, 5.375, 8], "texture": "#0"},
				"down": {"uv": [7.5, 8, 7.75, 8.25], "texture": "#0"}
			}
		},
		{
			"from": [-1, -0.75736, 13.41421],
			"to": [1, 2.24264, 14.41421],
			"rotation": {"angle": 0, "axis": "y", "origin": [1, 2.24264, 13.41421]},
			"faces": {
				"north": {"uv": [3.375, 7.75, 3.625, 8.125], "texture": "#0"},
				"east": {"uv": [8.125, 0.875, 8.25, 1.25], "texture": "#0"},
				"south": {"uv": [3.625, 7.75, 3.875, 8.125], "texture": "#0"},
				"west": {"uv": [8.125, 1.25, 8.25, 1.625], "texture": "#0"},
				"up": {"uv": [8.5, 1.25, 8.25, 1.125], "texture": "#0"},
				"down": {"uv": [8.5, 1.25, 8.25, 1.375], "texture": "#0"}
			}
		},
		{
			"from": [15, -0.75736, 13.41421],
			"to": [17, 2.24264, 14.41421],
			"rotation": {"angle": 0, "axis": "y", "origin": [15, 2.24264, 13.41421]},
			"faces": {
				"north": {"uv": [3.625, 7.75, 3.375, 8.125], "texture": "#0"},
				"east": {"uv": [8.25, 1.25, 8.125, 1.625], "texture": "#0"},
				"south": {"uv": [3.875, 7.75, 3.625, 8.125], "texture": "#0"},
				"west": {"uv": [8.25, 0.875, 8.125, 1.25], "texture": "#0"},
				"up": {"uv": [8.25, 1.25, 8.5, 1.125], "texture": "#0"},
				"down": {"uv": [8.25, 1.25, 8.5, 1.375], "texture": "#0"}
			}
		},
		{
			"from": [-1, 0.24264, 11.41421],
			"to": [1, 1.24264, 12.41421],
			"rotation": {"angle": 0, "axis": "y", "origin": [1, 2.24264, 10.41421]},
			"faces": {
				"north": {"uv": [8.25, 1.375, 8.5, 1.5], "texture": "#0"},
				"east": {"uv": [0.375, 8.5, 0.5, 8.625], "texture": "#0"},
				"south": {"uv": [8.25, 1.5, 8.5, 1.625], "texture": "#0"},
				"west": {"uv": [0.5, 8.5, 0.625, 8.625], "texture": "#0"},
				"up": {"uv": [8.5, 1.75, 8.25, 1.625], "texture": "#0"},
				"down": {"uv": [8.5, 1.75, 8.25, 1.875], "texture": "#0"}
			}
		},
		{
			"from": [15, 0.24264, 11.41421],
			"to": [17, 1.24264, 12.41421],
			"rotation": {"angle": 0, "axis": "y", "origin": [15, 2.24264, 10.41421]},
			"faces": {
				"north": {"uv": [8.5, 1.375, 8.25, 1.5], "texture": "#0"},
				"east": {"uv": [0.625, 8.5, 0.5, 8.625], "texture": "#0"},
				"south": {"uv": [8.5, 1.5, 8.25, 1.625], "texture": "#0"},
				"west": {"uv": [0.5, 8.5, 0.375, 8.625], "texture": "#0"},
				"up": {"uv": [8.25, 1.75, 8.5, 1.625], "texture": "#0"},
				"down": {"uv": [8.25, 1.75, 8.5, 1.875], "texture": "#0"}
			}
		},
		{
			"from": [-1, 4.24264, 11.41421],
			"to": [1, 6.24264, 12.41421],
			"rotation": {"angle": 0, "axis": "y", "origin": [1, 6.24264, 10.41421]},
			"faces": {
				"north": {"uv": [7.75, 8, 8, 8.25], "texture": "#0"},
				"east": {"uv": [8.25, 5.125, 8.375, 5.375], "texture": "#0"},
				"south": {"uv": [8, 8, 8.25, 8.25], "texture": "#0"},
				"west": {"uv": [8.25, 6.375, 8.375, 6.625], "texture": "#0"},
				"up": {"uv": [8.5, 3.375, 8.25, 3.25], "texture": "#0"},
				"down": {"uv": [8.5, 6.625, 8.25, 6.75], "texture": "#0"}
			}
		},
		{
			"from": [15, 4.24264, 11.41421],
			"to": [17, 6.24264, 12.41421],
			"rotation": {"angle": 0, "axis": "y", "origin": [15, 6.24264, 10.41421]},
			"faces": {
				"north": {"uv": [8, 8, 7.75, 8.25], "texture": "#0"},
				"east": {"uv": [8.375, 6.375, 8.25, 6.625], "texture": "#0"},
				"south": {"uv": [8.25, 8, 8, 8.25], "texture": "#0"},
				"west": {"uv": [8.375, 5.125, 8.25, 5.375], "texture": "#0"},
				"up": {"uv": [8.25, 3.375, 8.5, 3.25], "texture": "#0"},
				"down": {"uv": [8.25, 6.625, 8.5, 6.75], "texture": "#0"}
			}
		},
		{
			"from": [-1, 5.24264, 10.41421],
			"to": [1, 6.24264, 11.41421],
			"rotation": {"angle": 0, "axis": "y", "origin": [1, 6.24264, 9.41421]},
			"faces": {
				"north": {"uv": [8.25, 6.75, 8.5, 6.875], "texture": "#0"},
				"east": {"uv": [0.625, 8.5, 0.75, 8.625], "texture": "#0"},
				"south": {"uv": [8.25, 6.875, 8.5, 7], "texture": "#0"},
				"west": {"uv": [1, 8.5, 1.125, 8.625], "texture": "#0"},
				"up": {"uv": [8.5, 7.125, 8.25, 7], "texture": "#0"},
				"down": {"uv": [8.5, 7.125, 8.25, 7.25], "texture": "#0"}
			}
		},
		{
			"from": [15, 5.24264, 10.41421],
			"to": [17, 6.24264, 11.41421],
			"rotation": {"angle": 0, "axis": "y", "origin": [15, 6.24264, 9.41421]},
			"faces": {
				"north": {"uv": [8.5, 6.75, 8.25, 6.875], "texture": "#0"},
				"east": {"uv": [1.125, 8.5, 1, 8.625], "texture": "#0"},
				"south": {"uv": [8.5, 6.875, 8.25, 7], "texture": "#0"},
				"west": {"uv": [0.75, 8.5, 0.625, 8.625], "texture": "#0"},
				"up": {"uv": [8.25, 7.125, 8.5, 7], "texture": "#0"},
				"down": {"uv": [8.25, 7.125, 8.5, 7.25], "texture": "#0"}
			}
		},
		{
			"from": [-1, 1.24264, 11.41421],
			"to": [1, 2.24264, 13.41421],
			"rotation": {"angle": 0, "axis": "y", "origin": [1, 2.24264, 10.41421]},
			"faces": {
				"north": {"uv": [8.25, 1.875, 8.5, 2], "texture": "#0"},
				"east": {"uv": [8.25, 2.375, 8.5, 2.5], "texture": "#0"},
				"south": {"uv": [8.25, 2.5, 8.5, 2.625], "texture": "#0"},
				"west": {"uv": [8.25, 2.625, 8.5, 2.75], "texture": "#0"},
				"up": {"uv": [4.375, 8.25, 4.125, 8], "texture": "#0"},
				"down": {"uv": [5.125, 8, 4.875, 8.25], "texture": "#0"}
			}
		},
		{
			"from": [15, 1.24264, 11.41421],
			"to": [17, 2.24264, 13.41421],
			"rotation": {"angle": 0, "axis": "y", "origin": [15, 2.24264, 10.41421]},
			"faces": {
				"north": {"uv": [8.5, 1.875, 8.25, 2], "texture": "#0"},
				"east": {"uv": [8.5, 2.625, 8.25, 2.75], "texture": "#0"},
				"south": {"uv": [8.5, 2.5, 8.25, 2.625], "texture": "#0"},
				"west": {"uv": [8.5, 2.375, 8.25, 2.5], "texture": "#0"},
				"up": {"uv": [4.125, 8.25, 4.375, 8], "texture": "#0"},
				"down": {"uv": [4.875, 8, 5.125, 8.25], "texture": "#0"}
			}
		},
		{
			"from": [0, 5.65685, 4.65685],
			"to": [2, 7.65685, 8.65685],
			"rotation": {"angle": 0, "axis": "y", "origin": [2, 5.65685, 4.65685]},
			"faces": {
				"north": {"uv": [7.875, 1, 8.125, 1.25], "texture": "#0"},
				"east": {"uv": [0.5, 7.5, 1, 7.75], "texture": "#0"},
				"south": {"uv": [7.875, 1.25, 8.125, 1.5], "texture": "#0"},
				"west": {"uv": [3.375, 7.5, 3.875, 7.75], "texture": "#0"},
				"up": {"uv": [4.125, 8, 3.875, 7.5], "texture": "#0"},
				"down": {"uv": [4.375, 7.5, 4.125, 8], "texture": "#0"}
			}
		},
		{
			"from": [14, 5.65685, 4.65685],
			"to": [16, 7.65685, 8.65685],
			"rotation": {"angle": 0, "axis": "y", "origin": [14, 5.65685, 4.65685]},
			"faces": {
				"north": {"uv": [8.125, 1, 7.875, 1.25], "texture": "#0"},
				"east": {"uv": [3.875, 7.5, 3.375, 7.75], "texture": "#0"},
				"south": {"uv": [8.125, 1.25, 7.875, 1.5], "texture": "#0"},
				"west": {"uv": [1, 7.5, 0.5, 7.75], "texture": "#0"},
				"up": {"uv": [3.875, 8, 4.125, 7.5], "texture": "#0"},
				"down": {"uv": [4.125, 7.5, 4.375, 8], "texture": "#0"}
			}
		},
		{
			"from": [0, 7.65685, 7.65685],
			"to": [2, 9.65685, 8.65685],
			"rotation": {"angle": 0, "axis": "y", "origin": [2, 5.65685, 4.65685]},
			"faces": {
				"north": {"uv": [8, 7.375, 8.25, 7.625], "texture": "#0"},
				"east": {"uv": [3.75, 8.375, 3.875, 8.625], "texture": "#0"},
				"south": {"uv": [8, 7.625, 8.25, 7.875], "texture": "#0"},
				"west": {"uv": [5.625, 8.375, 5.75, 8.625], "texture": "#0"},
				"up": {"uv": [6, 8.5, 5.75, 8.375], "texture": "#0"},
				"down": {"uv": [6.25, 8.375, 6, 8.5], "texture": "#0"}
			}
		},
		{
			"from": [14, 7.65685, 7.65685],
			"to": [16, 9.65685, 8.65685],
			"rotation": {"angle": 0, "axis": "y", "origin": [14, 5.65685, 4.65685]},
			"faces": {
				"north": {"uv": [8.25, 7.375, 8, 7.625], "texture": "#0"},
				"east": {"uv": [5.75, 8.375, 5.625, 8.625], "texture": "#0"},
				"south": {"uv": [8.25, 7.625, 8, 7.875], "texture": "#0"},
				"west": {"uv": [3.875, 8.375, 3.75, 8.625], "texture": "#0"},
				"up": {"uv": [5.75, 8.5, 6, 8.375], "texture": "#0"},
				"down": {"uv": [6, 8.375, 6.25, 8.5], "texture": "#0"}
			}
		},
		{
			"from": [0, 8.65685, 6.65685],
			"to": [2, 9.65685, 7.65685],
			"rotation": {"angle": 0, "axis": "y", "origin": [2, 5.65685, 4.65685]},
			"faces": {
				"north": {"uv": [6.25, 8.375, 6.5, 8.5], "texture": "#0"},
				"east": {"uv": [2.5, 8.5, 2.625, 8.625], "texture": "#0"},
				"south": {"uv": [6.5, 8.375, 6.75, 8.5], "texture": "#0"},
				"west": {"uv": [2.625, 8.5, 2.75, 8.625], "texture": "#0"},
				"up": {"uv": [7, 8.5, 6.75, 8.375], "texture": "#0"},
				"down": {"uv": [7.25, 8.375, 7, 8.5], "texture": "#0"}
			}
		},
		{
			"from": [14, 8.65685, 6.65685],
			"to": [16, 9.65685, 7.65685],
			"rotation": {"angle": 0, "axis": "y", "origin": [14, 5.65685, 4.65685]},
			"faces": {
				"north": {"uv": [6.5, 8.375, 6.25, 8.5], "texture": "#0"},
				"east": {"uv": [2.75, 8.5, 2.625, 8.625], "texture": "#0"},
				"south": {"uv": [6.75, 8.375, 6.5, 8.5], "texture": "#0"},
				"west": {"uv": [2.625, 8.5, 2.5, 8.625], "texture": "#0"},
				"up": {"uv": [6.75, 8.5, 7, 8.375], "texture": "#0"},
				"down": {"uv": [7, 8.375, 7.25, 8.5], "texture": "#0"}
			}
		},
		{
			"from": [3, 9.19239, 6.19239],
			"to": [5, 11.19239, 10.19239],
			"rotation": {"angle": 0, "axis": "y", "origin": [5, 9.19239, 6.19239]},
			"faces": {
				"north": {"uv": [7.875, 1.5, 8.125, 1.75], "texture": "#0"},
				"east": {"uv": [4.375, 7.5, 4.875, 7.75], "texture": "#0"},
				"south": {"uv": [7.875, 1.75, 8.125, 2], "texture": "#0"},
				"west": {"uv": [4.875, 7.5, 5.375, 7.75], "texture": "#0"},
				"up": {"uv": [7.75, 8, 7.5, 7.5], "texture": "#0"},
				"down": {"uv": [7.75, 6.375, 7.5, 6.875], "texture": "#0"}
			}
		},
		{
			"from": [11, 9.19239, 6.19239],
			"to": [13, 11.19239, 10.19239],
			"rotation": {"angle": 0, "axis": "y", "origin": [11, 9.19239, 6.19239]},
			"faces": {
				"north": {"uv": [8.125, 1.5, 7.875, 1.75], "texture": "#0"},
				"east": {"uv": [5.375, 7.5, 4.875, 7.75], "texture": "#0"},
				"south": {"uv": [8.125, 1.75, 7.875, 2], "texture": "#0"},
				"west": {"uv": [4.875, 7.5, 4.375, 7.75], "texture": "#0"},
				"up": {"uv": [7.5, 8, 7.75, 7.5], "texture": "#0"},
				"down": {"uv": [7.5, 6.375, 7.75, 6.875], "texture": "#0"}
			}
		},
		{
			"from": [4, 9.19239, 10.19239],
			"to": [4, 19.19239, 26.19239],
			"rotation": {"angle": -45, "axis": "y", "origin": [4, 10.19239, 10.19239]},
			"faces": {
				"north": {"uv": [0, 0, 0, 1.25], "texture": "#0"},
				"east": {"uv": [3.5, 5.125, 5.5, 3.875], "rotation": 180, "texture": "#0"},
				"south": {"uv": [0, 0, 0, 1.25], "texture": "#0"},
				"west": {"uv": [3.5, 3.875, 5.5, 5.125], "texture": "#0"},
				"up": {"uv": [0, 2, 0, 0], "texture": "#0"},
				"down": {"uv": [0, 0, 0, 2], "texture": "#0"}
			}
		},
		{
			"from": [12, 9.19239, 10.19239],
			"to": [12, 19.19239, 26.19239],
			"rotation": {"angle": 45, "axis": "y", "origin": [12, 10.19239, 10.19239]},
			"faces": {
				"north": {"uv": [0, 0, 0, 1.25], "texture": "#0"},
				"east": {"uv": [5.5, 3.875, 3.5, 5.125], "texture": "#0"},
				"south": {"uv": [0, 0, 0, 1.25], "texture": "#0"},
				"west": {"uv": [5.5, 5.125, 3.5, 3.875], "rotation": 180, "texture": "#0"},
				"up": {"uv": [0, 2, 0, 0], "texture": "#0"},
				"down": {"uv": [0, 0, 0, 2], "texture": "#0"}
			}
		},
		{
			"from": [4, 13.19239, 11.19239],
			"to": [12, 13.19239, 30.19239],
			"rotation": {"angle": -22.5, "axis": "x", "origin": [8, 13.19239, 11.19239]},
			"faces": {
				"north": {"uv": [0, 0, 1, 0], "texture": "#0"},
				"east": {"uv": [0, 0, 2.375, 0], "texture": "#0"},
				"south": {"uv": [0, 0, 1, 0], "texture": "#0"},
				"west": {"uv": [0, 0, 2.375, 0], "texture": "#0"},
				"up": {"uv": [5.5, 7.5, 4.5, 5.125], "texture": "#0"},
				"down": {"uv": [5.5, 5.125, 4.5, 7.5], "texture": "#0"}
			}
		},
		{
			"from": [0.5, 10.69239, 9.94239],
			"to": [8.5, 10.69239, 28.94239],
			"rotation": {"angle": -45, "axis": "y", "origin": [4.5, 10.69239, 9.94239]},
			"faces": {
				"north": {"uv": [0, 0, 1, 0], "texture": "#0"},
				"east": {"uv": [0, 0, 2.375, 0], "texture": "#0"},
				"south": {"uv": [0, 0, 1, 0], "texture": "#0"},
				"west": {"uv": [0, 0, 2.375, 0], "texture": "#0"},
				"up": {"uv": [5.5, 7.5, 4.5, 5.125], "texture": "#0"},
				"down": {"uv": [5.5, 5.125, 4.5, 7.5], "texture": "#0"}
			}
		},
		{
			"from": [7.5, 10.69239, 9.94239],
			"to": [15.5, 10.69239, 28.94239],
			"rotation": {"angle": 45, "axis": "y", "origin": [11.5, 10.69239, 9.94239]},
			"faces": {
				"north": {"uv": [1, 0, 0, 0], "texture": "#0"},
				"east": {"uv": [2.375, 0, 0, 0], "texture": "#0"},
				"south": {"uv": [1, 0, 0, 0], "texture": "#0"},
				"west": {"uv": [2.375, 0, 0, 0], "texture": "#0"},
				"up": {"uv": [4.5, 7.5, 5.5, 5.125], "texture": "#0"},
				"down": {"uv": [4.5, 5.125, 5.5, 7.5], "texture": "#0"}
			}
		},
		{
			"from": [4, 12.19239, 11.19239],
			"to": [12, 12.19239, 30.19239],
			"rotation": {"angle": 0, "axis": "x", "origin": [8, 12.19239, 11.19239]},
			"faces": {
				"north": {"uv": [0, 0, 1, 0], "texture": "#0"},
				"east": {"uv": [0, 0, 2.375, 0], "texture": "#0"},
				"south": {"uv": [0, 0, 1, 0], "texture": "#0"},
				"west": {"uv": [0, 0, 2.375, 0], "texture": "#0"},
				"up": {"uv": [5.5, 7.5, 4.5, 5.125], "texture": "#0"},
				"down": {"uv": [5.5, 5.125, 4.5, 7.5], "texture": "#0"}
			}
		},
		{
			"from": [8, 11.19239, 11.19239],
			"to": [8, 23.19239, 32],
			"rotation": {"angle": 0, "axis": "y", "origin": [8, 12.19239, 11.19239]},
			"faces": {
				"north": {"uv": [0, 0, 0, 1.5], "texture": "#0"},
				"east": {"uv": [0, 3, 2.625, 1.5], "rotation": 180, "texture": "#0"},
				"south": {"uv": [0, 0, 0, 1.5], "texture": "#0"},
				"west": {"uv": [0, 1.5, 2.625, 3], "texture": "#0"},
				"up": {"uv": [0, 2.625, 0, 0], "texture": "#0"},
				"down": {"uv": [0, 0, 0, 2.625], "texture": "#0"}
			}
		},
		{
			"from": [8, 11.19239, 11.19239],
			"to": [8, 21.19239, 31],
			"rotation": {"angle": -22.5, "axis": "y", "origin": [8, 12.19239, 11.19239]},
			"faces": {
				"north": {"uv": [0, 0, 0, 1.25], "texture": "#0"},
				"east": {"uv": [2.625, 1.25, 5.125, 0], "rotation": 180, "texture": "#0"},
				"south": {"uv": [0, 0, 0, 1.25], "texture": "#0"},
				"west": {"uv": [2.625, 0, 5.125, 1.25], "texture": "#0"},
				"up": {"uv": [0, 2.5, 0, 0], "texture": "#0"},
				"down": {"uv": [0, 0, 0, 2.5], "texture": "#0"}
			}
		},
		{
			"from": [8, 11.19239, 11.19239],
			"to": [8, 21.19239, 31],
			"rotation": {"angle": 22.5, "axis": "y", "origin": [8, 12.19239, 11.19239]},
			"faces": {
				"north": {"uv": [0, 0, 0, 1.25], "texture": "#0"},
				"east": {"uv": [5.125, 0, 2.625, 1.25], "texture": "#0"},
				"south": {"uv": [0, 0, 0, 1.25], "texture": "#0"},
				"west": {"uv": [5.125, 1.25, 2.625, 0], "rotation": 180, "texture": "#0"},
				"up": {"uv": [0, 2.5, 0, 0], "texture": "#0"},
				"down": {"uv": [0, 0, 0, 2.5], "texture": "#0"}
			}
		},
		{
			"from": [-7, 9.19239, 10.19239],
			"to": [4, 16.19239, 10.19239],
			"rotation": {"angle": 22.5, "axis": "y", "origin": [4, 10.19239, 10.19239]},
			"faces": {
				"north": {"uv": [5.5, 3.375, 6.875, 4.25], "texture": "#0"},
				"east": {"uv": [0, 0, 0, 0.875], "texture": "#0"},
				"south": {"uv": [5.5, 5.5, 6.875, 6.375], "texture": "#0"},
				"west": {"uv": [0, 0, 0, 0.875], "texture": "#0"},
				"up": {"uv": [0, 1.375, 0, 0], "rotation": 90, "texture": "#0"},
				"down": {"uv": [0, 0, 0, 1.375], "rotation": 270, "texture": "#0"}
			}
		},
		{
			"from": [0, 0.44239, -0.55761],
			"to": [0, 7.44239, 10.44239],
			"rotation": {"angle": -45, "axis": "y", "origin": [0, 1.44239, -0.55761]},
			"faces": {
				"north": {"uv": [0, 0, 0, 0.875], "texture": "#0"},
				"east": {"uv": [5.5, 5.5, 6.875, 6.375], "texture": "#0"},
				"south": {"uv": [0, 0, 0, 0.875], "texture": "#0"},
				"west": {"uv": [5.5, 3.375, 6.875, 4.25], "texture": "#0"},
				"up": {"uv": [0, 1.375, 0, 0], "texture": "#0"},
				"down": {"uv": [0, 0, 0, 1.375], "texture": "#0"}
			}
		},
		{
			"from": [-5.5, -15.80761, -1.80761],
			"to": [1.5, -4.80761, -1.80761],
			"rotation": {"angle": 22.5, "axis": "y", "origin": [0.5, -4.80761, -1.80761]},
			"faces": {
				"north": {"uv": [5.5, 3.375, 6.875, 4.25], "rotation": 90, "texture": "#0"},
				"east": {"uv": [0, 0, 0, 1.375], "rotation": 180, "texture": "#0"},
				"south": {"uv": [5.5, 5.5, 6.875, 6.375], "rotation": 270, "texture": "#0"},
				"west": {"uv": [0, 1.375, 0, 0], "texture": "#0"},
				"up": {"uv": [0, 0, 0, 0.875], "rotation": 270, "texture": "#0"},
				"down": {"uv": [0, 0, 0, 0.875], "rotation": 270, "texture": "#0"}
			}
		},
		{
			"from": [14.5, -15.80761, -1.80761],
			"to": [21.5, -4.80761, -1.80761],
			"rotation": {"angle": -22.5, "axis": "y", "origin": [15.5, -4.80761, -1.80761]},
			"faces": {
				"north": {"uv": [5.5, 4.25, 6.875, 3.375], "rotation": 90, "texture": "#0"},
				"east": {"uv": [0, 1.375, 0, 0], "texture": "#0"},
				"south": {"uv": [5.5, 6.375, 6.875, 5.5], "rotation": 270, "texture": "#0"},
				"west": {"uv": [0, 0, 0, 1.375], "rotation": 180, "texture": "#0"},
				"up": {"uv": [0, 0.875, 0, 0], "rotation": 270, "texture": "#0"},
				"down": {"uv": [0, 0.875, 0, 0], "rotation": 270, "texture": "#0"}
			}
		},
		{
			"from": [0, -10.95761, 0.94239],
			"to": [0, 0.04239, 7.94239],
			"rotation": {"angle": -22.5, "axis": "z", "origin": [0, 0.04239, 1.94239]},
			"faces": {
				"north": {"uv": [0, 0, 0, 1.375], "rotation": 180, "texture": "#0"},
				"east": {"uv": [5.5, 5.5, 6.875, 6.375], "rotation": 270, "texture": "#0"},
				"south": {"uv": [0, 1.375, 0, 0], "texture": "#0"},
				"west": {"uv": [5.5, 3.375, 6.875, 4.25], "rotation": 90, "texture": "#0"},
				"up": {"uv": [0, 0, 0, 0.875], "rotation": 180, "texture": "#0"},
				"down": {"uv": [0, 0, 0, 0.875], "texture": "#0"}
			}
		},
		{
			"from": [0, -10.70761, 1.44239],
			"to": [0, 0.29239, 8.44239],
			"rotation": {"angle": -45, "axis": "z", "origin": [0, 0.29239, 2.44239]},
			"faces": {
				"north": {"uv": [0, 0, 0, 1.375], "rotation": 180, "texture": "#0"},
				"east": {"uv": [5.5, 5.5, 6.875, 6.375], "rotation": 270, "texture": "#0"},
				"south": {"uv": [0, 1.375, 0, 0], "texture": "#0"},
				"west": {"uv": [5.5, 3.375, 6.875, 4.25], "rotation": 90, "texture": "#0"},
				"up": {"uv": [0, 0, 0, 0.875], "rotation": 180, "texture": "#0"},
				"down": {"uv": [0, 0, 0, 0.875], "texture": "#0"}
			}
		},
		{
			"from": [16, -10.95761, 0.94239],
			"to": [16, 0.04239, 7.94239],
			"rotation": {"angle": 22.5, "axis": "z", "origin": [16, 0.04239, 1.94239]},
			"faces": {
				"north": {"uv": [0, 0, 0, 1.375], "rotation": 180, "texture": "#0"},
				"east": {"uv": [5.5, 4.25, 6.875, 3.375], "rotation": 90, "texture": "#0"},
				"south": {"uv": [0, 1.375, 0, 0], "texture": "#0"},
				"west": {"uv": [5.5, 6.375, 6.875, 5.5], "rotation": 270, "texture": "#0"},
				"up": {"uv": [0, 0, 0, 0.875], "rotation": 180, "texture": "#0"},
				"down": {"uv": [0, 0, 0, 0.875], "texture": "#0"}
			}
		},
		{
			"from": [16, -10.70761, 1.44239],
			"to": [16, 0.29239, 8.44239],
			"rotation": {"angle": 45, "axis": "z", "origin": [16, 0.29239, 2.44239]},
			"faces": {
				"north": {"uv": [0, 0, 0, 1.375], "rotation": 180, "texture": "#0"},
				"east": {"uv": [5.5, 4.25, 6.875, 3.375], "rotation": 90, "texture": "#0"},
				"south": {"uv": [0, 1.375, 0, 0], "texture": "#0"},
				"west": {"uv": [5.5, 6.375, 6.875, 5.5], "rotation": 270, "texture": "#0"},
				"up": {"uv": [0, 0, 0, 0.875], "rotation": 180, "texture": "#0"},
				"down": {"uv": [0, 0, 0, 0.875], "texture": "#0"}
			}
		},
		{
			"from": [16, 0.44239, -0.55761],
			"to": [27, 7.44239, -0.55761],
			"rotation": {"angle": -45, "axis": "y", "origin": [16, 1.44239, -0.55761]},
			"faces": {
				"north": {"uv": [6.875, 3.375, 5.5, 4.25], "texture": "#0"},
				"east": {"uv": [0, 0, 0, 0.875], "texture": "#0"},
				"south": {"uv": [6.875, 5.5, 5.5, 6.375], "texture": "#0"},
				"west": {"uv": [0, 0, 0, 0.875], "texture": "#0"},
				"up": {"uv": [0, 1.375, 0, 0], "rotation": 270, "texture": "#0"},
				"down": {"uv": [0, 0, 0, 1.375], "rotation": 90, "texture": "#0"}
			}
		},
		{
			"from": [12, 9.19239, 10.19239],
			"to": [23, 16.19239, 10.19239],
			"rotation": {"angle": -22.5, "axis": "y", "origin": [12, 10.19239, 10.19239]},
			"faces": {
				"north": {"uv": [6.875, 3.375, 5.5, 4.25], "texture": "#0"},
				"east": {"uv": [0, 0, 0, 0.875], "texture": "#0"},
				"south": {"uv": [6.875, 5.5, 5.5, 6.375], "texture": "#0"},
				"west": {"uv": [0, 0, 0, 0.875], "texture": "#0"},
				"up": {"uv": [0, 1.375, 0, 0], "rotation": 270, "texture": "#0"},
				"down": {"uv": [0, 0, 0, 1.375], "rotation": 90, "texture": "#0"}
			}
		},
		{
			"from": [3, 11.19239, 9.19239],
			"to": [5, 13.19239, 10.19239],
			"rotation": {"angle": 0, "axis": "y", "origin": [5, 9.19239, 6.19239]},
			"faces": {
				"north": {"uv": [8, 6.625, 8.25, 6.875], "texture": "#0"},
				"east": {"uv": [1.5, 8.375, 1.625, 8.625], "texture": "#0"},
				"south": {"uv": [8, 6.875, 8.25, 7.125], "texture": "#0"},
				"west": {"uv": [3.125, 8.375, 3.25, 8.625], "texture": "#0"},
				"up": {"uv": [3.5, 8.5, 3.25, 8.375], "texture": "#0"},
				"down": {"uv": [3.75, 8.375, 3.5, 8.5], "texture": "#0"}
			}
		},
		{
			"from": [11, 11.19239, 9.19239],
			"to": [13, 13.19239, 10.19239],
			"rotation": {"angle": 0, "axis": "y", "origin": [11, 9.19239, 6.19239]},
			"faces": {
				"north": {"uv": [8.25, 6.625, 8, 6.875], "texture": "#0"},
				"east": {"uv": [3.25, 8.375, 3.125, 8.625], "texture": "#0"},
				"south": {"uv": [8.25, 6.875, 8, 7.125], "texture": "#0"},
				"west": {"uv": [1.625, 8.375, 1.5, 8.625], "texture": "#0"},
				"up": {"uv": [3.25, 8.5, 3.5, 8.375], "texture": "#0"},
				"down": {"uv": [3.5, 8.375, 3.75, 8.5], "texture": "#0"}
			}
		},
		{
			"from": [3, 12.19239, 8.19239],
			"to": [5, 13.19239, 9.19239],
			"rotation": {"angle": 0, "axis": "y", "origin": [5, 9.19239, 6.19239]},
			"faces": {
				"north": {"uv": [4.375, 8.375, 4.625, 8.5], "texture": "#0"},
				"east": {"uv": [1.375, 8.5, 1.5, 8.625], "texture": "#0"},
				"south": {"uv": [4.625, 8.375, 4.875, 8.5], "texture": "#0"},
				"west": {"uv": [2.375, 8.5, 2.5, 8.625], "texture": "#0"},
				"up": {"uv": [5.375, 8.5, 5.125, 8.375], "texture": "#0"},
				"down": {"uv": [5.625, 8.375, 5.375, 8.5], "texture": "#0"}
			}
		},
		{
			"from": [11, 12.19239, 8.19239],
			"to": [13, 13.19239, 9.19239],
			"rotation": {"angle": 0, "axis": "y", "origin": [11, 9.19239, 6.19239]},
			"faces": {
				"north": {"uv": [4.625, 8.375, 4.375, 8.5], "texture": "#0"},
				"east": {"uv": [2.5, 8.5, 2.375, 8.625], "texture": "#0"},
				"south": {"uv": [4.875, 8.375, 4.625, 8.5], "texture": "#0"},
				"west": {"uv": [1.5, 8.5, 1.375, 8.625], "texture": "#0"},
				"up": {"uv": [5.125, 8.5, 5.375, 8.375], "texture": "#0"},
				"down": {"uv": [5.375, 8.375, 5.625, 8.5], "texture": "#0"}
			}
		},
		{
			"from": [7, 11.19239, 6.19239],
			"to": [9, 13.19239, 11.19239],
			"rotation": {"angle": 0, "axis": "y", "origin": [9, 11.19239, 6.19239]},
			"faces": {
				"north": {"uv": [7.875, 2, 8.125, 2.25], "texture": "#0"},
				"east": {"uv": [1, 4.625, 1.625, 4.875], "texture": "#0"},
				"south": {"uv": [0, 8, 0.25, 8.25], "texture": "#0"},
				"west": {"uv": [1, 4.875, 1.625, 5.125], "texture": "#0"},
				"up": {"uv": [2.5, 3.625, 2.25, 3], "texture": "#0"},
				"down": {"uv": [3.375, 7.125, 3.125, 7.75], "texture": "#0"}
			}
		},
		{
			"from": [7, 13.19239, 10.19239],
			"to": [9, 18.19239, 11.19239],
			"rotation": {"angle": 0, "axis": "y", "origin": [9, 11.19239, 6.19239]},
			"faces": {
				"north": {"uv": [1, 7.25, 1.25, 7.875], "texture": "#0"},
				"east": {"uv": [2.5, 3, 2.625, 3.625], "texture": "#0"},
				"south": {"uv": [1.25, 7.25, 1.5, 7.875], "texture": "#0"},
				"west": {"uv": [2.75, 6.5, 2.875, 7.125], "texture": "#0"},
				"up": {"uv": [5.125, 2.625, 4.875, 2.5], "texture": "#0"},
				"down": {"uv": [7.5, 5.125, 7.25, 5.25], "texture": "#0"}
			}
		},
		{
			"from": [0.925, -4.90761, -2.53261],
			"to": [1.925, 0.09239, -0.53261],
			"rotation": {"angle": 0, "axis": "z", "origin": [-0.775, -2.60761, -1.53261]},
			"faces": {
				"north": {"uv": [2.75, 6.5, 2.875, 7.125], "rotation": 180, "texture": "#0"},
				"east": {"uv": [1.25, 7.25, 1.5, 7.875], "rotation": 180, "texture": "#0"},
				"south": {"uv": [2.5, 3, 2.625, 3.625], "rotation": 180, "texture": "#0"},
				"west": {"uv": [1, 7.25, 1.25, 7.875], "rotation": 180, "texture": "#0"},
				"up": {"uv": [7.5, 5.125, 7.25, 5.25], "rotation": 90, "texture": "#0"},
				"down": {"uv": [5.125, 2.625, 4.875, 2.5], "rotation": 270, "texture": "#0"}
			}
		},
		{
			"from": [14.075, -4.90761, -2.53261],
			"to": [15.075, 0.09239, -0.53261],
			"rotation": {"angle": 0, "axis": "z", "origin": [16.775, -2.60761, -1.53261]},
			"faces": {
				"north": {"uv": [2.875, 6.5, 2.75, 7.125], "rotation": 180, "texture": "#0"},
				"east": {"uv": [1.25, 7.25, 1, 7.875], "rotation": 180, "texture": "#0"},
				"south": {"uv": [2.625, 3, 2.5, 3.625], "rotation": 180, "texture": "#0"},
				"west": {"uv": [1.5, 7.25, 1.25, 7.875], "rotation": 180, "texture": "#0"},
				"up": {"uv": [7.5, 5.25, 7.25, 5.125], "rotation": 90, "texture": "#0"},
				"down": {"uv": [5.125, 2.5, 4.875, 2.625], "rotation": 270, "texture": "#0"}
			}
		},
		{
			"from": [7, 8.19239, 1.19239],
			"to": [9, 13.19239, 2.19239],
			"rotation": {"angle": 0, "axis": "y", "origin": [9, 6.19239, -2.80761]},
			"faces": {
				"north": {"uv": [7.25, 6.375, 7.5, 7], "texture": "#0"},
				"east": {"uv": [1.5, 7.25, 1.625, 7.875], "texture": "#0"},
				"south": {"uv": [2.125, 7.375, 2.375, 8], "texture": "#0"},
				"west": {"uv": [5.375, 7.5, 5.5, 8.125], "texture": "#0"},
				"up": {"uv": [8.5, 7.5, 8.25, 7.375], "texture": "#0"},
				"down": {"uv": [8.5, 7.5, 8.25, 7.625], "texture": "#0"}
			}
		},
		{
			"from": [7, 17.19239, 6.19239],
			"to": [9, 18.19239, 10.19239],
			"rotation": {"angle": 0, "axis": "y", "origin": [9, 11.19239, 6.19239]},
			"faces": {
				"north": {"uv": [7.5, 6.875, 7.75, 7], "texture": "#0"},
				"east": {"uv": [1.75, 3.75, 2.25, 3.875], "texture": "#0"},
				"south": {"uv": [7.5, 7.375, 7.75, 7.5], "texture": "#0"},
				"west": {"uv": [4.375, 2.5, 4.875, 2.625], "texture": "#0"},
				"up": {"uv": [2.875, 8.125, 2.625, 7.625], "texture": "#0"},
				"down": {"uv": [3.125, 7.625, 2.875, 8.125], "texture": "#0"}
			}
		},
		{
			"from": [-3.075, -4.90761, -2.53261],
			"to": [0.925, -3.90761, -0.53261],
			"rotation": {"angle": 0, "axis": "z", "origin": [-0.775, -2.60761, -1.53261]},
			"faces": {
				"north": {"uv": [4.375, 2.5, 4.875, 2.625], "rotation": 180, "texture": "#0"},
				"east": {"uv": [7.5, 7.375, 7.75, 7.5], "rotation": 180, "texture": "#0"},
				"south": {"uv": [1.75, 3.75, 2.25, 3.875], "rotation": 180, "texture": "#0"},
				"west": {"uv": [7.5, 6.875, 7.75, 7], "rotation": 180, "texture": "#0"},
				"up": {"uv": [3.125, 7.625, 2.875, 8.125], "rotation": 90, "texture": "#0"},
				"down": {"uv": [2.875, 8.125, 2.625, 7.625], "rotation": 270, "texture": "#0"}
			}
		},
		{
			"from": [15.075, -4.90761, -2.53261],
			"to": [19.075, -3.90761, -0.53261],
			"rotation": {"angle": 0, "axis": "z", "origin": [16.775, -2.60761, -1.53261]},
			"faces": {
				"north": {"uv": [4.875, 2.5, 4.375, 2.625], "rotation": 180, "texture": "#0"},
				"east": {"uv": [7.75, 6.875, 7.5, 7], "rotation": 180, "texture": "#0"},
				"south": {"uv": [2.25, 3.75, 1.75, 3.875], "rotation": 180, "texture": "#0"},
				"west": {"uv": [7.75, 7.375, 7.5, 7.5], "rotation": 180, "texture": "#0"},
				"up": {"uv": [3.125, 8.125, 2.875, 7.625], "rotation": 90, "texture": "#0"},
				"down": {"uv": [2.875, 7.625, 2.625, 8.125], "rotation": 270, "texture": "#0"}
			}
		},
		{
			"from": [7, 12.19239, -2.80761],
			"to": [9, 13.19239, 1.19239],
			"rotation": {"angle": 0, "axis": "y", "origin": [9, 6.19239, -2.80761]},
			"faces": {
				"north": {"uv": [8.25, 7.625, 8.5, 7.75], "texture": "#0"},
				"east": {"uv": [7.5, 5.375, 8, 5.5], "texture": "#0"},
				"south": {"uv": [8.25, 7.75, 8.5, 7.875], "texture": "#0"},
				"west": {"uv": [7.75, 7.125, 8.25, 7.25], "texture": "#0"},
				"up": {"uv": [6.75, 8.125, 6.5, 7.625], "texture": "#0"},
				"down": {"uv": [7, 7.625, 6.75, 8.125], "texture": "#0"}
			}
		},
		{
			"from": [7, 14.19239, 6.19239],
			"to": [9, 17.19239, 7.19239],
			"rotation": {"angle": 0, "axis": "y", "origin": [9, 11.19239, 6.19239]},
			"faces": {
				"north": {"uv": [0.625, 7.75, 0.875, 8.125], "texture": "#0"},
				"east": {"uv": [7.375, 8.125, 7.5, 8.5], "texture": "#0"},
				"south": {"uv": [3.125, 7.75, 3.375, 8.125], "texture": "#0"},
				"west": {"uv": [8.125, 0.5, 8.25, 0.875], "texture": "#0"},
				"up": {"uv": [8, 7.75, 7.75, 7.625], "texture": "#0"},
				"down": {"uv": [8.25, 7.875, 8, 8], "texture": "#0"}
			}
		},
		{
			"from": [-3.075, -3.90761, -2.53261],
			"to": [-2.075, -0.90761, -0.53261],
			"rotation": {"angle": 0, "axis": "z", "origin": [-0.775, -2.60761, -1.53261]},
			"faces": {
				"north": {"uv": [8.125, 0.5, 8.25, 0.875], "rotation": 180, "texture": "#0"},
				"east": {"uv": [3.125, 7.75, 3.375, 8.125], "rotation": 180, "texture": "#0"},
				"south": {"uv": [7.375, 8.125, 7.5, 8.5], "rotation": 180, "texture": "#0"},
				"west": {"uv": [0.625, 7.75, 0.875, 8.125], "rotation": 180, "texture": "#0"},
				"up": {"uv": [8.25, 7.875, 8, 8], "rotation": 90, "texture": "#0"},
				"down": {"uv": [8, 7.75, 7.75, 7.625], "rotation": 270, "texture": "#0"}
			}
		},
		{
			"from": [18.075, -3.90761, -2.53261],
			"to": [19.075, -0.90761, -0.53261],
			"rotation": {"angle": 0, "axis": "z", "origin": [16.775, -2.60761, -1.53261]},
			"faces": {
				"north": {"uv": [8.25, 0.5, 8.125, 0.875], "rotation": 180, "texture": "#0"},
				"east": {"uv": [0.875, 7.75, 0.625, 8.125], "rotation": 180, "texture": "#0"},
				"south": {"uv": [7.5, 8.125, 7.375, 8.5], "rotation": 180, "texture": "#0"},
				"west": {"uv": [3.375, 7.75, 3.125, 8.125], "rotation": 180, "texture": "#0"},
				"up": {"uv": [8.25, 8, 8, 7.875], "rotation": 90, "texture": "#0"},
				"down": {"uv": [8, 7.625, 7.75, 7.75], "rotation": 270, "texture": "#0"}
			}
		},
		{
			"from": [7, 9.19239, -2.80761],
			"to": [9, 12.19239, -1.80761],
			"rotation": {"angle": 0, "axis": "y", "origin": [9, 6.19239, -2.80761]},
			"faces": {
				"north": {"uv": [4.375, 7.75, 4.625, 8.125], "texture": "#0"},
				"east": {"uv": [8.125, 1.625, 8.25, 2], "texture": "#0"},
				"south": {"uv": [4.625, 7.75, 4.875, 8.125], "texture": "#0"},
				"west": {"uv": [0, 8.25, 0.125, 8.625], "texture": "#0"},
				"up": {"uv": [0.75, 8.5, 0.5, 8.375], "texture": "#0"},
				"down": {"uv": [1.25, 8.375, 1, 8.5], "texture": "#0"}
			}
		},
		{
			"from": [7, 14.19239, 7.19239],
			"to": [9, 15.19239, 9.19239],
			"rotation": {"angle": 0, "axis": "y", "origin": [9, 11.19239, 6.19239]},
			"faces": {
				"north": {"uv": [8.125, 2, 8.375, 2.125], "texture": "#0"},
				"east": {"uv": [8.125, 2.125, 8.375, 2.25], "texture": "#0"},
				"south": {"uv": [5.125, 8.25, 5.375, 8.375], "texture": "#0"},
				"west": {"uv": [7.5, 8.25, 7.75, 8.375], "texture": "#0"},
				"up": {"uv": [2.375, 8.25, 2.125, 8], "texture": "#0"},
				"down": {"uv": [4.125, 8, 3.875, 8.25], "texture": "#0"}
			}
		},
		{
			"from": [-2.075, -1.90761, -2.53261],
			"to": [-0.075, -0.90761, -0.53261],
			"rotation": {"angle": 0, "axis": "z", "origin": [-0.775, -2.60761, -1.53261]},
			"faces": {
				"north": {"uv": [7.5, 8.25, 7.75, 8.375], "rotation": 180, "texture": "#0"},
				"east": {"uv": [5.125, 8.25, 5.375, 8.375], "rotation": 180, "texture": "#0"},
				"south": {"uv": [8.125, 2.125, 8.375, 2.25], "rotation": 180, "texture": "#0"},
				"west": {"uv": [8.125, 2, 8.375, 2.125], "rotation": 180, "texture": "#0"},
				"up": {"uv": [4.125, 8, 3.875, 8.25], "rotation": 90, "texture": "#0"},
				"down": {"uv": [2.375, 8.25, 2.125, 8], "rotation": 270, "texture": "#0"}
			}
		},
		{
			"from": [16.075, -1.90761, -2.53261],
			"to": [18.075, -0.90761, -0.53261],
			"rotation": {"angle": 0, "axis": "z", "origin": [16.775, -2.60761, -1.53261]},
			"faces": {
				"north": {"uv": [7.75, 8.25, 7.5, 8.375], "rotation": 180, "texture": "#0"},
				"east": {"uv": [8.375, 2, 8.125, 2.125], "rotation": 180, "texture": "#0"},
				"south": {"uv": [8.375, 2.125, 8.125, 2.25], "rotation": 180, "texture": "#0"},
				"west": {"uv": [5.375, 8.25, 5.125, 8.375], "rotation": 180, "texture": "#0"},
				"up": {"uv": [4.125, 8.25, 3.875, 8], "rotation": 90, "texture": "#0"},
				"down": {"uv": [2.375, 8, 2.125, 8.25], "rotation": 270, "texture": "#0"}
			}
		},
		{
			"from": [7, 9.19239, -1.80761],
			"to": [9, 10.19239, 0.19239],
			"rotation": {"angle": 0, "axis": "y", "origin": [9, 6.19239, -2.80761]},
			"faces": {
				"north": {"uv": [8.25, 7.875, 8.5, 8], "texture": "#0"},
				"east": {"uv": [8.25, 8, 8.5, 8.125], "texture": "#0"},
				"south": {"uv": [8.25, 8.125, 8.5, 8.25], "texture": "#0"},
				"west": {"uv": [0.25, 8.375, 0.5, 8.5], "texture": "#0"},
				"up": {"uv": [8.25, 5.375, 8, 5.125], "texture": "#0"},
				"down": {"uv": [8.25, 6.375, 8, 6.625], "texture": "#0"}
			}
		},
		{
			"from": [7, 15.19239, 8.19239],
			"to": [9, 16.19239, 9.19239],
			"rotation": {"angle": 0, "axis": "y", "origin": [9, 11.19239, 6.19239]},
			"faces": {
				"north": {"uv": [7.75, 8.25, 8, 8.375], "texture": "#0"},
				"east": {"uv": [8.375, 0.375, 8.5, 0.5], "texture": "#0"},
				"south": {"uv": [8, 8.25, 8.25, 8.375], "texture": "#0"},
				"west": {"uv": [8.375, 2.25, 8.5, 2.375], "texture": "#0"},
				"up": {"uv": [8.5, 8.375, 8.25, 8.25], "texture": "#0"},
				"down": {"uv": [8.5, 0.5, 8.25, 0.625], "texture": "#0"}
			}
		},
		{
			"from": [-1.075, -2.90761, -2.53261],
			"to": [-0.075, -1.90761, -0.53261],
			"rotation": {"angle": 0, "axis": "z", "origin": [-0.775, -2.60761, -1.53261]},
			"faces": {
				"north": {"uv": [8.375, 2.25, 8.5, 2.375], "rotation": 180, "texture": "#0"},
				"east": {"uv": [8, 8.25, 8.25, 8.375], "rotation": 180, "texture": "#0"},
				"south": {"uv": [8.375, 0.375, 8.5, 0.5], "rotation": 180, "texture": "#0"},
				"west": {"uv": [7.75, 8.25, 8, 8.375], "rotation": 180, "texture": "#0"},
				"up": {"uv": [8.5, 0.5, 8.25, 0.625], "rotation": 90, "texture": "#0"},
				"down": {"uv": [8.5, 8.375, 8.25, 8.25], "rotation": 270, "texture": "#0"}
			}
		},
		{
			"from": [16.075, -2.90761, -2.53261],
			"to": [17.075, -1.90761, -0.53261],
			"rotation": {"angle": 0, "axis": "z", "origin": [16.775, -2.60761, -1.53261]},
			"faces": {
				"north": {"uv": [8.5, 2.25, 8.375, 2.375], "rotation": 180, "texture": "#0"},
				"east": {"uv": [8, 8.25, 7.75, 8.375], "rotation": 180, "texture": "#0"},
				"south": {"uv": [8.5, 0.375, 8.375, 0.5], "rotation": 180, "texture": "#0"},
				"west": {"uv": [8.25, 8.25, 8, 8.375], "rotation": 180, "texture": "#0"},
				"up": {"uv": [8.5, 0.625, 8.25, 0.5], "rotation": 90, "texture": "#0"},
				"down": {"uv": [8.5, 8.25, 8.25, 8.375], "rotation": 270, "texture": "#0"}
			}
		},
		{
			"from": [7, 10.19239, -0.80761],
			"to": [9, 11.19239, 0.19239],
			"rotation": {"angle": 0, "axis": "y", "origin": [9, 6.19239, -2.80761]},
			"faces": {
				"north": {"uv": [1.25, 8.375, 1.5, 8.5], "texture": "#0"},
				"east": {"uv": [1.125, 8.5, 1.25, 8.625], "texture": "#0"},
				"south": {"uv": [2.375, 8.375, 2.625, 8.5], "texture": "#0"},
				"west": {"uv": [1.25, 8.5, 1.375, 8.625], "texture": "#0"},
				"up": {"uv": [2.875, 8.5, 2.625, 8.375], "texture": "#0"},
				"down": {"uv": [3.125, 8.375, 2.875, 8.5], "texture": "#0"}
			}
		},
		{
			"from": [-0.999, 0.001, 5.001],
			"to": [0.999, 1.999, 8.999],
			"rotation": {"angle": -45, "axis": "x", "origin": [1, 0, 5]},
			"faces": {
				"north": {"uv": [7.75, 6.625, 8, 6.875], "texture": "#0"},
				"east": {"uv": [7.25, 7, 7.75, 7.25], "texture": "#0"},
				"south": {"uv": [7.75, 6.875, 8, 7.125], "texture": "#0"},
				"west": {"uv": [2.625, 7.375, 3.125, 7.625], "texture": "#0"},
				"up": {"uv": [5.75, 7.875, 5.5, 7.375], "texture": "#0"},
				"down": {"uv": [6, 7.375, 5.75, 7.875], "texture": "#0"}
			}
		},
		{
			"from": [15.001, 0.001, 5.001],
			"to": [16.999, 1.999, 8.999],
			"rotation": {"angle": -45, "axis": "x", "origin": [15, 0, 5]},
			"faces": {
				"north": {"uv": [8, 6.625, 7.75, 6.875], "texture": "#0"},
				"east": {"uv": [3.125, 7.375, 2.625, 7.625], "texture": "#0"},
				"south": {"uv": [8, 6.875, 7.75, 7.125], "texture": "#0"},
				"west": {"uv": [7.75, 7, 7.25, 7.25], "texture": "#0"},
				"up": {"uv": [5.5, 7.875, 5.75, 7.375], "texture": "#0"},
				"down": {"uv": [5.75, 7.375, 6, 7.875], "texture": "#0"}
			}
		},
		{
			"from": [0.001, 0.001, -0.999],
			"to": [1.999, 1.999, 6.999],
			"rotation": {"angle": -45, "axis": "x", "origin": [2, 2, -1]},
			"faces": {
				"north": {"uv": [7.75, 7.375, 8, 7.625], "texture": "#0"},
				"east": {"uv": [2.125, 7.125, 3.125, 7.375], "texture": "#0"},
				"south": {"uv": [1, 7.875, 1.25, 8.125], "texture": "#0"},
				"west": {"uv": [0, 7.25, 1, 7.5], "texture": "#0"},
				"up": {"uv": [4.875, 2.25, 4.625, 1.25], "texture": "#0"},
				"down": {"uv": [5.125, 1.25, 4.875, 2.25], "texture": "#0"}
			}
		},
		{
			"from": [14.001, 0.001, -0.999],
			"to": [15.999, 1.999, 6.999],
			"rotation": {"angle": -45, "axis": "x", "origin": [14, 2, -1]},
			"faces": {
				"north": {"uv": [8, 7.375, 7.75, 7.625], "texture": "#0"},
				"east": {"uv": [1, 7.25, 0, 7.5], "texture": "#0"},
				"south": {"uv": [1.25, 7.875, 1, 8.125], "texture": "#0"},
				"west": {"uv": [3.125, 7.125, 2.125, 7.375], "texture": "#0"},
				"up": {"uv": [4.625, 2.25, 4.875, 1.25], "texture": "#0"},
				"down": {"uv": [4.875, 1.25, 5.125, 2.25], "texture": "#0"}
			}
		},
		{
			"from": [3.001, 0.001, -2.999],
			"to": [4.999, 1.999, 9.999],
			"rotation": {"angle": -45, "axis": "x", "origin": [5, 2, -3]},
			"faces": {
				"north": {"uv": [5.5, 7.875, 5.75, 8.125], "texture": "#0"},
				"east": {"uv": [6.875, 5.5, 8.5, 5.75], "texture": "#0"},
				"south": {"uv": [5.75, 7.875, 6, 8.125], "texture": "#0"},
				"west": {"uv": [6.875, 5.75, 8.5, 6], "texture": "#0"},
				"up": {"uv": [3.125, 7.125, 2.875, 5.5], "texture": "#0"},
				"down": {"uv": [3.375, 5.5, 3.125, 7.125], "texture": "#0"}
			}
		},
		{
			"from": [11.001, 0.001, -2.999],
			"to": [12.999, 1.999, 9.999],
			"rotation": {"angle": -45, "axis": "x", "origin": [11, 2, -3]},
			"faces": {
				"north": {"uv": [5.75, 7.875, 5.5, 8.125], "texture": "#0"},
				"east": {"uv": [8.5, 5.75, 6.875, 6], "texture": "#0"},
				"south": {"uv": [6, 7.875, 5.75, 8.125], "texture": "#0"},
				"west": {"uv": [8.5, 5.5, 6.875, 5.75], "texture": "#0"},
				"up": {"uv": [2.875, 7.125, 3.125, 5.5], "texture": "#0"},
				"down": {"uv": [3.125, 5.5, 3.375, 7.125], "texture": "#0"}
			}
		},
		{
			"from": [7.001, 2.001, -2.999],
			"to": [8.999, 3.999, 9.999],
			"rotation": {"angle": -45, "axis": "x", "origin": [9, 4, -3]},
			"faces": {
				"north": {"uv": [7, 7.875, 7.25, 8.125], "texture": "#0"},
				"east": {"uv": [6.875, 6, 8.5, 6.25], "texture": "#0"},
				"south": {"uv": [7.25, 7.875, 7.5, 8.125], "texture": "#0"},
				"west": {"uv": [0, 7, 1.625, 7.25], "texture": "#0"},
				"up": {"uv": [1.875, 8.625, 1.625, 7], "texture": "#0"},
				"down": {"uv": [2.125, 7, 1.875, 8.625], "texture": "#0"}
			}
		}
	],
	"display": {
		"thirdperson_righthand": {
			"rotation": [38, 37, 23],
			"translation": [1, -1.5, -1.75],
			"scale": [0.3, 0.3, 0.3]
		},
		"thirdperson_lefthand": {
			"rotation": [38, 37, 23],
			"translation": [1, -1.5, -1.75],
			"scale": [0.3, 0.3, 0.3]
		},
		"firstperson_righthand": {
			"rotation": [16, 123, -1],
			"translation": [0, 4.75, 1.25],
			"scale": [0.3, 0.3, 0.3]
		},
		"firstperson_lefthand": {
			"rotation": [16, 123, -1],
			"translation": [0, 4.75, 1.25],
			"scale": [0.3, 0.3, 0.3]
		},
		"ground": {
			"translation": [0, 11.75, 0],
			"scale": [0.5, 0.5, 0.5]
		},
		"gui": {
			"rotation": [24, 145, -1],
			"translation": [-1.25, 1.5, 0],
			"scale": [0.4, 0.4, 0.4]
		},
		"head": {
			"translation": [0, 13.5, 1.25]
		},
		"fixed": {
			"rotation": [-47, 0, 0],
			"translation": [0, 7, -11.25]
		}
	}
}