{
	"credit": " (C)ArtsByKev, https://youtube.com/c/artsbykev & https://twitter.com/artsbykev - Using Blockbench",
	"ambientocclusion": false,
	"texture_size": [64, 64],
	"textures": {
		"0": "artsbykev_var/cos/googles_ghost",
		"particle": "artsbykev_var/cos/googles_ghost"
	},
	"elements": [
		{
			"from": [1, 4, -2],
			"to": [15, 13, 0],
			"rotation": {"angle": 0, "axis": "y", "origin": [0, -1, -2]},
			"faces": {
				"north": {"uv": [0, 0, 3.5, 2.25], "texture": "#0"},
				"east": {"uv": [2.5, 4.5, 3, 6.75], "texture": "#0"},
				"south": {"uv": [0, 2.25, 3.5, 4.5], "texture": "#0"},
				"west": {"uv": [3, 4.5, 3.5, 6.75], "texture": "#0"},
				"up": {"uv": [8.75, 3, 5.25, 2.5], "texture": "#0"},
				"down": {"uv": [8.75, 3, 5.25, 3.5], "texture": "#0"}
			}
		},
		{
			"from": [0, 1, -4],
			"to": [6, 3, -3],
			"rotation": {"angle": 0, "axis": "y", "origin": [-1, -11, -4]},
			"faces": {
				"north": {"uv": [6.75, 2, 8.25, 2.5], "texture": "#0"},
				"east": {"uv": [8, 8.25, 8.25, 8.75], "texture": "#0"},
				"south": {"uv": [6.75, 4, 8.25, 4.5], "texture": "#0"},
				"west": {"uv": [8.25, 8.25, 8.5, 8.75], "texture": "#0"},
				"up": {"uv": [9.5, 8.25, 8, 8], "texture": "#0"},
				"down": {"uv": [1.5, 8.25, 0, 8.5], "texture": "#0"}
			}
		},
		{
			"from": [0, 6, -3],
			"to": [6, 11, -1],
			"rotation": {"angle": 0, "axis": "y", "origin": [0, -2, -3]},
			"faces": {
				"north": {"uv": [5.25, 0, 6.75, 1.25], "texture": "#0"},
				"east": {"uv": [4.5, 7.5, 5, 8.75], "texture": "#0"},
				"south": {"uv": [5.25, 1.25, 6.75, 2.5], "texture": "#0"},
				"west": {"uv": [7.5, 4.5, 8, 5.75], "texture": "#0"},
				"up": {"uv": [8.25, 1.5, 6.75, 1], "texture": "#0"},
				"down": {"uv": [8.25, 1.5, 6.75, 2], "texture": "#0"}
			}
		},
		{
			"from": [5, 11, -3],
			"to": [11, 16, -1],
			"rotation": {"angle": 0, "axis": "y", "origin": [5, 3, -3]},
			"faces": {
				"north": {"uv": [5.25, 0, 6.75, 1.25], "texture": "#0"},
				"east": {"uv": [4.5, 7.5, 5, 8.75], "texture": "#0"},
				"south": {"uv": [5.25, 1.25, 6.75, 2.5], "texture": "#0"},
				"west": {"uv": [7.5, 4.5, 8, 5.75], "texture": "#0"},
				"up": {"uv": [8.25, 1.5, 6.75, 1], "texture": "#0"},
				"down": {"uv": [8.25, 1.5, 6.75, 2], "texture": "#0"}
			}
		},
		{
			"from": [10, 6, -3],
			"to": [16, 11, -1],
			"rotation": {"angle": 0, "axis": "y", "origin": [10, -2, -3]},
			"faces": {
				"north": {"uv": [5.25, 0, 6.75, 1.25], "texture": "#0"},
				"east": {"uv": [4.5, 7.5, 5, 8.75], "texture": "#0"},
				"south": {"uv": [5.25, 1.25, 6.75, 2.5], "texture": "#0"},
				"west": {"uv": [7.5, 4.5, 8, 5.75], "texture": "#0"},
				"up": {"uv": [8.25, 1.5, 6.75, 1], "texture": "#0"},
				"down": {"uv": [8.25, 1.5, 6.75, 2], "texture": "#0"}
			}
		},
		{
			"from": [1.5, 7, -7],
			"to": [4.5, 10, -5],
			"rotation": {"angle": 0, "axis": "y", "origin": [-0.5, -1, -7]},
			"faces": {
				"north": {"uv": [5, 7.5, 5.75, 8.25], "texture": "#0"},
				"east": {"uv": [8, 4.5, 8.5, 5.25], "texture": "#0"},
				"south": {"uv": [5.75, 7.5, 6.5, 8.25], "texture": "#0"},
				"west": {"uv": [8, 6.75, 8.5, 7.5], "texture": "#0"},
				"up": {"uv": [8.75, 5.75, 8, 5.25], "texture": "#0"},
				"down": {"uv": [8.75, 7.5, 8, 8], "texture": "#0"}
			}
		},
		{
			"from": [6.5, 12, -7],
			"to": [9.5, 15, -5],
			"rotation": {"angle": 0, "axis": "y", "origin": [4.5, 4, -7]},
			"faces": {
				"north": {"uv": [5, 7.5, 5.75, 8.25], "texture": "#0"},
				"east": {"uv": [8, 4.5, 8.5, 5.25], "texture": "#0"},
				"south": {"uv": [5.75, 7.5, 6.5, 8.25], "texture": "#0"},
				"west": {"uv": [8, 6.75, 8.5, 7.5], "texture": "#0"},
				"up": {"uv": [8.75, 5.75, 8, 5.25], "texture": "#0"},
				"down": {"uv": [8.75, 7.5, 8, 8], "texture": "#0"}
			}
		},
		{
			"from": [11.5, 7, -7],
			"to": [14.5, 10, -5],
			"rotation": {"angle": 0, "axis": "y", "origin": [9.5, -1, -7]},
			"faces": {
				"north": {"uv": [5, 7.5, 5.75, 8.25], "texture": "#0"},
				"east": {"uv": [8, 4.5, 8.5, 5.25], "texture": "#0"},
				"south": {"uv": [5.75, 7.5, 6.5, 8.25], "texture": "#0"},
				"west": {"uv": [8, 6.75, 8.5, 7.5], "texture": "#0"},
				"up": {"uv": [8.75, 5.75, 8, 5.25], "texture": "#0"},
				"down": {"uv": [8.75, 7.5, 8, 8], "texture": "#0"}
			}
		},
		{
			"from": [1, 6.5, -5],
			"to": [5, 10.5, -3],
			"rotation": {"angle": 0, "axis": "y", "origin": [0, -1.5, -5]},
			"faces": {
				"north": {"uv": [0, 6.75, 1, 7.75], "texture": "#0"},
				"east": {"uv": [6.75, 4.5, 7.25, 5.5], "texture": "#0"},
				"south": {"uv": [6.75, 0, 7.75, 1], "texture": "#0"},
				"west": {"uv": [7.5, 6.75, 8, 7.75], "texture": "#0"},
				"up": {"uv": [1, 8.25, 0, 7.75], "texture": "#0"},
				"down": {"uv": [8.75, 0, 7.75, 0.5], "texture": "#0"}
			}
		},
		{
			"from": [6, 11.5, -5],
			"to": [10, 15.5, -3],
			"rotation": {"angle": 0, "axis": "y", "origin": [5, 3.5, -5]},
			"faces": {
				"north": {"uv": [0, 6.75, 1, 7.75], "texture": "#0"},
				"east": {"uv": [6.75, 4.5, 7.25, 5.5], "texture": "#0"},
				"south": {"uv": [6.75, 0, 7.75, 1], "texture": "#0"},
				"west": {"uv": [7.5, 6.75, 8, 7.75], "texture": "#0"},
				"up": {"uv": [1, 8.25, 0, 7.75], "texture": "#0"},
				"down": {"uv": [8.75, 0, 7.75, 0.5], "texture": "#0"}
			}
		},
		{
			"from": [11, 6.5, -5],
			"to": [15, 10.5, -3],
			"rotation": {"angle": 0, "axis": "y", "origin": [10, -1.5, -5]},
			"faces": {
				"north": {"uv": [0, 6.75, 1, 7.75], "texture": "#0"},
				"east": {"uv": [6.75, 4.5, 7.25, 5.5], "texture": "#0"},
				"south": {"uv": [6.75, 0, 7.75, 1], "texture": "#0"},
				"west": {"uv": [7.5, 6.75, 8, 7.75], "texture": "#0"},
				"up": {"uv": [1, 8.25, 0, 7.75], "texture": "#0"},
				"down": {"uv": [8.75, 0, 7.75, 0.5], "texture": "#0"}
			}
		},
		{
			"from": [-1.825, 5, 0.825],
			"to": [0.175, 13, 7.825],
			"rotation": {"angle": 0, "axis": "y", "origin": [-2.825, -1, 0.825]},
			"faces": {
				"north": {"uv": [2, 6, 2.5, 8], "texture": "#0"},
				"east": {"uv": [3.5, 0, 5.25, 2], "texture": "#0"},
				"south": {"uv": [3.5, 6.25, 4, 8.25], "texture": "#0"},
				"west": {"uv": [3.5, 2, 5.25, 4], "texture": "#0"},
				"up": {"uv": [3.5, 8.5, 3, 6.75], "texture": "#0"},
				"down": {"uv": [7.25, 6, 6.75, 7.75], "texture": "#0"}
			}
		},
		{
			"from": [15.825, 5, 0.825],
			"to": [17.825, 13, 7.825],
			"rotation": {"angle": 0, "axis": "y", "origin": [18.825, -1, 0.825]},
			"faces": {
				"north": {"uv": [2.5, 6, 2, 8], "texture": "#0"},
				"east": {"uv": [5.25, 2, 3.5, 4], "texture": "#0"},
				"south": {"uv": [4, 6.25, 3.5, 8.25], "texture": "#0"},
				"west": {"uv": [5.25, 0, 3.5, 2], "texture": "#0"},
				"up": {"uv": [3, 8.5, 3.5, 6.75], "texture": "#0"},
				"down": {"uv": [6.75, 6, 7.25, 7.75], "texture": "#0"}
			}
		},
		{
			"from": [-2.825, 1, -1.175],
			"to": [-1.825, 3, 9.825],
			"rotation": {"angle": 0, "axis": "y", "origin": [-3.825, -11, 0.825]},
			"faces": {
				"north": {"uv": [5.5, 8.25, 5.75, 8.75], "texture": "#0"},
				"east": {"uv": [5.25, 3.5, 8, 4], "texture": "#0"},
				"south": {"uv": [5.75, 8.25, 6, 8.75], "texture": "#0"},
				"west": {"uv": [4.5, 5.5, 7.25, 6], "texture": "#0"},
				"up": {"uv": [7.5, 7.25, 7.25, 4.5], "texture": "#0"},
				"down": {"uv": [7.5, 7.25, 7.25, 10], "texture": "#0"}
			}
		},
		{
			"from": [-3.325, 6, 5.825],
			"to": [-0.325, 12, 11.825],
			"rotation": {"angle": 0, "axis": "y", "origin": [-3.325, -2, 5.825]},
			"faces": {
				"north": {"uv": [6, 4, 6.75, 5.5], "texture": "#0"},
				"east": {"uv": [1, 4.5, 2.5, 6], "texture": "#0"},
				"south": {"uv": [4.5, 6, 5.25, 7.5], "texture": "#0"},
				"west": {"uv": [4.5, 4, 6, 5.5], "texture": "#0"},
				"up": {"uv": [6, 7.5, 5.25, 6], "texture": "#0"},
				"down": {"uv": [6.75, 6, 6, 7.5], "texture": "#0"}
			}
		},
		{
			"from": [16.325, 6, 5.825],
			"to": [19.325, 12, 11.825],
			"rotation": {"angle": 0, "axis": "y", "origin": [19.325, -2, 5.825]},
			"faces": {
				"north": {"uv": [6.75, 4, 6, 5.5], "texture": "#0"},
				"east": {"uv": [6, 4, 4.5, 5.5], "texture": "#0"},
				"south": {"uv": [5.25, 6, 4.5, 7.5], "texture": "#0"},
				"west": {"uv": [2.5, 4.5, 1, 6], "texture": "#0"},
				"up": {"uv": [5.25, 7.5, 6, 6], "texture": "#0"},
				"down": {"uv": [6, 6, 6.75, 7.5], "texture": "#0"}
			}
		},
		{
			"from": [-3.825, 1, 7.825],
			"to": [-2.825, 9, 9.825],
			"rotation": {"angle": 0, "axis": "y", "origin": [-3.825, -5, 5.825]},
			"faces": {
				"north": {"uv": [7, 7.75, 7.25, 9.75], "texture": "#0"},
				"east": {"uv": [4, 6.25, 4.5, 8.25], "texture": "#0"},
				"south": {"uv": [2, 8, 2.25, 10], "texture": "#0"},
				"west": {"uv": [2.5, 6.75, 3, 8.75], "texture": "#0"},
				"up": {"uv": [5.25, 8.75, 5, 8.25], "texture": "#0"},
				"down": {"uv": [5.5, 8.25, 5.25, 8.75], "texture": "#0"}
			}
		},
		{
			"from": [-2.075, 12.25, 8.425],
			"to": [-1.075, 16.25, 10.425],
			"rotation": {"angle": 45, "axis": "x", "origin": [-2.075, 12.25, 8.425]},
			"faces": {
				"north": {"uv": [3.5, 8.25, 3.75, 9.25], "texture": "#0"},
				"east": {"uv": [6.5, 7.75, 7, 8.75], "texture": "#0"},
				"south": {"uv": [3.75, 8.25, 4, 9.25], "texture": "#0"},
				"west": {"uv": [7.5, 7.75, 8, 8.75], "texture": "#0"},
				"up": {"uv": [4.25, 8.75, 4, 8.25], "texture": "#0"},
				"down": {"uv": [4.5, 8.25, 4.25, 8.75], "texture": "#0"}
			}
		},
		{
			"from": [-2.075, 16.25, 8.425],
			"to": [-1.075, 21.25, 9.425],
			"rotation": {"angle": 45, "axis": "x", "origin": [-2.075, 12.25, 8.425]},
			"faces": {
				"north": {"uv": [2.25, 8, 2.5, 9.25], "texture": "#0"},
				"east": {"uv": [8.25, 1, 8.5, 2.25], "texture": "#0"},
				"south": {"uv": [1.5, 8.25, 1.75, 9.5], "texture": "#0"},
				"west": {"uv": [1.75, 8.25, 2, 9.5], "texture": "#0"},
				"up": {"uv": [6.75, 7.75, 6.5, 7.5], "texture": "#0"},
				"down": {"uv": [8.5, 4.25, 8.25, 4.5], "texture": "#0"}
			}
		},
		{
			"from": [-3, 4, -2],
			"to": [1, 13, 0],
			"rotation": {"angle": 45, "axis": "y", "origin": [1, -1, -2]},
			"faces": {
				"north": {"uv": [3.5, 4, 4.5, 6.25], "texture": "#0"},
				"east": {"uv": [1, 6, 1.5, 8.25], "texture": "#0"},
				"south": {"uv": [0, 4.5, 1, 6.75], "texture": "#0"},
				"west": {"uv": [1.5, 6, 2, 8.25], "texture": "#0"},
				"up": {"uv": [8.5, 6.25, 7.5, 5.75], "texture": "#0"},
				"down": {"uv": [8.5, 6.25, 7.5, 6.75], "texture": "#0"}
			}
		},
		{
			"from": [15, 4, -2],
			"to": [19, 13, 0],
			"rotation": {"angle": -45, "axis": "y", "origin": [15, -1, -2]},
			"faces": {
				"north": {"uv": [4.5, 4, 3.5, 6.25], "texture": "#0"},
				"east": {"uv": [2, 6, 1.5, 8.25], "texture": "#0"},
				"south": {"uv": [1, 4.5, 0, 6.75], "texture": "#0"},
				"west": {"uv": [1.5, 6, 1, 8.25], "texture": "#0"},
				"up": {"uv": [7.5, 6.25, 8.5, 5.75], "texture": "#0"},
				"down": {"uv": [7.5, 6.25, 8.5, 6.75], "texture": "#0"}
			}
		},
		{
			"from": [-4, 1, -4],
			"to": [0, 3, -3],
			"rotation": {"angle": 45, "axis": "y", "origin": [0, -11, -4]},
			"faces": {
				"north": {"uv": [7.75, 0.5, 8.75, 1], "texture": "#0"},
				"east": {"uv": [6, 8.25, 6.25, 8.75], "texture": "#0"},
				"south": {"uv": [8, 3.5, 9, 4], "texture": "#0"},
				"west": {"uv": [6.25, 8.25, 6.5, 8.75], "texture": "#0"},
				"up": {"uv": [9.25, 2.5, 8.25, 2.25], "texture": "#0"},
				"down": {"uv": [9.25, 4, 8.25, 4.25], "texture": "#0"}
			}
		}
	],
	"display": {
		"thirdperson_righthand": {
			"rotation": [0, 0, -44],
			"translation": [-3.75, 2.5, 0],
			"scale": [0.5, 0.5, 0.5]
		},
		"thirdperson_lefthand": {
			"rotation": [0, 0, -44],
			"translation": [-3.75, 2.5, 0],
			"scale": [0.5, 0.5, 0.5]
		},
		"firstperson_righthand": {
			"rotation": [27, 50, 0],
			"translation": [1, 4.25, 0],
			"scale": [0.5, 0.5, 0.5]
		},
		"firstperson_lefthand": {
			"rotation": [27, 50, 0],
			"translation": [1, 4.25, 0],
			"scale": [0.5, 0.5, 0.5]
		},
		"ground": {
			"translation": [0, 4, 0],
			"scale": [0.5, 0.5, 0.5]
		},
		"gui": {
			"rotation": [27, 138, 4],
			"translation": [1, 1.25, 0],
			"scale": [0.6, 0.6, 0.6]
		},
		"head": {
			"translation": [0, 0, -1],
			"scale": [0.8, 0.8, 0.8]
		},
		"fixed": {
			"translation": [0, 0, -5.25]
		}
	}
}