{
	"credit": " (C)ArtsByKev, https://youtube.com/c/artsbykev & https://twitter.com/artsbykev - Using Blockbench",
	"ambientocclusion": false,
	"texture_size": [32, 32],
	"textures": {
		"0": "artsbykev_cos/guitar",
		"particle": "artsbykev_cos/guitar"
	},
	"elements": [
		{
			"from": [5.5, 7, 2],
			"to": [10.5, 9, 6],
			"rotation": {"angle": 0, "axis": "y", "origin": [7.5, 8, 3]},
			"faces": {
				"north": {"uv": [8, 8, 10.5, 9], "texture": "#0"},
				"east": {"uv": [8, 7, 10, 8], "texture": "#0"},
				"south": {"uv": [8, 2, 10.5, 3], "texture": "#0"},
				"west": {"uv": [8.5, 0, 10.5, 1], "texture": "#0"},
				"up": {"uv": [6, 2, 3.5, 0], "texture": "#0"},
				"down": {"uv": [8.5, 0, 6, 2], "texture": "#0"}
			}
		},
		{
			"from": [4.5, 7, 6],
			"to": [11.5, 9, 15],
			"rotation": {"angle": 0, "axis": "y", "origin": [8.5, 8, 8]},
			"faces": {
				"north": {"uv": [7, 5, 10.5, 6], "texture": "#0"},
				"east": {"uv": [3.5, 2, 8, 3], "texture": "#0"},
				"south": {"uv": [7, 6, 10.5, 7], "texture": "#0"},
				"west": {"uv": [7, 3, 11.5, 4], "texture": "#0"},
				"up": {"uv": [3.5, 4.5, 0, 0], "texture": "#0"},
				"down": {"uv": [7, 3.5, 3.5, 8], "texture": "#0"}
			}
		},
		{
			"from": [6.5, 8.5, -13],
			"to": [9.5, 9.5, -8],
			"rotation": {"angle": -22.5, "axis": "x", "origin": [8.5, 9.5, -8]},
			"faces": {
				"north": {"uv": [8.5, 1.5, 10, 2], "texture": "#0"},
				"east": {"uv": [3.5, 3, 6, 3.5], "texture": "#0"},
				"south": {"uv": [8, 9, 9.5, 9.5], "texture": "#0"},
				"west": {"uv": [8.5, 1, 11, 1.5], "texture": "#0"},
				"up": {"uv": [4.5, 10.5, 3, 8], "texture": "#0"},
				"down": {"uv": [6, 8, 4.5, 10.5], "texture": "#0"}
			}
		},
		{
			"from": [7, 7.9, -10],
			"to": [7.5, 9.9, -9.5],
			"rotation": {"angle": -22.5, "axis": "x", "origin": [8.5, 8.9, -8]},
			"faces": {
				"north": {"uv": [10.5, 5.5, 10.75, 6.5], "texture": "#0"},
				"east": {"uv": [10.5, 8, 10.75, 9], "texture": "#0"},
				"south": {"uv": [6.5, 11, 6.75, 12], "texture": "#0"},
				"west": {"uv": [8, 11, 8.25, 12], "texture": "#0"},
				"up": {"uv": [9.75, 12.25, 9.5, 12], "texture": "#0"},
				"down": {"uv": [10.25, 12, 10, 12.25], "texture": "#0"}
			}
		},
		{
			"from": [8.5, 8.2, -9.2],
			"to": [9, 10.2, -8.7],
			"rotation": {"angle": -22.5, "axis": "x", "origin": [7.5, 9.2, -7.2]},
			"faces": {
				"north": {"uv": [11, 6.5, 11.25, 7.5], "texture": "#0"},
				"east": {"uv": [11, 7.5, 11.25, 8.5], "texture": "#0"},
				"south": {"uv": [11, 8.5, 11.25, 9.5], "texture": "#0"},
				"west": {"uv": [11, 9.5, 11.25, 10.5], "texture": "#0"},
				"up": {"uv": [12.25, 3.75, 12, 3.5], "texture": "#0"},
				"down": {"uv": [12.25, 5, 12, 5.25], "texture": "#0"}
			}
		},
		{
			"from": [7, 7.1, -12],
			"to": [7.5, 9.1, -11.5],
			"rotation": {"angle": -22.5, "axis": "x", "origin": [8.5, 8.1, -10]},
			"faces": {
				"north": {"uv": [8.5, 11, 8.75, 12], "texture": "#0"},
				"east": {"uv": [9, 11, 9.25, 12], "texture": "#0"},
				"south": {"uv": [9.5, 11, 9.75, 12], "texture": "#0"},
				"west": {"uv": [10, 11, 10.25, 12], "texture": "#0"},
				"up": {"uv": [12.25, 12.25, 12, 12], "texture": "#0"},
				"down": {"uv": [12.25, 0, 12, 0.25], "texture": "#0"}
			}
		},
		{
			"from": [8.5, 7.4, -11.2],
			"to": [9, 9.4, -10.7],
			"rotation": {"angle": -22.5, "axis": "x", "origin": [7.5, 8.4, -9.2]},
			"faces": {
				"north": {"uv": [10.5, 11, 10.75, 12], "texture": "#0"},
				"east": {"uv": [11, 11, 11.25, 12], "texture": "#0"},
				"south": {"uv": [11, 1, 11.25, 2], "texture": "#0"},
				"west": {"uv": [11, 5.5, 11.25, 6.5], "texture": "#0"},
				"up": {"uv": [12.25, 1.75, 12, 1.5], "texture": "#0"},
				"down": {"uv": [12.25, 2, 12, 2.25], "texture": "#0"}
			}
		},
		{
			"from": [6, 7.9, -10],
			"to": [7, 8.4, -9.5],
			"rotation": {"angle": -22.5, "axis": "x", "origin": [9, 8.9, -8]},
			"faces": {
				"north": {"uv": [11.5, 0.5, 12, 0.75], "texture": "#0"},
				"east": {"uv": [10.5, 12, 10.75, 12.25], "texture": "#0"},
				"south": {"uv": [11.5, 1, 12, 1.25], "texture": "#0"},
				"west": {"uv": [11, 12, 11.25, 12.25], "texture": "#0"},
				"up": {"uv": [12, 1.75, 11.5, 1.5], "texture": "#0"},
				"down": {"uv": [12, 2, 11.5, 2.25], "texture": "#0"}
			}
		},
		{
			"from": [9, 8.2, -9.2],
			"to": [10, 8.7, -8.7],
			"rotation": {"angle": -22.5, "axis": "x", "origin": [7, 9.2, -7.2]},
			"faces": {
				"north": {"uv": [11.5, 8.5, 12, 8.75], "texture": "#0"},
				"east": {"uv": [12, 2.5, 12.25, 2.75], "texture": "#0"},
				"south": {"uv": [11.5, 9, 12, 9.25], "texture": "#0"},
				"west": {"uv": [12, 3, 12.25, 3.25], "texture": "#0"},
				"up": {"uv": [12, 9.75, 11.5, 9.5], "texture": "#0"},
				"down": {"uv": [12, 10, 11.5, 10.25], "texture": "#0"}
			}
		},
		{
			"from": [6, 7.1, -12],
			"to": [7, 7.6, -11.5],
			"rotation": {"angle": -22.5, "axis": "x", "origin": [9, 8.1, -10]},
			"faces": {
				"north": {"uv": [10.5, 6.5, 11, 6.75], "texture": "#0"},
				"east": {"uv": [2, 12, 2.25, 12.25], "texture": "#0"},
				"south": {"uv": [10.5, 9, 11, 9.25], "texture": "#0"},
				"west": {"uv": [2.5, 12, 2.75, 12.25], "texture": "#0"},
				"up": {"uv": [11.5, 10.75, 11, 10.5], "texture": "#0"},
				"down": {"uv": [12, 0, 11.5, 0.25], "texture": "#0"}
			}
		},
		{
			"from": [9, 7.4, -11.2],
			"to": [10, 7.9, -10.7],
			"rotation": {"angle": -22.5, "axis": "x", "origin": [7, 8.4, -9.2]},
			"faces": {
				"north": {"uv": [11.5, 5.5, 12, 5.75], "texture": "#0"},
				"east": {"uv": [12, 0.5, 12.25, 0.75], "texture": "#0"},
				"south": {"uv": [11.5, 6, 12, 6.25], "texture": "#0"},
				"west": {"uv": [12, 1, 12.25, 1.25], "texture": "#0"},
				"up": {"uv": [12, 6.75, 11.5, 6.5], "texture": "#0"},
				"down": {"uv": [12, 7, 11.5, 7.25], "texture": "#0"}
			}
		},
		{
			"from": [5, 6.78739, -9.57978],
			"to": [6, 8.28739, -9.07978],
			"rotation": {"angle": 45, "axis": "x", "origin": [5.5, 7.53739, -9.32978]},
			"faces": {
				"north": {"uv": [3, 4.5, 3.5, 5.25], "texture": "#0"},
				"east": {"uv": [3, 11.5, 3.25, 12.25], "texture": "#0"},
				"south": {"uv": [3, 5.5, 3.5, 6.25], "texture": "#0"},
				"west": {"uv": [3.5, 11.5, 3.75, 12.25], "texture": "#0"},
				"up": {"uv": [12, 2.75, 11.5, 2.5], "texture": "#0"},
				"down": {"uv": [12, 3, 11.5, 3.25], "texture": "#0"}
			}
		},
		{
			"from": [10, 7.08739, -8.77978],
			"to": [11, 8.58739, -8.27978],
			"rotation": {"angle": 0, "axis": "x", "origin": [10.5, 7.83739, -8.52978]},
			"faces": {
				"north": {"uv": [3.5, 10.5, 4, 11.25], "texture": "#0"},
				"east": {"uv": [5, 11.5, 5.25, 12.25], "texture": "#0"},
				"south": {"uv": [4, 10.5, 4.5, 11.25], "texture": "#0"},
				"west": {"uv": [5.5, 11.5, 5.75, 12.25], "texture": "#0"},
				"up": {"uv": [12, 7.75, 11.5, 7.5], "texture": "#0"},
				"down": {"uv": [12, 8, 11.5, 8.25], "texture": "#0"}
			}
		},
		{
			"from": [5, 5.98739, -11.57978],
			"to": [6, 7.48739, -11.07978],
			"rotation": {"angle": -22.5, "axis": "x", "origin": [5.5, 6.73739, -11.32978]},
			"faces": {
				"north": {"uv": [3, 6.5, 3.5, 7.25], "texture": "#0"},
				"east": {"uv": [4, 11.5, 4.25, 12.25], "texture": "#0"},
				"south": {"uv": [3, 10.5, 3.5, 11.25], "texture": "#0"},
				"west": {"uv": [4.5, 11.5, 4.75, 12.25], "texture": "#0"},
				"up": {"uv": [12, 3.75, 11.5, 3.5], "texture": "#0"},
				"down": {"uv": [12, 5, 11.5, 5.25], "texture": "#0"}
			}
		},
		{
			"from": [10, 6.28739, -10.77978],
			"to": [11, 7.78739, -10.27978],
			"rotation": {"angle": -45, "axis": "x", "origin": [10.5, 7.03739, -10.52978]},
			"faces": {
				"north": {"uv": [4.5, 10.5, 5, 11.25], "texture": "#0"},
				"east": {"uv": [6, 11.5, 6.25, 12.25], "texture": "#0"},
				"south": {"uv": [5, 10.5, 5.5, 11.25], "texture": "#0"},
				"west": {"uv": [11.5, 11.5, 11.75, 12.25], "texture": "#0"},
				"up": {"uv": [12, 10.75, 11.5, 10.5], "texture": "#0"},
				"down": {"uv": [12, 11, 11.5, 11.25], "texture": "#0"}
			}
		},
		{
			"from": [7, 8.5, -8],
			"to": [9, 9.5, 7],
			"rotation": {"angle": 0, "axis": "y", "origin": [8, 8.5, 3]},
			"faces": {
				"north": {"uv": [6, 3, 7, 3.5], "texture": "#0"},
				"east": {"uv": [7, 4, 14.5, 4.5], "texture": "#0"},
				"south": {"uv": [9.5, 9, 10.5, 9.5], "texture": "#0"},
				"west": {"uv": [7, 4.5, 14.5, 5], "texture": "#0"},
				"up": {"uv": [13.25, 12.5, 12.25, 5], "texture": "#0"},
				"down": {"uv": [8, 7, 7, 14.5], "texture": "#0"}
			}
		},
		{
			"from": [7, 8.5, 11],
			"to": [9, 9.5, 12],
			"rotation": {"angle": 0, "axis": "y", "origin": [8, 8.5, 8]},
			"faces": {
				"north": {"uv": [6, 10, 7, 10.5], "texture": "#0"},
				"east": {"uv": [3, 7.5, 3.5, 8], "texture": "#0"},
				"south": {"uv": [10, 10, 11, 10.5], "texture": "#0"},
				"west": {"uv": [6.5, 10.5, 7, 11], "texture": "#0"},
				"up": {"uv": [11, 2, 10, 1.5], "texture": "#0"},
				"down": {"uv": [11, 7, 10, 7.5], "texture": "#0"}
			}
		},
		{
			"from": [7, 9.525, 12],
			"to": [9, 9.525, 13.5],
			"rotation": {"angle": 22.5, "axis": "x", "origin": [8, 9.525, 12]},
			"faces": {
				"north": {"uv": [0, 0, 1, 0], "texture": "#0"},
				"east": {"uv": [0, 0, 0.75, 0], "texture": "#0"},
				"south": {"uv": [0, 0, 1, 0], "texture": "#0"},
				"west": {"uv": [0, 0, 0.75, 0], "texture": "#0"},
				"up": {"uv": [2.25, 13.25, 0, 14.5], "texture": "#0"},
				"down": {"uv": [2.25, 13.25, 0, 14.5], "texture": "#0"}
			}
		},
		{
			"from": [7, 9.525, -8],
			"to": [9, 9.525, 12],
			"rotation": {"angle": 0, "axis": "y", "origin": [8, 9.525, 8]},
			"faces": {
				"north": {"uv": [0, 0, 1, 0], "texture": "#0"},
				"east": {"uv": [0, 0, 10, 0], "texture": "#0"},
				"south": {"uv": [0, 0, 1, 0], "texture": "#0"},
				"west": {"uv": [0, 0, 10, 0], "texture": "#0"},
				"up": {"uv": [2.25, 14.5, 0, 4.5], "texture": "#0"},
				"down": {"uv": [2.25, 4.5, 0, 14.5], "texture": "#0"}
			}
		},
		{
			"from": [7, 8.75, 13],
			"to": [9, 9.25, 13.5],
			"rotation": {"angle": 0, "axis": "y", "origin": [8, 8.75, 10]},
			"faces": {
				"north": {"uv": [8, 10.5, 9, 10.75], "texture": "#0"},
				"east": {"uv": [6.5, 12, 6.75, 12.25], "texture": "#0"},
				"south": {"uv": [9, 10.5, 10, 10.75], "texture": "#0"},
				"west": {"uv": [8, 12, 8.25, 12.25], "texture": "#0"},
				"up": {"uv": [11, 10.75, 10, 10.5], "texture": "#0"},
				"down": {"uv": [11.5, 0, 10.5, 0.25], "texture": "#0"}
			}
		},
		{
			"from": [7.01, 9.26, -8.24],
			"to": [8.99, 9.74, -7.76],
			"rotation": {"angle": 0, "axis": "y", "origin": [8, 9.25, -11.25]},
			"faces": {
				"north": {"uv": [10.5, 0.5, 11.5, 0.75], "texture": "#0"},
				"east": {"uv": [8.5, 12, 8.75, 12.25], "texture": "#0"},
				"south": {"uv": [10.5, 2, 11.5, 2.25], "texture": "#0"},
				"west": {"uv": [9, 12, 9.25, 12.25], "texture": "#0"},
				"up": {"uv": [11.5, 2.75, 10.5, 2.5], "texture": "#0"},
				"down": {"uv": [11.5, 5, 10.5, 5.25], "texture": "#0"}
			}
		},
		{
			"from": [7, 7, 1.5],
			"to": [9, 9, 2],
			"rotation": {"angle": 0, "axis": "y", "origin": [8, 9, 3.5]},
			"faces": {
				"north": {"uv": [6, 8, 7, 9], "texture": "#0"},
				"east": {"uv": [5.5, 10.5, 5.75, 11.5], "texture": "#0"},
				"south": {"uv": [6, 9, 7, 10], "texture": "#0"},
				"west": {"uv": [6, 10.5, 6.25, 11.5], "texture": "#0"},
				"up": {"uv": [11, 7.75, 10, 7.5], "texture": "#0"},
				"down": {"uv": [11, 9.5, 10, 9.75], "texture": "#0"}
			}
		}
	],
	"display": {
		"thirdperson_righthand": {
			"rotation": [99, 71, -95],
			"translation": [-3.25, -2, -0.25]
		},
		"thirdperson_lefthand": {
			"rotation": [99, 71, -95],
			"translation": [-3.25, -2, -0.25]
		},
		"firstperson_righthand": {
			"rotation": [-89, 110, 31],
			"translation": [0, 2.25, 3],
			"scale": [0.7, 0.7, 0.7]
		},
		"firstperson_lefthand": {
			"rotation": [-89, 110, 31],
			"translation": [0, 2.25, 3],
			"scale": [0.7, 0.7, 0.7]
		},
		"ground": {
			"translation": [0, 0, 5]
		},
		"gui": {
			"rotation": [49, -26, 0],
			"translation": [-2, -3, 0],
			"scale": [0.7, 0.7, 0.7]
		},
		"head": {
			"rotation": [88, -51, 4],
			"translation": [-0.75, -14.75, 5.25],
			"scale": [1.4, 1.4, 1.4]
		},
		"fixed": {
			"rotation": [-90, -180, 0],
			"translation": [0, -1, -2.25],
			"scale": [2, 2, 2]
		}
	}
}