{
	"credit": "Designed by Kevin *ArtsByKev* www.twitter.com/artsbykev",
	"ambientocclusion": false,
	"texture_size": [112, 112],
	"textures": {
		"0": "item/hats/hat_safari_1",
		"particle": "item/hats/hat_safari_1"
	},
	"elements": [
		{
			"from": [0, 1, 0],
			"to": [16, 5, 16],
			"rotation": {"angle": 0, "axis": "y", "origin": [8, 9, 8]},
			"faces": {
				"north": {"uv": [2.28571, 2.28571, 4.57143, 2.85714], "texture": "#0"},
				"east": {"uv": [0, 2.28571, 2.28571, 2.85714], "texture": "#0"},
				"south": {"uv": [6.85714, 2.28571, 9.14286, 2.85714], "texture": "#0"},
				"west": {"uv": [4.57143, 2.28571, 6.85714, 2.85714], "texture": "#0"},
				"up": {"uv": [4.57143, 2.28571, 2.28571, 0], "texture": "#0"},
				"down": {"uv": [6.85714, 0, 4.57143, 2.28571], "texture": "#0"}
			}
		},
		{
			"from": [1, 5, 1],
			"to": [15, 8, 15],
			"rotation": {"angle": 0, "axis": "y", "origin": [8, 13, 8]},
			"faces": {
				"north": {"uv": [2, 4.85714, 4, 5.28571], "texture": "#0"},
				"east": {"uv": [0, 4.85714, 2, 5.28571], "texture": "#0"},
				"south": {"uv": [6, 4.85714, 8, 5.28571], "texture": "#0"},
				"west": {"uv": [4, 4.85714, 6, 5.28571], "texture": "#0"},
				"up": {"uv": [4, 4.85714, 2, 2.85714], "texture": "#0"},
				"down": {"uv": [6, 2.85714, 4, 4.85714], "texture": "#0"}
			}
		},
		{
			"from": [3, 9, 3],
			"to": [13, 10, 13],
			"rotation": {"angle": 0, "axis": "y", "origin": [8, 17, 8]},
			"faces": {
				"north": {"uv": [1.42857, 8.85714, 2.85714, 9], "texture": "#0"},
				"east": {"uv": [0, 8.85714, 1.42857, 9], "texture": "#0"},
				"south": {"uv": [4.28571, 8.85714, 5.71429, 9], "texture": "#0"},
				"west": {"uv": [2.85714, 8.85714, 4.28571, 9], "texture": "#0"},
				"up": {"uv": [2.85714, 8.85714, 1.42857, 7.42857], "texture": "#0"},
				"down": {"uv": [4.28571, 7.42857, 2.85714, 8.85714], "texture": "#0"}
			}
		},
		{
			"from": [3, 8, 1],
			"to": [13, 9, 15],
			"rotation": {"angle": 0, "axis": "y", "origin": [8, 16, 8]},
			"faces": {
				"north": {"uv": [2, 7.28571, 3.42857, 7.42857], "texture": "#0"},
				"east": {"uv": [0, 7.28571, 2, 7.42857], "texture": "#0"},
				"south": {"uv": [5.42857, 7.28571, 6.85714, 7.42857], "texture": "#0"},
				"west": {"uv": [3.42857, 7.28571, 5.42857, 7.42857], "texture": "#0"},
				"up": {"uv": [3.42857, 7.28571, 2, 5.28571], "texture": "#0"},
				"down": {"uv": [4.85714, 5.28571, 3.42857, 7.28571], "texture": "#0"}
			}
		},
		{
			"from": [1, 8, 3],
			"to": [3, 9, 13],
			"rotation": {"angle": 0, "axis": "y", "origin": [6, 16, 8]},
			"faces": {
				"north": {"uv": [3.42857, 11.14286, 3.71429, 11.28571], "texture": "#0"},
				"east": {"uv": [2, 11.14286, 3.42857, 11.28571], "texture": "#0"},
				"south": {"uv": [5.14286, 11.14286, 5.42857, 11.28571], "texture": "#0"},
				"west": {"uv": [3.71429, 11.14286, 5.14286, 11.28571], "texture": "#0"},
				"up": {"uv": [3.71429, 11.14286, 3.42857, 9.71429], "texture": "#0"},
				"down": {"uv": [4, 9.71429, 3.71429, 11.14286], "texture": "#0"}
			}
		},
		{
			"from": [13, 8, 3],
			"to": [15, 9, 13],
			"rotation": {"angle": 0, "axis": "y", "origin": [18, 16, 8]},
			"faces": {
				"north": {"uv": [7.42857, 9.42857, 7.71429, 9.57143], "texture": "#0"},
				"east": {"uv": [6, 9.42857, 7.42857, 9.57143], "texture": "#0"},
				"south": {"uv": [9.14286, 9.42857, 9.42857, 9.57143], "texture": "#0"},
				"west": {"uv": [7.71429, 9.42857, 9.14286, 9.57143], "texture": "#0"},
				"up": {"uv": [7.71429, 9.42857, 7.42857, 8], "texture": "#0"},
				"down": {"uv": [8, 8, 7.71429, 9.42857], "texture": "#0"}
			}
		},
		{
			"from": [7, 10, 7],
			"to": [9, 11, 9],
			"rotation": {"angle": 0, "axis": "y", "origin": [8, 18, 8]},
			"faces": {
				"north": {"uv": [0.28571, 5.57143, 0.57143, 5.71429], "texture": "#0"},
				"east": {"uv": [0, 5.57143, 0.28571, 5.71429], "texture": "#0"},
				"south": {"uv": [0.85714, 5.57143, 1.14286, 5.71429], "texture": "#0"},
				"west": {"uv": [0.57143, 5.57143, 0.85714, 5.71429], "texture": "#0"},
				"up": {"uv": [0.57143, 5.57143, 0.28571, 5.28571], "texture": "#0"},
				"down": {"uv": [0.85714, 5.28571, 0.57143, 5.57143], "texture": "#0"}
			}
		},
		{
			"from": [-1, 1, 2],
			"to": [0, 5, 14],
			"rotation": {"angle": 0, "axis": "y", "origin": [7, 9, 8]},
			"faces": {
				"north": {"uv": [9.42857, 9.71429, 9.57143, 10.28571], "texture": "#0"},
				"east": {"uv": [7.71429, 9.71429, 9.42857, 10.28571], "texture": "#0"},
				"south": {"uv": [11.28571, 9.71429, 11.42857, 10.28571], "texture": "#0"},
				"west": {"uv": [9.57143, 9.71429, 11.28571, 10.28571], "texture": "#0"},
				"up": {"uv": [9.57143, 9.71429, 9.42857, 8], "texture": "#0"},
				"down": {"uv": [9.71429, 8, 9.57143, 9.71429], "texture": "#0"}
			}
		},
		{
			"from": [0, 5, 4],
			"to": [1, 8, 12],
			"rotation": {"angle": 0, "axis": "y", "origin": [8, 13, 8]},
			"faces": {
				"north": {"uv": [7.14286, 4.42857, 7.28571, 4.85714], "texture": "#0"},
				"east": {"uv": [6, 4.42857, 7.14286, 4.85714], "texture": "#0"},
				"south": {"uv": [8.42857, 4.42857, 8.57143, 4.85714], "texture": "#0"},
				"west": {"uv": [7.28571, 4.42857, 8.42857, 4.85714], "texture": "#0"},
				"up": {"uv": [7.28571, 4.42857, 7.14286, 3.28571], "texture": "#0"},
				"down": {"uv": [7.42857, 3.28571, 7.28571, 4.42857], "texture": "#0"}
			}
		},
		{
			"from": [16, 1, 2],
			"to": [17, 5, 14],
			"rotation": {"angle": 0, "axis": "y", "origin": [7, 9, 8]},
			"faces": {
				"north": {"uv": [5.71429, 9.71429, 5.85714, 10.28571], "texture": "#0"},
				"east": {"uv": [4, 9.71429, 5.71429, 10.28571], "texture": "#0"},
				"south": {"uv": [7.57143, 9.71429, 7.71429, 10.28571], "texture": "#0"},
				"west": {"uv": [5.85714, 9.71429, 7.57143, 10.28571], "texture": "#0"},
				"up": {"uv": [5.85714, 9.71429, 5.71429, 8], "texture": "#0"},
				"down": {"uv": [6, 8, 5.85714, 9.71429], "texture": "#0"}
			}
		},
		{
			"from": [15, 5, 4],
			"to": [16, 8, 12],
			"rotation": {"angle": 0, "axis": "y", "origin": [6, 13, 8]},
			"faces": {
				"north": {"uv": [5.42857, 11.42857, 5.57143, 11.85714], "texture": "#0"},
				"east": {"uv": [4.28571, 11.42857, 5.42857, 11.85714], "texture": "#0"},
				"south": {"uv": [6.71429, 11.42857, 6.85714, 11.85714], "texture": "#0"},
				"west": {"uv": [5.57143, 11.42857, 6.71429, 11.85714], "texture": "#0"},
				"up": {"uv": [5.57143, 11.42857, 5.42857, 10.28571], "texture": "#0"},
				"down": {"uv": [5.71429, 10.28571, 5.57143, 11.42857], "texture": "#0"}
			}
		},
		{
			"from": [1, 0, -3],
			"to": [15, 1, 1],
			"faces": {
				"north": {"uv": [10, 0.85714, 12, 1], "texture": "#0"},
				"east": {"uv": [9.42857, 0.85714, 10, 1], "texture": "#0"},
				"south": {"uv": [12.57143, 0.85714, 14.57143, 1], "texture": "#0"},
				"west": {"uv": [12, 0.85714, 12.57143, 1], "texture": "#0"},
				"up": {"uv": [12, 0.85714, 10, 0.28571], "texture": "#0"},
				"down": {"uv": [14, 0.28571, 12, 0.85714], "texture": "#0"}
			}
		},
		{
			"from": [1, 0, 15],
			"to": [15, 1, 19],
			"rotation": {"angle": 0, "axis": "y", "origin": [-6, 8, 13]},
			"faces": {
				"north": {"uv": [0.57143, 9.57143, 2.57143, 9.71429], "texture": "#0"},
				"east": {"uv": [0, 9.57143, 0.57143, 9.71429], "texture": "#0"},
				"south": {"uv": [3.14286, 9.57143, 5.14286, 9.71429], "texture": "#0"},
				"west": {"uv": [2.57143, 9.57143, 3.14286, 9.71429], "texture": "#0"},
				"up": {"uv": [2.57143, 9.57143, 0.57143, 9], "texture": "#0"},
				"down": {"uv": [4.57143, 9, 2.57143, 9.57143], "texture": "#0"}
			}
		},
		{
			"from": [15, -0.25, -3],
			"to": [19, 0.75, 1],
			"rotation": {"angle": 0, "axis": "y", "origin": [12, 7.75, 8]},
			"faces": {
				"north": {"uv": [7.42857, 0.85714, 8, 1], "texture": "#0"},
				"east": {"uv": [6.85714, 0.85714, 7.42857, 1], "texture": "#0"},
				"south": {"uv": [8.57143, 0.85714, 9.14286, 1], "texture": "#0"},
				"west": {"uv": [8, 0.85714, 8.57143, 1], "texture": "#0"},
				"up": {"uv": [8, 0.85714, 7.42857, 0.28571], "texture": "#0"},
				"down": {"uv": [8.57143, 0.28571, 8, 0.85714], "texture": "#0"}
			}
		},
		{
			"from": [15, -0.25, 15],
			"to": [19, 0.75, 19],
			"rotation": {"angle": 0, "axis": "y", "origin": [-6, 7.75, 13]},
			"faces": {
				"north": {"uv": [0.57143, 0.57143, 1.14286, 0.71429], "texture": "#0"},
				"east": {"uv": [0, 0.57143, 0.57143, 0.71429], "texture": "#0"},
				"south": {"uv": [1.71429, 0.57143, 2.28571, 0.71429], "texture": "#0"},
				"west": {"uv": [1.14286, 0.57143, 1.71429, 0.71429], "texture": "#0"},
				"up": {"uv": [1.14286, 0.57143, 0.57143, 0], "texture": "#0"},
				"down": {"uv": [1.71429, 0, 1.14286, 0.57143], "texture": "#0"}
			}
		},
		{
			"from": [-3, -0.25, -3],
			"to": [1, 0.75, 1],
			"rotation": {"angle": 0, "axis": "y", "origin": [-6, 7.75, 8]},
			"faces": {
				"north": {"uv": [0.57143, 2, 1.14286, 2.14286], "texture": "#0"},
				"east": {"uv": [0, 2, 0.57143, 2.14286], "texture": "#0"},
				"south": {"uv": [1.71429, 2, 2.28571, 2.14286], "texture": "#0"},
				"west": {"uv": [1.14286, 2, 1.71429, 2.14286], "texture": "#0"},
				"up": {"uv": [1.14286, 2, 0.57143, 1.42857], "texture": "#0"},
				"down": {"uv": [1.71429, 1.42857, 1.14286, 2], "texture": "#0"}
			}
		},
		{
			"from": [-3, -0.25, 15],
			"to": [1, 0.75, 19],
			"rotation": {"angle": 0, "axis": "y", "origin": [-6, 7.75, 13]},
			"faces": {
				"north": {"uv": [0.57143, 1.28571, 1.14286, 1.42857], "texture": "#0"},
				"east": {"uv": [0, 1.28571, 0.57143, 1.42857], "texture": "#0"},
				"south": {"uv": [1.71429, 1.28571, 2.28571, 1.42857], "texture": "#0"},
				"west": {"uv": [1.14286, 1.28571, 1.71429, 1.42857], "texture": "#0"},
				"up": {"uv": [1.14286, 1.28571, 0.57143, 0.71429], "texture": "#0"},
				"down": {"uv": [1.71429, 0.71429, 1.14286, 1.28571], "texture": "#0"}
			}
		},
		{
			"from": [15, 0, 1],
			"to": [19, 1, 15],
			"rotation": {"angle": 0, "axis": "y", "origin": [8, 8, 22]},
			"faces": {
				"north": {"uv": [9.14286, 7.42857, 9.71429, 7.57143], "texture": "#0"},
				"east": {"uv": [7.14286, 7.42857, 9.14286, 7.57143], "texture": "#0"},
				"south": {"uv": [11.71429, 7.42857, 12.28571, 7.57143], "texture": "#0"},
				"west": {"uv": [9.71429, 7.42857, 11.71429, 7.57143], "texture": "#0"},
				"up": {"uv": [9.71429, 7.42857, 9.14286, 5.42857], "texture": "#0"},
				"down": {"uv": [10.28571, 5.42857, 9.71429, 7.42857], "texture": "#0"}
			}
		},
		{
			"from": [-3, 0, 1],
			"to": [1, 1, 15],
			"rotation": {"angle": 0, "axis": "y", "origin": [-10, 8, 22]},
			"faces": {
				"north": {"uv": [9.14286, 5.28571, 9.71429, 5.42857], "texture": "#0"},
				"east": {"uv": [7.14286, 5.28571, 9.14286, 5.42857], "texture": "#0"},
				"south": {"uv": [11.71429, 5.28571, 12.28571, 5.42857], "texture": "#0"},
				"west": {"uv": [9.71429, 5.28571, 11.71429, 5.42857], "texture": "#0"},
				"up": {"uv": [9.71429, 5.28571, 9.14286, 3.28571], "texture": "#0"},
				"down": {"uv": [10.28571, 3.28571, 9.71429, 5.28571], "texture": "#0"}
			}
		},
		{
			"from": [-5, -0.5, 2],
			"to": [-4, 0.5, 14],
			"rotation": {"angle": 0, "axis": "y", "origin": [6, 7.5, 8]},
			"faces": {
				"north": {"uv": [1.71429, 11.42857, 1.85714, 11.57143], "texture": "#0"},
				"east": {"uv": [0, 11.42857, 1.71429, 11.57143], "texture": "#0"},
				"south": {"uv": [3.57143, 11.42857, 3.71429, 11.57143], "texture": "#0"},
				"west": {"uv": [1.85714, 11.42857, 3.57143, 11.57143], "texture": "#0"},
				"up": {"uv": [1.85714, 11.42857, 1.71429, 9.71429], "texture": "#0"},
				"down": {"uv": [2, 9.71429, 1.85714, 11.42857], "texture": "#0"}
			}
		},
		{
			"from": [-4, -0.25, -1],
			"to": [-3, 0.75, 17],
			"rotation": {"angle": 0, "axis": "y", "origin": [7, 7.75, 8]},
			"faces": {
				"north": {"uv": [9.14286, 2.85714, 9.28571, 3], "texture": "#0"},
				"east": {"uv": [6.57143, 2.85714, 9.14286, 3], "texture": "#0"},
				"south": {"uv": [11.85714, 2.85714, 12, 3], "texture": "#0"},
				"west": {"uv": [9.28571, 2.85714, 11.85714, 3], "texture": "#0"},
				"up": {"uv": [9.28571, 2.85714, 9.14286, 0.28571], "texture": "#0"},
				"down": {"uv": [9.42857, 0.28571, 9.28571, 2.85714], "texture": "#0"}
			}
		},
		{
			"from": [20, -0.5, 2],
			"to": [21, 0.5, 14],
			"rotation": {"angle": 0, "axis": "y", "origin": [14, 7.5, 8]},
			"faces": {
				"north": {"uv": [11.14286, 2.71429, 11.28571, 2.85714], "texture": "#0"},
				"east": {"uv": [9.42857, 2.71429, 11.14286, 2.85714], "texture": "#0"},
				"south": {"uv": [13, 2.71429, 13.14286, 2.85714], "texture": "#0"},
				"west": {"uv": [11.28571, 2.71429, 13, 2.85714], "texture": "#0"},
				"up": {"uv": [11.28571, 2.71429, 11.14286, 1], "texture": "#0"},
				"down": {"uv": [11.42857, 1, 11.28571, 2.71429], "texture": "#0"}
			}
		},
		{
			"from": [19, -0.25, -1],
			"to": [20, 0.75, 17],
			"rotation": {"angle": 0, "axis": "y", "origin": [13, 7.75, 8]},
			"faces": {
				"north": {"uv": [6.85714, 7.85714, 7, 8], "texture": "#0"},
				"east": {"uv": [4.28571, 7.85714, 6.85714, 8], "texture": "#0"},
				"south": {"uv": [9.57143, 7.85714, 9.71429, 8], "texture": "#0"},
				"west": {"uv": [7, 7.85714, 9.57143, 8], "texture": "#0"},
				"up": {"uv": [7, 7.85714, 6.85714, 5.28571], "texture": "#0"},
				"down": {"uv": [7.14286, 5.28571, 7, 7.85714], "texture": "#0"}
			}
		},
		{
			"from": [-6, -0.75, 5],
			"to": [-5, 0.25, 11],
			"rotation": {"angle": 0, "axis": "y", "origin": [5, 7.25, 8]},
			"faces": {
				"north": {"uv": [0.85714, 4.71429, 1, 4.85714], "texture": "#0"},
				"east": {"uv": [0, 4.71429, 0.85714, 4.85714], "texture": "#0"},
				"south": {"uv": [1.85714, 4.71429, 2, 4.85714], "texture": "#0"},
				"west": {"uv": [1, 4.71429, 1.85714, 4.85714], "texture": "#0"},
				"up": {"uv": [1, 4.71429, 0.85714, 3.85714], "texture": "#0"},
				"down": {"uv": [1.14286, 3.85714, 1, 4.71429], "texture": "#0"}
			}
		},
		{
			"from": [21, -0.75, 5],
			"to": [22, 0.25, 11],
			"rotation": {"angle": 0, "axis": "y", "origin": [14, 7.25, 8]},
			"faces": {
				"north": {"uv": [0.85714, 3.71429, 1, 3.85714], "texture": "#0"},
				"east": {"uv": [0, 3.71429, 0.85714, 3.85714], "texture": "#0"},
				"south": {"uv": [1.85714, 3.71429, 2, 3.85714], "texture": "#0"},
				"west": {"uv": [1, 3.71429, 1.85714, 3.85714], "texture": "#0"},
				"up": {"uv": [1, 3.71429, 0.85714, 2.85714], "texture": "#0"},
				"down": {"uv": [1.14286, 2.85714, 1, 3.71429], "texture": "#0"}
			}
		},
		{
			"from": [-2, -0.25, -4],
			"to": [18, 0.75, -3],
			"rotation": {"angle": 0, "axis": "y", "origin": [8, 7.75, 6]},
			"faces": {
				"north": {"uv": [7, 0.14286, 9.85714, 0.28571], "texture": "#0"},
				"east": {"uv": [6.85714, 0.14286, 7, 0.28571], "texture": "#0"},
				"south": {"uv": [10, 0.14286, 12.85714, 0.28571], "texture": "#0"},
				"west": {"uv": [9.85714, 0.14286, 10, 0.28571], "texture": "#0"},
				"up": {"uv": [9.85714, 0.14286, 7, 0], "texture": "#0"},
				"down": {"uv": [12.71429, 0, 9.85714, 0.14286], "texture": "#0"}
			}
		},
		{
			"from": [-2, -0.25, 19],
			"to": [18, 0.75, 20],
			"rotation": {"angle": 0, "axis": "y", "origin": [8, 7.75, 29]},
			"faces": {
				"north": {"uv": [6.14286, 3.14286, 9, 3.28571], "texture": "#0"},
				"east": {"uv": [6, 3.14286, 6.14286, 3.28571], "texture": "#0"},
				"south": {"uv": [9.14286, 3.14286, 12, 3.28571], "texture": "#0"},
				"west": {"uv": [9, 3.14286, 9.14286, 3.28571], "texture": "#0"},
				"up": {"uv": [9, 3.14286, 6.14286, 3], "texture": "#0"},
				"down": {"uv": [11.85714, 3, 9, 3.14286], "texture": "#0"}
			}
		},
		{
			"from": [0, -0.5, 20],
			"to": [16, 0.5, 21],
			"rotation": {"angle": 0, "axis": "y", "origin": [8, 7.5, 30]},
			"faces": {
				"north": {"uv": [7.28571, 7.71429, 9.57143, 7.85714], "texture": "#0"},
				"east": {"uv": [7.14286, 7.71429, 7.28571, 7.85714], "texture": "#0"},
				"south": {"uv": [9.71429, 7.71429, 12, 7.85714], "texture": "#0"},
				"west": {"uv": [9.57143, 7.71429, 9.71429, 7.85714], "texture": "#0"},
				"up": {"uv": [9.57143, 7.71429, 7.28571, 7.57143], "texture": "#0"},
				"down": {"uv": [11.85714, 7.57143, 9.57143, 7.71429], "texture": "#0"}
			}
		},
		{
			"from": [3, -0.75, -6],
			"to": [13, 0.25, -5],
			"rotation": {"angle": 0, "axis": "y", "origin": [8, 7.25, 4]},
			"faces": {
				"north": {"uv": [9, 10.42857, 10.42857, 10.57143], "texture": "#0"},
				"east": {"uv": [8.85714, 10.42857, 9, 10.57143], "texture": "#0"},
				"south": {"uv": [10.57143, 10.42857, 12, 10.57143], "texture": "#0"},
				"west": {"uv": [10.42857, 10.42857, 10.57143, 10.57143], "texture": "#0"},
				"up": {"uv": [10.42857, 10.42857, 9, 10.28571], "texture": "#0"},
				"down": {"uv": [11.85714, 10.28571, 10.42857, 10.42857], "texture": "#0"}
			}
		},
		{
			"from": [0, -0.5, -5],
			"to": [16, 0.5, -4],
			"rotation": {"angle": 0, "axis": "y", "origin": [8, 7.5, 5]},
			"faces": {
				"north": {"uv": [9.85714, 8, 12.14286, 8.14286], "texture": "#0"},
				"east": {"uv": [9.71429, 8, 9.85714, 8.14286], "texture": "#0"},
				"south": {"uv": [12.28571, 8, 14.57143, 8.14286], "texture": "#0"},
				"west": {"uv": [12.14286, 8, 12.28571, 8.14286], "texture": "#0"},
				"up": {"uv": [12.14286, 8, 9.85714, 7.85714], "texture": "#0"},
				"down": {"uv": [14.42857, 7.85714, 12.14286, 8], "texture": "#0"}
			}
		},
		{
			"from": [3, -0.75, 21],
			"to": [13, 0.25, 22],
			"rotation": {"angle": 0, "axis": "y", "origin": [8, 7.25, 31]},
			"faces": {
				"north": {"uv": [5.85714, 10.42857, 7.28571, 10.57143], "texture": "#0"},
				"east": {"uv": [5.71429, 10.42857, 5.85714, 10.57143], "texture": "#0"},
				"south": {"uv": [7.42857, 10.42857, 8.85714, 10.57143], "texture": "#0"},
				"west": {"uv": [7.28571, 10.42857, 7.42857, 10.57143], "texture": "#0"},
				"up": {"uv": [7.28571, 10.42857, 5.85714, 10.28571], "texture": "#0"},
				"down": {"uv": [8.71429, 10.28571, 7.28571, 10.42857], "texture": "#0"}
			}
		},
		{
			"from": [2, 1, -1],
			"to": [14, 5, 0],
			"rotation": {"angle": 0, "axis": "y", "origin": [8, 9, 7]},
			"faces": {
				"north": {"uv": [9.85714, 9, 11.57143, 9.57143], "texture": "#0"},
				"east": {"uv": [9.71429, 9, 9.85714, 9.57143], "texture": "#0"},
				"south": {"uv": [11.71429, 9, 13.42857, 9.57143], "texture": "#0"},
				"west": {"uv": [11.57143, 9, 11.71429, 9.57143], "texture": "#0"},
				"up": {"uv": [11.57143, 9, 9.85714, 8.85714], "texture": "#0"},
				"down": {"uv": [13.28571, 8.85714, 11.57143, 9], "texture": "#0"}
			}
		},
		{
			"from": [4, 5, 0],
			"to": [12, 8, 1],
			"rotation": {"angle": 0, "axis": "y", "origin": [8, 13, 8]},
			"faces": {
				"north": {"uv": [10.42857, 3.42857, 11.57143, 3.85714], "texture": "#0"},
				"east": {"uv": [10.28571, 3.42857, 10.42857, 3.85714], "texture": "#0"},
				"south": {"uv": [11.71429, 3.42857, 12.85714, 3.85714], "texture": "#0"},
				"west": {"uv": [11.57143, 3.42857, 11.71429, 3.85714], "texture": "#0"},
				"up": {"uv": [11.57143, 3.42857, 10.42857, 3.28571], "texture": "#0"},
				"down": {"uv": [12.71429, 3.28571, 11.57143, 3.42857], "texture": "#0"}
			}
		},
		{
			"from": [2, 1, 16],
			"to": [14, 5, 17],
			"rotation": {"angle": 0, "axis": "y", "origin": [8, 9, 24]},
			"faces": {
				"north": {"uv": [9.85714, 8.28571, 11.57143, 8.85714], "texture": "#0"},
				"east": {"uv": [9.71429, 8.28571, 9.85714, 8.85714], "texture": "#0"},
				"south": {"uv": [11.71429, 8.28571, 13.42857, 8.85714], "texture": "#0"},
				"west": {"uv": [11.57143, 8.28571, 11.71429, 8.85714], "texture": "#0"},
				"up": {"uv": [11.57143, 8.28571, 9.85714, 8.14286], "texture": "#0"},
				"down": {"uv": [13.28571, 8.14286, 11.57143, 8.28571], "texture": "#0"}
			}
		},
		{
			"from": [4, 5, 15],
			"to": [11, 8, 16],
			"rotation": {"angle": 0, "axis": "y", "origin": [8, 13, 23]},
			"faces": {
				"north": {"uv": [7, 1.14286, 8, 1.57143], "texture": "#0"},
				"east": {"uv": [6.85714, 1.14286, 7, 1.57143], "texture": "#0"},
				"south": {"uv": [8.14286, 1.14286, 9.14286, 1.57143], "texture": "#0"},
				"west": {"uv": [8, 1.14286, 8.14286, 1.57143], "texture": "#0"},
				"up": {"uv": [8, 1.14286, 7, 1], "texture": "#0"},
				"down": {"uv": [9, 1, 8, 1.14286], "texture": "#0"}
			}
		}
	],
	"display": {
		"thirdperson_righthand": {
			"rotation": [0, 17, -40],
			"translation": [-0.75, 1.25, -4],
			"scale": [0.4, 0.4, 0.4]
		},
		"thirdperson_lefthand": {
			"rotation": [0, 17, -40],
			"translation": [-0.75, 1.25, -4],
			"scale": [0.4, 0.4, 0.4]
		},
		"firstperson_righthand": {
			"rotation": [18, 23, -25],
			"translation": [0.75, 3.25, 0.5],
			"scale": [0.4, 0.4, 0.4]
		},
		"firstperson_lefthand": {
			"rotation": [18, 23, -25],
			"translation": [0.75, 3.25, 0.5],
			"scale": [0.4, 0.4, 0.4]
		},
		"ground": {
			"translation": [0, 4.5, 0],
			"scale": [0.5, 0.5, 0.5]
		},
		"gui": {
			"rotation": [52, -125, 24],
			"translation": [1, 2.75, 0],
			"scale": [0.5, 0.5, 0.5]
		},
		"head": {
			"translation": [0, 10, 0],
			"scale": [0.91, 0.91, 0.91]
		},
		"fixed": {
			"translation": [0, -7, -13]
		}
	}
}