{
	"credit": "Made by ArtsByKev - Minecraft Content Creator: https://www.youtube.com/c/artsbykev - Tweet at: https://www.twitter.com/artsbykev",
	"textures": {
		"0": "artsbykev_cos/flag_stick",
		"1": "tl_ui/notifications",
		"particle": "artsbykev_cos/flag_stick"
	},
	"elements": [
		{
			"from": [7.5, 0, 7.5],
			"to": [8.5, 1, 8.5],
			"rotation": {"angle": 0, "axis": "y", "origin": [7.5, 0, 7.5]},
			"faces": {
				"north": {"uv": [8, 0, 9, 1], "texture": "#0"},
				"east": {"uv": [8, 1, 9, 2], "texture": "#0"},
				"south": {"uv": [8, 2, 9, 3], "texture": "#0"},
				"west": {"uv": [8, 3, 9, 4], "texture": "#0"},
				"up": {"uv": [9, 5, 8, 4], "texture": "#0"},
				"down": {"uv": [9, 5, 8, 6], "texture": "#0"}
			}
		},
		{
			"from": [7.5, 15, 7.5],
			"to": [8.5, 16, 8.5],
			"rotation": {"angle": 0, "axis": "y", "origin": [7.5, 15, 7.5]},
			"faces": {
				"north": {"uv": [8, 6, 9, 7], "texture": "#0"},
				"east": {"uv": [8, 7, 9, 8], "texture": "#0"},
				"south": {"uv": [8, 8, 9, 9], "texture": "#0"},
				"west": {"uv": [9, 0, 10, 1], "texture": "#0"},
				"up": {"uv": [10, 2, 9, 1], "texture": "#0"},
				"down": {"uv": [10, 2, 9, 3], "texture": "#0"}
			}
		},
		{
			"from": [7.5, 1, 7.75],
			"to": [8.5, 15, 8.25],
			"rotation": {"angle": 0, "axis": "y", "origin": [7.5, 1, 7.5]},
			"faces": {
				"north": {"uv": [0, 0, 1, 14], "texture": "#0"},
				"east": {"uv": [4, 0, 4.5, 14], "texture": "#0"},
				"south": {"uv": [1, 0, 2, 14], "texture": "#0"},
				"west": {"uv": [5, 0, 5.5, 14], "texture": "#0"},
				"up": {"uv": [10, 3.5, 9, 3], "texture": "#0"},
				"down": {"uv": [10, 4, 9, 4.5], "texture": "#0"}
			}
		},
		{
			"from": [7.75, 1, 7.5],
			"to": [8.25, 15, 8.5],
			"rotation": {"angle": 0, "axis": "y", "origin": [7.5, 1, 7.5]},
			"faces": {
				"north": {"uv": [6, 0, 6.5, 14], "texture": "#0"},
				"east": {"uv": [2, 0, 3, 14], "texture": "#0"},
				"south": {"uv": [7, 0, 7.5, 14], "texture": "#0"},
				"west": {"uv": [3, 0, 4, 14], "texture": "#0"},
				"up": {"uv": [9.5, 6, 9, 5], "texture": "#0"},
				"down": {"uv": [9.5, 6, 9, 7], "texture": "#0"}
			}
		},
		{
			"from": [8, 8, 8.5],
			"to": [8, 15, 15.5],
			"rotation": {"angle": 0, "axis": "y", "origin": [7.5, 1, 8.5]},
			"faces": {
				"north": {"uv": [9.6, 0, 12.8, 3.2], "texture": "#1"},
				"east": {"uv": [9.6, 0, 12.8, 3.2], "texture": "#1"},
				"south": {"uv": [9.6, 0, 12.8, 3.2], "texture": "#1"},
				"west": {"uv": [9.6, 0, 12.8, 3.2], "texture": "#1"},
				"up": {"uv": [9.6, 0, 12.8, 3.2], "texture": "#1"},
				"down": {"uv": [9.6, 0, 12.8, 3.2], "texture": "#1"}
			}
		}
	],
	"display": {
		"thirdperson_righthand": {
			"rotation": [-16, -180, 0],
			"translation": [0, 2.25, 0]
		},
		"thirdperson_lefthand": {
			"rotation": [-16, -180, 0],
			"translation": [0, 2.25, 0]
		},
		"firstperson_righthand": {
			"rotation": [-16, -180, 0],
			"translation": [1.25, 2.25, 0]
		},
		"firstperson_lefthand": {
			"rotation": [-16, -180, 0],
			"translation": [1.25, 2.25, 0]
		},
		"ground": {
			"translation": [0, 1.75, 0],
			"scale": [0.5, 0.5, 0.5]
		},
		"gui": {
			"rotation": [14, -56, 37],
			"translation": [1.75, 0, 0]
		},
		"head": {
			"rotation": [15, 1, 0],
			"translation": [0, 9.5, 10.5],
			"scale": [2.5, 2.5, 2.5]
		},
		"fixed": {
			"rotation": [0, -90, 0],
			"translation": [7, 0, -1.25],
			"scale": [2, 2, 2]
		}
	}
}