{
	"credit": "Made by ArtsByKev - Minecraft Content Creator: https://www.youtube.com/c/artsbykev - Tweet at: https://www.twitter.com/artsbykev",
	"texture_size": [64, 64],
	"textures": {
		"0": "artsbykev_cos/parachute",
		"particle": "artsbykev_cos/parachute"
	},
	"elements": [
		{
			"from": [8, 2, 4.5],
			"to": [8, 16, 11.5],
			"rotation": {"angle": 45, "axis": "z", "origin": [8, 2, 8]},
			"faces": {
				"north": {"uv": [0, 0, 0, 3.5], "texture": "#0"},
				"east": {"uv": [5, 3.5, 6.75, 7], "texture": "#0"},
				"south": {"uv": [0, 0, 0, 3.5], "texture": "#0"},
				"west": {"uv": [5, 3.5, 6.75, 7], "texture": "#0"},
				"up": {"uv": [0, 1.75, 0, 0], "texture": "#0"},
				"down": {"uv": [0, 0, 0, 1.75], "texture": "#0"}
			}
		},
		{
			"from": [8, 2, 4.5],
			"to": [8, 16, 11.5],
			"rotation": {"angle": -45, "axis": "z", "origin": [8, 2, 8]},
			"faces": {
				"north": {"uv": [0, 0, 0, 3.5], "texture": "#0"},
				"east": {"uv": [6.75, 3.5, 5, 7], "texture": "#0"},
				"south": {"uv": [0, 0, 0, 3.5], "texture": "#0"},
				"west": {"uv": [6.75, 3.5, 5, 7], "texture": "#0"},
				"up": {"uv": [0, 1.75, 0, 0], "texture": "#0"},
				"down": {"uv": [0, 0, 0, 1.75], "texture": "#0"}
			}
		},
		{
			"from": [-2, 2, 8],
			"to": [18, 16, 8],
			"rotation": {"angle": 0, "axis": "y", "origin": [8, 2, 8]},
			"faces": {
				"north": {"uv": [0, 0, 5, 3.5], "texture": "#0"},
				"east": {"uv": [0, 0, 0, 3.5], "texture": "#0"},
				"south": {"uv": [0, 0, 5, 3.5], "texture": "#0"},
				"west": {"uv": [0, 0, 0, 3.5], "texture": "#0"},
				"up": {"uv": [5, 0, 0, 0], "texture": "#0"},
				"down": {"uv": [5, 0, 0, 0], "texture": "#0"}
			}
		},
		{
			"from": [-2, 2, 8],
			"to": [18, 16, 8],
			"rotation": {"angle": -22.5, "axis": "x", "origin": [8, 2, 8]},
			"faces": {
				"north": {"uv": [0, 0, 5, 3.5], "texture": "#0"},
				"east": {"uv": [0, 0, 0, 3.5], "texture": "#0"},
				"south": {"uv": [0, 0, 5, 3.5], "texture": "#0"},
				"west": {"uv": [0, 0, 0, 3.5], "texture": "#0"},
				"up": {"uv": [5, 0, 0, 0], "texture": "#0"},
				"down": {"uv": [5, 0, 0, 0], "texture": "#0"}
			}
		},
		{
			"from": [-2, 2, 8],
			"to": [18, 16, 8],
			"rotation": {"angle": 22.5, "axis": "x", "origin": [8, 2, 8]},
			"faces": {
				"north": {"uv": [0, 0, 5, 3.5], "texture": "#0"},
				"east": {"uv": [0, 0, 0, 3.5], "texture": "#0"},
				"south": {"uv": [0, 0, 5, 3.5], "texture": "#0"},
				"west": {"uv": [0, 0, 0, 3.5], "texture": "#0"},
				"up": {"uv": [5, 0, 0, 0], "texture": "#0"},
				"down": {"uv": [5, 0, 0, 0], "texture": "#0"}
			}
		},
		{
			"from": [-5, 12, 0],
			"to": [-1, 12, 16],
			"rotation": {"angle": 0, "axis": "y", "origin": [-2, 12, 8]},
			"faces": {
				"north": {"uv": [3, 8, 4, 9], "texture": "#0"},
				"east": {"uv": [6.75, 0, 10.75, 1], "texture": "#0"},
				"south": {"uv": [8.75, 7, 9.75, 8], "texture": "#0"},
				"west": {"uv": [6.75, 1, 10.75, 2], "texture": "#0"},
				"up": {"uv": [7.75, 6, 6.75, 2], "texture": "#0"},
				"down": {"uv": [7.75, 6, 6.75, 10], "texture": "#0"}
			}
		},
		{
			"from": [17, 12, 0],
			"to": [21, 12, 16],
			"rotation": {"angle": 0, "axis": "y", "origin": [18, 12, 8]},
			"faces": {
				"north": {"uv": [4, 8, 3, 9], "texture": "#0"},
				"east": {"uv": [10.75, 1, 6.75, 2], "texture": "#0"},
				"south": {"uv": [9.75, 7, 8.75, 8], "texture": "#0"},
				"west": {"uv": [10.75, 0, 6.75, 1], "texture": "#0"},
				"up": {"uv": [6.75, 6, 7.75, 2], "texture": "#0"},
				"down": {"uv": [6.75, 6, 7.75, 10], "texture": "#0"}
			}
		},
		{
			"from": [-5, 12, 0],
			"to": [-1, 16, 0],
			"rotation": {"angle": 0, "axis": "y", "origin": [-2, 12, 8]},
			"faces": {
				"north": {"uv": [3, 8, 4, 9], "texture": "#0"},
				"east": {"uv": [6.75, 0, 10.75, 1], "texture": "#0"},
				"south": {"uv": [8.75, 7, 9.75, 8], "texture": "#0"},
				"west": {"uv": [6.75, 1, 10.75, 2], "texture": "#0"},
				"up": {"uv": [7.75, 6, 6.75, 2], "texture": "#0"},
				"down": {"uv": [7.75, 6, 6.75, 10], "texture": "#0"}
			}
		},
		{
			"from": [17, 12, 0],
			"to": [21, 16, 0],
			"rotation": {"angle": 0, "axis": "y", "origin": [18, 12, 8]},
			"faces": {
				"north": {"uv": [4, 8, 3, 9], "texture": "#0"},
				"east": {"uv": [10.75, 1, 6.75, 2], "texture": "#0"},
				"south": {"uv": [9.75, 7, 8.75, 8], "texture": "#0"},
				"west": {"uv": [10.75, 0, 6.75, 1], "texture": "#0"},
				"up": {"uv": [6.75, 6, 7.75, 2], "texture": "#0"},
				"down": {"uv": [6.75, 6, 7.75, 10], "texture": "#0"}
			}
		},
		{
			"from": [-5, 12, 16],
			"to": [-1, 16, 16],
			"rotation": {"angle": 0, "axis": "y", "origin": [-2, 12, 8]},
			"faces": {
				"north": {"uv": [9.75, 7, 8.75, 8], "texture": "#0"},
				"east": {"uv": [10.75, 0, 6.75, 1], "texture": "#0"},
				"south": {"uv": [4, 8, 3, 9], "texture": "#0"},
				"west": {"uv": [10.75, 1, 6.75, 2], "texture": "#0"},
				"up": {"uv": [7.75, 2, 6.75, 6], "texture": "#0"},
				"down": {"uv": [7.75, 10, 6.75, 6], "texture": "#0"}
			}
		},
		{
			"from": [17, 12, 16],
			"to": [21, 16, 16],
			"rotation": {"angle": 0, "axis": "y", "origin": [18, 12, 8]},
			"faces": {
				"north": {"uv": [8.75, 7, 9.75, 8], "texture": "#0"},
				"east": {"uv": [6.75, 1, 10.75, 2], "texture": "#0"},
				"south": {"uv": [3, 8, 4, 9], "texture": "#0"},
				"west": {"uv": [6.75, 0, 10.75, 1], "texture": "#0"},
				"up": {"uv": [6.75, 2, 7.75, 6], "texture": "#0"},
				"down": {"uv": [6.75, 10, 7.75, 6], "texture": "#0"}
			}
		},
		{
			"from": [-5, 16, 0],
			"to": [-1, 16, 16],
			"rotation": {"angle": 0, "axis": "y", "origin": [-2, 12, 8]},
			"faces": {
				"north": {"uv": [3, 8, 4, 9], "texture": "#0"},
				"east": {"uv": [6.75, 0, 10.75, 1], "texture": "#0"},
				"south": {"uv": [8.75, 7, 9.75, 8], "texture": "#0"},
				"west": {"uv": [6.75, 1, 10.75, 2], "texture": "#0"},
				"up": {"uv": [7.75, 6, 6.75, 2], "texture": "#0"},
				"down": {"uv": [7.75, 6, 6.75, 10], "texture": "#0"}
			}
		},
		{
			"from": [17, 16, 0],
			"to": [21, 16, 16],
			"rotation": {"angle": 0, "axis": "y", "origin": [18, 12, 8]},
			"faces": {
				"north": {"uv": [4, 8, 3, 9], "texture": "#0"},
				"east": {"uv": [10.75, 1, 6.75, 2], "texture": "#0"},
				"south": {"uv": [9.75, 7, 8.75, 8], "texture": "#0"},
				"west": {"uv": [10.75, 0, 6.75, 1], "texture": "#0"},
				"up": {"uv": [6.75, 6, 7.75, 2], "texture": "#0"},
				"down": {"uv": [6.75, 6, 7.75, 10], "texture": "#0"}
			}
		},
		{
			"from": [-5, 12, 0],
			"to": [-5, 16, 16],
			"rotation": {"angle": 0, "axis": "y", "origin": [-2, 12, 8]},
			"faces": {
				"north": {"uv": [3, 8, 4, 9], "texture": "#0"},
				"east": {"uv": [6.75, 1, 10.75, 2], "texture": "#0"},
				"south": {"uv": [8.75, 7, 9.75, 8], "texture": "#0"},
				"west": {"uv": [6.75, 1, 10.75, 2], "texture": "#0"},
				"up": {"uv": [7.75, 6, 6.75, 2], "texture": "#0"},
				"down": {"uv": [7.75, 6, 6.75, 10], "texture": "#0"}
			}
		},
		{
			"from": [21, 12, 0],
			"to": [21, 16, 16],
			"rotation": {"angle": 0, "axis": "y", "origin": [18, 12, 8]},
			"faces": {
				"north": {"uv": [4, 8, 3, 9], "texture": "#0"},
				"east": {"uv": [10.75, 1, 6.75, 2], "texture": "#0"},
				"south": {"uv": [9.75, 7, 8.75, 8], "texture": "#0"},
				"west": {"uv": [10.75, 1, 6.75, 2], "texture": "#0"},
				"up": {"uv": [6.75, 6, 7.75, 2], "texture": "#0"},
				"down": {"uv": [6.75, 6, 7.75, 10], "texture": "#0"}
			}
		},
		{
			"from": [-2, 14, 0],
			"to": [2, 18, 0],
			"rotation": {"angle": 0, "axis": "y", "origin": [1, 14, 8]},
			"faces": {
				"north": {"uv": [8.75, 8, 9.75, 9], "texture": "#0"},
				"east": {"uv": [0, 7, 4, 8], "texture": "#0"},
				"south": {"uv": [3, 9, 4, 10], "texture": "#0"},
				"west": {"uv": [7.75, 2, 11.75, 3], "texture": "#0"},
				"up": {"uv": [5, 11, 4, 7], "texture": "#0"},
				"down": {"uv": [6, 7, 5, 11], "texture": "#0"}
			}
		},
		{
			"from": [14, 14, 0],
			"to": [18, 18, 0],
			"rotation": {"angle": 0, "axis": "y", "origin": [15, 14, 8]},
			"faces": {
				"north": {"uv": [9.75, 8, 8.75, 9], "texture": "#0"},
				"east": {"uv": [11.75, 2, 7.75, 3], "texture": "#0"},
				"south": {"uv": [4, 9, 3, 10], "texture": "#0"},
				"west": {"uv": [4, 7, 0, 8], "texture": "#0"},
				"up": {"uv": [4, 11, 5, 7], "texture": "#0"},
				"down": {"uv": [5, 7, 6, 11], "texture": "#0"}
			}
		},
		{
			"from": [-2, 14, 16],
			"to": [2, 18, 16],
			"rotation": {"angle": 0, "axis": "y", "origin": [1, 14, 8]},
			"faces": {
				"north": {"uv": [4, 9, 3, 10], "texture": "#0"},
				"east": {"uv": [4, 7, 0, 8], "texture": "#0"},
				"south": {"uv": [9.75, 8, 8.75, 9], "texture": "#0"},
				"west": {"uv": [11.75, 2, 7.75, 3], "texture": "#0"},
				"up": {"uv": [5, 7, 4, 11], "texture": "#0"},
				"down": {"uv": [6, 11, 5, 7], "texture": "#0"}
			}
		},
		{
			"from": [14, 14, 16],
			"to": [18, 18, 16],
			"rotation": {"angle": 0, "axis": "y", "origin": [15, 14, 8]},
			"faces": {
				"north": {"uv": [3, 9, 4, 10], "texture": "#0"},
				"east": {"uv": [7.75, 2, 11.75, 3], "texture": "#0"},
				"south": {"uv": [8.75, 8, 9.75, 9], "texture": "#0"},
				"west": {"uv": [0, 7, 4, 8], "texture": "#0"},
				"up": {"uv": [4, 7, 5, 11], "texture": "#0"},
				"down": {"uv": [5, 11, 6, 7], "texture": "#0"}
			}
		},
		{
			"from": [-2, 18, 0],
			"to": [2, 18, 16],
			"rotation": {"angle": 0, "axis": "y", "origin": [1, 14, 8]},
			"faces": {
				"north": {"uv": [8.75, 8, 9.75, 9], "texture": "#0"},
				"east": {"uv": [0, 7, 4, 8], "texture": "#0"},
				"south": {"uv": [3, 9, 4, 10], "texture": "#0"},
				"west": {"uv": [7.75, 2, 11.75, 3], "texture": "#0"},
				"up": {"uv": [5, 11, 4, 7], "texture": "#0"},
				"down": {"uv": [5, 7, 4, 11], "texture": "#0"}
			}
		},
		{
			"from": [14, 18, 0],
			"to": [18, 18, 16],
			"rotation": {"angle": 0, "axis": "y", "origin": [15, 14, 8]},
			"faces": {
				"north": {"uv": [9.75, 8, 8.75, 9], "texture": "#0"},
				"east": {"uv": [11.75, 2, 7.75, 3], "texture": "#0"},
				"south": {"uv": [4, 9, 3, 10], "texture": "#0"},
				"west": {"uv": [4, 7, 0, 8], "texture": "#0"},
				"up": {"uv": [4, 11, 5, 7], "texture": "#0"},
				"down": {"uv": [4, 7, 5, 11], "texture": "#0"}
			}
		},
		{
			"from": [-2, 14, 0],
			"to": [-2, 18, 16],
			"rotation": {"angle": 0, "axis": "y", "origin": [1, 14, 8]},
			"faces": {
				"north": {"uv": [8.75, 8, 9.75, 9], "texture": "#0"},
				"east": {"uv": [7.75, 2, 11.75, 3], "texture": "#0"},
				"south": {"uv": [3, 9, 4, 10], "texture": "#0"},
				"west": {"uv": [7.75, 2, 11.75, 3], "texture": "#0"},
				"up": {"uv": [5, 11, 4, 7], "texture": "#0"},
				"down": {"uv": [6, 7, 5, 11], "texture": "#0"}
			}
		},
		{
			"from": [18, 14, 0],
			"to": [18, 18, 16],
			"rotation": {"angle": 0, "axis": "y", "origin": [15, 14, 8]},
			"faces": {
				"north": {"uv": [9.75, 8, 8.75, 9], "texture": "#0"},
				"east": {"uv": [11.75, 2, 7.75, 3], "texture": "#0"},
				"south": {"uv": [4, 9, 3, 10], "texture": "#0"},
				"west": {"uv": [11.75, 2, 7.75, 3], "texture": "#0"},
				"up": {"uv": [4, 11, 5, 7], "texture": "#0"},
				"down": {"uv": [5, 7, 6, 11], "texture": "#0"}
			}
		},
		{
			"from": [2, 16, 0],
			"to": [6, 20, 0],
			"rotation": {"angle": 0, "axis": "y", "origin": [5, 16, 8]},
			"faces": {
				"north": {"uv": [7.75, 9, 8.75, 10], "texture": "#0"},
				"east": {"uv": [7.75, 3, 11.75, 4], "texture": "#0"},
				"south": {"uv": [8.75, 9, 9.75, 10], "texture": "#0"},
				"west": {"uv": [7.75, 4, 11.75, 5], "texture": "#0"},
				"up": {"uv": [8.75, 9, 7.75, 5], "texture": "#0"},
				"down": {"uv": [1, 8, 0, 12], "texture": "#0"}
			}
		},
		{
			"from": [2, 16, 16],
			"to": [6, 20, 16],
			"rotation": {"angle": 0, "axis": "y", "origin": [5, 16, 8]},
			"faces": {
				"north": {"uv": [9.75, 9, 8.75, 10], "texture": "#0"},
				"east": {"uv": [11.75, 3, 7.75, 4], "texture": "#0"},
				"south": {"uv": [8.75, 9, 7.75, 10], "texture": "#0"},
				"west": {"uv": [11.75, 4, 7.75, 5], "texture": "#0"},
				"up": {"uv": [8.75, 5, 7.75, 9], "texture": "#0"},
				"down": {"uv": [1, 12, 0, 8], "texture": "#0"}
			}
		},
		{
			"from": [10, 16, 0],
			"to": [14, 20, 0],
			"rotation": {"angle": 0, "axis": "y", "origin": [11, 16, 8]},
			"faces": {
				"north": {"uv": [8.75, 9, 7.75, 10], "texture": "#0"},
				"east": {"uv": [11.75, 4, 7.75, 5], "texture": "#0"},
				"south": {"uv": [9.75, 9, 8.75, 10], "texture": "#0"},
				"west": {"uv": [11.75, 3, 7.75, 4], "texture": "#0"},
				"up": {"uv": [7.75, 9, 8.75, 5], "texture": "#0"},
				"down": {"uv": [0, 8, 1, 12], "texture": "#0"}
			}
		},
		{
			"from": [10, 16, 16],
			"to": [14, 20, 16],
			"rotation": {"angle": 0, "axis": "y", "origin": [11, 16, 8]},
			"faces": {
				"north": {"uv": [8.75, 9, 9.75, 10], "texture": "#0"},
				"east": {"uv": [7.75, 4, 11.75, 5], "texture": "#0"},
				"south": {"uv": [7.75, 9, 8.75, 10], "texture": "#0"},
				"west": {"uv": [7.75, 3, 11.75, 4], "texture": "#0"},
				"up": {"uv": [7.75, 5, 8.75, 9], "texture": "#0"},
				"down": {"uv": [0, 12, 1, 8], "texture": "#0"}
			}
		},
		{
			"from": [2, 20, 0],
			"to": [6, 20, 16],
			"rotation": {"angle": 0, "axis": "y", "origin": [5, 16, 8]},
			"faces": {
				"north": {"uv": [7.75, 9, 8.75, 10], "texture": "#0"},
				"east": {"uv": [7.75, 3, 11.75, 4], "texture": "#0"},
				"south": {"uv": [8.75, 9, 9.75, 10], "texture": "#0"},
				"west": {"uv": [7.75, 4, 11.75, 5], "texture": "#0"},
				"up": {"uv": [8.75, 9, 7.75, 5], "texture": "#0"},
				"down": {"uv": [8.75, 5, 7.75, 9], "texture": "#0"}
			}
		},
		{
			"from": [10, 20, 0],
			"to": [14, 20, 16],
			"rotation": {"angle": 0, "axis": "y", "origin": [11, 16, 8]},
			"faces": {
				"north": {"uv": [8.75, 9, 7.75, 10], "texture": "#0"},
				"east": {"uv": [11.75, 4, 7.75, 5], "texture": "#0"},
				"south": {"uv": [9.75, 9, 8.75, 10], "texture": "#0"},
				"west": {"uv": [11.75, 3, 7.75, 4], "texture": "#0"},
				"up": {"uv": [7.75, 9, 8.75, 5], "texture": "#0"},
				"down": {"uv": [7.75, 5, 8.75, 9], "texture": "#0"}
			}
		},
		{
			"from": [2, 16, 0],
			"to": [2, 20, 16],
			"rotation": {"angle": 0, "axis": "y", "origin": [5, 16, 8]},
			"faces": {
				"north": {"uv": [7.75, 9, 8.75, 10], "texture": "#0"},
				"east": {"uv": [7.75, 4, 11.75, 5], "texture": "#0"},
				"south": {"uv": [8.75, 9, 9.75, 10], "texture": "#0"},
				"west": {"uv": [7.75, 4, 11.75, 5], "texture": "#0"},
				"up": {"uv": [8.75, 9, 7.75, 5], "texture": "#0"},
				"down": {"uv": [1, 8, 0, 12], "texture": "#0"}
			}
		},
		{
			"from": [14, 16, 0],
			"to": [14, 20, 16],
			"rotation": {"angle": 0, "axis": "y", "origin": [11, 16, 8]},
			"faces": {
				"north": {"uv": [8.75, 9, 7.75, 10], "texture": "#0"},
				"east": {"uv": [11.75, 4, 7.75, 5], "texture": "#0"},
				"south": {"uv": [9.75, 9, 8.75, 10], "texture": "#0"},
				"west": {"uv": [11.75, 4, 7.75, 5], "texture": "#0"},
				"up": {"uv": [7.75, 9, 8.75, 5], "texture": "#0"},
				"down": {"uv": [0, 8, 1, 12], "texture": "#0"}
			}
		},
		{
			"from": [6, 17, 0],
			"to": [10, 21, 0],
			"rotation": {"angle": 0, "axis": "y", "origin": [9, 17, 8]},
			"faces": {
				"north": {"uv": [9.75, 7, 10.75, 8], "texture": "#0"},
				"east": {"uv": [8.75, 5, 12.75, 6], "texture": "#0"},
				"south": {"uv": [9.75, 8, 10.75, 9], "texture": "#0"},
				"west": {"uv": [8.75, 6, 12.75, 7], "texture": "#0"},
				"up": {"uv": [2, 12, 1, 8], "texture": "#0"},
				"down": {"uv": [3, 8, 2, 12], "texture": "#0"}
			}
		},
		{
			"from": [6, 17, 16],
			"to": [10, 21, 16],
			"rotation": {"angle": 0, "axis": "y", "origin": [9, 17, 8]},
			"faces": {
				"north": {"uv": [10.75, 8, 9.75, 9], "texture": "#0"},
				"east": {"uv": [12.75, 5, 8.75, 6], "texture": "#0"},
				"south": {"uv": [10.75, 7, 9.75, 8], "texture": "#0"},
				"west": {"uv": [12.75, 6, 8.75, 7], "texture": "#0"},
				"up": {"uv": [2, 8, 1, 12], "texture": "#0"},
				"down": {"uv": [3, 12, 2, 8], "texture": "#0"}
			}
		},
		{
			"from": [6, 21, 0],
			"to": [10, 21, 16],
			"rotation": {"angle": 0, "axis": "y", "origin": [9, 17, 8]},
			"faces": {
				"north": {"uv": [9.75, 7, 10.75, 8], "texture": "#0"},
				"east": {"uv": [8.75, 5, 12.75, 6], "texture": "#0"},
				"south": {"uv": [9.75, 8, 10.75, 9], "texture": "#0"},
				"west": {"uv": [8.75, 6, 12.75, 7], "texture": "#0"},
				"up": {"uv": [2, 12, 1, 8], "texture": "#0"},
				"down": {"uv": [2, 8, 1, 12], "texture": "#0"}
			}
		},
		{
			"from": [6, 17, 0],
			"to": [6, 21, 16],
			"rotation": {"angle": 0, "axis": "y", "origin": [9, 17, 8]},
			"faces": {
				"north": {"uv": [9.75, 7, 10.75, 8], "texture": "#0"},
				"east": {"uv": [8.75, 6, 12.75, 7], "texture": "#0"},
				"south": {"uv": [9.75, 8, 10.75, 9], "texture": "#0"},
				"west": {"uv": [8.75, 6, 12.75, 7], "texture": "#0"},
				"up": {"uv": [2, 12, 1, 8], "texture": "#0"},
				"down": {"uv": [3, 8, 2, 12], "texture": "#0"}
			}
		},
		{
			"from": [10, 17, 0],
			"to": [10, 21, 16],
			"rotation": {"angle": 0, "axis": "y", "origin": [7, 17, 8]},
			"faces": {
				"north": {"uv": [10.75, 7, 9.75, 8], "texture": "#0"},
				"east": {"uv": [12.75, 6, 8.75, 7], "texture": "#0"},
				"south": {"uv": [10.75, 8, 9.75, 9], "texture": "#0"},
				"west": {"uv": [12.75, 6, 8.75, 7], "texture": "#0"},
				"up": {"uv": [1, 12, 2, 8], "texture": "#0"},
				"down": {"uv": [2, 8, 3, 12], "texture": "#0"}
			}
		},
		{
			"from": [7, 0, 7],
			"to": [9, 2, 9],
			"rotation": {"angle": 0, "axis": "y", "origin": [9, 0, 8]},
			"faces": {
				"north": {"uv": [6, 7, 6.5, 7.5], "texture": "#0"},
				"east": {"uv": [6, 7, 6.5, 7.5], "texture": "#0"},
				"south": {"uv": [6, 7, 6.5, 7.5], "texture": "#0"},
				"west": {"uv": [6, 7, 6.5, 7.5], "texture": "#0"},
				"up": {"uv": [6, 7, 6.5, 7.5], "texture": "#0"},
				"down": {"uv": [6, 7, 6.5, 7.5], "texture": "#0"}
			}
		}
	],
	"display": {
		"thirdperson_righthand": {
			"translation": [0, 3.5, 0],
			"scale": [0.5, 0.5, 0.5]
		},
		"thirdperson_lefthand": {
			"translation": [0, 3.5, 0],
			"scale": [0.5, 0.5, 0.5]
		},
		"firstperson_righthand": {
			"rotation": [5, -43, -15],
			"translation": [3.25, 1, -1],
			"scale": [0.5, 0.5, 0.5]
		},
		"firstperson_lefthand": {
			"rotation": [5, -43, -15],
			"translation": [3.25, 1, -1],
			"scale": [0.5, 0.5, 0.5]
		},
		"ground": {
			"translation": [0, 2.75, 0],
			"scale": [0.5, 0.5, 0.5]
		},
		"gui": {
			"rotation": [27, -28, 0],
			"translation": [0, -1.75, 0],
			"scale": [0.5, 0.5, 0.5]
		},
		"head": {
			"translation": [0, 11.25, 6.25],
			"scale": [3, 3, 3]
		}
	}
}