{
	"credit": "Made by ArtsByKev - Minecraft Content Creator: https://www.youtube.com/c/artsbykev - Tweet at: https://www.twitter.com/artsbykev",
	"textures": {
		"0": "artsbykev_var/cos/stashe",
		"particle": "artsbykev_var/cos/stashe"
	},
	"elements": [
		{
			"from": [4.75, 3.75, 0],
			"to": [7, 4.75, 1],
			"rotation": {"angle": 0, "axis": "z", "origin": [4.29526, 4.45164, 0.35]},
			"faces": {
				"north": {"uv": [11, 3, 7, 5], "texture": "#0"},
				"east": {"uv": [1, 11, 0, 13], "texture": "#0"},
				"south": {"uv": [11, 5, 7, 7], "texture": "#0"},
				"west": {"uv": [11, 9, 10, 11], "texture": "#0"},
				"up": {"uv": [7, 8, 11, 7], "texture": "#0"},
				"down": {"uv": [7, 8, 11, 9], "texture": "#0"}
			}
		},
		{
			"from": [0.45, 2.775, 0.7],
			"to": [8.05, 6.225, 0.7],
			"rotation": {"angle": 0, "axis": "z", "origin": [4.29526, 4.45164, 0.35]},
			"faces": {
				"north": {"uv": [7, 6, 0, 9], "texture": "#0"},
				"east": {"uv": [0, 0, 0, 3], "texture": "#0"},
				"south": {"uv": [0, 0, 7, 3], "texture": "#0"},
				"west": {"uv": [0, 0, 0, 3], "texture": "#0"},
				"up": {"uv": [0, 0, 7, 0], "texture": "#0"},
				"down": {"uv": [0, 0, 7, 0], "texture": "#0"}
			}
		},
		{
			"from": [4.25, 4.75, 0],
			"to": [7.5, 5.75, 1],
			"rotation": {"angle": 0, "axis": "z", "origin": [4.29526, 4.45164, 0.35]},
			"faces": {
				"north": {"uv": [7, 9, 4, 10], "texture": "#0"},
				"east": {"uv": [6, 11, 5, 12], "texture": "#0"},
				"south": {"uv": [10, 9, 7, 10], "texture": "#0"},
				"west": {"uv": [12, 4, 11, 5], "texture": "#0"},
				"up": {"uv": [4, 11, 7, 10], "texture": "#0"},
				"down": {"uv": [7, 10, 10, 11], "texture": "#0"}
			}
		},
		{
			"from": [2.5, 3.25, 0],
			"to": [4.75, 4.75, 1],
			"rotation": {"angle": 0, "axis": "z", "origin": [4.29526, 4.45164, 0.35]},
			"faces": {
				"north": {"uv": [11, 3, 7, 5], "texture": "#0"},
				"east": {"uv": [1, 11, 0, 13], "texture": "#0"},
				"south": {"uv": [11, 5, 7, 7], "texture": "#0"},
				"west": {"uv": [11, 9, 10, 11], "texture": "#0"},
				"up": {"uv": [7, 8, 11, 7], "texture": "#0"},
				"down": {"uv": [7, 8, 11, 9], "texture": "#0"}
			}
		},
		{
			"from": [7, 3.5, 0],
			"to": [8, 4.75, 1],
			"rotation": {"angle": 0, "axis": "z", "origin": [4.29526, 4.45164, 0.35]},
			"faces": {
				"north": {"uv": [12, 5, 11, 6], "texture": "#0"},
				"east": {"uv": [8, 11, 7, 12], "texture": "#0"},
				"south": {"uv": [12, 6, 11, 7], "texture": "#0"},
				"west": {"uv": [7, 11, 6, 12], "texture": "#0"},
				"up": {"uv": [11, 8, 12, 7], "texture": "#0"},
				"down": {"uv": [8, 11, 9, 12], "texture": "#0"}
			}
		},
		{
			"from": [1.40255, 2.36587, 0],
			"to": [3.15255, 3.36587, 1],
			"rotation": {"angle": -22.5, "axis": "z", "origin": [4.29526, 4.45164, 0.35]},
			"faces": {
				"north": {"uv": [2, 9, 0, 11], "texture": "#0"},
				"east": {"uv": [3, 11, 2, 13], "texture": "#0"},
				"south": {"uv": [4, 9, 2, 11], "texture": "#0"},
				"west": {"uv": [2, 11, 1, 13], "texture": "#0"},
				"up": {"uv": [3, 12, 5, 11], "texture": "#0"},
				"down": {"uv": [11, 3, 13, 4], "texture": "#0"}
			}
		},
		{
			"from": [0.78889, 3.19408, 0],
			"to": [1.53889, 4.69408, 1],
			"rotation": {"angle": -22.5, "axis": "z", "origin": [4.29526, 4.45164, 0.35]},
			"faces": {
				"north": {"uv": [12, 8, 11, 9], "texture": "#0"},
				"east": {"uv": [11, 11, 10, 12], "texture": "#0"},
				"south": {"uv": [12, 9, 11, 10], "texture": "#0"},
				"west": {"uv": [10, 11, 9, 12], "texture": "#0"},
				"up": {"uv": [11, 11, 12, 10], "texture": "#0"},
				"down": {"uv": [11, 11, 12, 12], "texture": "#0"}
			}
		},
		{
			"from": [0.65, 2.875, -0.3],
			"to": [7.85, 6.125, -0.3],
			"rotation": {"angle": 0, "axis": "z", "origin": [4.29526, 4.45164, 0.35]},
			"faces": {
				"north": {"uv": [7, 6, 0, 9], "texture": "#0"},
				"east": {"uv": [0, 0, 0, 3], "texture": "#0"},
				"south": {"uv": [0, 0, 7, 3], "texture": "#0"},
				"west": {"uv": [0, 0, 0, 3], "texture": "#0"},
				"up": {"uv": [0, 0, 7, 0], "texture": "#0"},
				"down": {"uv": [0, 0, 7, 0], "texture": "#0"}
			}
		},
		{
			"from": [0.75, 3, -0.25],
			"to": [7.75, 6, -0.25],
			"rotation": {"angle": 0, "axis": "z", "origin": [4.29526, 4.45164, 0.35]},
			"faces": {
				"north": {"uv": [7, 0, 0, 3], "texture": "#0"},
				"east": {"uv": [0, 0, 0, 3], "texture": "#0"},
				"south": {"uv": [0, 0, 7, 3], "texture": "#0"},
				"west": {"uv": [0, 0, 0, 3], "texture": "#0"},
				"up": {"uv": [0, 0, 7, 0], "texture": "#0"},
				"down": {"uv": [0, 0, 7, 0], "texture": "#0"}
			}
		},
		{
			"from": [8.15, 2.875, -0.3],
			"to": [15.35, 6.125, -0.3],
			"rotation": {"angle": 0, "axis": "z", "origin": [11.70474, 4.45164, 0.35]},
			"faces": {
				"north": {"uv": [0, 6, 7, 9], "texture": "#0"},
				"east": {"uv": [0, 0, 0, 3], "texture": "#0"},
				"south": {"uv": [7, 0, 0, 3], "texture": "#0"},
				"west": {"uv": [0, 0, 0, 3], "texture": "#0"},
				"up": {"uv": [7, 0, 0, 0], "texture": "#0"},
				"down": {"uv": [7, 0, 0, 0], "texture": "#0"}
			}
		},
		{
			"from": [9, 3.75, 0],
			"to": [11.25, 4.75, 1],
			"rotation": {"angle": 0, "axis": "z", "origin": [11.70474, 4.45164, 0.35]},
			"faces": {
				"north": {"uv": [7, 3, 11, 5], "texture": "#0"},
				"east": {"uv": [10, 9, 11, 11], "texture": "#0"},
				"south": {"uv": [7, 5, 11, 7], "texture": "#0"},
				"west": {"uv": [0, 11, 1, 13], "texture": "#0"},
				"up": {"uv": [11, 8, 7, 7], "texture": "#0"},
				"down": {"uv": [11, 8, 7, 9], "texture": "#0"}
			}
		},
		{
			"from": [8.25, 3, -0.25],
			"to": [15.25, 6, -0.25],
			"rotation": {"angle": 0, "axis": "z", "origin": [11.70474, 4.45164, 0.35]},
			"faces": {
				"north": {"uv": [0, 0, 7, 3], "texture": "#0"},
				"east": {"uv": [0, 0, 0, 3], "texture": "#0"},
				"south": {"uv": [7, 0, 0, 3], "texture": "#0"},
				"west": {"uv": [0, 0, 0, 3], "texture": "#0"},
				"up": {"uv": [7, 0, 0, 0], "texture": "#0"},
				"down": {"uv": [7, 0, 0, 0], "texture": "#0"}
			}
		},
		{
			"from": [14.46111, 3.19408, 0],
			"to": [15.21111, 4.69408, 1],
			"rotation": {"angle": 22.5, "axis": "z", "origin": [11.70474, 4.45164, 0.35]},
			"faces": {
				"north": {"uv": [11, 8, 12, 9], "texture": "#0"},
				"east": {"uv": [9, 11, 10, 12], "texture": "#0"},
				"south": {"uv": [11, 9, 12, 10], "texture": "#0"},
				"west": {"uv": [10, 11, 11, 12], "texture": "#0"},
				"up": {"uv": [12, 11, 11, 10], "texture": "#0"},
				"down": {"uv": [12, 11, 11, 12], "texture": "#0"}
			}
		},
		{
			"from": [12.84745, 2.36587, 0],
			"to": [14.59745, 3.36587, 1],
			"rotation": {"angle": 22.5, "axis": "z", "origin": [11.70474, 4.45164, 0.35]},
			"faces": {
				"north": {"uv": [0, 9, 2, 11], "texture": "#0"},
				"east": {"uv": [1, 11, 2, 13], "texture": "#0"},
				"south": {"uv": [2, 9, 4, 11], "texture": "#0"},
				"west": {"uv": [2, 11, 3, 13], "texture": "#0"},
				"up": {"uv": [5, 12, 3, 11], "texture": "#0"},
				"down": {"uv": [13, 3, 11, 4], "texture": "#0"}
			}
		},
		{
			"from": [8, 3.5, 0],
			"to": [9, 4.75, 1],
			"rotation": {"angle": 0, "axis": "z", "origin": [11.70474, 4.45164, 0.35]},
			"faces": {
				"north": {"uv": [11, 5, 12, 6], "texture": "#0"},
				"east": {"uv": [6, 11, 7, 12], "texture": "#0"},
				"south": {"uv": [11, 6, 12, 7], "texture": "#0"},
				"west": {"uv": [7, 11, 8, 12], "texture": "#0"},
				"up": {"uv": [12, 8, 11, 7], "texture": "#0"},
				"down": {"uv": [9, 11, 8, 12], "texture": "#0"}
			}
		},
		{
			"from": [11.25, 3.25, 0],
			"to": [13.5, 4.75, 1],
			"rotation": {"angle": 0, "axis": "z", "origin": [11.70474, 4.45164, 0.35]},
			"faces": {
				"north": {"uv": [7, 3, 11, 5], "texture": "#0"},
				"east": {"uv": [10, 9, 11, 11], "texture": "#0"},
				"south": {"uv": [7, 5, 11, 7], "texture": "#0"},
				"west": {"uv": [0, 11, 1, 13], "texture": "#0"},
				"up": {"uv": [11, 8, 7, 7], "texture": "#0"},
				"down": {"uv": [11, 8, 7, 9], "texture": "#0"}
			}
		},
		{
			"from": [8.5, 4.75, 0],
			"to": [11.75, 5.75, 1],
			"rotation": {"angle": 0, "axis": "z", "origin": [11.70474, 4.45164, 0.35]},
			"faces": {
				"north": {"uv": [4, 9, 7, 10], "texture": "#0"},
				"east": {"uv": [11, 4, 12, 5], "texture": "#0"},
				"south": {"uv": [7, 9, 10, 10], "texture": "#0"},
				"west": {"uv": [5, 11, 6, 12], "texture": "#0"},
				"up": {"uv": [7, 11, 4, 10], "texture": "#0"},
				"down": {"uv": [10, 10, 7, 11], "texture": "#0"}
			}
		},
		{
			"from": [7.95, 2.775, 0.7],
			"to": [15.55, 6.225, 0.7],
			"rotation": {"angle": 0, "axis": "z", "origin": [11.70474, 4.45164, 0.35]},
			"faces": {
				"north": {"uv": [0, 6, 7, 9], "texture": "#0"},
				"east": {"uv": [0, 0, 0, 3], "texture": "#0"},
				"south": {"uv": [7, 0, 0, 3], "texture": "#0"},
				"west": {"uv": [0, 0, 0, 3], "texture": "#0"},
				"up": {"uv": [7, 0, 0, 0], "texture": "#0"},
				"down": {"uv": [7, 0, 0, 0], "texture": "#0"}
			}
		}
	],
	"display": {
		"thirdperson_righthand": {
			"rotation": [0, -84, 0],
			"translation": [-4, 1.5, -1],
			"scale": [0.5, 0.5, 0.5]
		},
		"thirdperson_lefthand": {
			"rotation": [0, -84, 0],
			"translation": [-4, 1.5, -1],
			"scale": [0.5, 0.5, 0.5]
		},
		"firstperson_righthand": {
			"rotation": [0, -50, 0],
			"translation": [-3, 2.5, 2.25],
			"scale": [0.5, 0.5, 0.5]
		},
		"firstperson_lefthand": {
			"rotation": [0, -50, 0],
			"translation": [-3, 2.5, 2.25],
			"scale": [0.5, 0.5, 0.5]
		},
		"ground": {
			"translation": [0, 3.25, 3.25],
			"scale": [0.5, 0.5, 0.5]
		},
		"gui": {
			"rotation": [-25, 35, 0],
			"translation": [4, 6, 0]
		},
		"head": {
			"translation": [0, 2.5, 7.75],
			"scale": [2, 2, 2]
		},
		"fixed": {
			"translation": [0, 4.5, 13.75],
			"scale": [2, 2, 2]
		}
	}
}