{
	"credit": " (C)ArtsByKev, https://youtube.com/c/artsbykev & https://twitter.com/artsbykev - Using Blockbench",
	"ambientocclusion": false,
	"texture_size": [32, 32],
	"textures": {
		"0": "artsbykev_var/creature/buttefly_body",
		"1": "artsbykev_var/creature/butterfly_wings_a",
		"particle": "artsbykev_var/creature/buttefly_body"
	},
	"elements": [
		{
			"name": "body",
			"from": [7.5, 0, 6],
			"to": [8.5, 1, 8],
			"rotation": {"angle": 0, "axis": "y", "origin": [7.5, 0, 8]},
			"faces": {
				"north": {"uv": [0, 6, 2, 8], "texture": "#0"},
				"east": {"uv": [0, 4, 4, 6], "texture": "#0"},
				"south": {"uv": [2, 2, 4, 4], "texture": "#0"},
				"west": {"uv": [0, 4, 4, 6], "texture": "#0"},
				"up": {"uv": [2, 4, 0, 0], "texture": "#0"},
				"down": {"uv": [2, 0, 0, 4], "texture": "#0"}
			}
		},
		{
			"name": "body",
			"from": [8.5, 0.75, 4],
			"to": [8.5, 1.75, 6],
			"rotation": {"angle": 22.5, "axis": "x", "origin": [8.5, 0.75, 6]},
			"faces": {
				"north": {"uv": [6, 2, 15, 5], "texture": "#0"},
				"east": {"uv": [15, 2, 6, 5], "texture": "#0"},
				"south": {"uv": [6, 2, 15, 5], "texture": "#0"},
				"west": {"uv": [6, 2, 15, 5], "texture": "#0"},
				"up": {"uv": [6, 2, 15, 5], "texture": "#0"},
				"down": {"uv": [6, 2, 15, 5], "texture": "#0"}
			}
		},
		{
			"name": "body",
			"from": [7.5, 0.75, 4],
			"to": [7.5, 1.75, 6],
			"rotation": {"angle": 22.5, "axis": "x", "origin": [7.5, 0.75, 6]},
			"faces": {
				"north": {"uv": [15, 2, 6, 5], "texture": "#0"},
				"east": {"uv": [15, 2, 6, 5], "texture": "#0"},
				"south": {"uv": [15, 2, 6, 5], "texture": "#0"},
				"west": {"uv": [6, 2, 15, 5], "texture": "#0"},
				"up": {"uv": [15, 2, 6, 5], "texture": "#0"},
				"down": {"uv": [15, 2, 6, 5], "texture": "#0"}
			}
		},
		{
			"name": "body",
			"from": [7.3, -0.2, 7.8],
			"to": [8.7, 1.2, 11.2],
			"rotation": {"angle": 45, "axis": "z", "origin": [8, 0.5, 9.5]},
			"faces": {
				"north": {"uv": [2, 2, 4, 4], "texture": "#0"},
				"east": {"uv": [4, 0, 9, 2], "texture": "#0"},
				"south": {"uv": [2, 0, 4, 2], "texture": "#0"},
				"west": {"uv": [4, 0, 9, 2], "texture": "#0"},
				"up": {"uv": [6, 7, 4, 2], "texture": "#0"},
				"down": {"uv": [6, 2, 4, 7], "texture": "#0"}
			}
		},
		{
			"name": "wing",
			"from": [8.5, 1, 3],
			"to": [18.5, 1, 16],
			"rotation": {"angle": 0, "axis": "y", "origin": [8.5, 1, 7]},
			"faces": {
				"north": {"uv": [0, 0, 5, 0], "texture": "#1"},
				"east": {"uv": [0, 0, 6.5, 0], "texture": "#1"},
				"south": {"uv": [0, 0, 5, 0], "texture": "#1"},
				"west": {"uv": [0, 0, 6.5, 0], "texture": "#1"},
				"up": {"uv": [5, 13, 0, 6.5], "texture": "#1"},
				"down": {"uv": [5, 6.5, 0, 13], "texture": "#1"}
			}
		},
		{
			"name": "wing",
			"from": [-2.5, 1, 3],
			"to": [7.5, 1, 16],
			"rotation": {"angle": 0, "axis": "y", "origin": [7.5, 1, 7]},
			"faces": {
				"north": {"uv": [5, 0, 0, 0], "texture": "#1"},
				"east": {"uv": [6.5, 0, 0, 0], "texture": "#1"},
				"south": {"uv": [5, 0, 0, 0], "texture": "#1"},
				"west": {"uv": [6.5, 0, 0, 0], "texture": "#1"},
				"up": {"uv": [0, 13, 5, 6.5], "texture": "#1"},
				"down": {"uv": [0, 6.5, 5, 13], "texture": "#1"}
			}
		},
		{
			"name": "wing",
			"from": [8.5, -9, 3],
			"to": [8.5, 1, 16],
			"rotation": {"angle": 22.5, "axis": "z", "origin": [8.5, 1, 7]},
			"faces": {
				"north": {"uv": [0, 0, 5, 0], "rotation": 270, "texture": "#1"},
				"east": {"uv": [10, 13, 5, 6.5], "rotation": 90, "texture": "#1"},
				"south": {"uv": [0, 0, 5, 0], "rotation": 90, "texture": "#1"},
				"west": {"uv": [10, 6.5, 5, 13], "rotation": 90, "texture": "#1"},
				"up": {"uv": [0, 0, 6.5, 0], "rotation": 90, "texture": "#1"},
				"down": {"uv": [0, 0, 6.5, 0], "rotation": 90, "texture": "#1"}
			}
		},
		{
			"name": "wing",
			"from": [7.5, -9, 3],
			"to": [7.5, 1, 16],
			"rotation": {"angle": -22.5, "axis": "z", "origin": [7.5, 1, 7]},
			"faces": {
				"north": {"uv": [0, 0, 5, 0], "rotation": 270, "texture": "#1"},
				"east": {"uv": [10, 13, 5, 6.5], "rotation": 90, "texture": "#1"},
				"south": {"uv": [0, 0, 5, 0], "rotation": 90, "texture": "#1"},
				"west": {"uv": [10, 6.5, 5, 13], "rotation": 90, "texture": "#1"},
				"up": {"uv": [0, 0, 6.5, 0], "rotation": 90, "texture": "#1"},
				"down": {"uv": [0, 0, 6.5, 0], "rotation": 90, "texture": "#1"}
			}
		},
		{
			"name": "wing",
			"from": [8.5, 1, 3],
			"to": [18.5, 1, 16],
			"rotation": {"angle": 45, "axis": "z", "origin": [8.5, 1, 7]},
			"faces": {
				"north": {"uv": [0, 0, 5, 0], "texture": "#1"},
				"east": {"uv": [0, 0, 6.5, 0], "texture": "#1"},
				"south": {"uv": [0, 0, 5, 0], "texture": "#1"},
				"west": {"uv": [0, 0, 6.5, 0], "texture": "#1"},
				"up": {"uv": [10, 6.5, 5, 0], "texture": "#1"},
				"down": {"uv": [10, 0, 5, 6.5], "texture": "#1"}
			}
		},
		{
			"name": "wing",
			"from": [-2.5, 1, 3],
			"to": [7.5, 1, 16],
			"rotation": {"angle": -45, "axis": "z", "origin": [7.5, 1, 7]},
			"faces": {
				"north": {"uv": [5, 0, 0, 0], "texture": "#1"},
				"east": {"uv": [6.5, 0, 0, 0], "texture": "#1"},
				"south": {"uv": [5, 0, 0, 0], "texture": "#1"},
				"west": {"uv": [6.5, 0, 0, 0], "texture": "#1"},
				"up": {"uv": [5, 6.5, 10, 0], "texture": "#1"},
				"down": {"uv": [5, 0, 10, 6.5], "texture": "#1"}
			}
		},
		{
			"name": "wing",
			"from": [8.5, 1, 3],
			"to": [8.5, 11, 16],
			"rotation": {"angle": -22.5, "axis": "z", "origin": [8.5, 1, 7]},
			"faces": {
				"north": {"uv": [0, 0, 5, 0], "rotation": 90, "texture": "#1"},
				"east": {"uv": [5, 0, 0, 6.5], "rotation": 270, "texture": "#1"},
				"south": {"uv": [0, 0, 5, 0], "rotation": 270, "texture": "#1"},
				"west": {"uv": [5, 6.5, 0, 0], "rotation": 270, "texture": "#1"},
				"up": {"uv": [0, 0, 6.5, 0], "rotation": 270, "texture": "#1"},
				"down": {"uv": [0, 0, 6.5, 0], "rotation": 270, "texture": "#1"}
			}
		},
		{
			"name": "wing",
			"from": [7.5, 1, 3],
			"to": [7.5, 11, 16],
			"rotation": {"angle": 22.5, "axis": "z", "origin": [7.5, 1, 7]},
			"faces": {
				"north": {"uv": [0, 0, 5, 0], "rotation": 90, "texture": "#1"},
				"east": {"uv": [5, 0, 0, 6.5], "rotation": 270, "texture": "#1"},
				"south": {"uv": [0, 0, 5, 0], "rotation": 270, "texture": "#1"},
				"west": {"uv": [5, 6.5, 0, 0], "rotation": 270, "texture": "#1"},
				"up": {"uv": [0, 0, 6.5, 0], "rotation": 270, "texture": "#1"},
				"down": {"uv": [0, 0, 6.5, 0], "rotation": 270, "texture": "#1"}
			}
		}
	],
	"display": {
		"thirdperson_righthand": {
			"translation": [0, 7.75, 0],
			"scale": [0.5, 0.5, 0.5]
		},
		"thirdperson_lefthand": {
			"translation": [0, 7.75, 0]
		},
		"firstperson_righthand": {
			"rotation": [37, 11, 0],
			"translation": [0, 5.75, 0]
		},
		"firstperson_lefthand": {
			"rotation": [37, 11, 0],
			"translation": [0, 5.75, 0]
		},
		"ground": {
			"translation": [0, 7.5, 0],
			"scale": [0.5, 0.5, 0.5]
		},
		"gui": {
			"rotation": [-23, 126, 0],
			"translation": [-0.5, 1.5, 0],
			"scale": [0.5, 0.5, 0.5]
		},
		"head": {
			"translation": [0, 4.25, 0],
			"scale": [0.3, 0.3, 0.3]
		},
		"fixed": {
			"translation": [0, 3.75, -7],
			"scale": [0.5, 0.5, 0.5]
		}
	}
}