{
	"credit": " (C)ArtsByKev, https://youtube.com/c/artsbykev & https://twitter.com/artsbykev - Using Blockbench",
	"ambientocclusion": false,
	"textures": {
		"0": "artsbykev_var/creature/dragonfly",
		"1": "artsbykev_var/creature/flie_wing"
	},
	"elements": [
		{
			"from": [6.7008, 0.6288, 2.2348],
			"to": [7.6752, 1.6032, 3.2092],
			"rotation": {"angle": 0, "axis": "y", "origin": [7.188, -1.726, 4.1024]},
			"faces": {
				"north": {"uv": [0, 8, 2, 10], "texture": "#0"},
				"east": {"uv": [8, 0, 10, 2], "texture": "#0"},
				"south": {"uv": [2, 8, 4, 10], "texture": "#0"},
				"west": {"uv": [8, 2, 10, 4], "texture": "#0"},
				"up": {"uv": [6, 10, 4, 8], "texture": "#0"},
				"down": {"uv": [10, 4, 8, 6], "texture": "#0"}
			}
		},
		{
			"from": [8.3248, 0.6288, 2.2348],
			"to": [9.2992, 1.6032, 3.2092],
			"rotation": {"angle": 0, "axis": "y", "origin": [7.188, -1.726, 4.1024]},
			"faces": {
				"north": {"uv": [6, 8, 8, 10], "texture": "#0"},
				"east": {"uv": [8, 6, 10, 8], "texture": "#0"},
				"south": {"uv": [8, 8, 10, 10], "texture": "#0"},
				"west": {"uv": [0, 10, 2, 12], "texture": "#0"},
				"up": {"uv": [12, 2, 10, 0], "texture": "#0"},
				"down": {"uv": [4, 10, 2, 12], "texture": "#0"}
			}
		},
		{
			"from": [7.594, 0.304, 7.188],
			"to": [8.406, 1.116, 15.308],
			"rotation": {"angle": 0, "axis": "y", "origin": [7.188, -1.726, 4.1024]},
			"faces": {
				"north": {"uv": [2, 4, 4, 6], "texture": "#0"},
				"east": {"uv": [0, 12, 9, 13], "texture": "#0"},
				"south": {"uv": [10, 11, 11, 12], "texture": "#0"},
				"west": {"uv": [0, 12, 9, 13], "texture": "#0"},
				"up": {"uv": [10, 11, 11, 2], "texture": "#0"},
				"down": {"uv": [11, 2, 10, 11], "texture": "#0"}
			}
		},
		{
			"from": [7.188, -0.102, 3.94],
			"to": [8.812, 1.522, 7.188],
			"rotation": {"angle": 0, "axis": "y", "origin": [7.188, -1.726, 4.1024]},
			"faces": {
				"north": {"uv": [2, 4, 4, 6], "texture": "#0"},
				"east": {"uv": [0, 0, 4, 2], "texture": "#0"},
				"south": {"uv": [4, 4, 6, 6], "texture": "#0"},
				"west": {"uv": [0, 2, 4, 4], "texture": "#0"},
				"up": {"uv": [2, 8, 0, 4], "texture": "#0"},
				"down": {"uv": [6, 0, 4, 4], "texture": "#0"}
			}
		},
		{
			"name": "wing",
			"from": [6.03966, 1.71902, 5.97],
			"to": [14.97166, 1.71902, 8.406],
			"rotation": {"angle": -45, "axis": "z", "origin": [7.188, -1.726, 4.1024]},
			"faces": {
				"north": {"uv": [0, 0, 2.5, 0], "texture": "#1"},
				"east": {"uv": [0, 0, 2, 0], "texture": "#1"},
				"south": {"uv": [0, 0, 2.5, 0], "texture": "#1"},
				"west": {"uv": [0, 0, 2, 0], "texture": "#1"},
				"up": {"uv": [8, 7, 0, 0], "texture": "#1"},
				"down": {"uv": [8, 0, 0, 7], "texture": "#1"}
			}
		},
		{
			"name": "wing",
			"from": [0.55269, 0.57069, 5.97],
			"to": [9.48469, 0.57069, 8.406],
			"rotation": {"angle": 45, "axis": "z", "origin": [7.188, -1.726, 4.1024]},
			"faces": {
				"north": {"uv": [2.5, 0, 0, 0], "texture": "#1"},
				"east": {"uv": [2, 0, 0, 0], "texture": "#1"},
				"south": {"uv": [2.5, 0, 0, 0], "texture": "#1"},
				"west": {"uv": [2, 0, 0, 0], "texture": "#1"},
				"up": {"uv": [0, 7, 8, 0], "texture": "#1"},
				"down": {"uv": [0, 0, 8, 7], "texture": "#1"}
			}
		},
		{
			"name": "wing",
			"from": [6.03966, 1.71902, 3.534],
			"to": [14.97166, 1.71902, 5.97],
			"rotation": {"angle": -45, "axis": "z", "origin": [7.188, -1.726, 4.1024]},
			"faces": {
				"north": {"uv": [0, 0, 2.5, 0], "texture": "#1"},
				"east": {"uv": [0, 0, 2, 0], "texture": "#1"},
				"south": {"uv": [0, 0, 2.5, 0], "texture": "#1"},
				"west": {"uv": [0, 0, 2, 0], "texture": "#1"},
				"up": {"uv": [8, 14, 0, 7], "texture": "#1"},
				"down": {"uv": [8, 7, 0, 14], "texture": "#1"}
			}
		},
		{
			"name": "wing",
			"from": [0.55269, 0.57069, 3.534],
			"to": [9.48469, 0.57069, 5.97],
			"rotation": {"angle": 45, "axis": "z", "origin": [7.188, -1.726, 4.1024]},
			"faces": {
				"north": {"uv": [2.5, 0, 0, 0], "texture": "#1"},
				"east": {"uv": [2, 0, 0, 0], "texture": "#1"},
				"south": {"uv": [2.5, 0, 0, 0], "texture": "#1"},
				"west": {"uv": [2, 0, 0, 0], "texture": "#1"},
				"up": {"uv": [0, 14, 8, 7], "texture": "#1"},
				"down": {"uv": [0, 7, 8, 14], "texture": "#1"}
			}
		},
		{
			"name": "wing",
			"from": [6.03966, 1.71902, 5.97],
			"to": [6.03966, 10.65102, 8.406],
			"rotation": {"angle": -45, "axis": "z", "origin": [7.188, -1.726, 4.1024]},
			"faces": {
				"north": {"uv": [0, 0, 2.5, 0], "rotation": 90, "texture": "#1"},
				"east": {"uv": [8, 7, 0, 14], "rotation": 270, "texture": "#1"},
				"south": {"uv": [0, 0, 2.5, 0], "rotation": 270, "texture": "#1"},
				"west": {"uv": [8, 14, 0, 7], "rotation": 270, "texture": "#1"},
				"up": {"uv": [0, 0, 2, 0], "rotation": 270, "texture": "#1"},
				"down": {"uv": [0, 0, 2, 0], "rotation": 270, "texture": "#1"}
			}
		},
		{
			"name": "wing",
			"from": [9.48469, 0.57069, 5.97],
			"to": [9.48469, 9.50269, 8.406],
			"rotation": {"angle": 45, "axis": "z", "origin": [7.188, -1.726, 4.1024]},
			"faces": {
				"north": {"uv": [0, 0, 2.5, 0], "rotation": 90, "texture": "#1"},
				"east": {"uv": [8, 7, 0, 14], "rotation": 270, "texture": "#1"},
				"south": {"uv": [0, 0, 2.5, 0], "rotation": 270, "texture": "#1"},
				"west": {"uv": [8, 14, 0, 7], "rotation": 270, "texture": "#1"},
				"up": {"uv": [0, 0, 2, 0], "rotation": 270, "texture": "#1"},
				"down": {"uv": [0, 0, 2, 0], "rotation": 270, "texture": "#1"}
			}
		},
		{
			"name": "wing",
			"from": [6.03966, 1.71902, 3.534],
			"to": [6.03966, 10.65102, 5.97],
			"rotation": {"angle": -45, "axis": "z", "origin": [7.188, -1.726, 4.1024]},
			"faces": {
				"north": {"uv": [0, 0, 2.5, 0], "rotation": 90, "texture": "#1"},
				"east": {"uv": [16, 0, 8, 7], "rotation": 270, "texture": "#1"},
				"south": {"uv": [0, 0, 2.5, 0], "rotation": 270, "texture": "#1"},
				"west": {"uv": [16, 7, 8, 0], "rotation": 270, "texture": "#1"},
				"up": {"uv": [0, 0, 2, 0], "rotation": 270, "texture": "#1"},
				"down": {"uv": [0, 0, 2, 0], "rotation": 270, "texture": "#1"}
			}
		},
		{
			"name": "wing",
			"from": [9.48469, 0.57069, 3.534],
			"to": [9.48469, 9.50269, 5.97],
			"rotation": {"angle": 45, "axis": "z", "origin": [7.188, -1.726, 4.1024]},
			"faces": {
				"north": {"uv": [0, 0, 2.5, 0], "rotation": 90, "texture": "#1"},
				"east": {"uv": [16, 0, 8, 7], "rotation": 270, "texture": "#1"},
				"south": {"uv": [0, 0, 2.5, 0], "rotation": 270, "texture": "#1"},
				"west": {"uv": [16, 7, 8, 0], "rotation": 270, "texture": "#1"},
				"up": {"uv": [0, 0, 2, 0], "rotation": 270, "texture": "#1"},
				"down": {"uv": [0, 0, 2, 0], "rotation": 270, "texture": "#1"}
			}
		},
		{
			"name": "wing",
			"from": [8.812, 1.522, 5.97],
			"to": [17.744, 1.522, 8.406],
			"rotation": {"angle": 0, "axis": "y", "origin": [7.188, -1.726, 4.1024]},
			"faces": {
				"north": {"uv": [0, 0, 2.5, 0], "texture": "#1"},
				"east": {"uv": [0, 0, 2, 0], "texture": "#1"},
				"south": {"uv": [0, 0, 2.5, 0], "texture": "#1"},
				"west": {"uv": [0, 0, 2, 0], "texture": "#1"},
				"up": {"uv": [16, 7, 8, 0], "texture": "#1"},
				"down": {"uv": [16, 0, 8, 7], "texture": "#1"}
			}
		},
		{
			"name": "wing",
			"from": [-1.744, 1.522, 5.97],
			"to": [7.188, 1.522, 8.406],
			"rotation": {"angle": 0, "axis": "y", "origin": [7.188, -1.726, 4.1024]},
			"faces": {
				"north": {"uv": [2.5, 0, 0, 0], "texture": "#1"},
				"east": {"uv": [2, 0, 0, 0], "texture": "#1"},
				"south": {"uv": [2.5, 0, 0, 0], "texture": "#1"},
				"west": {"uv": [2, 0, 0, 0], "texture": "#1"},
				"up": {"uv": [8, 7, 16, 0], "texture": "#1"},
				"down": {"uv": [8, 0, 16, 7], "texture": "#1"}
			}
		},
		{
			"name": "wing",
			"from": [8.812, 1.522, 3.534],
			"to": [17.744, 1.522, 5.97],
			"rotation": {"angle": 0, "axis": "y", "origin": [7.188, -1.726, 4.1024]},
			"faces": {
				"north": {"uv": [0, 0, 2.5, 0], "texture": "#1"},
				"east": {"uv": [0, 0, 2, 0], "texture": "#1"},
				"south": {"uv": [0, 0, 2.5, 0], "texture": "#1"},
				"west": {"uv": [0, 0, 2, 0], "texture": "#1"},
				"up": {"uv": [8, 7, 0, 0], "texture": "#1"},
				"down": {"uv": [8, 0, 0, 7], "texture": "#1"}
			}
		},
		{
			"name": "wing",
			"from": [-1.744, 1.522, 3.534],
			"to": [7.188, 1.522, 5.97],
			"rotation": {"angle": 0, "axis": "y", "origin": [7.188, -1.726, 4.1024]},
			"faces": {
				"north": {"uv": [2.5, 0, 0, 0], "texture": "#1"},
				"east": {"uv": [2, 0, 0, 0], "texture": "#1"},
				"south": {"uv": [2.5, 0, 0, 0], "texture": "#1"},
				"west": {"uv": [2, 0, 0, 0], "texture": "#1"},
				"up": {"uv": [0, 7, 8, 0], "texture": "#1"},
				"down": {"uv": [0, 0, 8, 7], "texture": "#1"}
			}
		},
		{
			"from": [7.3504, 0.0604, 2.6408],
			"to": [8.6496, 1.3596, 3.94],
			"rotation": {"angle": 0, "axis": "y", "origin": [7.188, -1.726, 4.1024]},
			"faces": {
				"north": {"uv": [6, 0, 8, 2], "texture": "#0"},
				"east": {"uv": [2, 6, 4, 8], "texture": "#0"},
				"south": {"uv": [6, 2, 8, 4], "texture": "#0"},
				"west": {"uv": [4, 6, 6, 8], "texture": "#0"},
				"up": {"uv": [8, 6, 6, 4], "texture": "#0"},
				"down": {"uv": [8, 6, 6, 8], "texture": "#0"}
			}
		}
	],
	"display": {
		"thirdperson_righthand": {
			"translation": [0, 7.5, 0]
		},
		"thirdperson_lefthand": {
			"translation": [0, 7.5, 0]
		},
		"firstperson_righthand": {
			"translation": [0, 7.5, 0]
		},
		"firstperson_lefthand": {
			"translation": [0, 7.5, 0]
		},
		"ground": {
			"translation": [0, 5.5, 0]
		},
		"gui": {
			"rotation": [35, -38, -19],
			"translation": [2, 5, 0]
		},
		"head": {
			"translation": [0, 1.5, 0]
		},
		"fixed": {
			"rotation": [-90, -180, 0],
			"translation": [0, 0.75, -8.75]
		}
	}
}