{
	"credit": " (C)ArtsByKev, https://youtube.com/c/artsbykev & https://twitter.com/artsbykev - Using Blockbench",
	"ambientocclusion": false,
	"textures": {
		"0": "artsbykev_var/creature/dragonfly2",
		"1": "artsbykev_var/creature/flie_wing"
	},
	"elements": [
		{
			"from": [7.072, 0.592, 3.882],
			"to": [7.768, 1.288, 4.578],
			"rotation": {"angle": 0, "axis": "y", "origin": [7.42, -1.09, 5.216]},
			"faces": {
				"north": {"uv": [0, 8, 2, 10], "texture": "#0"},
				"east": {"uv": [8, 0, 10, 2], "texture": "#0"},
				"south": {"uv": [2, 8, 4, 10], "texture": "#0"},
				"west": {"uv": [8, 2, 10, 4], "texture": "#0"},
				"up": {"uv": [6, 10, 4, 8], "texture": "#0"},
				"down": {"uv": [10, 4, 8, 6], "texture": "#0"}
			}
		},
		{
			"from": [8.232, 0.592, 3.882],
			"to": [8.928, 1.288, 4.578],
			"rotation": {"angle": 0, "axis": "y", "origin": [7.42, -1.09, 5.216]},
			"faces": {
				"north": {"uv": [6, 8, 8, 10], "texture": "#0"},
				"east": {"uv": [8, 6, 10, 8], "texture": "#0"},
				"south": {"uv": [8, 8, 10, 10], "texture": "#0"},
				"west": {"uv": [0, 10, 2, 12], "texture": "#0"},
				"up": {"uv": [12, 2, 10, 0], "texture": "#0"},
				"down": {"uv": [4, 10, 2, 12], "texture": "#0"}
			}
		},
		{
			"from": [7.71, 0.36, 7.42],
			"to": [8.29, 0.94, 13.22],
			"rotation": {"angle": 0, "axis": "y", "origin": [7.42, -1.09, 5.216]},
			"faces": {
				"north": {"uv": [2, 4, 4, 6], "texture": "#0"},
				"east": {"uv": [0, 12, 9, 13], "texture": "#0"},
				"south": {"uv": [10, 11, 11, 12], "texture": "#0"},
				"west": {"uv": [0, 12, 9, 13], "texture": "#0"},
				"up": {"uv": [10, 11, 11, 2], "texture": "#0"},
				"down": {"uv": [11, 2, 10, 11], "texture": "#0"}
			}
		},
		{
			"from": [7.42, 0.07, 5.1],
			"to": [8.58, 1.23, 7.42],
			"rotation": {"angle": 0, "axis": "y", "origin": [7.42, -1.09, 5.216]},
			"faces": {
				"north": {"uv": [2, 4, 4, 6], "texture": "#0"},
				"east": {"uv": [0, 0, 4, 2], "texture": "#0"},
				"south": {"uv": [4, 4, 6, 6], "texture": "#0"},
				"west": {"uv": [0, 2, 4, 4], "texture": "#0"},
				"up": {"uv": [2, 8, 0, 4], "texture": "#0"},
				"down": {"uv": [6, 0, 4, 4], "texture": "#0"}
			}
		},
		{
			"name": "wing",
			"from": [6.59976, 1.37073, 6.55],
			"to": [12.97976, 1.37073, 8.29],
			"rotation": {"angle": -45, "axis": "z", "origin": [7.42, -1.09, 5.216]},
			"faces": {
				"north": {"uv": [0, 0, 2.5, 0], "texture": "#1"},
				"east": {"uv": [0, 0, 2, 0], "texture": "#1"},
				"south": {"uv": [0, 0, 2.5, 0], "texture": "#1"},
				"west": {"uv": [0, 0, 2, 0], "texture": "#1"},
				"up": {"uv": [8, 7, 0, 0], "texture": "#1"},
				"down": {"uv": [8, 0, 0, 7], "texture": "#1"}
			}
		},
		{
			"name": "wing",
			"from": [2.68049, 0.55049, 6.55],
			"to": [9.06049, 0.55049, 8.29],
			"rotation": {"angle": 45, "axis": "z", "origin": [7.42, -1.09, 5.216]},
			"faces": {
				"north": {"uv": [2.5, 0, 0, 0], "texture": "#1"},
				"east": {"uv": [2, 0, 0, 0], "texture": "#1"},
				"south": {"uv": [2.5, 0, 0, 0], "texture": "#1"},
				"west": {"uv": [2, 0, 0, 0], "texture": "#1"},
				"up": {"uv": [0, 7, 8, 0], "texture": "#1"},
				"down": {"uv": [0, 0, 8, 7], "texture": "#1"}
			}
		},
		{
			"name": "wing",
			"from": [6.59976, 1.37073, 4.81],
			"to": [12.97976, 1.37073, 6.55],
			"rotation": {"angle": -45, "axis": "z", "origin": [7.42, -1.09, 5.216]},
			"faces": {
				"north": {"uv": [0, 0, 2.5, 0], "texture": "#1"},
				"east": {"uv": [0, 0, 2, 0], "texture": "#1"},
				"south": {"uv": [0, 0, 2.5, 0], "texture": "#1"},
				"west": {"uv": [0, 0, 2, 0], "texture": "#1"},
				"up": {"uv": [8, 14, 0, 7], "texture": "#1"},
				"down": {"uv": [8, 7, 0, 14], "texture": "#1"}
			}
		},
		{
			"name": "wing",
			"from": [2.68049, 0.55049, 4.81],
			"to": [9.06049, 0.55049, 6.55],
			"rotation": {"angle": 45, "axis": "z", "origin": [7.42, -1.09, 5.216]},
			"faces": {
				"north": {"uv": [2.5, 0, 0, 0], "texture": "#1"},
				"east": {"uv": [2, 0, 0, 0], "texture": "#1"},
				"south": {"uv": [2.5, 0, 0, 0], "texture": "#1"},
				"west": {"uv": [2, 0, 0, 0], "texture": "#1"},
				"up": {"uv": [0, 14, 8, 7], "texture": "#1"},
				"down": {"uv": [0, 7, 8, 14], "texture": "#1"}
			}
		},
		{
			"name": "wing",
			"from": [6.59976, 1.37073, 6.55],
			"to": [6.59976, 7.75073, 8.29],
			"rotation": {"angle": -45, "axis": "z", "origin": [7.42, -1.09, 5.216]},
			"faces": {
				"north": {"uv": [0, 0, 2.5, 0], "rotation": 90, "texture": "#1"},
				"east": {"uv": [8, 7, 0, 14], "rotation": 270, "texture": "#1"},
				"south": {"uv": [0, 0, 2.5, 0], "rotation": 270, "texture": "#1"},
				"west": {"uv": [8, 14, 0, 7], "rotation": 270, "texture": "#1"},
				"up": {"uv": [0, 0, 2, 0], "rotation": 270, "texture": "#1"},
				"down": {"uv": [0, 0, 2, 0], "rotation": 270, "texture": "#1"}
			}
		},
		{
			"name": "wing",
			"from": [9.06049, 0.55049, 6.55],
			"to": [9.06049, 6.93049, 8.29],
			"rotation": {"angle": 45, "axis": "z", "origin": [7.42, -1.09, 5.216]},
			"faces": {
				"north": {"uv": [0, 0, 2.5, 0], "rotation": 90, "texture": "#1"},
				"east": {"uv": [8, 7, 0, 14], "rotation": 270, "texture": "#1"},
				"south": {"uv": [0, 0, 2.5, 0], "rotation": 270, "texture": "#1"},
				"west": {"uv": [8, 14, 0, 7], "rotation": 270, "texture": "#1"},
				"up": {"uv": [0, 0, 2, 0], "rotation": 270, "texture": "#1"},
				"down": {"uv": [0, 0, 2, 0], "rotation": 270, "texture": "#1"}
			}
		},
		{
			"name": "wing",
			"from": [6.59976, 1.37073, 4.81],
			"to": [6.59976, 7.75073, 6.55],
			"rotation": {"angle": -45, "axis": "z", "origin": [7.42, -1.09, 5.216]},
			"faces": {
				"north": {"uv": [0, 0, 2.5, 0], "rotation": 90, "texture": "#1"},
				"east": {"uv": [16, 0, 8, 7], "rotation": 270, "texture": "#1"},
				"south": {"uv": [0, 0, 2.5, 0], "rotation": 270, "texture": "#1"},
				"west": {"uv": [16, 7, 8, 0], "rotation": 270, "texture": "#1"},
				"up": {"uv": [0, 0, 2, 0], "rotation": 270, "texture": "#1"},
				"down": {"uv": [0, 0, 2, 0], "rotation": 270, "texture": "#1"}
			}
		},
		{
			"name": "wing",
			"from": [9.06049, 0.55049, 4.81],
			"to": [9.06049, 6.93049, 6.55],
			"rotation": {"angle": 45, "axis": "z", "origin": [7.42, -1.09, 5.216]},
			"faces": {
				"north": {"uv": [0, 0, 2.5, 0], "rotation": 90, "texture": "#1"},
				"east": {"uv": [16, 0, 8, 7], "rotation": 270, "texture": "#1"},
				"south": {"uv": [0, 0, 2.5, 0], "rotation": 270, "texture": "#1"},
				"west": {"uv": [16, 7, 8, 0], "rotation": 270, "texture": "#1"},
				"up": {"uv": [0, 0, 2, 0], "rotation": 270, "texture": "#1"},
				"down": {"uv": [0, 0, 2, 0], "rotation": 270, "texture": "#1"}
			}
		},
		{
			"name": "wing",
			"from": [8.58, 1.23, 6.55],
			"to": [14.96, 1.23, 8.29],
			"rotation": {"angle": 0, "axis": "y", "origin": [7.42, -1.09, 5.216]},
			"faces": {
				"north": {"uv": [0, 0, 2.5, 0], "texture": "#1"},
				"east": {"uv": [0, 0, 2, 0], "texture": "#1"},
				"south": {"uv": [0, 0, 2.5, 0], "texture": "#1"},
				"west": {"uv": [0, 0, 2, 0], "texture": "#1"},
				"up": {"uv": [16, 7, 8, 0], "texture": "#1"},
				"down": {"uv": [16, 0, 8, 7], "texture": "#1"}
			}
		},
		{
			"name": "wing",
			"from": [1.04, 1.23, 6.55],
			"to": [7.42, 1.23, 8.29],
			"rotation": {"angle": 0, "axis": "y", "origin": [7.42, -1.09, 5.216]},
			"faces": {
				"north": {"uv": [2.5, 0, 0, 0], "texture": "#1"},
				"east": {"uv": [2, 0, 0, 0], "texture": "#1"},
				"south": {"uv": [2.5, 0, 0, 0], "texture": "#1"},
				"west": {"uv": [2, 0, 0, 0], "texture": "#1"},
				"up": {"uv": [8, 7, 16, 0], "texture": "#1"},
				"down": {"uv": [8, 0, 16, 7], "texture": "#1"}
			}
		},
		{
			"name": "wing",
			"from": [8.58, 1.23, 4.81],
			"to": [14.96, 1.23, 6.55],
			"rotation": {"angle": 0, "axis": "y", "origin": [7.42, -1.09, 5.216]},
			"faces": {
				"north": {"uv": [0, 0, 2.5, 0], "texture": "#1"},
				"east": {"uv": [0, 0, 2, 0], "texture": "#1"},
				"south": {"uv": [0, 0, 2.5, 0], "texture": "#1"},
				"west": {"uv": [0, 0, 2, 0], "texture": "#1"},
				"up": {"uv": [8, 7, 0, 0], "texture": "#1"},
				"down": {"uv": [8, 0, 0, 7], "texture": "#1"}
			}
		},
		{
			"name": "wing",
			"from": [1.04, 1.23, 4.81],
			"to": [7.42, 1.23, 6.55],
			"rotation": {"angle": 0, "axis": "y", "origin": [7.42, -1.09, 5.216]},
			"faces": {
				"north": {"uv": [2.5, 0, 0, 0], "texture": "#1"},
				"east": {"uv": [2, 0, 0, 0], "texture": "#1"},
				"south": {"uv": [2.5, 0, 0, 0], "texture": "#1"},
				"west": {"uv": [2, 0, 0, 0], "texture": "#1"},
				"up": {"uv": [0, 7, 8, 0], "texture": "#1"},
				"down": {"uv": [0, 0, 8, 7], "texture": "#1"}
			}
		},
		{
			"from": [7.536, 0.186, 4.172],
			"to": [8.464, 1.114, 5.1],
			"rotation": {"angle": 0, "axis": "y", "origin": [7.42, -1.09, 5.216]},
			"faces": {
				"north": {"uv": [6, 0, 8, 2], "texture": "#0"},
				"east": {"uv": [2, 6, 4, 8], "texture": "#0"},
				"south": {"uv": [6, 2, 8, 4], "texture": "#0"},
				"west": {"uv": [4, 6, 6, 8], "texture": "#0"},
				"up": {"uv": [8, 6, 6, 4], "texture": "#0"},
				"down": {"uv": [8, 6, 6, 8], "texture": "#0"}
			}
		}
	],
	"display": {
		"thirdperson_righthand": {
			"translation": [0, 7.5, 0]
		},
		"thirdperson_lefthand": {
			"translation": [0, 7.5, 0]
		},
		"firstperson_righthand": {
			"translation": [0, 7.5, 0]
		},
		"firstperson_lefthand": {
			"translation": [0, 7.5, 0]
		},
		"ground": {
			"translation": [0, 5.5, 0]
		},
		"gui": {
			"rotation": [35, -38, -19],
			"translation": [2, 5, 0]
		},
		"head": {
			"translation": [0, 1.5, 0]
		},
		"fixed": {
			"rotation": [-90, -180, 0],
			"translation": [0, 0.75, -8.75]
		}
	}
}