{
	"credit": " (C)ArtsByKev, https://youtube.com/c/artsbykev & https://twitter.com/artsbykev - Using Blockbench",
	"textures": {
		"0": "artsbykev_var/creature/firefly",
		"particle": "artsbykev_var/creature/firefly"
	},
	"elements": [
		{
			"from": [7.2, 7.29344, 7.6412],
			"to": [8.8, 8.89344, 9.2412],
			"rotation": {"angle": 0, "axis": "x", "origin": [8, 8.09344, 8.4412]},
			"faces": {
				"north": {"uv": [12, 0, 14, 2], "texture": "#0"},
				"east": {"uv": [12, 5, 14, 7], "texture": "#0"},
				"south": {"uv": [12, 7, 14, 9], "texture": "#0"},
				"west": {"uv": [4, 13, 6, 15], "texture": "#0"},
				"up": {"uv": [8, 15, 6, 13], "texture": "#0"},
				"down": {"uv": [10, 13, 8, 15], "texture": "#0"}
			}
		},
		{
			"from": [7.1, 6.86844, 6.2912],
			"to": [8.9, 8.66844, 8.0912],
			"rotation": {"angle": -22.5, "axis": "x", "origin": [8, 7.76844, 7.1912]},
			"faces": {
				"north": {"uv": [12, 0, 14, 2], "texture": "#0"},
				"east": {"uv": [12, 5, 14, 7], "texture": "#0"},
				"south": {"uv": [12, 7, 14, 9], "texture": "#0"},
				"west": {"uv": [4, 13, 6, 15], "texture": "#0"},
				"up": {"uv": [8, 15, 6, 13], "texture": "#0"},
				"down": {"uv": [10, 13, 8, 15], "texture": "#0"}
			}
		},
		{
			"from": [2.2, 8.89344, 6.4412],
			"to": [7.2, 8.89344, 9.4412],
			"rotation": {"angle": 0, "axis": "x", "origin": [7.2, 8.89344, 8.4412]},
			"faces": {
				"north": {"uv": [0, 0, 5, 0], "texture": "#0"},
				"east": {"uv": [0, 0, 3, 0], "texture": "#0"},
				"south": {"uv": [0, 0, 5, 0], "texture": "#0"},
				"west": {"uv": [0, 0, 3, 0], "texture": "#0"},
				"up": {"uv": [5, 3, 0, 0], "texture": "#0"},
				"down": {"uv": [5, 3, 0, 6], "texture": "#0"}
			}
		},
		{
			"from": [8.8, 8.89344, 6.4412],
			"to": [13.8, 8.89344, 9.4412],
			"rotation": {"angle": 0, "axis": "x", "origin": [8.8, 8.89344, 8.4412]},
			"faces": {
				"north": {"uv": [5, 0, 0, 0], "texture": "#0"},
				"east": {"uv": [3, 0, 0, 0], "texture": "#0"},
				"south": {"uv": [5, 0, 0, 0], "texture": "#0"},
				"west": {"uv": [3, 0, 0, 0], "texture": "#0"},
				"up": {"uv": [0, 3, 5, 0], "texture": "#0"},
				"down": {"uv": [0, 3, 5, 6], "texture": "#0"}
			}
		},
		{
			"from": [2.2, 8.89344, 6.4412],
			"to": [7.2, 8.89344, 9.4412],
			"rotation": {"angle": 22.5, "axis": "z", "origin": [7.2, 8.89344, 8.4412]},
			"faces": {
				"north": {"uv": [0, 0, 5, 0], "texture": "#0"},
				"east": {"uv": [0, 0, 3, 0], "texture": "#0"},
				"south": {"uv": [0, 0, 5, 0], "texture": "#0"},
				"west": {"uv": [0, 0, 3, 0], "texture": "#0"},
				"up": {"uv": [10, 8, 5, 5], "texture": "#0"},
				"down": {"uv": [10, 0, 5, 3], "texture": "#0"}
			}
		},
		{
			"from": [8.8, 8.89344, 6.4412],
			"to": [13.8, 8.89344, 9.4412],
			"rotation": {"angle": -22.5, "axis": "z", "origin": [8.8, 8.89344, 8.4412]},
			"faces": {
				"north": {"uv": [5, 0, 0, 0], "texture": "#0"},
				"east": {"uv": [3, 0, 0, 0], "texture": "#0"},
				"south": {"uv": [5, 0, 0, 0], "texture": "#0"},
				"west": {"uv": [3, 0, 0, 0], "texture": "#0"},
				"up": {"uv": [5, 8, 10, 5], "texture": "#0"},
				"down": {"uv": [5, 0, 10, 3], "texture": "#0"}
			}
		},
		{
			"from": [2.2, 8.89344, 6.4412],
			"to": [7.2, 8.89344, 9.4412],
			"rotation": {"angle": 45, "axis": "z", "origin": [7.2, 8.89344, 8.4412]},
			"faces": {
				"north": {"uv": [0, 0, 5, 0], "texture": "#0"},
				"east": {"uv": [0, 0, 3, 0], "texture": "#0"},
				"south": {"uv": [0, 0, 5, 0], "texture": "#0"},
				"west": {"uv": [0, 0, 3, 0], "texture": "#0"},
				"up": {"uv": [5, 9, 0, 6], "texture": "#0"},
				"down": {"uv": [10, 8, 5, 11], "texture": "#0"}
			}
		},
		{
			"from": [8.8, 8.89344, 6.4412],
			"to": [13.8, 8.89344, 9.4412],
			"rotation": {"angle": -45, "axis": "z", "origin": [8.8, 8.89344, 8.4412]},
			"faces": {
				"north": {"uv": [5, 0, 0, 0], "texture": "#0"},
				"east": {"uv": [3, 0, 0, 0], "texture": "#0"},
				"south": {"uv": [5, 0, 0, 0], "texture": "#0"},
				"west": {"uv": [3, 0, 0, 0], "texture": "#0"},
				"up": {"uv": [0, 9, 5, 6], "texture": "#0"},
				"down": {"uv": [5, 8, 10, 11], "texture": "#0"}
			}
		},
		{
			"from": [2.2, 8.89344, 6.4412],
			"to": [7.2, 8.89344, 9.4412],
			"rotation": {"angle": -22.5, "axis": "z", "origin": [7.2, 8.89344, 8.4412]},
			"faces": {
				"north": {"uv": [0, 0, 5, 0], "texture": "#0"},
				"east": {"uv": [0, 0, 3, 0], "texture": "#0"},
				"south": {"uv": [0, 0, 5, 0], "texture": "#0"},
				"west": {"uv": [0, 0, 3, 0], "texture": "#0"},
				"up": {"uv": [5, 12, 0, 9], "texture": "#0"},
				"down": {"uv": [15, 10, 10, 13], "texture": "#0"}
			}
		},
		{
			"from": [8.8, 8.89344, 6.4412],
			"to": [13.8, 8.89344, 9.4412],
			"rotation": {"angle": 22.5, "axis": "z", "origin": [8.8, 8.89344, 8.4412]},
			"faces": {
				"north": {"uv": [5, 0, 0, 0], "texture": "#0"},
				"east": {"uv": [3, 0, 0, 0], "texture": "#0"},
				"south": {"uv": [5, 0, 0, 0], "texture": "#0"},
				"west": {"uv": [3, 0, 0, 0], "texture": "#0"},
				"up": {"uv": [0, 12, 5, 9], "texture": "#0"},
				"down": {"uv": [10, 10, 15, 13], "texture": "#0"}
			}
		},
		{
			"from": [7, 6.95, 9.225],
			"to": [9, 8.95, 12.225],
			"rotation": {"angle": 22.5, "axis": "x", "origin": [8, 8.95, 9.225]},
			"faces": {
				"north": {"uv": [10, 13, 12, 15], "texture": "#0"},
				"east": {"uv": [5, 3, 8, 5], "texture": "#0"},
				"south": {"uv": [12, 13, 14, 15], "texture": "#0"},
				"west": {"uv": [8, 3, 11, 5], "texture": "#0"},
				"up": {"uv": [12, 3, 10, 0], "texture": "#0"},
				"down": {"uv": [12, 5, 10, 8], "texture": "#0"}
			}
		},
		{
			"from": [7.2, 6.15, 12.15],
			"to": [8.8, 7.75, 13.75],
			"rotation": {"angle": 45, "axis": "x", "origin": [8, 7.95, 11.95]},
			"faces": {
				"north": {"uv": [13, 2, 15, 4], "texture": "#0"},
				"east": {"uv": [0, 14, 2, 16], "texture": "#0"},
				"south": {"uv": [2, 14, 4, 16], "texture": "#0"},
				"west": {"uv": [14, 14, 16, 16], "texture": "#0"},
				"up": {"uv": [16, 2, 14, 0], "texture": "#0"},
				"down": {"uv": [16, 4, 14, 6], "texture": "#0"}
			}
		},
		{
			"from": [7.5, 7.25, 5],
			"to": [8.5, 8.25, 7],
			"rotation": {"angle": 0, "axis": "y", "origin": [8.5, 7.25, 5]},
			"faces": {
				"north": {"uv": [4, 12, 5, 13], "texture": "#0"},
				"east": {"uv": [12, 9, 14, 10], "texture": "#0"},
				"south": {"uv": [12, 2, 13, 3], "texture": "#0"},
				"west": {"uv": [14, 6, 16, 7], "texture": "#0"},
				"up": {"uv": [10, 13, 9, 11], "texture": "#0"},
				"down": {"uv": [15, 7, 14, 9], "texture": "#0"}
			}
		},
		{
			"from": [6.14289, 7.4, 4.9],
			"to": [7.74289, 9, 6.5],
			"rotation": {"angle": -45, "axis": "y", "origin": [7.44289, 7.7, 5.2]},
			"faces": {
				"north": {"uv": [10, 8, 12, 10], "texture": "#0"},
				"east": {"uv": [5, 11, 7, 13], "texture": "#0"},
				"south": {"uv": [7, 11, 9, 13], "texture": "#0"},
				"west": {"uv": [11, 3, 13, 5], "texture": "#0"},
				"up": {"uv": [2, 14, 0, 12], "texture": "#0"},
				"down": {"uv": [4, 12, 2, 14], "texture": "#0"}
			}
		},
		{
			"from": [8.25711, 7.4, 4.9],
			"to": [9.85711, 9, 6.5],
			"rotation": {"angle": 45, "axis": "y", "origin": [8.55711, 7.7, 5.2]},
			"faces": {
				"north": {"uv": [12, 8, 10, 10], "texture": "#0"},
				"east": {"uv": [13, 3, 11, 5], "texture": "#0"},
				"south": {"uv": [9, 11, 7, 13], "texture": "#0"},
				"west": {"uv": [7, 11, 5, 13], "texture": "#0"},
				"up": {"uv": [0, 14, 2, 12], "texture": "#0"},
				"down": {"uv": [2, 12, 4, 14], "texture": "#0"}
			}
		}
	],
	"display": {
		"thirdperson_righthand": {
			"translation": [0.5, 1, 0],
			"scale": [0.5, 0.5, 0.5]
		},
		"thirdperson_lefthand": {
			"translation": [0.5, 1, 0],
			"scale": [0.5, 0.5, 0.5]
		},
		"firstperson_righthand": {
			"rotation": [41, -13, -11],
			"translation": [0, 2.5, 0]
		},
		"firstperson_lefthand": {
			"rotation": [41, -13, -11],
			"translation": [0, 2.5, 0]
		},
		"gui": {
			"rotation": [47, -54, 0],
			"translation": [0, 0.5, 0],
			"scale": [1.2, 1.2, 1.2]
		},
		"head": {
			"rotation": [-10.75, 0, 0],
			"translation": [0, -0.25, -0.5],
			"scale": [1.3, 1.3, 1.3]
		},
		"fixed": {
			"rotation": [-77, -180, 0],
			"translation": [0, 0, -3]
		}
	}
}