{
	"credit": " (C)ArtsByKev, https://youtube.com/c/artsbykev & https://twitter.com/artsbykev - Using Blockbench",
	"ambientocclusion": false,
	"textures": {
		"0": "artsbykev_var/creature/flie",
		"1": "artsbykev_var/creature/flie_wing"
	},
	"elements": [
		{
			"name": "wing",
			"from": [8.5, 1, 7],
			"to": [11, 1, 9],
			"rotation": {"angle": 0, "axis": "y", "origin": [8.5, 1, 8]},
			"faces": {
				"north": {"uv": [0, 0, 2.5, 0], "texture": "#1"},
				"east": {"uv": [0, 0, 2, 0], "texture": "#1"},
				"south": {"uv": [0, 0, 2.5, 0], "texture": "#1"},
				"west": {"uv": [0, 0, 2, 0], "texture": "#1"},
				"up": {"uv": [8, 7, 0, 0], "texture": "#1"},
				"down": {"uv": [8, 0, 0, 7], "texture": "#1"}
			}
		},
		{
			"name": "wing",
			"from": [5, 1, 7],
			"to": [7.5, 1, 9],
			"rotation": {"angle": 0, "axis": "y", "origin": [7.5, 1, 8]},
			"faces": {
				"north": {"uv": [2.5, 0, 0, 0], "texture": "#1"},
				"east": {"uv": [2, 0, 0, 0], "texture": "#1"},
				"south": {"uv": [2.5, 0, 0, 0], "texture": "#1"},
				"west": {"uv": [2, 0, 0, 0], "texture": "#1"},
				"up": {"uv": [0, 7, 8, 0], "texture": "#1"},
				"down": {"uv": [0, 0, 8, 7], "texture": "#1"}
			}
		},
		{
			"name": "wing",
			"from": [8.5, 1, 7],
			"to": [8.5, 3.5, 9],
			"rotation": {"angle": -45, "axis": "z", "origin": [8.5, 1, 8]},
			"faces": {
				"north": {"uv": [0, 0, 2.5, 0], "rotation": 90, "texture": "#1"},
				"east": {"uv": [16, 0, 8, 7], "rotation": 270, "texture": "#1"},
				"south": {"uv": [0, 0, 2.5, 0], "rotation": 270, "texture": "#1"},
				"west": {"uv": [16, 7, 8, 0], "rotation": 270, "texture": "#1"},
				"up": {"uv": [0, 0, 2, 0], "rotation": 270, "texture": "#1"},
				"down": {"uv": [0, 0, 2, 0], "rotation": 270, "texture": "#1"}
			}
		},
		{
			"name": "wing",
			"from": [7.5, 1, 7],
			"to": [7.5, 3.5, 9],
			"rotation": {"angle": 45, "axis": "z", "origin": [7.5, 1, 8]},
			"faces": {
				"north": {"uv": [0, 0, 2.5, 0], "rotation": 90, "texture": "#1"},
				"east": {"uv": [16, 0, 8, 7], "rotation": 270, "texture": "#1"},
				"south": {"uv": [0, 0, 2.5, 0], "rotation": 270, "texture": "#1"},
				"west": {"uv": [16, 7, 8, 0], "rotation": 270, "texture": "#1"},
				"up": {"uv": [0, 0, 2, 0], "rotation": 270, "texture": "#1"},
				"down": {"uv": [0, 0, 2, 0], "rotation": 270, "texture": "#1"}
			}
		},
		{
			"name": "wing",
			"from": [8.5, 1, 7],
			"to": [11, 1, 9],
			"rotation": {"angle": -45, "axis": "z", "origin": [8.5, 1, 8]},
			"faces": {
				"north": {"uv": [0, 0, 2.5, 0], "texture": "#1"},
				"east": {"uv": [0, 0, 2, 0], "texture": "#1"},
				"south": {"uv": [0, 0, 2.5, 0], "texture": "#1"},
				"west": {"uv": [0, 0, 2, 0], "texture": "#1"},
				"up": {"uv": [8, 14, 0, 7], "texture": "#1"},
				"down": {"uv": [8, 7, 0, 14], "texture": "#1"}
			}
		},
		{
			"name": "wing",
			"from": [5, 1, 7],
			"to": [7.5, 1, 9],
			"rotation": {"angle": 45, "axis": "z", "origin": [7.5, 1, 8]},
			"faces": {
				"north": {"uv": [2.5, 0, 0, 0], "texture": "#1"},
				"east": {"uv": [2, 0, 0, 0], "texture": "#1"},
				"south": {"uv": [2.5, 0, 0, 0], "texture": "#1"},
				"west": {"uv": [2, 0, 0, 0], "texture": "#1"},
				"up": {"uv": [0, 14, 8, 7], "texture": "#1"},
				"down": {"uv": [0, 7, 8, 14], "texture": "#1"}
			}
		},
		{
			"from": [7.5, 0, 7.5],
			"to": [8.5, 1, 9.5],
			"rotation": {"angle": 0, "axis": "y", "origin": [7.5, 0, 8.5]},
			"faces": {
				"north": {"uv": [2, 4, 4, 6], "texture": "#0"},
				"east": {"uv": [0, 0, 4, 2], "texture": "#0"},
				"south": {"uv": [4, 4, 6, 6], "texture": "#0"},
				"west": {"uv": [0, 2, 4, 4], "texture": "#0"},
				"up": {"uv": [2, 8, 0, 4], "texture": "#0"},
				"down": {"uv": [6, 0, 4, 4], "texture": "#0"}
			}
		},
		{
			"from": [8.2, 0.45, 6.45],
			"to": [8.8, 1.05, 7.05],
			"rotation": {"angle": 0, "axis": "y", "origin": [8, 0.25, 7.25]},
			"faces": {
				"north": {"uv": [6, 8, 8, 10], "texture": "#0"},
				"east": {"uv": [8, 6, 10, 8], "texture": "#0"},
				"south": {"uv": [8, 8, 10, 10], "texture": "#0"},
				"west": {"uv": [0, 10, 2, 12], "texture": "#0"},
				"up": {"uv": [12, 2, 10, 0], "texture": "#0"},
				"down": {"uv": [4, 10, 2, 12], "texture": "#0"}
			}
		},
		{
			"from": [7.2, 0.45, 6.45],
			"to": [7.8, 1.05, 7.05],
			"rotation": {"angle": 0, "axis": "y", "origin": [7, 0.25, 7.25]},
			"faces": {
				"north": {"uv": [0, 8, 2, 10], "texture": "#0"},
				"east": {"uv": [8, 0, 10, 2], "texture": "#0"},
				"south": {"uv": [2, 8, 4, 10], "texture": "#0"},
				"west": {"uv": [8, 2, 10, 4], "texture": "#0"},
				"up": {"uv": [6, 10, 4, 8], "texture": "#0"},
				"down": {"uv": [10, 4, 8, 6], "texture": "#0"}
			}
		},
		{
			"from": [7.6, 0.1, 6.7],
			"to": [8.4, 0.9, 7.5],
			"rotation": {"angle": 0, "axis": "y", "origin": [7.5, 0, 7.6]},
			"faces": {
				"north": {"uv": [6, 0, 8, 2], "texture": "#0"},
				"east": {"uv": [2, 6, 4, 8], "texture": "#0"},
				"south": {"uv": [6, 2, 8, 4], "texture": "#0"},
				"west": {"uv": [4, 6, 6, 8], "texture": "#0"},
				"up": {"uv": [8, 6, 6, 4], "texture": "#0"},
				"down": {"uv": [8, 6, 6, 8], "texture": "#0"}
			}
		}
	],
	"display": {
		"thirdperson_righthand": {
			"translation": [0, 7.5, 0]
		},
		"thirdperson_lefthand": {
			"translation": [0, 7.5, 0]
		},
		"firstperson_righthand": {
			"translation": [0, 7.5, 0]
		},
		"firstperson_lefthand": {
			"translation": [0, 7.5, 0]
		},
		"ground": {
			"translation": [0, 5.5, 0]
		},
		"gui": {
			"rotation": [35, -38, -19],
			"translation": [2, 5, 0]
		},
		"head": {
			"translation": [0, 1.5, 0]
		},
		"fixed": {
			"rotation": [-90, -180, 0],
			"translation": [0, 0.75, -8.75]
		}
	}
}