{
	"credit": " (C)ArtsByKev, https://youtube.com/c/artsbykev & https://twitter.com/artsbykev - Using Blockbench",
	"ambientocclusion": false,
	"textures": {
		"1": "artsbykev_var/creature/flie_wing",
		"2": "artsbykev_var/creature/mosquito",
		"particle": "artsbykev_var/creature/mosquito"
	},
	"elements": [
		{
			"name": "wing",
			"from": [3.25, 0.75, 7],
			"to": [7.75, 0.75, 9],
			"rotation": {"angle": 0, "axis": "y", "origin": [7.75, 0.75, 8]},
			"faces": {
				"north": {"uv": [2.5, 0, 0, 0], "texture": "#1"},
				"east": {"uv": [2, 0, 0, 0], "texture": "#1"},
				"south": {"uv": [2.5, 0, 0, 0], "texture": "#1"},
				"west": {"uv": [2, 0, 0, 0], "texture": "#1"},
				"up": {"uv": [0, 7, 8, 0], "texture": "#1"},
				"down": {"uv": [0, 0, 8, 7], "texture": "#1"}
			}
		},
		{
			"name": "wing",
			"from": [8.25, 0.75, 7],
			"to": [12.75, 0.75, 9],
			"rotation": {"angle": 0, "axis": "y", "origin": [8.25, 0.75, 8]},
			"faces": {
				"north": {"uv": [0, 0, 2.5, 0], "texture": "#1"},
				"east": {"uv": [0, 0, 2, 0], "texture": "#1"},
				"south": {"uv": [0, 0, 2.5, 0], "texture": "#1"},
				"west": {"uv": [0, 0, 2, 0], "texture": "#1"},
				"up": {"uv": [8, 7, 0, 0], "texture": "#1"},
				"down": {"uv": [8, 0, 0, 7], "texture": "#1"}
			}
		},
		{
			"name": "wing",
			"from": [7.75, 0.75, 7],
			"to": [7.75, 5.25, 9],
			"rotation": {"angle": 45, "axis": "z", "origin": [7.75, 0.75, 8]},
			"faces": {
				"north": {"uv": [0, 0, 2.5, 0], "rotation": 90, "texture": "#1"},
				"east": {"uv": [16, 0, 8, 7], "rotation": 270, "texture": "#1"},
				"south": {"uv": [0, 0, 2.5, 0], "rotation": 270, "texture": "#1"},
				"west": {"uv": [16, 7, 8, 0], "rotation": 270, "texture": "#1"},
				"up": {"uv": [0, 0, 2, 0], "rotation": 270, "texture": "#1"},
				"down": {"uv": [0, 0, 2, 0], "rotation": 270, "texture": "#1"}
			}
		},
		{
			"name": "wing",
			"from": [8.25, 0.75, 7],
			"to": [8.25, 5.25, 9],
			"rotation": {"angle": -45, "axis": "z", "origin": [8.25, 0.75, 8]},
			"faces": {
				"north": {"uv": [0, 0, 2.5, 0], "rotation": 90, "texture": "#1"},
				"east": {"uv": [16, 0, 8, 7], "rotation": 270, "texture": "#1"},
				"south": {"uv": [0, 0, 2.5, 0], "rotation": 270, "texture": "#1"},
				"west": {"uv": [16, 7, 8, 0], "rotation": 270, "texture": "#1"},
				"up": {"uv": [0, 0, 2, 0], "rotation": 270, "texture": "#1"},
				"down": {"uv": [0, 0, 2, 0], "rotation": 270, "texture": "#1"}
			}
		},
		{
			"name": "wing",
			"from": [3.25, 0.75, 7],
			"to": [7.75, 0.75, 9],
			"rotation": {"angle": 45, "axis": "z", "origin": [7.75, 0.75, 8]},
			"faces": {
				"north": {"uv": [2.5, 0, 0, 0], "texture": "#1"},
				"east": {"uv": [2, 0, 0, 0], "texture": "#1"},
				"south": {"uv": [2.5, 0, 0, 0], "texture": "#1"},
				"west": {"uv": [2, 0, 0, 0], "texture": "#1"},
				"up": {"uv": [0, 14, 8, 7], "texture": "#1"},
				"down": {"uv": [0, 7, 8, 14], "texture": "#1"}
			}
		},
		{
			"name": "wing",
			"from": [8.25, 0.75, 7],
			"to": [12.75, 0.75, 9],
			"rotation": {"angle": -45, "axis": "z", "origin": [8.25, 0.75, 8]},
			"faces": {
				"north": {"uv": [0, 0, 2.5, 0], "texture": "#1"},
				"east": {"uv": [0, 0, 2, 0], "texture": "#1"},
				"south": {"uv": [0, 0, 2.5, 0], "texture": "#1"},
				"west": {"uv": [0, 0, 2, 0], "texture": "#1"},
				"up": {"uv": [8, 14, 0, 7], "texture": "#1"},
				"down": {"uv": [8, 7, 0, 14], "texture": "#1"}
			}
		},
		{
			"from": [7.75, 0.25, 7.5],
			"to": [8.25, 0.75, 8.5],
			"rotation": {"angle": 0, "axis": "y", "origin": [7.5, -0.25, 8.5]},
			"faces": {
				"north": {"uv": [7, 5, 7.5, 5.5], "texture": "#2"},
				"east": {"uv": [7, 1, 8, 1.5], "texture": "#2"},
				"south": {"uv": [6, 7, 6.5, 7.5], "texture": "#2"},
				"west": {"uv": [4, 7, 5, 7.5], "texture": "#2"},
				"up": {"uv": [7.5, 5, 7, 4], "texture": "#2"},
				"down": {"uv": [5.5, 7, 5, 8], "texture": "#2"}
			}
		},
		{
			"from": [7.5, 0, 8.5],
			"to": [8.5, 1, 11],
			"rotation": {"angle": 22.5, "axis": "x", "origin": [7.5, 0.75, 8.5]},
			"faces": {
				"north": {"uv": [1, 6, 2, 7], "texture": "#2"},
				"east": {"uv": [0, 4, 2.5, 5], "texture": "#2"},
				"south": {"uv": [6, 1, 7, 2], "texture": "#2"},
				"west": {"uv": [4, 0, 6.5, 1], "texture": "#2"},
				"up": {"uv": [5, 3.5, 4, 1], "texture": "#2"},
				"down": {"uv": [4, 4, 3, 6.5], "texture": "#2"}
			}
		},
		{
			"from": [7.25, 0.25, 8.75],
			"to": [8.75, 0.75, 10.75],
			"rotation": {"angle": 22.5, "axis": "x", "origin": [7.5, 0.75, 8.5]},
			"faces": {
				"north": {"uv": [6, 6, 7.5, 6.5], "texture": "#2"},
				"east": {"uv": [6, 2, 8, 2.5], "texture": "#2"},
				"south": {"uv": [7, 0, 8.5, 0.5], "texture": "#2"},
				"west": {"uv": [6, 3, 8, 3.5], "texture": "#2"},
				"up": {"uv": [1.5, 2, 0, 0], "texture": "#2"},
				"down": {"uv": [1.5, 2, 0, 4], "texture": "#2"}
			}
		},
		{
			"from": [7.75, -0.25, 8.75],
			"to": [8.25, 1.25, 10.75],
			"rotation": {"angle": 22.5, "axis": "x", "origin": [7.5, 0.75, 8.5]},
			"faces": {
				"north": {"uv": [1, 7, 1.5, 8.5], "texture": "#2"},
				"east": {"uv": [2, 0, 4, 1.5], "texture": "#2"},
				"south": {"uv": [3, 7, 3.5, 8.5], "texture": "#2"},
				"west": {"uv": [2, 2, 4, 3.5], "texture": "#2"},
				"up": {"uv": [2.5, 8, 2, 6], "texture": "#2"},
				"down": {"uv": [6.5, 4, 6, 6], "texture": "#2"}
			}
		},
		{
			"from": [8.1, 0.45, 6.6],
			"to": [8.7, 1.05, 7.2],
			"rotation": {"angle": -22.5, "axis": "y", "origin": [8.4, 0.75, 6.9]},
			"faces": {
				"north": {"uv": [4, 7.5, 5, 8.5], "texture": "#2"},
				"east": {"uv": [4, 7.5, 5, 8.5], "texture": "#2"},
				"south": {"uv": [4, 7.5, 5, 8.5], "texture": "#2"},
				"west": {"uv": [4, 7.5, 5, 8.5], "texture": "#2"},
				"up": {"uv": [4, 7.5, 5, 8.5], "texture": "#2"},
				"down": {"uv": [4, 7.5, 5, 8.5], "texture": "#2"}
			}
		},
		{
			"from": [7.3, 0.45, 6.6],
			"to": [7.9, 1.05, 7.2],
			"rotation": {"angle": 22.5, "axis": "y", "origin": [7.6, 0.75, 6.9]},
			"faces": {
				"north": {"uv": [5, 7.5, 4, 8.5], "texture": "#2"},
				"east": {"uv": [5, 7.5, 4, 8.5], "texture": "#2"},
				"south": {"uv": [5, 7.5, 4, 8.5], "texture": "#2"},
				"west": {"uv": [5, 7.5, 4, 8.5], "texture": "#2"},
				"up": {"uv": [5, 7.5, 4, 8.5], "texture": "#2"},
				"down": {"uv": [5, 7.5, 4, 8.5], "texture": "#2"}
			}
		},
		{
			"from": [7.6, 0.1, 6.7],
			"to": [8.4, 0.9, 7.5],
			"rotation": {"angle": 0, "axis": "y", "origin": [7.5, 0, 7.6]},
			"faces": {
				"north": {"uv": [4, 4, 5, 5], "texture": "#2"},
				"east": {"uv": [0, 5, 1, 6], "texture": "#2"},
				"south": {"uv": [1, 5, 2, 6], "texture": "#2"},
				"west": {"uv": [5, 1, 6, 2], "texture": "#2"},
				"up": {"uv": [3, 6, 2, 5], "texture": "#2"},
				"down": {"uv": [6, 2, 5, 3], "texture": "#2"}
			}
		},
		{
			"from": [7.925, -1.3, 6.475],
			"to": [8.075, 0.5, 6.65],
			"rotation": {"angle": 45, "axis": "x", "origin": [8, 0.25, 6.5]},
			"faces": {
				"north": {"uv": [5, 3, 5.5, 5], "texture": "#2"},
				"east": {"uv": [4, 5, 4.5, 7], "texture": "#2"},
				"south": {"uv": [5, 5, 5.5, 7], "texture": "#2"},
				"west": {"uv": [0, 6, 0.5, 8], "texture": "#2"},
				"up": {"uv": [7.5, 8.5, 7, 8], "texture": "#2"},
				"down": {"uv": [8.5, 7, 8, 7.5], "texture": "#2"}
			}
		},
		{
			"from": [8.275, -0.55, 7.825],
			"to": [8.425, 0.5, 8],
			"rotation": {"angle": 45, "axis": "x", "origin": [7.35, 0.5, 7.85]},
			"faces": {
				"north": {"uv": [5, 3, 5.5, 5], "texture": "#2"},
				"east": {"uv": [4, 5, 4.5, 7], "texture": "#2"},
				"south": {"uv": [5, 5, 5.5, 7], "texture": "#2"},
				"west": {"uv": [0, 6, 0.5, 8], "texture": "#2"},
				"up": {"uv": [7.5, 8.5, 7, 8], "texture": "#2"},
				"down": {"uv": [8.5, 7, 8, 7.5], "texture": "#2"}
			}
		},
		{
			"from": [7.575, -0.55, 7.825],
			"to": [7.725, 0.5, 8],
			"rotation": {"angle": 45, "axis": "x", "origin": [8.65, 0.5, 7.85]},
			"faces": {
				"north": {"uv": [5.5, 3, 5, 5], "texture": "#2"},
				"east": {"uv": [0.5, 6, 0, 8], "texture": "#2"},
				"south": {"uv": [5.5, 5, 5, 7], "texture": "#2"},
				"west": {"uv": [4.5, 5, 4, 7], "texture": "#2"},
				"up": {"uv": [7, 8.5, 7.5, 8], "texture": "#2"},
				"down": {"uv": [8, 7, 8.5, 7.5], "texture": "#2"}
			}
		},
		{
			"from": [8.275, -0.78873, 7.61523],
			"to": [8.425, 0.26127, 7.79023],
			"rotation": {"angle": 22.5, "axis": "x", "origin": [8.35, -0.90291, 8.10652]},
			"faces": {
				"north": {"uv": [5, 3, 5.5, 5], "texture": "#2"},
				"east": {"uv": [4, 5, 4.5, 7], "texture": "#2"},
				"south": {"uv": [5, 5, 5.5, 7], "texture": "#2"},
				"west": {"uv": [0, 6, 0.5, 8], "texture": "#2"},
				"up": {"uv": [7.5, 8.5, 7, 8], "texture": "#2"},
				"down": {"uv": [8.5, 7, 8, 7.5], "texture": "#2"}
			}
		},
		{
			"from": [7.575, -0.78873, 7.61523],
			"to": [7.725, 0.26127, 7.79023],
			"rotation": {"angle": 22.5, "axis": "x", "origin": [7.65, -0.90291, 8.10652]},
			"faces": {
				"north": {"uv": [5.5, 3, 5, 5], "texture": "#2"},
				"east": {"uv": [0.5, 6, 0, 8], "texture": "#2"},
				"south": {"uv": [5.5, 5, 5, 7], "texture": "#2"},
				"west": {"uv": [4.5, 5, 4, 7], "texture": "#2"},
				"up": {"uv": [7, 8.5, 7.5, 8], "texture": "#2"},
				"down": {"uv": [8, 7, 8.5, 7.5], "texture": "#2"}
			}
		},
		{
			"from": [8.275, -1.025, 7.075],
			"to": [8.425, -0.225, 7.25],
			"rotation": {"angle": -22.5, "axis": "x", "origin": [7.35, -0.225, 7.1]},
			"faces": {
				"north": {"uv": [5, 3, 5.5, 5], "texture": "#2"},
				"east": {"uv": [4, 5, 4.5, 7], "texture": "#2"},
				"south": {"uv": [5, 5, 5.5, 7], "texture": "#2"},
				"west": {"uv": [0, 6, 0.5, 8], "texture": "#2"},
				"up": {"uv": [7.5, 8.5, 7, 8], "texture": "#2"},
				"down": {"uv": [8.5, 7, 8, 7.5], "texture": "#2"}
			}
		},
		{
			"from": [7.575, -1.025, 7.075],
			"to": [7.725, -0.225, 7.25],
			"rotation": {"angle": -22.5, "axis": "x", "origin": [8.65, -0.225, 7.1]},
			"faces": {
				"north": {"uv": [5.5, 3, 5, 5], "texture": "#2"},
				"east": {"uv": [0.5, 6, 0, 8], "texture": "#2"},
				"south": {"uv": [5.5, 5, 5, 7], "texture": "#2"},
				"west": {"uv": [4.5, 5, 4, 7], "texture": "#2"},
				"up": {"uv": [7, 8.5, 7.5, 8], "texture": "#2"},
				"down": {"uv": [8, 7, 8.5, 7.5], "texture": "#2"}
			}
		},
		{
			"from": [8.275, -1.20941, 8.00828],
			"to": [8.425, -0.40941, 8.18328],
			"rotation": {"angle": -45, "axis": "x", "origin": [8.35, -0.90291, 8.10652]},
			"faces": {
				"north": {"uv": [5, 3, 5.5, 5], "texture": "#2"},
				"east": {"uv": [4, 5, 4.5, 7], "texture": "#2"},
				"south": {"uv": [5, 5, 5.5, 7], "texture": "#2"},
				"west": {"uv": [0, 6, 0.5, 8], "texture": "#2"},
				"up": {"uv": [7.5, 8.5, 7, 8], "texture": "#2"},
				"down": {"uv": [8.5, 7, 8, 7.5], "texture": "#2"}
			}
		},
		{
			"from": [7.575, -1.20941, 8.00828],
			"to": [7.725, -0.40941, 8.18328],
			"rotation": {"angle": -45, "axis": "x", "origin": [7.65, -0.90291, 8.10652]},
			"faces": {
				"north": {"uv": [5.5, 3, 5, 5], "texture": "#2"},
				"east": {"uv": [0.5, 6, 0, 8], "texture": "#2"},
				"south": {"uv": [5.5, 5, 5, 7], "texture": "#2"},
				"west": {"uv": [4.5, 5, 4, 7], "texture": "#2"},
				"up": {"uv": [7, 8.5, 7.5, 8], "texture": "#2"},
				"down": {"uv": [8, 7, 8.5, 7.5], "texture": "#2"}
			}
		},
		{
			"from": [8.275, -2.09403, 7.32067],
			"to": [8.425, -0.79403, 7.49567],
			"rotation": {"angle": 22.5, "axis": "x", "origin": [7.35, -1.025, 7.25]},
			"faces": {
				"north": {"uv": [5, 3, 5.5, 5], "texture": "#2"},
				"east": {"uv": [4, 5, 4.5, 7], "texture": "#2"},
				"south": {"uv": [5, 5, 5.5, 7], "texture": "#2"},
				"west": {"uv": [0, 6, 0.5, 8], "texture": "#2"},
				"up": {"uv": [7.5, 8.5, 7, 8], "texture": "#2"},
				"down": {"uv": [8.5, 7, 8, 7.5], "texture": "#2"}
			}
		},
		{
			"from": [7.575, -2.09403, 7.32067],
			"to": [7.725, -0.79403, 7.49567],
			"rotation": {"angle": 22.5, "axis": "x", "origin": [8.65, -1.025, 7.25]},
			"faces": {
				"north": {"uv": [5.5, 3, 5, 5], "texture": "#2"},
				"east": {"uv": [0.5, 6, 0, 8], "texture": "#2"},
				"south": {"uv": [5.5, 5, 5, 7], "texture": "#2"},
				"west": {"uv": [4.5, 5, 4, 7], "texture": "#2"},
				"up": {"uv": [7, 8.5, 7.5, 8], "texture": "#2"},
				"down": {"uv": [8, 7, 8.5, 7.5], "texture": "#2"}
			}
		},
		{
			"from": [8.275, -2.35647, 8.22117],
			"to": [8.425, -1.05647, 8.39617],
			"rotation": {"angle": 0, "axis": "x", "origin": [8.35, -0.90291, 8.10652]},
			"faces": {
				"north": {"uv": [5, 3, 5.5, 5], "texture": "#2"},
				"east": {"uv": [4, 5, 4.5, 7], "texture": "#2"},
				"south": {"uv": [5, 5, 5.5, 7], "texture": "#2"},
				"west": {"uv": [0, 6, 0.5, 8], "texture": "#2"},
				"up": {"uv": [7.5, 8.5, 7, 8], "texture": "#2"},
				"down": {"uv": [8.5, 7, 8, 7.5], "texture": "#2"}
			}
		},
		{
			"from": [7.575, -2.35647, 8.22117],
			"to": [7.725, -1.05647, 8.39617],
			"rotation": {"angle": 0, "axis": "x", "origin": [7.65, -0.90291, 8.10652]},
			"faces": {
				"north": {"uv": [5.5, 3, 5, 5], "texture": "#2"},
				"east": {"uv": [0.5, 6, 0, 8], "texture": "#2"},
				"south": {"uv": [5.5, 5, 5, 7], "texture": "#2"},
				"west": {"uv": [4.5, 5, 4, 7], "texture": "#2"},
				"up": {"uv": [7, 8.5, 7.5, 8], "texture": "#2"},
				"down": {"uv": [8, 7, 8.5, 7.5], "texture": "#2"}
			}
		}
	],
	"display": {
		"thirdperson_righthand": {
			"translation": [0, 7.5, 0]
		},
		"thirdperson_lefthand": {
			"translation": [0, 7.5, 0]
		},
		"firstperson_righthand": {
			"translation": [0, 7.5, 0]
		},
		"firstperson_lefthand": {
			"translation": [0, 7.5, 0]
		},
		"ground": {
			"translation": [0, 5.5, 0]
		},
		"gui": {
			"rotation": [35, -38, -19],
			"translation": [2, 5, 0]
		},
		"head": {
			"translation": [0, 1.5, 0]
		},
		"fixed": {
			"rotation": [-90, -180, 0],
			"translation": [0, 0.75, -8.75]
		}
	}
}