{
	"credit": " (C)ArtsByKev, https://youtube.com/c/artsbykev & https://twitter.com/artsbykev - Using Blockbench",
	"ambientocclusion": false,
	"texture_size": [64, 64],
	"textures": {
		"0": "artsbykev_var/creature/skeleton_skull_default",
		"particle": "artsbykev_var/creature/skeleton_skull_default"
	},
	"elements": [
		{
			"from": [1, 4, 1],
			"to": [15, 14, 15],
			"rotation": {"angle": 0, "axis": "y", "origin": [8, 0, 7]},
			"faces": {
				"north": {"uv": [3.5, 6, 7, 8.5], "texture": "#0"},
				"east": {"uv": [6.5, 0, 10, 2.5], "texture": "#0"},
				"south": {"uv": [6.5, 2.5, 10, 5], "texture": "#0"},
				"west": {"uv": [0, 7, 3.5, 9.5], "texture": "#0"},
				"up": {"uv": [3.5, 3.5, 0, 0], "texture": "#0"},
				"down": {"uv": [3.5, 3.5, 0, 7], "texture": "#0"}
			}
		},
		{
			"from": [6.5, -1, 9],
			"to": [9.5, 4, 12],
			"rotation": {"angle": 0, "axis": "y", "origin": [8.5, -5, 5]},
			"faces": {
				"north": {"uv": [0, 9.5, 0.75, 10.75], "texture": "#0"},
				"east": {"uv": [0.75, 9.5, 1.5, 10.75], "texture": "#0"},
				"south": {"uv": [1.5, 9.5, 2.25, 10.75], "texture": "#0"},
				"west": {"uv": [2.25, 9.5, 3, 10.75], "texture": "#0"},
				"up": {"uv": [10.75, 8.75, 10, 8], "texture": "#0"},
				"down": {"uv": [9.25, 10, 8.5, 10.75], "texture": "#0"}
			}
		},
		{
			"from": [2, 5, 15],
			"to": [14, 13, 16],
			"rotation": {"angle": 0, "axis": "y", "origin": [8, 0, 8]},
			"faces": {
				"north": {"uv": [7, 5, 10, 7], "texture": "#0"},
				"east": {"uv": [10.25, 9.75, 10.5, 11.75], "texture": "#0"},
				"south": {"uv": [7, 7, 10, 9], "texture": "#0"},
				"west": {"uv": [10.5, 8.75, 10.75, 10.75], "texture": "#0"},
				"up": {"uv": [13, 4.75, 10, 4.5], "texture": "#0"},
				"down": {"uv": [13, 4.75, 10, 5], "texture": "#0"}
			}
		},
		{
			"from": [2, 14, 2],
			"to": [14, 15, 14],
			"rotation": {"angle": 0, "axis": "y", "origin": [8, 1, 7]},
			"faces": {
				"north": {"uv": [10, 3.75, 13, 4], "texture": "#0"},
				"east": {"uv": [4, 10, 7, 10.25], "texture": "#0"},
				"south": {"uv": [10, 4, 13, 4.25], "texture": "#0"},
				"west": {"uv": [10, 4.25, 13, 4.5], "texture": "#0"},
				"up": {"uv": [6.5, 3, 3.5, 0], "texture": "#0"},
				"down": {"uv": [6.5, 3, 3.5, 6], "texture": "#0"}
			}
		},
		{
			"from": [5, 1, 0.025],
			"to": [11, 5, 2.025],
			"rotation": {"angle": 0, "axis": "y", "origin": [8, 7, 0.025]},
			"faces": {
				"north": {"uv": [7, 9, 8.5, 10], "texture": "#0"},
				"east": {"uv": [6.5, 5, 7, 6], "texture": "#0"},
				"south": {"uv": [8.5, 9, 10, 10], "texture": "#0"},
				"west": {"uv": [10, 8.75, 10.5, 9.75], "texture": "#0"},
				"up": {"uv": [11.5, 1.5, 10, 1], "texture": "#0"},
				"down": {"uv": [11.5, 1.5, 10, 2], "texture": "#0"}
			}
		},
		{
			"from": [6.5, 5, -1],
			"to": [9.5, 8, 2],
			"rotation": {"angle": -22.5, "axis": "x", "origin": [8.5, 8, -1]},
			"faces": {
				"north": {"uv": [10, 5, 10.75, 5.75], "texture": "#0"},
				"east": {"uv": [10, 5.75, 10.75, 6.5], "texture": "#0"},
				"south": {"uv": [10, 6.5, 10.75, 7.25], "texture": "#0"},
				"west": {"uv": [7, 10, 7.75, 10.75], "texture": "#0"},
				"up": {"uv": [10.75, 8, 10, 7.25], "texture": "#0"},
				"down": {"uv": [8.5, 10, 7.75, 10.75], "texture": "#0"}
			}
		},
		{
			"from": [1.01, 5.01, 0.01],
			"to": [14.99, 6.99, 0.99],
			"rotation": {"angle": 0, "axis": "y", "origin": [8, 6, 0.5]},
			"faces": {
				"north": {"uv": [3.5, 8.5, 7, 9], "texture": "#0"},
				"east": {"uv": [7, 10.75, 7.25, 11.25], "texture": "#0"},
				"south": {"uv": [3.5, 9, 7, 9.5], "texture": "#0"},
				"west": {"uv": [7.25, 10.75, 7.5, 11.25], "texture": "#0"},
				"up": {"uv": [6.5, 9.75, 3, 9.5], "texture": "#0"},
				"down": {"uv": [6.5, 9.75, 3, 10], "texture": "#0"}
			}
		},
		{
			"from": [11, 3, 0],
			"to": [15, 5, 1],
			"rotation": {"angle": -22.5, "axis": "z", "origin": [15, 5, 0.5]},
			"faces": {
				"north": {"uv": [9.25, 10, 10.25, 10.5], "texture": "#0"},
				"east": {"uv": [7.75, 10.75, 8, 11.25], "texture": "#0"},
				"south": {"uv": [4, 10.25, 5, 10.75], "texture": "#0"},
				"west": {"uv": [8, 10.75, 8.25, 11.25], "texture": "#0"},
				"up": {"uv": [11.75, 5.5, 10.75, 5.25], "texture": "#0"},
				"down": {"uv": [11.75, 5.5, 10.75, 5.75], "texture": "#0"}
			}
		},
		{
			"from": [1, 3, 0],
			"to": [5, 5, 1],
			"rotation": {"angle": 22.5, "axis": "z", "origin": [1, 5, 0.5]},
			"faces": {
				"north": {"uv": [5, 10.25, 6, 10.75], "texture": "#0"},
				"east": {"uv": [10.75, 8, 11, 8.5], "texture": "#0"},
				"south": {"uv": [6, 10.25, 7, 10.75], "texture": "#0"},
				"west": {"uv": [8.25, 10.75, 8.5, 11.25], "texture": "#0"},
				"up": {"uv": [11.75, 6, 10.75, 5.75], "texture": "#0"},
				"down": {"uv": [7, 10.75, 6, 11], "texture": "#0"}
			}
		},
		{
			"from": [6.01, 7.01, 0.01],
			"to": [9.99, 9.99, 0.99],
			"rotation": {"angle": 0, "axis": "y", "origin": [12, 3, 5]},
			"faces": {
				"north": {"uv": [3, 10, 4, 10.75], "texture": "#0"},
				"east": {"uv": [10.75, 6, 11, 6.75], "texture": "#0"},
				"south": {"uv": [10, 3, 11, 3.75], "texture": "#0"},
				"west": {"uv": [10.75, 6.75, 11, 7.5], "texture": "#0"},
				"up": {"uv": [10.25, 10.75, 9.25, 10.5], "texture": "#0"},
				"down": {"uv": [11.75, 5, 10.75, 5.25], "texture": "#0"}
			}
		},
		{
			"from": [1, 9, 0],
			"to": [7, 11, 1],
			"rotation": {"angle": -22.5, "axis": "z", "origin": [4, 10, 0.5]},
			"faces": {
				"north": {"uv": [10, 0, 11.5, 0.5], "texture": "#0"},
				"east": {"uv": [6.5, 9.5, 6.75, 10], "texture": "#0"},
				"south": {"uv": [10, 0.5, 11.5, 1], "texture": "#0"},
				"west": {"uv": [6.75, 9.5, 7, 10], "texture": "#0"},
				"up": {"uv": [1.5, 11, 0, 10.75], "texture": "#0"},
				"down": {"uv": [3, 10.75, 1.5, 11], "texture": "#0"}
			}
		},
		{
			"from": [9, 9, 0],
			"to": [15, 11, 1],
			"rotation": {"angle": 22.5, "axis": "z", "origin": [12, 10, 0.5]},
			"faces": {
				"north": {"uv": [10, 2, 11.5, 2.5], "texture": "#0"},
				"east": {"uv": [7.5, 10.75, 7.75, 11.25], "texture": "#0"},
				"south": {"uv": [10, 2.5, 11.5, 3], "texture": "#0"},
				"west": {"uv": [10.75, 7.5, 11, 8], "texture": "#0"},
				"up": {"uv": [4.5, 11, 3, 10.75], "texture": "#0"},
				"down": {"uv": [6, 10.75, 4.5, 11], "texture": "#0"}
			}
		}
	],
	"display": {
		"thirdperson_righthand": {
			"rotation": [46, 25, -1],
			"translation": [-1.75, 0, 0],
			"scale": [0.3, 0.3, 0.3]
		},
		"thirdperson_lefthand": {
			"rotation": [46, 25, -1],
			"translation": [-1.75, 0, 0],
			"scale": [0.3, 0.3, 0.3]
		},
		"firstperson_righthand": {
			"rotation": [-15, 113, 15],
			"translation": [1.5, 3.25, -1.75],
			"scale": [0.6, 0.6, 0.6]
		},
		"firstperson_lefthand": {
			"rotation": [-15, 113, 15],
			"translation": [1.5, 3.25, -1.75],
			"scale": [0.6, 0.6, 0.6]
		},
		"ground": {
			"translation": [0, 1, 0],
			"scale": [0.5, 0.5, 0.5]
		},
		"gui": {
			"rotation": [-10, 133, 0],
			"scale": [0.5, 0.5, 0.5]
		},
		"head": {
			"translation": [0, 1, 0],
			"scale": [0.9, 0.9, 0.9]
		}
	}
}