{
	"credit": " (C)ArtsByKev, https://youtube.com/c/artsbykev & https://twitter.com/artsbykev - Using Blockbench",
	"ambientocclusion": false,
	"texture_size": [32, 32],
	"textures": {
		"0": "artsbykev_var/utility/transmission_device",
		"particle": "artsbykev_var/utility/transmission_device"
	},
	"elements": [
		{
			"from": [6, 0, 7],
			"to": [10, 6, 9],
			"rotation": {"angle": 0, "axis": "y", "origin": [8, 0, 8]},
			"faces": {
				"north": {"uv": [0, 3, 2, 6], "texture": "#0"},
				"east": {"uv": [4, 3, 5, 6], "texture": "#0"},
				"south": {"uv": [2, 3, 4, 6], "texture": "#0"},
				"west": {"uv": [5, 0, 6, 3], "texture": "#0"},
				"up": {"uv": [8, 2.5, 6, 1.5], "texture": "#0"},
				"down": {"uv": [4.5, 6, 2.5, 7], "texture": "#0"}
			}
		},
		{
			"from": [6.5, 2.5, 6.5],
			"to": [9.5, 5.5, 7],
			"rotation": {"angle": 0, "axis": "y", "origin": [7.5, -0.5, 7.5]},
			"faces": {
				"north": {"uv": [6, 0, 7.5, 1.5], "texture": "#0"},
				"east": {"uv": [3, 7, 3.25, 8.5], "texture": "#0"},
				"south": {"uv": [1, 6, 2.5, 7.5], "texture": "#0"},
				"west": {"uv": [3.5, 7, 3.75, 8.5], "texture": "#0"},
				"up": {"uv": [8.5, 4.75, 7, 4.5], "texture": "#0"},
				"down": {"uv": [8.5, 5, 7, 5.25], "texture": "#0"}
			}
		},
		{
			"from": [5.75, 0.25, 7.25],
			"to": [10.25, 6.25, 8.75],
			"rotation": {"angle": 0, "axis": "y", "origin": [8, 0.25, 8.25]},
			"faces": {
				"north": {"uv": [0, 0, 2.25, 3], "texture": "#0"},
				"east": {"uv": [5, 3, 5.75, 6], "texture": "#0"},
				"south": {"uv": [2.5, 0, 4.75, 3], "texture": "#0"},
				"west": {"uv": [0, 6, 0.75, 9], "texture": "#0"},
				"up": {"uv": [8.25, 3.25, 6, 2.5], "texture": "#0"},
				"down": {"uv": [8.25, 3.5, 6, 4.25], "texture": "#0"}
			}
		},
		{
			"from": [6.25, 15.15, 7.5],
			"to": [7.25, 16.15, 8.5],
			"rotation": {"angle": -22.5, "axis": "z", "origin": [6.75, 11.15, 8]},
			"faces": {
				"north": {"uv": [4, 7, 4.5, 7.5], "texture": "#0"},
				"east": {"uv": [7, 5.5, 7.5, 6], "texture": "#0"},
				"south": {"uv": [7, 6, 7.5, 6.5], "texture": "#0"},
				"west": {"uv": [7, 6.5, 7.5, 7], "texture": "#0"},
				"up": {"uv": [7.5, 7.5, 7, 7], "texture": "#0"},
				"down": {"uv": [8, 0, 7.5, 0.5], "texture": "#0"}
			}
		},
		{
			"from": [6.25, 6.25, 7.5],
			"to": [7.25, 7.25, 8.5],
			"rotation": {"angle": 0, "axis": "y", "origin": [7, 6.25, 8.5]},
			"faces": {
				"north": {"uv": [7.5, 0.5, 8, 1], "texture": "#0"},
				"east": {"uv": [1, 7.5, 1.5, 8], "texture": "#0"},
				"south": {"uv": [7.5, 1, 8, 1.5], "texture": "#0"},
				"west": {"uv": [1.5, 7.5, 2, 8], "texture": "#0"},
				"up": {"uv": [2.5, 8, 2, 7.5], "texture": "#0"},
				"down": {"uv": [4.5, 7.5, 4, 8], "texture": "#0"}
			}
		},
		{
			"from": [6.5, 7.25, 7.75],
			"to": [7, 11.25, 8.25],
			"rotation": {"angle": 0, "axis": "y", "origin": [6.75, 7.25, 8.5]},
			"faces": {
				"north": {"uv": [4.5, 6, 4.75, 8], "texture": "#0"},
				"east": {"uv": [6, 4.5, 6.25, 6.5], "texture": "#0"},
				"south": {"uv": [5, 6, 5.25, 8], "texture": "#0"},
				"west": {"uv": [5.5, 6, 5.75, 8], "texture": "#0"},
				"up": {"uv": [7.75, 5.75, 7.5, 5.5], "texture": "#0"},
				"down": {"uv": [7.75, 6, 7.5, 6.25], "texture": "#0"}
			}
		},
		{
			"from": [6.5, 11.15, 7.75],
			"to": [7, 15.15, 8.25],
			"rotation": {"angle": -22.5, "axis": "z", "origin": [6.75, 11.15, 8]},
			"faces": {
				"north": {"uv": [6.5, 4.5, 6.75, 6.5], "texture": "#0"},
				"east": {"uv": [6, 6.5, 6.25, 8.5], "texture": "#0"},
				"south": {"uv": [6.5, 6.5, 6.75, 8.5], "texture": "#0"},
				"west": {"uv": [2.5, 7, 2.75, 9], "texture": "#0"},
				"up": {"uv": [7.75, 6.75, 7.5, 6.5], "texture": "#0"},
				"down": {"uv": [7.25, 7.5, 7, 7.75], "texture": "#0"}
			}
		}
	],
	"display": {
		"thirdperson_righthand": {
			"rotation": [49, 118, 0],
			"translation": [-1.25, 4, 3.5]
		},
		"thirdperson_lefthand": {
			"rotation": [49, 118, 0],
			"translation": [-1.25, 4, 3.5]
		},
		"firstperson_righthand": {
			"rotation": [15, 113, 0],
			"translation": [1, 6.25, 0.75]
		},
		"firstperson_lefthand": {
			"rotation": [15, 113, 0],
			"translation": [1, 6.25, 0.75]
		},
		"ground": {
			"translation": [0, 5, 0]
		},
		"gui": {
			"rotation": [-23, 139, 46],
			"translation": [0, 1, 0]
		},
		"fixed": {
			"translation": [0, 0.75, -1]
		}
	}
}