{
	"credit": "Made by ArtsByKev - Minecraft Content Creator: https://www.youtube.com/c/artsbykev - Tweet at: https://www.twitter.com/artsbykev",
	"textures": {
		"0": "artsbykev_weapons/blowgun",
		"particle": "artsbykev_weapons/blowgun"
	},
	"elements": [
		{
			"from": [7.5, 0, 0],
			"to": [8.5, 1, 1],
			"rotation": {"angle": 0, "axis": "y", "origin": [7.5, 0, 0]},
			"faces": {
				"north": {"uv": [3, 8, 4, 9], "texture": "#0"},
				"east": {"uv": [4, 8, 5, 9], "texture": "#0"},
				"south": {"uv": [8, 6, 9, 7], "texture": "#0"},
				"west": {"uv": [7, 8, 8, 9], "texture": "#0"},
				"up": {"uv": [9, 8, 8, 7], "texture": "#0"},
				"down": {"uv": [9, 8, 8, 9], "texture": "#0"}
			}
		},
		{
			"from": [8, -3, 0.5],
			"to": [8, 0, 3.5],
			"rotation": {"angle": 0, "axis": "z", "origin": [8, 0, 0.5]},
			"faces": {
				"north": {"uv": [0, 0, 0, 3], "texture": "#0"},
				"east": {"uv": [5, 5, 2, 8], "texture": "#0"},
				"south": {"uv": [0, 0, 0, 3], "texture": "#0"},
				"west": {"uv": [2, 5, 5, 8], "texture": "#0"},
				"up": {"uv": [0, 3, 0, 0], "texture": "#0"},
				"down": {"uv": [0, 0, 0, 3], "texture": "#0"}
			}
		},
		{
			"from": [7.5, 0, 15],
			"to": [8.5, 1, 16],
			"rotation": {"angle": 0, "axis": "y", "origin": [7.5, 0, 15]},
			"faces": {
				"north": {"uv": [3, 9, 4, 10], "texture": "#0"},
				"east": {"uv": [4, 9, 5, 10], "texture": "#0"},
				"south": {"uv": [9, 4, 10, 5], "texture": "#0"},
				"west": {"uv": [9, 5, 10, 6], "texture": "#0"},
				"up": {"uv": [10, 7, 9, 6], "texture": "#0"},
				"down": {"uv": [8, 9, 7, 10], "texture": "#0"}
			}
		},
		{
			"from": [7.4, -0.1, 15.9],
			"to": [8.6, 1.1, 17.1],
			"rotation": {"angle": 0, "axis": "y", "origin": [7.5, 0, 16]},
			"faces": {
				"north": {"uv": [4, 10, 5, 11], "texture": "#0"},
				"east": {"uv": [10, 4, 11, 5], "texture": "#0"},
				"south": {"uv": [10, 5, 11, 6], "texture": "#0"},
				"west": {"uv": [10, 6, 11, 7], "texture": "#0"},
				"up": {"uv": [8, 11, 7, 10], "texture": "#0"},
				"down": {"uv": [11, 7, 10, 8], "texture": "#0"}
			}
		},
		{
			"from": [7.4, -0.1, 11.9],
			"to": [8.6, 1.1, 13.1],
			"rotation": {"angle": 0, "axis": "y", "origin": [7.5, 0, 12]},
			"faces": {
				"north": {"uv": [10, 8, 11, 9], "texture": "#0"},
				"east": {"uv": [9, 10, 10, 11], "texture": "#0"},
				"south": {"uv": [10, 10, 11, 11], "texture": "#0"},
				"west": {"uv": [0, 11, 1, 12], "texture": "#0"},
				"up": {"uv": [2, 12, 1, 11], "texture": "#0"},
				"down": {"uv": [3, 11, 2, 12], "texture": "#0"}
			}
		},
		{
			"from": [7.75, 0, 13],
			"to": [8.25, 1, 15],
			"rotation": {"angle": 0, "axis": "y", "origin": [7.5, 0, 14]},
			"faces": {
				"north": {"uv": [3, 11, 3.5, 12], "texture": "#0"},
				"east": {"uv": [7, 4, 9, 5], "texture": "#0"},
				"south": {"uv": [4, 11, 4.5, 12], "texture": "#0"},
				"west": {"uv": [7, 5, 9, 6], "texture": "#0"},
				"up": {"uv": [9.5, 9, 9, 7], "texture": "#0"},
				"down": {"uv": [8.5, 9, 8, 11], "texture": "#0"}
			}
		},
		{
			"from": [7.5, 0.25, 13],
			"to": [8.5, 0.75, 15],
			"rotation": {"angle": 0, "axis": "y", "origin": [7.5, 0, 14]},
			"faces": {
				"north": {"uv": [11, 4, 12, 4.5], "texture": "#0"},
				"east": {"uv": [9, 9, 11, 9.5], "texture": "#0"},
				"south": {"uv": [11, 5, 12, 5.5], "texture": "#0"},
				"west": {"uv": [2, 10, 4, 10.5], "texture": "#0"},
				"up": {"uv": [8, 8, 7, 6], "texture": "#0"},
				"down": {"uv": [3, 8, 2, 10], "texture": "#0"}
			}
		},
		{
			"from": [7.75, 0, 1],
			"to": [8.25, 1, 12],
			"rotation": {"angle": 0, "axis": "y", "origin": [7.5, 0, 11]},
			"faces": {
				"north": {"uv": [11, 7, 11.5, 8], "texture": "#0"},
				"east": {"uv": [2, 0, 13, 1], "texture": "#0"},
				"south": {"uv": [8, 11, 8.5, 12], "texture": "#0"},
				"west": {"uv": [2, 1, 13, 2], "texture": "#0"},
				"up": {"uv": [5.5, 15, 5, 4], "texture": "#0"},
				"down": {"uv": [6.5, 4, 6, 15], "texture": "#0"}
			}
		},
		{
			"from": [7.5, 0.25, 1],
			"to": [8.5, 0.75, 12],
			"rotation": {"angle": 0, "axis": "y", "origin": [7.5, 0, 11]},
			"faces": {
				"north": {"uv": [11, 6, 12, 6.5], "texture": "#0"},
				"east": {"uv": [5, 2, 16, 2.5], "texture": "#0"},
				"south": {"uv": [7, 11, 8, 11.5], "texture": "#0"},
				"west": {"uv": [5, 3, 16, 3.5], "texture": "#0"},
				"up": {"uv": [1, 11, 0, 0], "texture": "#0"},
				"down": {"uv": [2, 0, 1, 11], "texture": "#0"}
			}
		}
	],
	"display": {
		"thirdperson_righthand": {
			"rotation": [0, -3, 0],
			"translation": [-0.75, 8, -3.25]
		},
		"thirdperson_lefthand": {
			"rotation": [0, -3, 0],
			"translation": [-0.75, 8, -3.25]
		},
		"firstperson_righthand": {
			"rotation": [0, -10, 0],
			"translation": [4, 11.75, -0.5]
		},
		"firstperson_lefthand": {
			"rotation": [0, -10, 0],
			"translation": [4, 11.75, -0.5]
		},
		"ground": {
			"translation": [0, 4.5, 0],
			"scale": [0.5, 0.5, 0.5]
		},
		"gui": {
			"rotation": [-30, -150, 4],
			"translation": [0.75, 6.25, 0]
		},
		"head": {
			"rotation": [-90, 19, 0],
			"translation": [5.25, -11.75, -7.25],
			"scale": [1.5, 1.5, 1.5]
		},
		"fixed": {
			"rotation": [0, -90, -90],
			"translation": [-0.25, 0, 6.5]
		}
	}
}