{
	"credit": "Designed by Kevin *ArtsByKev* www.twitter.com/artsbykev, Made with Blockbench",
	"texture_size": [64, 64],
	"textures": {
		"1": "artsbykev_weapons/chainsaw_a_chain",
		"2": "artsbykev_weapons/chainsaw_netherite"
	},
	"elements": [
		{
			"from": [6.5, 0, 3],
			"to": [9.5, 5, 11],
			"rotation": {"angle": 0, "axis": "y", "origin": [6.5, 8, 8]},
			"faces": {
				"north": {"uv": [2, 5.75, 2.75, 7], "texture": "#2"},
				"east": {"uv": [0, 5.75, 2, 7], "texture": "#2"},
				"south": {"uv": [4.75, 5.75, 5.5, 7], "texture": "#2"},
				"west": {"uv": [2.75, 5.75, 4.75, 7], "texture": "#2"},
				"up": {"uv": [2.75, 5.75, 2, 3.75], "texture": "#2"},
				"down": {"uv": [3.5, 3.75, 2.75, 5.75], "texture": "#2"}
			}
		},
		{
			"from": [6, 5, 3],
			"to": [6, 6, 5],
			"rotation": {"angle": 0, "axis": "y", "origin": [6, 9, 9]},
			"faces": {
				"north": {"uv": [0.5, 1, 0.5, 1.25], "texture": "#2"},
				"east": {"uv": [0, 1, 0.5, 1.25], "texture": "#2"},
				"south": {"uv": [1, 1, 1, 1.25], "texture": "#2"},
				"west": {"uv": [0.5, 1, 1, 1.25], "texture": "#2"},
				"up": {"uv": [0.5, 1, 0.5, 0.5], "texture": "#2"},
				"down": {"uv": [0.5, 0.5, 0.5, 1], "texture": "#2"}
			}
		},
		{
			"from": [10, 4, 3],
			"to": [10, 5, 5],
			"shade": false,
			"rotation": {"angle": 0, "axis": "y", "origin": [10, 8, 9]},
			"faces": {
				"north": {"uv": [0.5, 1, 0.5, 1.25], "texture": "#2"},
				"east": {"uv": [1, 1, 0.5, 1.25], "texture": "#2"},
				"south": {"uv": [1, 1, 1, 1.25], "texture": "#2"},
				"west": {"uv": [0.5, 1, 0, 1.25], "texture": "#2"},
				"up": {"uv": [0.5, 1, 0.5, 0.5], "texture": "#2"},
				"down": {"uv": [0.5, 0.5, 0.5, 1], "texture": "#2"}
			}
		},
		{
			"from": [6, 5.5, 2],
			"to": [6, 6.5, 3],
			"rotation": {"angle": 0, "axis": "y", "origin": [6, 9.5, 8]},
			"faces": {
				"north": {"uv": [0.25, 1.5, 0.25, 1.75], "texture": "#2"},
				"east": {"uv": [0, 1.5, 0.25, 1.75], "texture": "#2"},
				"south": {"uv": [0.5, 1.5, 0.5, 1.75], "texture": "#2"},
				"west": {"uv": [0.25, 1.5, 0.5, 1.75], "texture": "#2"},
				"up": {"uv": [0.25, 1.5, 0.25, 1.25], "texture": "#2"},
				"down": {"uv": [0.25, 1.25, 0.25, 1.5], "texture": "#2"}
			}
		},
		{
			"from": [10, 5.5, 2],
			"to": [10, 6.5, 3],
			"shade": false,
			"rotation": {"angle": 0, "axis": "y", "origin": [10, 9.5, 8]},
			"faces": {
				"north": {"uv": [0.25, 1.5, 0.25, 1.75], "texture": "#2"},
				"east": {"uv": [0.5, 1.5, 0.25, 1.75], "texture": "#2"},
				"south": {"uv": [0.5, 1.5, 0.5, 1.75], "texture": "#2"},
				"west": {"uv": [0.25, 1.5, 0, 1.75], "texture": "#2"},
				"up": {"uv": [0.25, 1.5, 0.25, 1.25], "texture": "#2"},
				"down": {"uv": [0.25, 1.25, 0.25, 1.5], "texture": "#2"}
			}
		},
		{
			"from": [10, 4.5, 2],
			"to": [10, 5.5, 3],
			"shade": false,
			"rotation": {"angle": 0, "axis": "y", "origin": [10, 8.5, 8]},
			"faces": {
				"north": {"uv": [0.25, 1.5, 0.25, 1.75], "texture": "#2"},
				"east": {"uv": [0.5, 1.5, 0.25, 1.75], "texture": "#2"},
				"south": {"uv": [0.5, 1.5, 0.5, 1.75], "texture": "#2"},
				"west": {"uv": [0.25, 1.5, 0, 1.75], "texture": "#2"},
				"up": {"uv": [0.25, 1.5, 0.25, 1.25], "texture": "#2"},
				"down": {"uv": [0.25, 1.25, 0.25, 1.5], "texture": "#2"}
			}
		},
		{
			"from": [6, 7.5, 2],
			"to": [6, 8.5, 3],
			"rotation": {"angle": 0, "axis": "y", "origin": [6, 11.5, 8]},
			"faces": {
				"north": {"uv": [0.25, 1.5, 0.25, 1.75], "texture": "#2"},
				"east": {"uv": [0, 1.5, 0.25, 1.75], "texture": "#2"},
				"south": {"uv": [0.5, 1.5, 0.5, 1.75], "texture": "#2"},
				"west": {"uv": [0.25, 1.5, 0.5, 1.75], "texture": "#2"},
				"up": {"uv": [0.25, 1.5, 0.25, 1.25], "texture": "#2"},
				"down": {"uv": [0.25, 1.25, 0.25, 1.5], "texture": "#2"}
			}
		},
		{
			"from": [10, 7.5, 2],
			"to": [10, 8.5, 3],
			"shade": false,
			"rotation": {"angle": 0, "axis": "y", "origin": [10, 11.5, 8]},
			"faces": {
				"north": {"uv": [0.25, 1.5, 0.25, 1.75], "texture": "#2"},
				"east": {"uv": [0.5, 1.5, 0.25, 1.75], "texture": "#2"},
				"south": {"uv": [0.5, 1.5, 0.5, 1.75], "texture": "#2"},
				"west": {"uv": [0.25, 1.5, 0, 1.75], "texture": "#2"},
				"up": {"uv": [0.25, 1.5, 0.25, 1.25], "texture": "#2"},
				"down": {"uv": [0.25, 1.25, 0.25, 1.5], "texture": "#2"}
			}
		},
		{
			"from": [6, 9.5, 2],
			"to": [6, 10.5, 3],
			"rotation": {"angle": 0, "axis": "y", "origin": [6, 13.5, 8]},
			"faces": {
				"north": {"uv": [0.25, 1.5, 0.25, 1.75], "texture": "#2"},
				"east": {"uv": [0, 1.5, 0.25, 1.75], "texture": "#2"},
				"south": {"uv": [0.5, 1.5, 0.5, 1.75], "texture": "#2"},
				"west": {"uv": [0.25, 1.5, 0.5, 1.75], "texture": "#2"},
				"up": {"uv": [0.25, 1.5, 0.25, 1.25], "texture": "#2"},
				"down": {"uv": [0.25, 1.25, 0.25, 1.5], "texture": "#2"}
			}
		},
		{
			"from": [10, 9.5, 2],
			"to": [10, 10.5, 3],
			"shade": false,
			"rotation": {"angle": 0, "axis": "y", "origin": [10, 13.5, 8]},
			"faces": {
				"north": {"uv": [0.25, 1.5, 0.25, 1.75], "texture": "#2"},
				"east": {"uv": [0.5, 1.5, 0.25, 1.75], "texture": "#2"},
				"south": {"uv": [0.5, 1.5, 0.5, 1.75], "texture": "#2"},
				"west": {"uv": [0.25, 1.5, 0, 1.75], "texture": "#2"},
				"up": {"uv": [0.25, 1.5, 0.25, 1.25], "texture": "#2"},
				"down": {"uv": [0.25, 1.25, 0.25, 1.5], "texture": "#2"}
			}
		},
		{
			"from": [6, 6.5, 2],
			"to": [10, 7.5, 3],
			"rotation": {"angle": 0, "axis": "y", "origin": [6, 10.5, 8]},
			"faces": {
				"north": {"uv": [3.75, 5.5, 4.75, 5.75], "texture": "#2"},
				"east": {"uv": [3.5, 5.5, 3.75, 5.75], "texture": "#2"},
				"south": {"uv": [5, 5.5, 6, 5.75], "texture": "#2"},
				"west": {"uv": [4.75, 5.5, 5, 5.75], "texture": "#2"},
				"up": {"uv": [4.75, 5.5, 3.75, 5.25], "texture": "#2"},
				"down": {"uv": [5.75, 5.25, 4.75, 5.5], "texture": "#2"}
			}
		},
		{
			"from": [6, 8.5, 2],
			"to": [10, 9.5, 3],
			"rotation": {"angle": 0, "axis": "y", "origin": [6, 12.5, 8]},
			"faces": {
				"north": {"uv": [3.75, 5.5, 4.75, 5.75], "texture": "#2"},
				"east": {"uv": [3.5, 5.5, 3.75, 5.75], "texture": "#2"},
				"south": {"uv": [5, 5.5, 6, 5.75], "texture": "#2"},
				"west": {"uv": [4.75, 5.5, 5, 5.75], "texture": "#2"},
				"up": {"uv": [4.75, 5.5, 3.75, 5.25], "texture": "#2"},
				"down": {"uv": [5.75, 5.25, 4.75, 5.5], "texture": "#2"}
			}
		},
		{
			"from": [6, 10.5, 2],
			"to": [10, 11.5, 3],
			"rotation": {"angle": 0, "axis": "y", "origin": [6, 14.5, 8]},
			"faces": {
				"north": {"uv": [3.75, 5.5, 4.75, 5.75], "texture": "#2"},
				"east": {"uv": [3.5, 5.5, 3.75, 5.75], "texture": "#2"},
				"south": {"uv": [5, 5.5, 6, 5.75], "texture": "#2"},
				"west": {"uv": [4.75, 5.5, 5, 5.75], "texture": "#2"},
				"up": {"uv": [4.75, 5.5, 3.75, 5.25], "texture": "#2"},
				"down": {"uv": [5.75, 5.25, 4.75, 5.5], "texture": "#2"}
			}
		},
		{
			"from": [6.5, 11, 1.5],
			"to": [9.5, 12, 2.5],
			"rotation": {"angle": 0, "axis": "y", "origin": [6.5, 15, 7.5]},
			"faces": {
				"north": {"uv": [0.25, 5, 1, 5.25], "texture": "#2"},
				"east": {"uv": [0, 5, 0.25, 5.25], "texture": "#2"},
				"south": {"uv": [1.25, 5, 2, 5.25], "texture": "#2"},
				"west": {"uv": [1, 5, 1.25, 5.25], "texture": "#2"},
				"up": {"uv": [1, 5, 0.25, 4.75], "texture": "#2"},
				"down": {"uv": [1.75, 4.75, 1, 5], "texture": "#2"}
			}
		},
		{
			"from": [4, -0.5, 5],
			"to": [8, 0.5, 6],
			"rotation": {"angle": 0, "axis": "y", "origin": [6, 7.5, 10]},
			"faces": {
				"north": {"uv": [6.25, 0.25, 7.25, 0.5], "texture": "#2"},
				"east": {"uv": [6, 0.25, 6.25, 0.5], "texture": "#2"},
				"south": {"uv": [7.5, 0.25, 8.5, 0.5], "texture": "#2"},
				"west": {"uv": [7.25, 0.25, 7.5, 0.5], "texture": "#2"},
				"up": {"uv": [7.25, 0.25, 6.25, 0], "texture": "#2"},
				"down": {"uv": [8.25, 0, 7.25, 0.25], "texture": "#2"}
			}
		},
		{
			"from": [8, -0.5, 5],
			"to": [12, 0.5, 6],
			"shade": false,
			"rotation": {"angle": 0, "axis": "y", "origin": [10, 7.5, 10]},
			"faces": {
				"north": {"uv": [7.25, 0.25, 6.25, 0.5], "texture": "#2"},
				"east": {"uv": [7.5, 0.25, 7.25, 0.5], "texture": "#2"},
				"south": {"uv": [8.5, 0.25, 7.5, 0.5], "texture": "#2"},
				"west": {"uv": [6.25, 0.25, 6, 0.5], "texture": "#2"},
				"up": {"uv": [6.25, 0.25, 7.25, 0], "texture": "#2"},
				"down": {"uv": [7.25, 0, 8.25, 0.25], "texture": "#2"}
			}
		},
		{
			"from": [3.5, 0, 5],
			"to": [4.5, 5, 6],
			"rotation": {"angle": 0, "axis": "y", "origin": [5.5, 8, 10]},
			"faces": {
				"north": {"uv": [2.25, 1.75, 2.5, 3], "texture": "#2"},
				"east": {"uv": [2, 1.75, 2.25, 3], "texture": "#2"},
				"south": {"uv": [2.75, 1.75, 3, 3], "texture": "#2"},
				"west": {"uv": [2.5, 1.75, 2.75, 3], "texture": "#2"},
				"up": {"uv": [2.5, 1.75, 2.25, 1.5], "texture": "#2"},
				"down": {"uv": [2.75, 1.5, 2.5, 1.75], "texture": "#2"}
			}
		},
		{
			"from": [11.5, 0, 5],
			"to": [12.5, 5, 6],
			"shade": false,
			"rotation": {"angle": 0, "axis": "y", "origin": [10.5, 8, 10]},
			"faces": {
				"north": {"uv": [2.5, 1.75, 2.25, 3], "texture": "#2"},
				"east": {"uv": [2.75, 1.75, 2.5, 3], "texture": "#2"},
				"south": {"uv": [3, 1.75, 2.75, 3], "texture": "#2"},
				"west": {"uv": [2.25, 1.75, 2, 3], "texture": "#2"},
				"up": {"uv": [2.25, 1.75, 2.5, 1.5], "texture": "#2"},
				"down": {"uv": [2.5, 1.5, 2.75, 1.75], "texture": "#2"}
			}
		},
		{
			"from": [4, 5, 5],
			"to": [5, 8, 6],
			"rotation": {"angle": 0, "axis": "y", "origin": [6, 13, 10]},
			"faces": {
				"north": {"uv": [0.25, 0.25, 0.5, 1], "texture": "#2"},
				"east": {"uv": [0, 0.25, 0.25, 1], "texture": "#2"},
				"south": {"uv": [0.75, 0.25, 1, 1], "texture": "#2"},
				"west": {"uv": [0.5, 0.25, 0.75, 1], "texture": "#2"},
				"up": {"uv": [0.5, 0.25, 0.25, 0], "texture": "#2"},
				"down": {"uv": [0.75, 0, 0.5, 0.25], "texture": "#2"}
			}
		},
		{
			"from": [11, 5, 5],
			"to": [12, 8, 6],
			"shade": false,
			"rotation": {"angle": 0, "axis": "y", "origin": [10, 13, 10]},
			"faces": {
				"north": {"uv": [0.5, 0.25, 0.25, 1], "texture": "#2"},
				"east": {"uv": [0.75, 0.25, 0.5, 1], "texture": "#2"},
				"south": {"uv": [1, 0.25, 0.75, 1], "texture": "#2"},
				"west": {"uv": [0.25, 0.25, 0, 1], "texture": "#2"},
				"up": {"uv": [0.25, 0.25, 0.5, 0], "texture": "#2"},
				"down": {"uv": [0.5, 0, 0.75, 0.25], "texture": "#2"}
			}
		},
		{
			"from": [4.5, 8, 5],
			"to": [11.5, 9, 6],
			"rotation": {"angle": 0, "axis": "y", "origin": [6.5, 16, 10]},
			"faces": {
				"north": {"uv": [4, 3, 5.75, 3.25], "texture": "#2"},
				"east": {"uv": [3.75, 3, 4, 3.25], "texture": "#2"},
				"south": {"uv": [6, 3, 7.75, 3.25], "texture": "#2"},
				"west": {"uv": [5.75, 3, 6, 3.25], "texture": "#2"},
				"up": {"uv": [5.75, 3, 4, 2.75], "texture": "#2"},
				"down": {"uv": [7.5, 2.75, 5.75, 3], "texture": "#2"}
			}
		},
		{
			"from": [6.5, 1, 2],
			"to": [9.5, 4, 3],
			"rotation": {"angle": 0, "axis": "y", "origin": [6.5, 8, 7]},
			"faces": {
				"north": {"uv": [0.25, 4, 1, 4.75], "texture": "#2"},
				"east": {"uv": [0, 4, 0.25, 4.75], "texture": "#2"},
				"south": {"uv": [1.25, 4, 2, 4.75], "texture": "#2"},
				"west": {"uv": [1, 4, 1.25, 4.75], "texture": "#2"},
				"up": {"uv": [1, 4, 0.25, 3.75], "texture": "#2"},
				"down": {"uv": [1.75, 3.75, 1, 4], "texture": "#2"}
			}
		},
		{
			"from": [4.5, 0, 6],
			"to": [6.5, 5, 11],
			"rotation": {"angle": 0, "axis": "y", "origin": [3.5, 8, 10]},
			"faces": {
				"north": {"uv": [6.75, 6.75, 7.25, 8], "texture": "#2"},
				"east": {"uv": [5.5, 6.75, 6.75, 8], "texture": "#2"},
				"south": {"uv": [8.5, 6.75, 9, 8], "texture": "#2"},
				"west": {"uv": [7.25, 6.75, 8.5, 8], "texture": "#2"},
				"up": {"uv": [7.25, 6.75, 6.75, 5.5], "texture": "#2"},
				"down": {"uv": [7.75, 5.5, 7.25, 6.75], "texture": "#2"}
			}
		},
		{
			"from": [9.5, 0, 6],
			"to": [11.5, 5, 11],
			"rotation": {"angle": 0, "axis": "y", "origin": [12.5, 8, 10]},
			"faces": {
				"north": {"uv": [7.25, 6.75, 6.75, 8], "texture": "#2"},
				"east": {"uv": [8.5, 6.75, 7.25, 8], "texture": "#2"},
				"south": {"uv": [9, 6.75, 8.5, 8], "texture": "#2"},
				"west": {"uv": [6.75, 6.75, 5.5, 8], "texture": "#2"},
				"up": {"uv": [6.75, 6.75, 7.25, 5.5], "texture": "#2"},
				"down": {"uv": [7.25, 5.5, 7.75, 6.75], "texture": "#2"}
			}
		},
		{
			"from": [9.5, 0, 2.5],
			"to": [10.5, 4, 9.5],
			"rotation": {"angle": 0, "axis": "y", "origin": [8.5, 8, 7.5]},
			"faces": {
				"north": {"uv": [5.5, 1.75, 5.75, 2.75], "texture": "#2"},
				"east": {"uv": [3.75, 1.75, 5.5, 2.75], "texture": "#2"},
				"south": {"uv": [7.5, 1.75, 7.75, 2.75], "texture": "#2"},
				"west": {"uv": [5.75, 1.75, 7.5, 2.75], "texture": "#2"},
				"up": {"uv": [5.75, 1.75, 5.5, 0], "texture": "#2"},
				"down": {"uv": [6, 0, 5.75, 1.75], "texture": "#2"}
			}
		},
		{
			"from": [5.5, 0, 2.5],
			"to": [6.5, 4, 9.5],
			"rotation": {"angle": 0, "axis": "y", "origin": [7.5, 8, 7.5]},
			"faces": {
				"north": {"uv": [5.75, 1.75, 5.5, 2.75], "texture": "#2"},
				"east": {"uv": [7.5, 1.75, 5.75, 2.75], "texture": "#2"},
				"south": {"uv": [7.75, 1.75, 7.5, 2.75], "texture": "#2"},
				"west": {"uv": [5.5, 1.75, 3.75, 2.75], "texture": "#2"},
				"up": {"uv": [5.5, 1.75, 5.75, 0], "texture": "#2"},
				"down": {"uv": [5.75, 0, 6, 1.75], "texture": "#2"}
			}
		},
		{
			"from": [9.5, 1, -10.5],
			"to": [10.5, 3, 2.5],
			"rotation": {"angle": 0, "axis": "y", "origin": [8, 2, 2.75]},
			"faces": {
				"north": {"uv": [3.25, 3.25, 3.5, 3.75], "texture": "#2"},
				"east": {"uv": [0, 3.25, 3.25, 3.75], "texture": "#2"},
				"south": {"uv": [6.75, 3.25, 7, 3.75], "texture": "#2"},
				"west": {"uv": [3.5, 3.25, 6.75, 3.75], "texture": "#2"},
				"up": {"uv": [3.5, 3.25, 3.25, 0], "texture": "#2"},
				"down": {"uv": [3.75, 0, 3.5, 3.25], "texture": "#2"}
			}
		},
		{
			"from": [5.5, 1, -10.5],
			"to": [6.5, 3, 2.5],
			"rotation": {"angle": 0, "axis": "y", "origin": [8, 2, 2.75]},
			"faces": {
				"north": {"uv": [3.5, 3.25, 3.25, 3.75], "texture": "#2"},
				"east": {"uv": [6.75, 3.25, 3.5, 3.75], "texture": "#2"},
				"south": {"uv": [7, 3.25, 6.75, 3.75], "texture": "#2"},
				"west": {"uv": [3.25, 3.25, 0, 3.75], "texture": "#2"},
				"up": {"uv": [3.25, 3.25, 3.5, 0], "texture": "#2"},
				"down": {"uv": [3.5, 0, 3.75, 3.25], "texture": "#2"}
			}
		},
		{
			"from": [9.5, 1.5, -11.5],
			"to": [10.5, 2.5, -10.5],
			"rotation": {"angle": 0, "axis": "y", "origin": [8, 2, 2.75]},
			"faces": {
				"north": {"uv": [4, 0.75, 4.25, 1], "texture": "#2"},
				"east": {"uv": [3.75, 0.75, 4, 1], "texture": "#2"},
				"south": {"uv": [4.5, 0.75, 4.75, 1], "texture": "#2"},
				"west": {"uv": [4.25, 0.75, 4.5, 1], "texture": "#2"},
				"up": {"uv": [4.25, 0.75, 4, 0.5], "texture": "#2"},
				"down": {"uv": [4.5, 0.5, 4.25, 0.75], "texture": "#2"}
			}
		},
		{
			"from": [5.5, 1.5, -11.5],
			"to": [6.5, 2.5, -10.5],
			"rotation": {"angle": 0, "axis": "y", "origin": [8, 2, 2.75]},
			"faces": {
				"north": {"uv": [4.25, 0.75, 4, 1], "texture": "#2"},
				"east": {"uv": [4.5, 0.75, 4.25, 1], "texture": "#2"},
				"south": {"uv": [4.75, 0.75, 4.5, 1], "texture": "#2"},
				"west": {"uv": [4, 0.75, 3.75, 1], "texture": "#2"},
				"up": {"uv": [4, 0.75, 4.25, 0.5], "texture": "#2"},
				"down": {"uv": [4.25, 0.5, 4.5, 0.75], "texture": "#2"}
			}
		},
		{
			"from": [10.5, 0.5, 3],
			"to": [11.5, 3.5, 6],
			"rotation": {"angle": 0, "axis": "y", "origin": [9.5, 8.5, 7]},
			"faces": {
				"north": {"uv": [0.75, 2.25, 1, 3], "texture": "#2"},
				"east": {"uv": [0, 2.25, 0.75, 3], "texture": "#2"},
				"south": {"uv": [1.75, 2.25, 2, 3], "texture": "#2"},
				"west": {"uv": [1, 2.25, 1.75, 3], "texture": "#2"},
				"up": {"uv": [1, 2.25, 0.75, 1.5], "texture": "#2"},
				"down": {"uv": [1.25, 1.5, 1, 2.25], "texture": "#2"}
			}
		},
		{
			"from": [4.5, 0.5, 3],
			"to": [5.5, 3.5, 6],
			"rotation": {"angle": 0, "axis": "y", "origin": [6.5, 8.5, 7]},
			"faces": {
				"north": {"uv": [1, 2.25, 0.75, 3], "texture": "#2"},
				"east": {"uv": [1.75, 2.25, 1, 3], "texture": "#2"},
				"south": {"uv": [2, 2.25, 1.75, 3], "texture": "#2"},
				"west": {"uv": [0.75, 2.25, 0, 3], "texture": "#2"},
				"up": {"uv": [0.75, 2.25, 1, 1.5], "texture": "#2"},
				"down": {"uv": [1, 1.5, 1.25, 2.25], "texture": "#2"}
			}
		},
		{
			"from": [6.5, 5, 4],
			"to": [9.5, 6, 9],
			"rotation": {"angle": 0, "axis": "y", "origin": [6.5, 13, 8]},
			"faces": {
				"north": {"uv": [4.75, 5, 5.5, 5.25], "texture": "#2"},
				"east": {"uv": [3.5, 5, 4.75, 5.25], "texture": "#2"},
				"south": {"uv": [6.75, 5, 7.5, 5.25], "texture": "#2"},
				"west": {"uv": [5.5, 5, 6.75, 5.25], "texture": "#2"},
				"up": {"uv": [5.5, 5, 4.75, 3.75], "texture": "#2"},
				"down": {"uv": [6.25, 3.75, 5.5, 5], "texture": "#2"}
			}
		},
		{
			"from": [7.5, 0, 11],
			"to": [8.5, 1, 16],
			"rotation": {"angle": 0, "axis": "y", "origin": [7.5, 8, 13]},
			"faces": {
				"north": {"uv": [1.25, 1.25, 1.5, 1.5], "texture": "#2"},
				"east": {"uv": [0, 1.25, 1.25, 1.5], "texture": "#2"},
				"south": {"uv": [2.75, 1.25, 3, 1.5], "texture": "#2"},
				"west": {"uv": [1.5, 1.25, 2.75, 1.5], "texture": "#2"},
				"up": {"uv": [1.5, 1.25, 1.25, 0], "texture": "#2"},
				"down": {"uv": [1.75, 0, 1.5, 1.25], "texture": "#2"}
			}
		},
		{
			"from": [7.5, 3.5, 11],
			"to": [8.5, 4.5, 13],
			"rotation": {"angle": 0, "axis": "y", "origin": [7.5, 11.5, 13]},
			"faces": {
				"north": {"uv": [2.25, 0.5, 2.5, 0.75], "texture": "#2"},
				"east": {"uv": [1.75, 0.5, 2.25, 0.75], "texture": "#2"},
				"south": {"uv": [3, 0.5, 3.25, 0.75], "texture": "#2"},
				"west": {"uv": [2.5, 0.5, 3, 0.75], "texture": "#2"},
				"up": {"uv": [2.5, 0.5, 2.25, 0], "texture": "#2"},
				"down": {"uv": [2.75, 0, 2.5, 0.5], "texture": "#2"}
			}
		},
		{
			"from": [7.5, 3, 13],
			"to": [8.5, 4, 14],
			"rotation": {"angle": 0, "axis": "y", "origin": [7.5, 11, 15]},
			"faces": {
				"north": {"uv": [4, 0.25, 4.25, 0.5], "texture": "#2"},
				"east": {"uv": [3.75, 0.25, 4, 0.5], "texture": "#2"},
				"south": {"uv": [4.5, 0.25, 4.75, 0.5], "texture": "#2"},
				"west": {"uv": [4.25, 0.25, 4.5, 0.5], "texture": "#2"},
				"up": {"uv": [4.25, 0.25, 4, 0], "texture": "#2"},
				"down": {"uv": [4.5, 0, 4.25, 0.25], "texture": "#2"}
			}
		},
		{
			"from": [7.5, 2.5, 14],
			"to": [8.5, 3.5, 15],
			"rotation": {"angle": 0, "axis": "y", "origin": [7.5, 10.5, 16]},
			"faces": {
				"north": {"uv": [2, 1, 2.25, 1.25], "texture": "#2"},
				"east": {"uv": [1.75, 1, 2, 1.25], "texture": "#2"},
				"south": {"uv": [2.5, 1, 2.75, 1.25], "texture": "#2"},
				"west": {"uv": [2.25, 1, 2.5, 1.25], "texture": "#2"},
				"up": {"uv": [2.25, 1, 2, 0.75], "texture": "#2"},
				"down": {"uv": [2.5, 0.75, 2.25, 1], "texture": "#2"}
			}
		},
		{
			"from": [7.5, 1, 15],
			"to": [8.5, 3, 16],
			"rotation": {"angle": 0, "axis": "y", "origin": [7.5, 10, 17]},
			"faces": {
				"north": {"uv": [3.75, 4, 4, 4.5], "texture": "#2"},
				"east": {"uv": [3.5, 4, 3.75, 4.5], "texture": "#2"},
				"south": {"uv": [4.25, 4, 4.5, 4.5], "texture": "#2"},
				"west": {"uv": [4, 4, 4.25, 4.5], "texture": "#2"},
				"up": {"uv": [4, 4, 3.75, 3.75], "texture": "#2"},
				"down": {"uv": [4.25, 3.75, 4, 4], "texture": "#2"}
			}
		},
		{
			"name": "chain",
			"from": [9.75, 0, -12.5],
			"to": [9.75, 4, 2.5],
			"rotation": {"angle": 0, "axis": "y", "origin": [8, 2, 2.75]},
			"faces": {
				"north": {"uv": [3.75, 3.75, 3.75, 4.75], "texture": "#1"},
				"east": {"uv": [0, 0, 15, 4], "texture": "#1"},
				"south": {"uv": [7.5, 3.75, 7.5, 4.75], "texture": "#1"},
				"west": {"uv": [0, 4, 15, 8], "texture": "#1"},
				"up": {"uv": [3.75, 3.75, 3.75, 0], "texture": "#1"},
				"down": {"uv": [3.75, 0, 3.75, 3.75], "texture": "#1"}
			}
		},
		{
			"name": "chain",
			"from": [6.25, 0, -12.5],
			"to": [6.25, 4, 2.5],
			"rotation": {"angle": 0, "axis": "y", "origin": [8, 2, 2.75]},
			"faces": {
				"north": {"uv": [3.75, 3.75, 3.75, 4.75], "texture": "#1"},
				"east": {"uv": [15, 4, 0, 8], "texture": "#1"},
				"south": {"uv": [7.5, 3.75, 7.5, 4.75], "texture": "#1"},
				"west": {"uv": [15, 0, 0, 4], "texture": "#1"},
				"up": {"uv": [3.75, 3.75, 3.75, 0], "texture": "#1"},
				"down": {"uv": [3.75, 0, 3.75, 3.75], "texture": "#1"}
			}
		},
		{
			"name": "chain",
			"from": [5.75, 0, -12.5],
			"to": [5.75, 4, 2.5],
			"rotation": {"angle": 0, "axis": "y", "origin": [8, 2, 2.75]},
			"faces": {
				"north": {"uv": [3.75, 3.75, 3.75, 4.75], "texture": "#1"},
				"east": {"uv": [15, 4, 0, 8], "texture": "#1"},
				"south": {"uv": [7.5, 3.75, 7.5, 4.75], "texture": "#1"},
				"west": {"uv": [15, 0, 0, 4], "texture": "#1"},
				"up": {"uv": [3.75, 3.75, 3.75, 0], "texture": "#1"},
				"down": {"uv": [3.75, 0, 3.75, 3.75], "texture": "#1"}
			}
		},
		{
			"name": "chain",
			"from": [10.25, 0, -12.5],
			"to": [10.25, 4, 2.5],
			"rotation": {"angle": 0, "axis": "y", "origin": [8, 2, 2.75]},
			"faces": {
				"north": {"uv": [3.75, 3.75, 3.75, 4.75], "texture": "#1"},
				"east": {"uv": [15, 4, 0, 8], "texture": "#1"},
				"south": {"uv": [7.5, 3.75, 7.5, 4.75], "texture": "#1"},
				"west": {"uv": [15, 0, 0, 4], "texture": "#1"},
				"up": {"uv": [3.75, 3.75, 3.75, 0], "texture": "#1"},
				"down": {"uv": [3.75, 0, 3.75, 3.75], "texture": "#1"}
			}
		}
	],
	"display": {
		"thirdperson_righthand": {
			"rotation": [22.75, 58.25, 49.75],
			"translation": [-6, 1, 3],
			"scale": [0.9, 0.9, 0.9]
		},
		"thirdperson_lefthand": {
			"rotation": [22.75, 58.25, 49.75],
			"translation": [-6, 1, 3],
			"scale": [0.9, 0.9, 0.9]
		},
		"firstperson_righthand": {
			"rotation": [61, 31, -5],
			"translation": [3.75, 1.5, 4.25]
		},
		"firstperson_lefthand": {
			"rotation": [61, 31, -5],
			"translation": [3.75, 1.5, 4.25]
		},
		"ground": {
			"translation": [0, 7, 2.75]
		},
		"gui": {
			"rotation": [40, 35, -9],
			"translation": [2.75, 1.75, 0],
			"scale": [0.8, 0.8, 0.8]
		},
		"head": {
			"translation": [0, 14.5, 0]
		},
		"fixed": {
			"rotation": [18, -176, 5],
			"translation": [-3.25, 36, -23.5],
			"scale": [2, 2, 2]
		}
	}
}