{
	"credit": "Designed by Kevin *ArtsByKev* www.twitter.com/artsbykev, Made with Blockbench",
	"texture_size": [64, 64],
	"textures": {
		"1": "artsbykev_weapons/chainsaw_a_chain",
		"2": "artsbykev_weapons/chainsaw_diamond"
	},
	"elements": [
		{
			"from": [6.5, 0, 11],
			"to": [9.5, 5, 19],
			"rotation": {"angle": 0, "axis": "y", "origin": [6.5, 8, 16]},
			"faces": {
				"north": {"uv": [2, 5.75, 2.75, 7], "texture": "#2"},
				"east": {"uv": [0, 5.75, 2, 7], "texture": "#2"},
				"south": {"uv": [4.75, 5.75, 5.5, 7], "texture": "#2"},
				"west": {"uv": [2.75, 5.75, 4.75, 7], "texture": "#2"},
				"up": {"uv": [2.75, 5.75, 2, 3.75], "texture": "#2"},
				"down": {"uv": [3.5, 3.75, 2.75, 5.75], "texture": "#2"}
			}
		},
		{
			"from": [6, 4, 10],
			"to": [6, 5, 12],
			"rotation": {"angle": 0, "axis": "y", "origin": [6, 8, 16]},
			"faces": {
				"north": {"uv": [0.5, 1, 0.5, 1.25], "texture": "#2"},
				"east": {"uv": [0, 1, 0.5, 1.25], "texture": "#2"},
				"south": {"uv": [1, 1, 1, 1.25], "texture": "#2"},
				"west": {"uv": [0.5, 1, 1, 1.25], "texture": "#2"},
				"up": {"uv": [0.5, 1, 0.5, 0.5], "texture": "#2"},
				"down": {"uv": [0.5, 0.5, 0.5, 1], "texture": "#2"}
			}
		},
		{
			"from": [10, 4, 10],
			"to": [10, 5, 12],
			"shade": false,
			"rotation": {"angle": 0, "axis": "y", "origin": [10, 8, 16]},
			"faces": {
				"north": {"uv": [0.5, 1, 0.5, 1.25], "texture": "#2"},
				"east": {"uv": [1, 1, 0.5, 1.25], "texture": "#2"},
				"south": {"uv": [1, 1, 1, 1.25], "texture": "#2"},
				"west": {"uv": [0.5, 1, 0, 1.25], "texture": "#2"},
				"up": {"uv": [0.5, 1, 0.5, 0.5], "texture": "#2"},
				"down": {"uv": [0.5, 0.5, 0.5, 1], "texture": "#2"}
			}
		},
		{
			"from": [6, 4.5, 9],
			"to": [6, 5.5, 10],
			"rotation": {"angle": 0, "axis": "y", "origin": [6, 8.5, 15]},
			"faces": {
				"north": {"uv": [0.25, 1.5, 0.25, 1.75], "texture": "#2"},
				"east": {"uv": [0, 1.5, 0.25, 1.75], "texture": "#2"},
				"south": {"uv": [0.5, 1.5, 0.5, 1.75], "texture": "#2"},
				"west": {"uv": [0.25, 1.5, 0.5, 1.75], "texture": "#2"},
				"up": {"uv": [0.25, 1.5, 0.25, 1.25], "texture": "#2"},
				"down": {"uv": [0.25, 1.25, 0.25, 1.5], "texture": "#2"}
			}
		},
		{
			"from": [10, 4.5, 9],
			"to": [10, 5.5, 10],
			"shade": false,
			"rotation": {"angle": 0, "axis": "y", "origin": [10, 8.5, 15]},
			"faces": {
				"north": {"uv": [0.25, 1.5, 0.25, 1.75], "texture": "#2"},
				"east": {"uv": [0.5, 1.5, 0.25, 1.75], "texture": "#2"},
				"south": {"uv": [0.5, 1.5, 0.5, 1.75], "texture": "#2"},
				"west": {"uv": [0.25, 1.5, 0, 1.75], "texture": "#2"},
				"up": {"uv": [0.25, 1.5, 0.25, 1.25], "texture": "#2"},
				"down": {"uv": [0.25, 1.25, 0.25, 1.5], "texture": "#2"}
			}
		},
		{
			"from": [6, 6.5, 9],
			"to": [6, 7.5, 10],
			"rotation": {"angle": 0, "axis": "y", "origin": [6, 10.5, 15]},
			"faces": {
				"north": {"uv": [0.25, 1.5, 0.25, 1.75], "texture": "#2"},
				"east": {"uv": [0, 1.5, 0.25, 1.75], "texture": "#2"},
				"south": {"uv": [0.5, 1.5, 0.5, 1.75], "texture": "#2"},
				"west": {"uv": [0.25, 1.5, 0.5, 1.75], "texture": "#2"},
				"up": {"uv": [0.25, 1.5, 0.25, 1.25], "texture": "#2"},
				"down": {"uv": [0.25, 1.25, 0.25, 1.5], "texture": "#2"}
			}
		},
		{
			"from": [10, 6.5, 9],
			"to": [10, 7.5, 10],
			"shade": false,
			"rotation": {"angle": 0, "axis": "y", "origin": [10, 10.5, 15]},
			"faces": {
				"north": {"uv": [0.25, 1.5, 0.25, 1.75], "texture": "#2"},
				"east": {"uv": [0.5, 1.5, 0.25, 1.75], "texture": "#2"},
				"south": {"uv": [0.5, 1.5, 0.5, 1.75], "texture": "#2"},
				"west": {"uv": [0.25, 1.5, 0, 1.75], "texture": "#2"},
				"up": {"uv": [0.25, 1.5, 0.25, 1.25], "texture": "#2"},
				"down": {"uv": [0.25, 1.25, 0.25, 1.5], "texture": "#2"}
			}
		},
		{
			"from": [6, 8.5, 9],
			"to": [6, 9.5, 10],
			"rotation": {"angle": 0, "axis": "y", "origin": [6, 12.5, 15]},
			"faces": {
				"north": {"uv": [0.25, 1.5, 0.25, 1.75], "texture": "#2"},
				"east": {"uv": [0, 1.5, 0.25, 1.75], "texture": "#2"},
				"south": {"uv": [0.5, 1.5, 0.5, 1.75], "texture": "#2"},
				"west": {"uv": [0.25, 1.5, 0.5, 1.75], "texture": "#2"},
				"up": {"uv": [0.25, 1.5, 0.25, 1.25], "texture": "#2"},
				"down": {"uv": [0.25, 1.25, 0.25, 1.5], "texture": "#2"}
			}
		},
		{
			"from": [10, 8.5, 9],
			"to": [10, 9.5, 10],
			"shade": false,
			"rotation": {"angle": 0, "axis": "y", "origin": [10, 12.5, 15]},
			"faces": {
				"north": {"uv": [0.25, 1.5, 0.25, 1.75], "texture": "#2"},
				"east": {"uv": [0.5, 1.5, 0.25, 1.75], "texture": "#2"},
				"south": {"uv": [0.5, 1.5, 0.5, 1.75], "texture": "#2"},
				"west": {"uv": [0.25, 1.5, 0, 1.75], "texture": "#2"},
				"up": {"uv": [0.25, 1.5, 0.25, 1.25], "texture": "#2"},
				"down": {"uv": [0.25, 1.25, 0.25, 1.5], "texture": "#2"}
			}
		},
		{
			"from": [6, 5.5, 9],
			"to": [10, 6.5, 10],
			"rotation": {"angle": 0, "axis": "y", "origin": [6, 9.5, 15]},
			"faces": {
				"north": {"uv": [3.75, 5.5, 4.75, 5.75], "texture": "#2"},
				"east": {"uv": [3.5, 5.5, 3.75, 5.75], "texture": "#2"},
				"south": {"uv": [5, 5.5, 6, 5.75], "texture": "#2"},
				"west": {"uv": [4.75, 5.5, 5, 5.75], "texture": "#2"},
				"up": {"uv": [4.75, 5.5, 3.75, 5.25], "texture": "#2"},
				"down": {"uv": [5.75, 5.25, 4.75, 5.5], "texture": "#2"}
			}
		},
		{
			"from": [6, 7.5, 9],
			"to": [10, 8.5, 10],
			"rotation": {"angle": 0, "axis": "y", "origin": [6, 11.5, 15]},
			"faces": {
				"north": {"uv": [3.75, 5.5, 4.75, 5.75], "texture": "#2"},
				"east": {"uv": [3.5, 5.5, 3.75, 5.75], "texture": "#2"},
				"south": {"uv": [5, 5.5, 6, 5.75], "texture": "#2"},
				"west": {"uv": [4.75, 5.5, 5, 5.75], "texture": "#2"},
				"up": {"uv": [4.75, 5.5, 3.75, 5.25], "texture": "#2"},
				"down": {"uv": [5.75, 5.25, 4.75, 5.5], "texture": "#2"}
			}
		},
		{
			"from": [6, 9.5, 9],
			"to": [10, 10.5, 10],
			"rotation": {"angle": 0, "axis": "y", "origin": [6, 13.5, 15]},
			"faces": {
				"north": {"uv": [3.75, 5.5, 4.75, 5.75], "texture": "#2"},
				"east": {"uv": [3.5, 5.5, 3.75, 5.75], "texture": "#2"},
				"south": {"uv": [5, 5.5, 6, 5.75], "texture": "#2"},
				"west": {"uv": [4.75, 5.5, 5, 5.75], "texture": "#2"},
				"up": {"uv": [4.75, 5.5, 3.75, 5.25], "texture": "#2"},
				"down": {"uv": [5.75, 5.25, 4.75, 5.5], "texture": "#2"}
			}
		},
		{
			"from": [6.5, 10, 8.5],
			"to": [9.5, 11, 9.5],
			"rotation": {"angle": 0, "axis": "y", "origin": [6.5, 14, 14.5]},
			"faces": {
				"north": {"uv": [0.25, 5, 1, 5.25], "texture": "#2"},
				"east": {"uv": [0, 5, 0.25, 5.25], "texture": "#2"},
				"south": {"uv": [1.25, 5, 2, 5.25], "texture": "#2"},
				"west": {"uv": [1, 5, 1.25, 5.25], "texture": "#2"},
				"up": {"uv": [1, 5, 0.25, 4.75], "texture": "#2"},
				"down": {"uv": [1.75, 4.75, 1, 5], "texture": "#2"}
			}
		},
		{
			"from": [4, -1, 10.5],
			"to": [8, 0, 11.5],
			"rotation": {"angle": 0, "axis": "y", "origin": [6, 7, 15.5]},
			"faces": {
				"north": {"uv": [6.25, 0.25, 7.25, 0.5], "texture": "#2"},
				"east": {"uv": [6, 0.25, 6.25, 0.5], "texture": "#2"},
				"south": {"uv": [7.5, 0.25, 8.5, 0.5], "texture": "#2"},
				"west": {"uv": [7.25, 0.25, 7.5, 0.5], "texture": "#2"},
				"up": {"uv": [7.25, 0.25, 6.25, 0], "texture": "#2"},
				"down": {"uv": [8.25, 0, 7.25, 0.25], "texture": "#2"}
			}
		},
		{
			"from": [8, -1, 10.5],
			"to": [12, 0, 11.5],
			"shade": false,
			"rotation": {"angle": 0, "axis": "y", "origin": [10, 7, 15.5]},
			"faces": {
				"north": {"uv": [7.25, 0.25, 6.25, 0.5], "texture": "#2"},
				"east": {"uv": [7.5, 0.25, 7.25, 0.5], "texture": "#2"},
				"south": {"uv": [8.5, 0.25, 7.5, 0.5], "texture": "#2"},
				"west": {"uv": [6.25, 0.25, 6, 0.5], "texture": "#2"},
				"up": {"uv": [6.25, 0.25, 7.25, 0], "texture": "#2"},
				"down": {"uv": [7.25, 0, 8.25, 0.25], "texture": "#2"}
			}
		},
		{
			"from": [3.5, -0.5, 10.5],
			"to": [4.5, 4.5, 11.5],
			"rotation": {"angle": 0, "axis": "y", "origin": [5.5, 7.5, 15.5]},
			"faces": {
				"north": {"uv": [2.25, 1.75, 2.5, 3], "texture": "#2"},
				"east": {"uv": [2, 1.75, 2.25, 3], "texture": "#2"},
				"south": {"uv": [2.75, 1.75, 3, 3], "texture": "#2"},
				"west": {"uv": [2.5, 1.75, 2.75, 3], "texture": "#2"},
				"up": {"uv": [2.5, 1.75, 2.25, 1.5], "texture": "#2"},
				"down": {"uv": [2.75, 1.5, 2.5, 1.75], "texture": "#2"}
			}
		},
		{
			"from": [11.5, -0.5, 10.5],
			"to": [12.5, 4.5, 11.5],
			"shade": false,
			"rotation": {"angle": 0, "axis": "y", "origin": [10.5, 7.5, 15.5]},
			"faces": {
				"north": {"uv": [2.5, 1.75, 2.25, 3], "texture": "#2"},
				"east": {"uv": [2.75, 1.75, 2.5, 3], "texture": "#2"},
				"south": {"uv": [3, 1.75, 2.75, 3], "texture": "#2"},
				"west": {"uv": [2.25, 1.75, 2, 3], "texture": "#2"},
				"up": {"uv": [2.25, 1.75, 2.5, 1.5], "texture": "#2"},
				"down": {"uv": [2.5, 1.5, 2.75, 1.75], "texture": "#2"}
			}
		},
		{
			"from": [4, 4.5, 10.5],
			"to": [5, 7.5, 11.5],
			"rotation": {"angle": 0, "axis": "y", "origin": [6, 12.5, 15.5]},
			"faces": {
				"north": {"uv": [0.25, 0.25, 0.5, 1], "texture": "#2"},
				"east": {"uv": [0, 0.25, 0.25, 1], "texture": "#2"},
				"south": {"uv": [0.75, 0.25, 1, 1], "texture": "#2"},
				"west": {"uv": [0.5, 0.25, 0.75, 1], "texture": "#2"},
				"up": {"uv": [0.5, 0.25, 0.25, 0], "texture": "#2"},
				"down": {"uv": [0.75, 0, 0.5, 0.25], "texture": "#2"}
			}
		},
		{
			"from": [11, 4.5, 10.5],
			"to": [12, 7.5, 11.5],
			"shade": false,
			"rotation": {"angle": 0, "axis": "y", "origin": [10, 12.5, 15.5]},
			"faces": {
				"north": {"uv": [0.5, 0.25, 0.25, 1], "texture": "#2"},
				"east": {"uv": [0.75, 0.25, 0.5, 1], "texture": "#2"},
				"south": {"uv": [1, 0.25, 0.75, 1], "texture": "#2"},
				"west": {"uv": [0.25, 0.25, 0, 1], "texture": "#2"},
				"up": {"uv": [0.25, 0.25, 0.5, 0], "texture": "#2"},
				"down": {"uv": [0.5, 0, 0.75, 0.25], "texture": "#2"}
			}
		},
		{
			"from": [4.5, 7.5, 10.5],
			"to": [11.5, 8.5, 11.5],
			"rotation": {"angle": 0, "axis": "y", "origin": [6.5, 15.5, 15.5]},
			"faces": {
				"north": {"uv": [4, 3, 5.75, 3.25], "texture": "#2"},
				"east": {"uv": [3.75, 3, 4, 3.25], "texture": "#2"},
				"south": {"uv": [6, 3, 7.75, 3.25], "texture": "#2"},
				"west": {"uv": [5.75, 3, 6, 3.25], "texture": "#2"},
				"up": {"uv": [5.75, 3, 4, 2.75], "texture": "#2"},
				"down": {"uv": [7.5, 2.75, 5.75, 3], "texture": "#2"}
			}
		},
		{
			"from": [6.5, 1, 10],
			"to": [9.5, 4, 11],
			"rotation": {"angle": 0, "axis": "y", "origin": [6.5, 8, 15]},
			"faces": {
				"north": {"uv": [0.25, 4, 1, 4.75], "texture": "#2"},
				"east": {"uv": [0, 4, 0.25, 4.75], "texture": "#2"},
				"south": {"uv": [1.25, 4, 2, 4.75], "texture": "#2"},
				"west": {"uv": [1, 4, 1.25, 4.75], "texture": "#2"},
				"up": {"uv": [1, 4, 0.25, 3.75], "texture": "#2"},
				"down": {"uv": [1.75, 3.75, 1, 4], "texture": "#2"}
			}
		},
		{
			"from": [4.5, 0, 12],
			"to": [6.5, 5, 17],
			"rotation": {"angle": 0, "axis": "y", "origin": [3.5, 8, 16]},
			"faces": {
				"north": {"uv": [6.75, 6.75, 7.25, 8], "texture": "#2"},
				"east": {"uv": [5.5, 6.75, 6.75, 8], "texture": "#2"},
				"south": {"uv": [8.5, 6.75, 9, 8], "texture": "#2"},
				"west": {"uv": [7.25, 6.75, 8.5, 8], "texture": "#2"},
				"up": {"uv": [7.25, 6.75, 6.75, 5.5], "texture": "#2"},
				"down": {"uv": [7.75, 5.5, 7.25, 6.75], "texture": "#2"}
			}
		},
		{
			"from": [9.5, 0, 11],
			"to": [10.5, 4, 18],
			"rotation": {"angle": 0, "axis": "y", "origin": [8.5, 8, 16]},
			"faces": {
				"north": {"uv": [5.5, 1.75, 5.75, 2.75], "texture": "#2"},
				"east": {"uv": [3.75, 1.75, 5.5, 2.75], "texture": "#2"},
				"south": {"uv": [7.5, 1.75, 7.75, 2.75], "texture": "#2"},
				"west": {"uv": [5.75, 1.75, 7.5, 2.75], "texture": "#2"},
				"up": {"uv": [5.75, 1.75, 5.5, 0], "texture": "#2"},
				"down": {"uv": [6, 0, 5.75, 1.75], "texture": "#2"}
			}
		},
		{
			"from": [9.5, 1, -14],
			"to": [10.5, 3, -1],
			"rotation": {"angle": 0, "axis": "y", "origin": [7.5, 8, -3]},
			"faces": {
				"north": {"uv": [3.25, 3.25, 3.5, 3.75], "texture": "#2"},
				"east": {"uv": [0, 3.25, 3.25, 3.75], "texture": "#2"},
				"south": {"uv": [6.75, 3.25, 7, 3.75], "texture": "#2"},
				"west": {"uv": [3.5, 3.25, 6.75, 3.75], "texture": "#2"},
				"up": {"uv": [3.5, 3.25, 3.25, 0], "texture": "#2"},
				"down": {"uv": [3.75, 0, 3.5, 3.25], "texture": "#2"}
			}
		},
		{
			"from": [9.5, 1, -2],
			"to": [10.5, 3, 11],
			"rotation": {"angle": 0, "axis": "y", "origin": [7.5, 8, 9]},
			"faces": {
				"north": {"uv": [3.25, 3.25, 3.5, 3.75], "texture": "#2"},
				"east": {"uv": [0, 3.25, 3.25, 3.75], "texture": "#2"},
				"south": {"uv": [6.75, 3.25, 7, 3.75], "texture": "#2"},
				"west": {"uv": [3.5, 3.25, 6.75, 3.75], "texture": "#2"},
				"up": {"uv": [3.5, 3.25, 3.25, 0], "texture": "#2"},
				"down": {"uv": [3.75, 0, 3.5, 3.25], "texture": "#2"}
			}
		},
		{
			"from": [9.5, 1.5, -15],
			"to": [10.5, 2.5, -14],
			"rotation": {"angle": 0, "axis": "y", "origin": [7.5, 8.5, -2]},
			"faces": {
				"north": {"uv": [4, 0.75, 4.25, 1], "texture": "#2"},
				"east": {"uv": [3.75, 0.75, 4, 1], "texture": "#2"},
				"south": {"uv": [4.5, 0.75, 4.75, 1], "texture": "#2"},
				"west": {"uv": [4.25, 0.75, 4.5, 1], "texture": "#2"},
				"up": {"uv": [4.25, 0.75, 4, 0.5], "texture": "#2"},
				"down": {"uv": [4.5, 0.5, 4.25, 0.75], "texture": "#2"}
			}
		},
		{
			"from": [10.5, 0.5, 11.5],
			"to": [11.5, 3.5, 14.5],
			"rotation": {"angle": 0, "axis": "y", "origin": [9.5, 8.5, 15.5]},
			"faces": {
				"north": {"uv": [0.75, 2.25, 1, 3], "texture": "#2"},
				"east": {"uv": [0, 2.25, 0.75, 3], "texture": "#2"},
				"south": {"uv": [1.75, 2.25, 2, 3], "texture": "#2"},
				"west": {"uv": [1, 2.25, 1.75, 3], "texture": "#2"},
				"up": {"uv": [1, 2.25, 0.75, 1.5], "texture": "#2"},
				"down": {"uv": [1.25, 1.5, 1, 2.25], "texture": "#2"}
			}
		},
		{
			"from": [6.5, 5, 12],
			"to": [9.5, 6, 17],
			"rotation": {"angle": 0, "axis": "y", "origin": [6.5, 13, 16]},
			"faces": {
				"north": {"uv": [4.75, 5, 5.5, 5.25], "texture": "#2"},
				"east": {"uv": [3.5, 5, 4.75, 5.25], "texture": "#2"},
				"south": {"uv": [6.75, 5, 7.5, 5.25], "texture": "#2"},
				"west": {"uv": [5.5, 5, 6.75, 5.25], "texture": "#2"},
				"up": {"uv": [5.5, 5, 4.75, 3.75], "texture": "#2"},
				"down": {"uv": [6.25, 3.75, 5.5, 5], "texture": "#2"}
			}
		},
		{
			"from": [7.5, 0, 19],
			"to": [8.5, 1, 24],
			"rotation": {"angle": 0, "axis": "y", "origin": [7.5, 8, 21]},
			"faces": {
				"north": {"uv": [1.25, 1.25, 1.5, 1.5], "texture": "#2"},
				"east": {"uv": [0, 1.25, 1.25, 1.5], "texture": "#2"},
				"south": {"uv": [2.75, 1.25, 3, 1.5], "texture": "#2"},
				"west": {"uv": [1.5, 1.25, 2.75, 1.5], "texture": "#2"},
				"up": {"uv": [1.5, 1.25, 1.25, 0], "texture": "#2"},
				"down": {"uv": [1.75, 0, 1.5, 1.25], "texture": "#2"}
			}
		},
		{
			"from": [7.5, 3.5, 19],
			"to": [8.5, 4.5, 21],
			"rotation": {"angle": 0, "axis": "y", "origin": [7.5, 11.5, 21]},
			"faces": {
				"north": {"uv": [2.25, 0.5, 2.5, 0.75], "texture": "#2"},
				"east": {"uv": [1.75, 0.5, 2.25, 0.75], "texture": "#2"},
				"south": {"uv": [3, 0.5, 3.25, 0.75], "texture": "#2"},
				"west": {"uv": [2.5, 0.5, 3, 0.75], "texture": "#2"},
				"up": {"uv": [2.5, 0.5, 2.25, 0], "texture": "#2"},
				"down": {"uv": [2.75, 0, 2.5, 0.5], "texture": "#2"}
			}
		},
		{
			"from": [7.5, 3, 21],
			"to": [8.5, 4, 22],
			"rotation": {"angle": 0, "axis": "y", "origin": [7.5, 11, 23]},
			"faces": {
				"north": {"uv": [4, 0.25, 4.25, 0.5], "texture": "#2"},
				"east": {"uv": [3.75, 0.25, 4, 0.5], "texture": "#2"},
				"south": {"uv": [4.5, 0.25, 4.75, 0.5], "texture": "#2"},
				"west": {"uv": [4.25, 0.25, 4.5, 0.5], "texture": "#2"},
				"up": {"uv": [4.25, 0.25, 4, 0], "texture": "#2"},
				"down": {"uv": [4.5, 0, 4.25, 0.25], "texture": "#2"}
			}
		},
		{
			"from": [7.5, 2.5, 22],
			"to": [8.5, 3.5, 23],
			"rotation": {"angle": 0, "axis": "y", "origin": [7.5, 10.5, 24]},
			"faces": {
				"north": {"uv": [2, 1, 2.25, 1.25], "texture": "#2"},
				"east": {"uv": [1.75, 1, 2, 1.25], "texture": "#2"},
				"south": {"uv": [2.5, 1, 2.75, 1.25], "texture": "#2"},
				"west": {"uv": [2.25, 1, 2.5, 1.25], "texture": "#2"},
				"up": {"uv": [2.25, 1, 2, 0.75], "texture": "#2"},
				"down": {"uv": [2.5, 0.75, 2.25, 1], "texture": "#2"}
			}
		},
		{
			"from": [7.5, 1, 23],
			"to": [8.5, 3, 24],
			"rotation": {"angle": 0, "axis": "y", "origin": [7.5, 10, 25]},
			"faces": {
				"north": {"uv": [3.75, 4, 4, 4.5], "texture": "#2"},
				"east": {"uv": [3.5, 4, 3.75, 4.5], "texture": "#2"},
				"south": {"uv": [4.25, 4, 4.5, 4.5], "texture": "#2"},
				"west": {"uv": [4, 4, 4.25, 4.5], "texture": "#2"},
				"up": {"uv": [4, 4, 3.75, 3.75], "texture": "#2"},
				"down": {"uv": [4.25, 3.75, 4, 4], "texture": "#2"}
			}
		},
		{
			"name": "chain",
			"from": [9.75, 0, -16],
			"to": [9.75, 4, -1],
			"rotation": {"angle": 0, "axis": "y", "origin": [7.75, 8, -3]},
			"faces": {
				"north": {"uv": [3.75, 3.75, 3.75, 4.75], "texture": "#1"},
				"east": {"uv": [0, 0, 15, 4], "texture": "#1"},
				"south": {"uv": [7.5, 3.75, 7.5, 4.75], "texture": "#1"},
				"west": {"uv": [0, 4, 15, 8], "texture": "#1"},
				"up": {"uv": [3.75, 3.75, 3.75, 0], "texture": "#1"},
				"down": {"uv": [3.75, 0, 3.75, 3.75], "texture": "#1"}
			}
		},
		{
			"name": "chain",
			"from": [9.75, 0, -4],
			"to": [9.75, 4, 11],
			"rotation": {"angle": 0, "axis": "y", "origin": [7.75, 8, 9]},
			"faces": {
				"north": {"uv": [3.75, 3.75, 3.75, 4.75], "texture": "#1"},
				"east": {"uv": [0, 0, 15, 4], "texture": "#1"},
				"south": {"uv": [7.5, 3.75, 7.5, 4.75], "texture": "#1"},
				"west": {"uv": [0, 4, 15, 8], "texture": "#1"},
				"up": {"uv": [3.75, 3.75, 3.75, 0], "texture": "#1"},
				"down": {"uv": [3.75, 0, 3.75, 3.75], "texture": "#1"}
			}
		}
	],
	"display": {
		"thirdperson_righthand": {
			"rotation": [21, 68, 94],
			"translation": [-13, -1.75, -0.25],
			"scale": [0.9, 0.9, 0.9]
		},
		"thirdperson_lefthand": {
			"rotation": [21, 68, 94],
			"translation": [-13, -1.75, -0.25],
			"scale": [0.9, 0.9, 0.9]
		},
		"firstperson_righthand": {
			"rotation": [69, 11, -27],
			"translation": [2, 7, 1.75]
		},
		"firstperson_lefthand": {
			"rotation": [69, 11, -27],
			"translation": [2, 7, 1.75]
		},
		"ground": {
			"translation": [0, 7, 2.75]
		},
		"gui": {
			"rotation": [40, 35, -9],
			"translation": [2.25, 3, 0],
			"scale": [0.8, 0.8, 0.8]
		},
		"head": {
			"translation": [0, 14.5, -8.5]
		},
		"fixed": {
			"rotation": [7, -176, 3],
			"translation": [-1.25, 33.25, -17],
			"scale": [2, 2, 2]
		}
	}
}