{
	"credit": " (C)ArtsByKev, https://youtube.com/c/artsbykev & https://twitter.com/artsbykev - Using Blockbench",
	"ambientocclusion": false,
	"texture_size": [32, 32],
	"textures": {
		"0": "artsbykev_weapons/fishing_rod_b",
		"particle": "artsbykev_weapons/fishing_rod_b"
	},
	"elements": [
		{
			"from": [7, -4, 7],
			"to": [9, -3, 9],
			"rotation": {"angle": 0, "axis": "y", "origin": [8, -4, 8]},
			"faces": {
				"north": {"uv": [7, 1, 8, 1.5], "texture": "#0"},
				"east": {"uv": [7, 1.5, 8, 2], "texture": "#0"},
				"south": {"uv": [7, 2, 8, 2.5], "texture": "#0"},
				"west": {"uv": [7, 2.5, 8, 3], "texture": "#0"},
				"up": {"uv": [7, 1, 6, 0], "texture": "#0"},
				"down": {"uv": [7, 1, 6, 2], "texture": "#0"}
			}
		},
		{
			"from": [6, -4, 4],
			"to": [7, -3, 6],
			"rotation": {"angle": 0, "axis": "y", "origin": [7, -4, 5]},
			"faces": {
				"north": {"uv": [7.5, 3, 8, 3.5], "texture": "#0"},
				"east": {"uv": [7, 6, 8, 6.5], "texture": "#0"},
				"south": {"uv": [7.5, 3.5, 8, 4], "texture": "#0"},
				"west": {"uv": [6.5, 7, 7.5, 7.5], "texture": "#0"},
				"up": {"uv": [0.5, 8.5, 0, 7.5], "texture": "#0"},
				"down": {"uv": [1, 7.5, 0.5, 8.5], "texture": "#0"}
			}
		},
		{
			"from": [7.5, 17, -12],
			"to": [8.5, 18, -11],
			"rotation": {"angle": 0, "axis": "y", "origin": [8.5, 17, -12]},
			"faces": {
				"north": {"uv": [1.5, 8.5, 1, 8], "texture": "#0"},
				"east": {"uv": [2, 8, 1.5, 8.5], "texture": "#0"},
				"south": {"uv": [1.5, 8, 1, 8.5], "texture": "#0"},
				"west": {"uv": [2, 8.5, 1.5, 8], "texture": "#0"},
				"up": {"uv": [1.5, 8.5, 1, 8], "texture": "#0"},
				"down": {"uv": [1.5, 8.5, 1, 8], "texture": "#0"}
			}
		},
		{
			"from": [3.9, -4.1, 3.9],
			"to": [6.1, -2.9, 5.1],
			"rotation": {"angle": 0, "axis": "y", "origin": [6, -4, 5]},
			"faces": {
				"north": {"uv": [7, 6.5, 8, 7], "texture": "#0"},
				"east": {"uv": [4.5, 7.5, 5, 8], "texture": "#0"},
				"south": {"uv": [1, 7.5, 2, 8], "texture": "#0"},
				"west": {"uv": [5, 7.5, 5.5, 8], "texture": "#0"},
				"up": {"uv": [3, 8, 2, 7.5], "texture": "#0"},
				"down": {"uv": [4, 7.5, 3, 8], "texture": "#0"}
			}
		},
		{
			"from": [6.8, -5.45, 4.55],
			"to": [9.2, -3.05, 6.95],
			"rotation": {"angle": 45, "axis": "x", "origin": [8, -4.25, 6.75]},
			"faces": {
				"north": {"uv": [5, 6, 6, 7], "texture": "#0"},
				"east": {"uv": [0, 6.5, 1, 7.5], "texture": "#0"},
				"south": {"uv": [5, 6, 6, 7], "texture": "#0"},
				"west": {"uv": [0, 6.5, 1, 7.5], "texture": "#0"},
				"up": {"uv": [6, 7, 5, 6], "texture": "#0"},
				"down": {"uv": [6, 6, 5, 7], "texture": "#0"}
			}
		},
		{
			"from": [7.1, -3.15, 7.1],
			"to": [8.9, 3.65, 8.9],
			"rotation": {"angle": 0, "axis": "y", "origin": [8, -3.25, 8]},
			"faces": {
				"north": {"uv": [0, 0, 1, 3.5], "texture": "#0"},
				"east": {"uv": [1, 0, 2, 3.5], "texture": "#0"},
				"south": {"uv": [2, 0, 3, 3.5], "texture": "#0"},
				"west": {"uv": [3, 0, 4, 3.5], "texture": "#0"},
				"up": {"uv": [5, 7, 4, 6], "texture": "#0"},
				"down": {"uv": [7, 4, 6, 5], "texture": "#0"}
			}
		},
		{
			"from": [7.2, 3.45, 7.2],
			"to": [8.8, 10.05, 8.8],
			"rotation": {"angle": 0, "axis": "x", "origin": [8, 3.5, 8]},
			"faces": {
				"north": {"uv": [0, 0, 1, 3.5], "texture": "#0"},
				"east": {"uv": [1, 0, 2, 3.5], "texture": "#0"},
				"south": {"uv": [2, 0, 3, 3.5], "texture": "#0"},
				"west": {"uv": [3, 0, 4, 3.5], "texture": "#0"},
				"up": {"uv": [5, 7, 4, 6], "texture": "#0"},
				"down": {"uv": [7, 4, 6, 5], "texture": "#0"}
			}
		},
		{
			"from": [7.3, 9.55, 7.3],
			"to": [8.7, 15.95, 8.7],
			"rotation": {"angle": -22.5, "axis": "x", "origin": [8, 9.5, 8]},
			"faces": {
				"north": {"uv": [0, 0, 1, 3.5], "texture": "#0"},
				"east": {"uv": [1, 0, 2, 3.5], "texture": "#0"},
				"south": {"uv": [2, 0, 3, 3.5], "texture": "#0"},
				"west": {"uv": [3, 0, 4, 3.5], "texture": "#0"},
				"up": {"uv": [5, 7, 4, 6], "texture": "#0"},
				"down": {"uv": [7, 4, 6, 5], "texture": "#0"}
			}
		},
		{
			"from": [7.4, 15.34136, 4.95166],
			"to": [8.6, 21.54136, 6.15166],
			"rotation": {"angle": -45, "axis": "x", "origin": [8, 15.5, 6]},
			"faces": {
				"north": {"uv": [0, 0, 1, 3.5], "texture": "#0"},
				"east": {"uv": [1, 0, 2, 3.5], "texture": "#0"},
				"south": {"uv": [2, 0, 3, 3.5], "texture": "#0"},
				"west": {"uv": [3, 0, 4, 3.5], "texture": "#0"},
				"up": {"uv": [5, 7, 4, 6], "texture": "#0"},
				"down": {"uv": [7, 4, 6, 5], "texture": "#0"}
			}
		},
		{
			"from": [7.5, 18.75166, -4.14136],
			"to": [8.5, 19.75166, 1.85864],
			"rotation": {"angle": 22.5, "axis": "x", "origin": [8, 19.7, 1.8]},
			"faces": {
				"north": {"uv": [5, 7, 4, 6], "rotation": 180, "texture": "#0"},
				"east": {"uv": [1, 0, 2, 3.5], "rotation": 90, "texture": "#0"},
				"south": {"uv": [7, 4, 6, 5], "texture": "#0"},
				"west": {"uv": [3, 0, 4, 3.5], "rotation": 270, "texture": "#0"},
				"up": {"uv": [2, 0, 3, 3.5], "texture": "#0"},
				"down": {"uv": [0, 0, 1, 3.5], "rotation": 180, "texture": "#0"}
			}
		},
		{
			"from": [7.5, 1.5, 6.25],
			"to": [8.5, 1.5, 7.25],
			"rotation": {"angle": 0, "axis": "y", "origin": [8, 1.5, 7.25]},
			"faces": {
				"north": {"uv": [8, 0, 8.75, 0.75], "texture": "#0"},
				"east": {"uv": [8, 0, 8.75, 0.75], "texture": "#0"},
				"south": {"uv": [8, 0, 8.75, 0.75], "texture": "#0"},
				"west": {"uv": [8, 0, 8.75, 0.75], "texture": "#0"},
				"up": {"uv": [8, 0, 8.75, 0.75], "texture": "#0"},
				"down": {"uv": [8, 0.75, 8.75, 0], "texture": "#0"}
			}
		},
		{
			"from": [7.5, 8.95, 6.25],
			"to": [8.5, 8.95, 7.25],
			"rotation": {"angle": 0, "axis": "y", "origin": [8, 8.95, 7.25]},
			"faces": {
				"north": {"uv": [8, 0, 8.75, 0.75], "texture": "#0"},
				"east": {"uv": [8, 0, 8.75, 0.75], "texture": "#0"},
				"south": {"uv": [8, 0, 8.75, 0.75], "texture": "#0"},
				"west": {"uv": [8, 0, 8.75, 0.75], "texture": "#0"},
				"up": {"uv": [8, 0, 8.75, 0.75], "texture": "#0"},
				"down": {"uv": [8, 0.75, 8.75, 0], "texture": "#0"}
			}
		},
		{
			"from": [7.5, 15.2, 3.85],
			"to": [8.5, 15.2, 4.85],
			"rotation": {"angle": -22.5, "axis": "x", "origin": [8, 15.2, 4.85]},
			"faces": {
				"north": {"uv": [8, 0, 8.75, 0.75], "texture": "#0"},
				"east": {"uv": [8, 0, 8.75, 0.75], "texture": "#0"},
				"south": {"uv": [8, 0, 8.75, 0.75], "texture": "#0"},
				"west": {"uv": [8, 0, 8.75, 0.75], "texture": "#0"},
				"up": {"uv": [8, 0, 8.75, 0.75], "texture": "#0"},
				"down": {"uv": [8, 0.75, 8.75, 0], "texture": "#0"}
			}
		},
		{
			"from": [7.5, 18.05, 0.85],
			"to": [8.5, 19.05, 0.85],
			"rotation": {"angle": 22.5, "axis": "x", "origin": [8, 19.05, 0.85]},
			"faces": {
				"north": {"uv": [8, 0, 8.75, 0.75], "rotation": 180, "texture": "#0"},
				"east": {"uv": [8, 0, 8.75, 0.75], "rotation": 90, "texture": "#0"},
				"south": {"uv": [8, 0.75, 8.75, 0], "texture": "#0"},
				"west": {"uv": [8, 0, 8.75, 0.75], "rotation": 270, "texture": "#0"},
				"up": {"uv": [8, 0, 8.75, 0.75], "texture": "#0"},
				"down": {"uv": [8, 0, 8.75, 0.75], "rotation": 180, "texture": "#0"}
			}
		},
		{
			"from": [7.5, 20.05, -3.9],
			"to": [8.5, 21.05, -3.9],
			"rotation": {"angle": 22.5, "axis": "x", "origin": [8, 21.05, -3.9]},
			"faces": {
				"north": {"uv": [8, 0, 8.75, 0.75], "rotation": 180, "texture": "#0"},
				"east": {"uv": [8, 0, 8.75, 0.75], "rotation": 90, "texture": "#0"},
				"south": {"uv": [8, 0.75, 8.75, 0], "texture": "#0"},
				"west": {"uv": [8, 0, 8.75, 0.75], "rotation": 270, "texture": "#0"},
				"up": {"uv": [8, 0, 8.75, 0.75], "texture": "#0"},
				"down": {"uv": [8, 0, 8.75, 0.75], "rotation": 180, "texture": "#0"}
			}
		},
		{
			"from": [7.1, -13.65, 7.1],
			"to": [8.9, -10.85, 8.9],
			"rotation": {"angle": 0, "axis": "y", "origin": [8, -13.75, 8]},
			"faces": {
				"north": {"uv": [5, 0, 6, 1.5], "texture": "#0"},
				"east": {"uv": [5, 1.5, 6, 3], "texture": "#0"},
				"south": {"uv": [5, 3, 6, 4.5], "texture": "#0"},
				"west": {"uv": [5, 4.5, 6, 6], "texture": "#0"},
				"up": {"uv": [4, 7.5, 3, 6.5], "texture": "#0"},
				"down": {"uv": [8, 0, 7, 1], "texture": "#0"}
			}
		},
		{
			"from": [7, -11, 7],
			"to": [9, -10, 9],
			"rotation": {"angle": 0, "axis": "y", "origin": [8, -11, 8]},
			"faces": {
				"north": {"uv": [7, 4.5, 8, 5], "texture": "#0"},
				"east": {"uv": [7, 5, 8, 5.5], "texture": "#0"},
				"south": {"uv": [5.5, 7, 6.5, 7.5], "texture": "#0"},
				"west": {"uv": [7, 5.5, 8, 6], "texture": "#0"},
				"up": {"uv": [7, 3, 6, 2], "texture": "#0"},
				"down": {"uv": [7, 3, 6, 4], "texture": "#0"}
			}
		},
		{
			"from": [7, -10, 7.5],
			"to": [9, -4, 8.5],
			"rotation": {"angle": 0, "axis": "y", "origin": [8, -5, 8.5]},
			"faces": {
				"north": {"uv": [2, 3.5, 3, 6.5], "texture": "#0"},
				"east": {"uv": [4.5, 0, 5, 3], "texture": "#0"},
				"south": {"uv": [3, 3.5, 4, 6.5], "texture": "#0"},
				"west": {"uv": [4.5, 3, 5, 6], "texture": "#0"},
				"up": {"uv": [8, 4.5, 7, 4], "texture": "#0"},
				"down": {"uv": [5.5, 7, 4.5, 7.5], "texture": "#0"}
			}
		},
		{
			"from": [7.5, -10, 7],
			"to": [8.5, -4, 9],
			"rotation": {"angle": 0, "axis": "y", "origin": [8.5, -5, 8]},
			"faces": {
				"north": {"uv": [4, 0, 4.5, 3], "texture": "#0"},
				"east": {"uv": [0, 3.5, 1, 6.5], "texture": "#0"},
				"south": {"uv": [4, 3, 4.5, 6], "texture": "#0"},
				"west": {"uv": [1, 3.5, 2, 6.5], "texture": "#0"},
				"up": {"uv": [7.5, 4, 7, 3], "texture": "#0"},
				"down": {"uv": [4.5, 7, 4, 8], "texture": "#0"}
			}
		},
		{
			"name": "line",
			"from": [7.85, -3.75, 5],
			"to": [8.1, 1.75, 5.25],
			"rotation": {"angle": 22.5, "axis": "x", "origin": [8.1, -2.5, 5.25]},
			"faces": {
				"north": {"uv": [6.5, 7.5, 6.75, 7.75], "texture": "#0"},
				"east": {"uv": [6.5, 7.5, 6.75, 7.75], "texture": "#0"},
				"south": {"uv": [6.5, 7.5, 6.75, 7.75], "texture": "#0"},
				"west": {"uv": [6.5, 7.5, 6.75, 7.75], "texture": "#0"},
				"up": {"uv": [6.5, 7.5, 6.75, 7.75], "texture": "#0"},
				"down": {"uv": [6.5, 7.5, 6.75, 7.75], "texture": "#0"}
			}
		},
		{
			"name": "line",
			"from": [7.85, 1.45, 6.6],
			"to": [8.1, 8.95, 6.85],
			"rotation": {"angle": 0, "axis": "x", "origin": [8.1, 1.5, 6.85]},
			"faces": {
				"north": {"uv": [6.5, 7.5, 6.75, 7.75], "texture": "#0"},
				"east": {"uv": [6.5, 7.5, 6.75, 7.75], "texture": "#0"},
				"south": {"uv": [6.5, 7.5, 6.75, 7.75], "texture": "#0"},
				"west": {"uv": [6.5, 7.5, 6.75, 7.75], "texture": "#0"},
				"up": {"uv": [6.5, 7.5, 6.75, 7.75], "texture": "#0"},
				"down": {"uv": [6.5, 7.5, 6.75, 7.75], "texture": "#0"}
			}
		},
		{
			"name": "line",
			"from": [7.85, 20.5, -11.6],
			"to": [8.1, 20.75, -4.1],
			"rotation": {"angle": -22.5, "axis": "x", "origin": [8.1, 20.5, -4.05]},
			"faces": {
				"north": {"uv": [6.5, 7.5, 6.75, 7.75], "rotation": 180, "texture": "#0"},
				"east": {"uv": [6.5, 7.5, 6.75, 7.75], "rotation": 270, "texture": "#0"},
				"south": {"uv": [6.5, 7.5, 6.75, 7.75], "texture": "#0"},
				"west": {"uv": [6.5, 7.5, 6.75, 7.75], "rotation": 90, "texture": "#0"},
				"up": {"uv": [6.5, 7.5, 6.75, 7.75], "rotation": 180, "texture": "#0"},
				"down": {"uv": [6.5, 7.5, 6.75, 7.75], "texture": "#0"}
			}
		},
		{
			"name": "line",
			"from": [7.85, 19, -13.6],
			"to": [8.1, 19.25, -12.1],
			"rotation": {"angle": -22.5, "axis": "x", "origin": [8.1, 19, -7.05]},
			"faces": {
				"north": {"uv": [6.75, 7.5, 7, 7.75], "rotation": 90, "texture": "#0"},
				"east": {"uv": [6.75, 7.5, 7, 7.75], "rotation": 90, "texture": "#0"},
				"south": {"uv": [6.75, 7.5, 7, 7.75], "rotation": 90, "texture": "#0"},
				"west": {"uv": [6.75, 7.5, 7, 7.75], "rotation": 90, "texture": "#0"},
				"up": {"uv": [6.75, 7.5, 7, 7.75], "rotation": 90, "texture": "#0"},
				"down": {"uv": [6.75, 7.5, 7, 7.75], "rotation": 90, "texture": "#0"}
			}
		},
		{
			"name": "line",
			"from": [7.85, 16.58476, -13.23434],
			"to": [8.1, 17.33476, -12.98434],
			"rotation": {"angle": 22.5, "axis": "x", "origin": [8.1, 16.75, -13.05]},
			"faces": {
				"north": {"uv": [6.75, 7.5, 7, 7.75], "texture": "#0"},
				"east": {"uv": [6.75, 7.5, 7, 7.75], "texture": "#0"},
				"south": {"uv": [6.75, 7.5, 7, 7.75], "texture": "#0"},
				"west": {"uv": [6.75, 7.5, 7, 7.75], "texture": "#0"},
				"up": {"uv": [6.75, 7.5, 7, 7.75], "texture": "#0"},
				"down": {"uv": [6.75, 7.5, 7, 7.75], "texture": "#0"}
			}
		},
		{
			"name": "line",
			"from": [7.85, 8.95, 6.6],
			"to": [8.1, 15.45, 6.85],
			"rotation": {"angle": -22.5, "axis": "x", "origin": [8.1, 9, 6.85]},
			"faces": {
				"north": {"uv": [6.5, 7.5, 6.75, 7.75], "texture": "#0"},
				"east": {"uv": [6.5, 7.5, 6.75, 7.75], "texture": "#0"},
				"south": {"uv": [6.5, 7.5, 6.75, 7.75], "texture": "#0"},
				"west": {"uv": [6.5, 7.5, 6.75, 7.75], "texture": "#0"},
				"up": {"uv": [6.5, 7.5, 6.75, 7.75], "texture": "#0"},
				"down": {"uv": [6.5, 7.5, 6.75, 7.75], "texture": "#0"}
			}
		},
		{
			"name": "line",
			"from": [7.85, 14.95, 4.1],
			"to": [8.1, 20.2, 4.35],
			"rotation": {"angle": -45, "axis": "x", "origin": [8.1, 15, 4.35]},
			"faces": {
				"north": {"uv": [6.5, 7.5, 6.75, 7.75], "texture": "#0"},
				"east": {"uv": [6.5, 7.5, 6.75, 7.75], "texture": "#0"},
				"south": {"uv": [6.5, 7.5, 6.75, 7.75], "texture": "#0"},
				"west": {"uv": [6.5, 7.5, 6.75, 7.75], "texture": "#0"},
				"up": {"uv": [6.5, 7.5, 6.75, 7.75], "texture": "#0"},
				"down": {"uv": [6.5, 7.5, 6.75, 7.75], "texture": "#0"}
			}
		},
		{
			"name": "line",
			"from": [7.85, 18.45, -4.575],
			"to": [8.1, 18.7, 0.675],
			"rotation": {"angle": 22.5, "axis": "x", "origin": [8.1, 18.7, 0.625]},
			"faces": {
				"north": {"uv": [6.5, 7.5, 6.75, 7.75], "rotation": 180, "texture": "#0"},
				"east": {"uv": [6.5, 7.5, 6.75, 7.75], "rotation": 90, "texture": "#0"},
				"south": {"uv": [6.5, 7.5, 6.75, 7.75], "texture": "#0"},
				"west": {"uv": [6.5, 7.5, 6.75, 7.75], "rotation": 270, "texture": "#0"},
				"up": {"uv": [6.5, 7.5, 6.75, 7.75], "texture": "#0"},
				"down": {"uv": [6.5, 7.5, 6.75, 7.75], "rotation": 180, "texture": "#0"}
			}
		}
	],
	"display": {
		"thirdperson_righthand": {
			"translation": [-0.5, 12.5, 0.75]
		},
		"thirdperson_lefthand": {
			"translation": [-0.5, 12.5, 0.75]
		},
		"firstperson_righthand": {
			"rotation": [-52, 0, 0],
			"translation": [0, 10.75, -6.25]
		},
		"firstperson_lefthand": {
			"rotation": [-52, 0, 0],
			"translation": [0, 10.75, -6.25]
		},
		"ground": {
			"rotation": [-65, 0, 0],
			"translation": [0, 5.5, 0],
			"scale": [0.5, 0.5, 0.5]
		},
		"gui": {
			"rotation": [-34, 41, 29],
			"translation": [2.5, 3.5, 0],
			"scale": [0.6, 0.6, 0.6]
		},
		"head": {
			"rotation": [-83, 31, 86],
			"translation": [-3, -8.25, 5]
		},
		"fixed": {
			"rotation": [0, -90, 0],
			"translation": [0, 1.75, -2]
		}
	}
}