{
	"credit": " (C)ArtsByKev, https://youtube.com/c/artsbykev & https://twitter.com/artsbykev - Using Blockbench",
	"ambientocclusion": false,
	"texture_size": [32, 32],
	"textures": {
		"0": "artsbykev_weapons/hotdog_on_a_stick"
	},
	"elements": [
		{
			"from": [8, 8, 8],
			"to": [9, 8.5, 19],
			"rotation": {"angle": 0, "axis": "y", "origin": [8, 8, 18]},
			"faces": {
				"north": {"uv": [7, 6.5, 7.5, 6.75], "texture": "#0"},
				"east": {"uv": [2, 2, 7.5, 2.25], "texture": "#0"},
				"south": {"uv": [7, 7, 7.5, 7.25], "texture": "#0"},
				"west": {"uv": [2, 2.5, 7.5, 2.75], "texture": "#0"},
				"up": {"uv": [0.5, 5.5, 0, 0], "texture": "#0"},
				"down": {"uv": [1, 0, 0.5, 5.5], "texture": "#0"}
			}
		},
		{
			"from": [7.9, 7.75, 2],
			"to": [8.9, 8.25, 8],
			"rotation": {"angle": 0, "axis": "x", "origin": [8.4, 7.5, 8]},
			"faces": {
				"north": {"uv": [7.5, 1.5, 8, 1.75], "texture": "#0"},
				"east": {"uv": [4, 4, 7, 4.25], "texture": "#0"},
				"south": {"uv": [7.5, 2, 8, 2.25], "texture": "#0"},
				"west": {"uv": [4, 4.5, 7, 4.75], "texture": "#0"},
				"up": {"uv": [1.5, 5, 1, 2], "texture": "#0"},
				"down": {"uv": [2, 2, 1.5, 5], "texture": "#0"}
			}
		},
		{
			"from": [8, 7.75, -1],
			"to": [9, 8.25, 2],
			"rotation": {"angle": 0, "axis": "x", "origin": [8.5, 7.5, 2]},
			"faces": {
				"north": {"uv": [7.5, 3, 8, 3.25], "texture": "#0"},
				"east": {"uv": [3, 7, 4.5, 7.25], "texture": "#0"},
				"south": {"uv": [3.5, 7.5, 4, 7.75], "texture": "#0"},
				"west": {"uv": [7, 4, 8.5, 4.25], "texture": "#0"},
				"up": {"uv": [2, 6.5, 1.5, 5], "texture": "#0"},
				"down": {"uv": [4.5, 5.5, 4, 7], "texture": "#0"}
			}
		},
		{
			"from": [8.5, 7.75, -5],
			"to": [9, 8.25, -1],
			"rotation": {"angle": -22.5, "axis": "y", "origin": [8.5, 7.5, -1]},
			"faces": {
				"north": {"uv": [7.5, 3.5, 7.75, 3.75], "texture": "#0"},
				"east": {"uv": [5.5, 3, 7.5, 3.25], "texture": "#0"},
				"south": {"uv": [4, 7.5, 4.25, 7.75], "texture": "#0"},
				"west": {"uv": [5.5, 3.5, 7.5, 3.75], "texture": "#0"},
				"up": {"uv": [4.75, 7.5, 4.5, 5.5], "texture": "#0"},
				"down": {"uv": [5.25, 5.5, 5, 7.5], "texture": "#0"}
			}
		},
		{
			"from": [8, 7.75, -5],
			"to": [8.5, 8.25, -1],
			"rotation": {"angle": 22.5, "axis": "y", "origin": [8.5, 7.5, -1]},
			"faces": {
				"north": {"uv": [4.5, 7.5, 4.75, 7.75], "texture": "#0"},
				"east": {"uv": [5.5, 5, 7.5, 5.25], "texture": "#0"},
				"south": {"uv": [7.5, 4.5, 7.75, 4.75], "texture": "#0"},
				"west": {"uv": [5.5, 5.5, 7.5, 5.75], "texture": "#0"},
				"up": {"uv": [0.25, 8, 0, 6], "texture": "#0"},
				"down": {"uv": [0.75, 6, 0.5, 8], "texture": "#0"}
			}
		},
		{
			"from": [8.25, 7.75, 8],
			"to": [8.75, 8.75, 19],
			"rotation": {"angle": 0, "axis": "y", "origin": [8.25, 7.75, 18]},
			"faces": {
				"north": {"uv": [7.5, 0, 7.75, 0.5], "texture": "#0"},
				"east": {"uv": [1, 0, 6.5, 0.5], "texture": "#0"},
				"south": {"uv": [7.5, 0.5, 7.75, 1], "texture": "#0"},
				"west": {"uv": [1, 0.5, 6.5, 1], "texture": "#0"},
				"up": {"uv": [2.25, 8.5, 2, 3], "texture": "#0"},
				"down": {"uv": [2.75, 3, 2.5, 8.5], "texture": "#0"}
			}
		},
		{
			"from": [8.15, 7.5, 2],
			"to": [8.65, 8.5, 8],
			"rotation": {"angle": 0, "axis": "x", "origin": [8.4, 7.5, 8]},
			"faces": {
				"north": {"uv": [7.5, 1, 7.75, 1.5], "texture": "#0"},
				"east": {"uv": [1, 1, 4, 1.5], "texture": "#0"},
				"south": {"uv": [1.5, 7.5, 1.75, 8], "texture": "#0"},
				"west": {"uv": [1, 1.5, 4, 2], "texture": "#0"},
				"up": {"uv": [3.25, 7, 3, 4], "texture": "#0"},
				"down": {"uv": [3.75, 4, 3.5, 7], "texture": "#0"}
			}
		},
		{
			"from": [8.25, 7.5, -1],
			"to": [8.75, 8.5, 2],
			"rotation": {"angle": 0, "axis": "x", "origin": [8.5, 7.5, 2]},
			"faces": {
				"north": {"uv": [7.5, 2.5, 7.75, 3], "texture": "#0"},
				"east": {"uv": [4, 5, 5.5, 5.5], "texture": "#0"},
				"south": {"uv": [3, 7.5, 3.25, 8], "texture": "#0"},
				"west": {"uv": [0, 5.5, 1.5, 6], "texture": "#0"},
				"up": {"uv": [6.75, 8, 6.5, 6.5], "texture": "#0"},
				"down": {"uv": [1.25, 7, 1, 8.5], "texture": "#0"}
			}
		},
		{
			"from": [6, 7.5, -4.25],
			"to": [11, 8.5, -3.25],
			"rotation": {"angle": 0, "axis": "y", "origin": [8, 7.5, -4.25]},
			"faces": {
				"north": {"uv": [3, 3, 5.5, 3.5], "texture": "#0"},
				"east": {"uv": [1, 5, 1.5, 5.5], "texture": "#0"},
				"south": {"uv": [3, 3.5, 5.5, 4], "texture": "#0"},
				"west": {"uv": [1, 6, 1.5, 6.5], "texture": "#0"},
				"up": {"uv": [6.5, 1.5, 4, 1], "texture": "#0"},
				"down": {"uv": [6.5, 1.5, 4, 2], "texture": "#0"}
			}
		},
		{
			"from": [4.01, 7.51, -4.24],
			"to": [5.99, 8.49, -3.26],
			"rotation": {"angle": -22.5, "axis": "z", "origin": [6, 7.5, -4.25]},
			"faces": {
				"north": {"uv": [5.5, 6, 6.5, 6.5], "texture": "#0"},
				"east": {"uv": [1.5, 7, 2, 7.5], "texture": "#0"},
				"south": {"uv": [6.5, 0, 7.5, 0.5], "texture": "#0"},
				"west": {"uv": [7, 4.5, 7.5, 5], "texture": "#0"},
				"up": {"uv": [7.5, 1, 6.5, 0.5], "texture": "#0"},
				"down": {"uv": [2, 6.5, 1, 7], "texture": "#0"}
			}
		},
		{
			"from": [11.01, 7.51, -4.24],
			"to": [12.99, 8.49, -3.26],
			"rotation": {"angle": 22.5, "axis": "z", "origin": [11, 7.5, -4.25]},
			"faces": {
				"north": {"uv": [6.5, 1, 7.5, 1.5], "texture": "#0"},
				"east": {"uv": [5.5, 7, 6, 7.5], "texture": "#0"},
				"south": {"uv": [6.5, 1.5, 7.5, 2], "texture": "#0"},
				"west": {"uv": [6, 7, 6.5, 7.5], "texture": "#0"},
				"up": {"uv": [6.5, 7, 5.5, 6.5], "texture": "#0"},
				"down": {"uv": [7.5, 6, 6.5, 6.5], "texture": "#0"}
			}
		}
	],
	"display": {
		"thirdperson_righthand": {
			"rotation": [56, 0, 0],
			"translation": [-1.25, 2.5, -1.75]
		},
		"thirdperson_lefthand": {
			"rotation": [56, 0, 0],
			"translation": [-1.25, 2.5, -1.75]
		},
		"firstperson_righthand": {
			"rotation": [61, -6, 30]
		},
		"firstperson_lefthand": {
			"rotation": [61, -6, 30]
		},
		"ground": {
			"translation": [0, 1.25, 0],
			"scale": [0.6, 0.6, 0.6]
		},
		"gui": {
			"rotation": [38, -29, 7],
			"translation": [-2, -1.25, 0]
		},
		"head": {
			"rotation": [0, -41, 0],
			"translation": [-2.75, 7.5, -0.5],
			"scale": [2, 2, 2]
		},
		"fixed": {
			"rotation": [-90, 0, 0],
			"translation": [0, 0, -1.75],
			"scale": [1.2, 1.2, 1.2]
		}
	}
}