{
	"credit": "Made by ArtsByKev - Minecraft Content Creator: https://www.youtube.com/c/artsbykev - Tweet at: https://www.twitter.com/artsbykev",
	"parent": "karambit",
	"texture_size": [32, 32],
	"textures": {
		"0": "artsbykev_weapons/karambit",
		"particle": "artsbykev_weapons/karambit"
	},
	"elements": [
		{
			"from": [8, 0, 13],
			"to": [8, 3, 16],
			"rotation": {"angle": 0, "axis": "y", "origin": [8, 8, 8]},
			"faces": {
				"north": {"uv": [1.5, 1.5, 1.5, 3], "texture": "#0"},
				"east": {"uv": [0, 1.5, 1.5, 3], "texture": "#0"},
				"south": {"uv": [3, 1.5, 3, 3], "texture": "#0"},
				"west": {"uv": [1.5, 1.5, 3, 3], "texture": "#0"},
				"up": {"uv": [1.5, 1.5, 1.5, 0], "texture": "#0"},
				"down": {"uv": [1.5, 0, 1.5, 1.5], "texture": "#0"}
			}
		},
		{
			"from": [7.5, 2, 12],
			"to": [8.5, 5, 13],
			"rotation": {"angle": 0, "axis": "y", "origin": [8.5, 8, 8]},
			"faces": {
				"north": {"uv": [7.5, 3, 8, 4.5], "texture": "#0"},
				"east": {"uv": [7, 3, 7.5, 4.5], "texture": "#0"},
				"south": {"uv": [8.5, 3, 9, 4.5], "texture": "#0"},
				"west": {"uv": [8, 3, 8.5, 4.5], "texture": "#0"},
				"up": {"uv": [8, 3, 7.5, 2.5], "texture": "#0"},
				"down": {"uv": [8.5, 2.5, 8, 3], "texture": "#0"}
			}
		},
		{
			"from": [7.5, 3, 10],
			"to": [8.5, 6, 12],
			"rotation": {"angle": 0, "axis": "y", "origin": [8.5, 9, 7]},
			"faces": {
				"north": {"uv": [7, 1, 7.5, 2.5], "texture": "#0"},
				"east": {"uv": [6, 1, 7, 2.5], "texture": "#0"},
				"south": {"uv": [8.5, 1, 9, 2.5], "texture": "#0"},
				"west": {"uv": [7.5, 1, 8.5, 2.5], "texture": "#0"},
				"up": {"uv": [7.5, 1, 7, 0], "texture": "#0"},
				"down": {"uv": [8, 0, 7.5, 1], "texture": "#0"}
			}
		},
		{
			"from": [7.5, 4, 8],
			"to": [8.5, 7, 10],
			"rotation": {"angle": 0, "axis": "y", "origin": [8.5, 10, 5]},
			"faces": {
				"north": {"uv": [4, 1, 4.5, 2.5], "texture": "#0"},
				"east": {"uv": [3, 1, 4, 2.5], "texture": "#0"},
				"south": {"uv": [5.5, 1, 6, 2.5], "texture": "#0"},
				"west": {"uv": [4.5, 1, 5.5, 2.5], "texture": "#0"},
				"up": {"uv": [4.5, 1, 4, 0], "texture": "#0"},
				"down": {"uv": [5, 0, 4.5, 1], "texture": "#0"}
			}
		},
		{
			"from": [7.5, 3, 7],
			"to": [8.5, 8, 8],
			"rotation": {"angle": 0, "axis": "y", "origin": [8.5, 11, 3]},
			"faces": {
				"north": {"uv": [7, 7.5, 7.5, 10], "texture": "#0"},
				"east": {"uv": [6.5, 7.5, 7, 10], "texture": "#0"},
				"south": {"uv": [8, 7.5, 8.5, 10], "texture": "#0"},
				"west": {"uv": [7.5, 7.5, 8, 10], "texture": "#0"},
				"up": {"uv": [7.5, 7.5, 7, 7], "texture": "#0"},
				"down": {"uv": [8, 7, 7.5, 7.5], "texture": "#0"}
			}
		},
		{
			"from": [8, 0, 0],
			"to": [8, 8, 7],
			"rotation": {"angle": 0, "axis": "y", "origin": [9, 11, 2]},
			"faces": {
				"north": {"uv": [3.5, 3.5, 3.5, 7.5], "texture": "#0"},
				"east": {"uv": [0, 3.5, 3.5, 7.5], "texture": "#0"},
				"south": {"uv": [7, 3.5, 7, 7.5], "texture": "#0"},
				"west": {"uv": [3.5, 3.5, 7, 7.5], "texture": "#0"},
				"up": {"uv": [3.5, 3.5, 3.5, 0], "texture": "#0"},
				"down": {"uv": [3.5, 0, 3.5, 3.5], "texture": "#0"}
			}
		},
		{
			"from": [7.5, 3, 13],
			"to": [8.5, 4, 14],
			"rotation": {"angle": 0, "axis": "y", "origin": [8.5, 8, 9]},
			"faces": {
				"north": {"uv": [0.5, 0.5, 1, 1], "texture": "#0"},
				"east": {"uv": [0, 0.5, 0.5, 1], "texture": "#0"},
				"south": {"uv": [1.5, 0.5, 2, 1], "texture": "#0"},
				"west": {"uv": [1, 0.5, 1.5, 1], "texture": "#0"},
				"up": {"uv": [1, 0.5, 0.5, 0], "texture": "#0"},
				"down": {"uv": [1.5, 0, 1, 0.5], "texture": "#0"}
			}
		}
	],
	"display": {
		"thirdperson_righthand": {
			"rotation": [157.75, -165, 52.75],
			"translation": [1, -1.75, -0.25],
			"scale": [0.5, 0.5, 0.5]
		},
		"thirdperson_lefthand": {
			"rotation": [157.75, -165, 52.75],
			"translation": [1, -1.75, -0.25],
			"scale": [0.5, 0.5, 0.5]
		},
		"firstperson_righthand": {
			"rotation": [-33.25, 28, 151.25],
			"translation": [1.25, -1.25, 1.25]
		},
		"firstperson_lefthand": {
			"rotation": [-33.25, 28, 151.25],
			"translation": [1.25, -1.25, 1.25]
		},
		"ground": {
			"rotation": [134, 0, 0],
			"translation": [0, 0.5, 0],
			"scale": [0.5, 0.5, 0.5]
		},
		"gui": {
			"rotation": [89.75, 54.5, -111.5],
			"translation": [3.75, 4.25, 0]
		},
		"head": {
			"rotation": [-33.75, 157, 0],
			"translation": [2, 3.75, -12.75]
		},
		"fixed": {
			"rotation": [0, 90, 0],
			"translation": [0.25, 3.5, -0.75]
		}
	}
}