{
	"credit": "Made by ArtsByKev - Minecraft Content Creator: https://www.youtube.com/c/artsbykev - Tweet at: https://www.twitter.com/artsbykev",
	"texture_size": [32, 32],
	"textures": {
		"0": "artsbykev_weapons/epicsson",
		"particle": "artsbykev_weapons/epicsson"
	},
	"elements": [
		{
			"from": [7, 0.25, 1.75],
			"to": [9, 1.25, 9.75],
			"rotation": {"angle": 0, "axis": "y", "origin": [8, 0, 1.5]},
			"faces": {
				"north": {"uv": [9.5, 8, 10.5, 8.5], "texture": "#0"},
				"east": {"uv": [8.5, 4, 12.5, 4.5], "texture": "#0"},
				"south": {"uv": [9, 9.5, 10, 10], "texture": "#0"},
				"west": {"uv": [8.5, 4.5, 12.5, 5], "texture": "#0"},
				"up": {"uv": [1, 9, 0, 5], "texture": "#0"},
				"down": {"uv": [2, 5, 1, 9], "texture": "#0"}
			}
		},
		{
			"from": [7, 1.25, 4.75],
			"to": [9, 3.25, 9.75],
			"rotation": {"angle": 0, "axis": "y", "origin": [8, 1, 1.5]},
			"faces": {
				"north": {"uv": [6, 9.5, 7, 10.5], "texture": "#0"},
				"east": {"uv": [2, 7.5, 4.5, 8.5], "texture": "#0"},
				"south": {"uv": [9.5, 7, 10.5, 8], "texture": "#0"},
				"west": {"uv": [7.5, 3, 10, 4], "texture": "#0"},
				"up": {"uv": [8.5, 6.5, 7.5, 4], "texture": "#0"},
				"down": {"uv": [8.5, 6.5, 7.5, 9], "texture": "#0"}
			}
		},
		{
			"from": [6, 0.25, 2.75],
			"to": [8, 2.25, 4.75],
			"rotation": {"angle": 0, "axis": "y", "origin": [8, -0.25, -12.5]},
			"faces": {
				"north": {"uv": [0, 9, 1, 10], "texture": "#0"},
				"east": {"uv": [1, 9, 2, 10], "texture": "#0"},
				"south": {"uv": [7.5, 9, 8.5, 10], "texture": "#0"},
				"west": {"uv": [9, 8.5, 10, 9.5], "texture": "#0"},
				"up": {"uv": [10.5, 1, 9.5, 0], "texture": "#0"},
				"down": {"uv": [10.5, 1, 9.5, 2], "texture": "#0"}
			}
		},
		{
			"from": [8, 0.25, 2.75],
			"to": [10, 2.25, 4.75],
			"rotation": {"angle": 0, "axis": "y", "origin": [8, -0.25, -12.5]},
			"faces": {
				"north": {"uv": [0, 9, 1, 10], "texture": "#0"},
				"east": {"uv": [1, 9, 2, 10], "texture": "#0"},
				"south": {"uv": [7.5, 9, 8.5, 10], "texture": "#0"},
				"west": {"uv": [9, 8.5, 10, 9.5], "texture": "#0"},
				"up": {"uv": [10.5, 1, 9.5, 0], "texture": "#0"},
				"down": {"uv": [10.5, 1, 9.5, 2], "texture": "#0"}
			}
		},
		{
			"from": [7, 2.25, 2.75],
			"to": [9, 4.25, 4.75],
			"rotation": {"angle": 0, "axis": "y", "origin": [8, -0.25, -12.5]},
			"faces": {
				"north": {"uv": [0, 9, 1, 10], "texture": "#0"},
				"east": {"uv": [1, 9, 2, 10], "texture": "#0"},
				"south": {"uv": [7.5, 9, 8.5, 10], "texture": "#0"},
				"west": {"uv": [9, 8.5, 10, 9.5], "texture": "#0"},
				"up": {"uv": [10.5, 1, 9.5, 0], "texture": "#0"},
				"down": {"uv": [10.5, 1, 9.5, 2], "texture": "#0"}
			}
		},
		{
			"from": [6, 0.25, -2.25],
			"to": [8, 2.25, -0.25],
			"rotation": {"angle": 0, "axis": "y", "origin": [8, -0.25, -12.5]},
			"faces": {
				"north": {"uv": [0, 9, 1, 10], "texture": "#0"},
				"east": {"uv": [1, 9, 2, 10], "texture": "#0"},
				"south": {"uv": [7.5, 9, 8.5, 10], "texture": "#0"},
				"west": {"uv": [9, 8.5, 10, 9.5], "texture": "#0"},
				"up": {"uv": [10.5, 1, 9.5, 0], "texture": "#0"},
				"down": {"uv": [10.5, 1, 9.5, 2], "texture": "#0"}
			}
		},
		{
			"from": [8, 0.25, -2.25],
			"to": [10, 2.25, -0.25],
			"rotation": {"angle": 0, "axis": "y", "origin": [8, -0.25, -12.5]},
			"faces": {
				"north": {"uv": [0, 9, 1, 10], "texture": "#0"},
				"east": {"uv": [1, 9, 2, 10], "texture": "#0"},
				"south": {"uv": [7.5, 9, 8.5, 10], "texture": "#0"},
				"west": {"uv": [9, 8.5, 10, 9.5], "texture": "#0"},
				"up": {"uv": [10.5, 1, 9.5, 0], "texture": "#0"},
				"down": {"uv": [10.5, 1, 9.5, 2], "texture": "#0"}
			}
		},
		{
			"from": [7, 2.25, -2.25],
			"to": [9, 4.25, -0.25],
			"rotation": {"angle": 0, "axis": "y", "origin": [8, -0.25, -12.5]},
			"faces": {
				"north": {"uv": [0, 9, 1, 10], "texture": "#0"},
				"east": {"uv": [1, 9, 2, 10], "texture": "#0"},
				"south": {"uv": [7.5, 9, 8.5, 10], "texture": "#0"},
				"west": {"uv": [9, 8.5, 10, 9.5], "texture": "#0"},
				"up": {"uv": [10.5, 1, 9.5, 0], "texture": "#0"},
				"down": {"uv": [10.5, 1, 9.5, 2], "texture": "#0"}
			}
		},
		{
			"from": [7.75, 4.25, -1.75],
			"to": [8.25, 5.25, -0.25],
			"rotation": {"angle": 0, "axis": "y", "origin": [8.75, 1.75, -12.5]},
			"faces": {
				"north": {"uv": [6, 10.5, 6.25, 11], "texture": "#0"},
				"east": {"uv": [9.5, 10, 10.25, 10.5], "texture": "#0"},
				"south": {"uv": [10.5, 6, 10.75, 6.5], "texture": "#0"},
				"west": {"uv": [10, 9.5, 10.75, 10], "texture": "#0"},
				"up": {"uv": [1.25, 11.25, 1, 10.5], "texture": "#0"},
				"down": {"uv": [10.75, 1, 10.5, 1.75], "texture": "#0"}
			}
		},
		{
			"from": [7.25, 4.25, 2.75],
			"to": [7.75, 4.75, 4.25],
			"rotation": {"angle": 0, "axis": "y", "origin": [8.25, 2, 2.5]},
			"faces": {
				"north": {"uv": [6.5, 10.5, 6.75, 10.75], "texture": "#0"},
				"east": {"uv": [3, 10.5, 3.75, 10.75], "texture": "#0"},
				"south": {"uv": [10.5, 6.5, 10.75, 6.75], "texture": "#0"},
				"west": {"uv": [4, 10.5, 4.75, 10.75], "texture": "#0"},
				"up": {"uv": [1.75, 11.25, 1.5, 10.5], "texture": "#0"},
				"down": {"uv": [10.75, 5, 10.5, 5.75], "texture": "#0"}
			}
		},
		{
			"from": [8.25, 4.25, 2.75],
			"to": [8.75, 4.75, 4.25],
			"rotation": {"angle": 0, "axis": "y", "origin": [7.75, 2, 2.5]},
			"faces": {
				"north": {"uv": [6.75, 10.5, 6.5, 10.75], "texture": "#0"},
				"east": {"uv": [4.75, 10.5, 4, 10.75], "texture": "#0"},
				"south": {"uv": [10.75, 6.5, 10.5, 6.75], "texture": "#0"},
				"west": {"uv": [3.75, 10.5, 3, 10.75], "texture": "#0"},
				"up": {"uv": [1.5, 11.25, 1.75, 10.5], "texture": "#0"},
				"down": {"uv": [10.5, 5, 10.75, 5.75], "texture": "#0"}
			}
		},
		{
			"from": [6, 0.75, -0.25],
			"to": [8, 1.75, 0.75],
			"rotation": {"angle": 0, "axis": "y", "origin": [8, 0.25, -15.5]},
			"faces": {
				"north": {"uv": [3, 10, 4, 10.5], "texture": "#0"},
				"east": {"uv": [0, 10.5, 0.5, 11], "texture": "#0"},
				"south": {"uv": [10, 3, 11, 3.5], "texture": "#0"},
				"west": {"uv": [10.5, 0, 11, 0.5], "texture": "#0"},
				"up": {"uv": [11, 4, 10, 3.5], "texture": "#0"},
				"down": {"uv": [5, 10, 4, 10.5], "texture": "#0"}
			}
		},
		{
			"from": [8, 0.75, -0.25],
			"to": [10, 1.75, 0.75],
			"rotation": {"angle": 0, "axis": "y", "origin": [8, 0.25, -15.5]},
			"faces": {
				"north": {"uv": [3, 10, 4, 10.5], "texture": "#0"},
				"east": {"uv": [0, 10.5, 0.5, 11], "texture": "#0"},
				"south": {"uv": [10, 3, 11, 3.5], "texture": "#0"},
				"west": {"uv": [10.5, 0, 11, 0.5], "texture": "#0"},
				"up": {"uv": [11, 4, 10, 3.5], "texture": "#0"},
				"down": {"uv": [5, 10, 4, 10.5], "texture": "#0"}
			}
		},
		{
			"from": [7, 2.75, -0.25],
			"to": [9, 3.75, 0.75],
			"rotation": {"angle": 0, "axis": "y", "origin": [8, 0.25, -15.5]},
			"faces": {
				"north": {"uv": [3, 10, 4, 10.5], "texture": "#0"},
				"east": {"uv": [0, 10.5, 0.5, 11], "texture": "#0"},
				"south": {"uv": [10, 3, 11, 3.5], "texture": "#0"},
				"west": {"uv": [10.5, 0, 11, 0.5], "texture": "#0"},
				"up": {"uv": [11, 4, 10, 3.5], "texture": "#0"},
				"down": {"uv": [5, 10, 4, 10.5], "texture": "#0"}
			}
		},
		{
			"from": [6, 0.75, 0.75],
			"to": [8, 1.75, 1.75],
			"rotation": {"angle": 0, "axis": "y", "origin": [8, 0.25, -15.5]},
			"faces": {
				"north": {"uv": [3, 10, 4, 10.5], "texture": "#0"},
				"east": {"uv": [0, 10.5, 0.5, 11], "texture": "#0"},
				"south": {"uv": [10, 3, 11, 3.5], "texture": "#0"},
				"west": {"uv": [10.5, 0, 11, 0.5], "texture": "#0"},
				"up": {"uv": [11, 4, 10, 3.5], "texture": "#0"},
				"down": {"uv": [5, 10, 4, 10.5], "texture": "#0"}
			}
		},
		{
			"from": [8, 0.75, 0.75],
			"to": [10, 1.75, 1.75],
			"rotation": {"angle": 0, "axis": "y", "origin": [8, 0.25, -15.5]},
			"faces": {
				"north": {"uv": [3, 10, 4, 10.5], "texture": "#0"},
				"east": {"uv": [0, 10.5, 0.5, 11], "texture": "#0"},
				"south": {"uv": [10, 3, 11, 3.5], "texture": "#0"},
				"west": {"uv": [10.5, 0, 11, 0.5], "texture": "#0"},
				"up": {"uv": [11, 4, 10, 3.5], "texture": "#0"},
				"down": {"uv": [5, 10, 4, 10.5], "texture": "#0"}
			}
		},
		{
			"from": [7, 2.75, 0.75],
			"to": [9, 3.75, 1.75],
			"rotation": {"angle": 0, "axis": "y", "origin": [8, 0.25, -15.5]},
			"faces": {
				"north": {"uv": [3, 10, 4, 10.5], "texture": "#0"},
				"east": {"uv": [0, 10.5, 0.5, 11], "texture": "#0"},
				"south": {"uv": [10, 3, 11, 3.5], "texture": "#0"},
				"west": {"uv": [10.5, 0, 11, 0.5], "texture": "#0"},
				"up": {"uv": [11, 4, 10, 3.5], "texture": "#0"},
				"down": {"uv": [5, 10, 4, 10.5], "texture": "#0"}
			}
		},
		{
			"from": [6, 0.75, 1.75],
			"to": [8, 1.75, 2.75],
			"rotation": {"angle": 0, "axis": "y", "origin": [8, 0.25, -15.5]},
			"faces": {
				"north": {"uv": [3, 10, 4, 10.5], "texture": "#0"},
				"east": {"uv": [0, 10.5, 0.5, 11], "texture": "#0"},
				"south": {"uv": [10, 3, 11, 3.5], "texture": "#0"},
				"west": {"uv": [10.5, 0, 11, 0.5], "texture": "#0"},
				"up": {"uv": [11, 4, 10, 3.5], "texture": "#0"},
				"down": {"uv": [5, 10, 4, 10.5], "texture": "#0"}
			}
		},
		{
			"from": [8, 0.75, 1.75],
			"to": [10, 1.75, 2.75],
			"rotation": {"angle": 0, "axis": "y", "origin": [8, 0.25, -15.5]},
			"faces": {
				"north": {"uv": [3, 10, 4, 10.5], "texture": "#0"},
				"east": {"uv": [0, 10.5, 0.5, 11], "texture": "#0"},
				"south": {"uv": [10, 3, 11, 3.5], "texture": "#0"},
				"west": {"uv": [10.5, 0, 11, 0.5], "texture": "#0"},
				"up": {"uv": [11, 4, 10, 3.5], "texture": "#0"},
				"down": {"uv": [5, 10, 4, 10.5], "texture": "#0"}
			}
		},
		{
			"from": [7, 2.75, 1.75],
			"to": [9, 3.75, 2.75],
			"rotation": {"angle": 0, "axis": "y", "origin": [8, 0.25, -15.5]},
			"faces": {
				"north": {"uv": [3, 10, 4, 10.5], "texture": "#0"},
				"east": {"uv": [0, 10.5, 0.5, 11], "texture": "#0"},
				"south": {"uv": [10, 3, 11, 3.5], "texture": "#0"},
				"west": {"uv": [10.5, 0, 11, 0.5], "texture": "#0"},
				"up": {"uv": [11, 4, 10, 3.5], "texture": "#0"},
				"down": {"uv": [5, 10, 4, 10.5], "texture": "#0"}
			}
		},
		{
			"from": [6, 0.75, -3.25],
			"to": [8, 1.75, -2.25],
			"rotation": {"angle": 0, "axis": "y", "origin": [8, 0.25, -15.5]},
			"faces": {
				"north": {"uv": [3, 10, 4, 10.5], "texture": "#0"},
				"east": {"uv": [0, 10.5, 0.5, 11], "texture": "#0"},
				"south": {"uv": [10, 3, 11, 3.5], "texture": "#0"},
				"west": {"uv": [10.5, 0, 11, 0.5], "texture": "#0"},
				"up": {"uv": [11, 4, 10, 3.5], "texture": "#0"},
				"down": {"uv": [5, 10, 4, 10.5], "texture": "#0"}
			}
		},
		{
			"from": [8, 0.75, -3.25],
			"to": [10, 1.75, -2.25],
			"rotation": {"angle": 0, "axis": "y", "origin": [8, 0.25, -15.5]},
			"faces": {
				"north": {"uv": [3, 10, 4, 10.5], "texture": "#0"},
				"east": {"uv": [0, 10.5, 0.5, 11], "texture": "#0"},
				"south": {"uv": [10, 3, 11, 3.5], "texture": "#0"},
				"west": {"uv": [10.5, 0, 11, 0.5], "texture": "#0"},
				"up": {"uv": [11, 4, 10, 3.5], "texture": "#0"},
				"down": {"uv": [5, 10, 4, 10.5], "texture": "#0"}
			}
		},
		{
			"from": [7, 2.75, -3.25],
			"to": [9, 3.75, -2.25],
			"rotation": {"angle": 0, "axis": "y", "origin": [8, 0.25, -15.5]},
			"faces": {
				"north": {"uv": [3, 10, 4, 10.5], "texture": "#0"},
				"east": {"uv": [0, 10.5, 0.5, 11], "texture": "#0"},
				"south": {"uv": [10, 3, 11, 3.5], "texture": "#0"},
				"west": {"uv": [10.5, 0, 11, 0.5], "texture": "#0"},
				"up": {"uv": [11, 4, 10, 3.5], "texture": "#0"},
				"down": {"uv": [5, 10, 4, 10.5], "texture": "#0"}
			}
		},
		{
			"from": [6.5, 0.25, -0.25],
			"to": [7.5, 2.25, 0.75],
			"rotation": {"angle": 0, "axis": "y", "origin": [7.5, 0.75, -15.5]},
			"faces": {
				"north": {"uv": [7.5, 10, 8, 11], "texture": "#0"},
				"east": {"uv": [8, 10, 8.5, 11], "texture": "#0"},
				"south": {"uv": [10, 8.5, 10.5, 9.5], "texture": "#0"},
				"west": {"uv": [9, 10, 9.5, 11], "texture": "#0"},
				"up": {"uv": [1, 11, 0.5, 10.5], "texture": "#0"},
				"down": {"uv": [11, 0.5, 10.5, 1], "texture": "#0"}
			}
		},
		{
			"from": [8.5, 0.25, -0.25],
			"to": [9.5, 2.25, 0.75],
			"rotation": {"angle": 0, "axis": "y", "origin": [7.5, 0.75, -15.5]},
			"faces": {
				"north": {"uv": [7.5, 10, 8, 11], "texture": "#0"},
				"east": {"uv": [8, 10, 8.5, 11], "texture": "#0"},
				"south": {"uv": [10, 8.5, 10.5, 9.5], "texture": "#0"},
				"west": {"uv": [9, 10, 9.5, 11], "texture": "#0"},
				"up": {"uv": [1, 11, 0.5, 10.5], "texture": "#0"},
				"down": {"uv": [11, 0.5, 10.5, 1], "texture": "#0"}
			}
		},
		{
			"from": [7.5, 2.25, -0.25],
			"to": [8.5, 4.25, 0.75],
			"rotation": {"angle": 0, "axis": "y", "origin": [7.5, 0.75, -15.5]},
			"faces": {
				"north": {"uv": [7.5, 10, 8, 11], "texture": "#0"},
				"east": {"uv": [8, 10, 8.5, 11], "texture": "#0"},
				"south": {"uv": [10, 8.5, 10.5, 9.5], "texture": "#0"},
				"west": {"uv": [9, 10, 9.5, 11], "texture": "#0"},
				"up": {"uv": [1, 11, 0.5, 10.5], "texture": "#0"},
				"down": {"uv": [11, 0.5, 10.5, 1], "texture": "#0"}
			}
		},
		{
			"from": [6.5, 0.25, 0.75],
			"to": [7.5, 2.25, 1.75],
			"rotation": {"angle": 0, "axis": "y", "origin": [7.5, 0.75, -15.5]},
			"faces": {
				"north": {"uv": [7.5, 10, 8, 11], "texture": "#0"},
				"east": {"uv": [8, 10, 8.5, 11], "texture": "#0"},
				"south": {"uv": [10, 8.5, 10.5, 9.5], "texture": "#0"},
				"west": {"uv": [9, 10, 9.5, 11], "texture": "#0"},
				"up": {"uv": [1, 11, 0.5, 10.5], "texture": "#0"},
				"down": {"uv": [11, 0.5, 10.5, 1], "texture": "#0"}
			}
		},
		{
			"from": [8.5, 0.25, 0.75],
			"to": [9.5, 2.25, 1.75],
			"rotation": {"angle": 0, "axis": "y", "origin": [7.5, 0.75, -15.5]},
			"faces": {
				"north": {"uv": [7.5, 10, 8, 11], "texture": "#0"},
				"east": {"uv": [8, 10, 8.5, 11], "texture": "#0"},
				"south": {"uv": [10, 8.5, 10.5, 9.5], "texture": "#0"},
				"west": {"uv": [9, 10, 9.5, 11], "texture": "#0"},
				"up": {"uv": [1, 11, 0.5, 10.5], "texture": "#0"},
				"down": {"uv": [11, 0.5, 10.5, 1], "texture": "#0"}
			}
		},
		{
			"from": [7.5, 2.25, 0.75],
			"to": [8.5, 4.25, 1.75],
			"rotation": {"angle": 0, "axis": "y", "origin": [7.5, 0.75, -15.5]},
			"faces": {
				"north": {"uv": [7.5, 10, 8, 11], "texture": "#0"},
				"east": {"uv": [8, 10, 8.5, 11], "texture": "#0"},
				"south": {"uv": [10, 8.5, 10.5, 9.5], "texture": "#0"},
				"west": {"uv": [9, 10, 9.5, 11], "texture": "#0"},
				"up": {"uv": [1, 11, 0.5, 10.5], "texture": "#0"},
				"down": {"uv": [11, 0.5, 10.5, 1], "texture": "#0"}
			}
		},
		{
			"from": [6.5, 0.25, 1.75],
			"to": [7.5, 2.25, 2.75],
			"rotation": {"angle": 0, "axis": "y", "origin": [7.5, 0.75, -15.5]},
			"faces": {
				"north": {"uv": [7.5, 10, 8, 11], "texture": "#0"},
				"east": {"uv": [8, 10, 8.5, 11], "texture": "#0"},
				"south": {"uv": [10, 8.5, 10.5, 9.5], "texture": "#0"},
				"west": {"uv": [9, 10, 9.5, 11], "texture": "#0"},
				"up": {"uv": [1, 11, 0.5, 10.5], "texture": "#0"},
				"down": {"uv": [11, 0.5, 10.5, 1], "texture": "#0"}
			}
		},
		{
			"from": [8.5, 0.25, 1.75],
			"to": [9.5, 2.25, 2.75],
			"rotation": {"angle": 0, "axis": "y", "origin": [7.5, 0.75, -15.5]},
			"faces": {
				"north": {"uv": [7.5, 10, 8, 11], "texture": "#0"},
				"east": {"uv": [8, 10, 8.5, 11], "texture": "#0"},
				"south": {"uv": [10, 8.5, 10.5, 9.5], "texture": "#0"},
				"west": {"uv": [9, 10, 9.5, 11], "texture": "#0"},
				"up": {"uv": [1, 11, 0.5, 10.5], "texture": "#0"},
				"down": {"uv": [11, 0.5, 10.5, 1], "texture": "#0"}
			}
		},
		{
			"from": [7.5, 2.25, 1.75],
			"to": [8.5, 4.25, 2.75],
			"rotation": {"angle": 0, "axis": "y", "origin": [7.5, 0.75, -15.5]},
			"faces": {
				"north": {"uv": [7.5, 10, 8, 11], "texture": "#0"},
				"east": {"uv": [8, 10, 8.5, 11], "texture": "#0"},
				"south": {"uv": [10, 8.5, 10.5, 9.5], "texture": "#0"},
				"west": {"uv": [9, 10, 9.5, 11], "texture": "#0"},
				"up": {"uv": [1, 11, 0.5, 10.5], "texture": "#0"},
				"down": {"uv": [11, 0.5, 10.5, 1], "texture": "#0"}
			}
		},
		{
			"from": [6.5, 0.25, -3.25],
			"to": [7.5, 2.25, -2.25],
			"rotation": {"angle": 0, "axis": "y", "origin": [7.5, 0.75, -15.5]},
			"faces": {
				"north": {"uv": [7.5, 10, 8, 11], "texture": "#0"},
				"east": {"uv": [8, 10, 8.5, 11], "texture": "#0"},
				"south": {"uv": [10, 8.5, 10.5, 9.5], "texture": "#0"},
				"west": {"uv": [9, 10, 9.5, 11], "texture": "#0"},
				"up": {"uv": [1, 11, 0.5, 10.5], "texture": "#0"},
				"down": {"uv": [11, 0.5, 10.5, 1], "texture": "#0"}
			}
		},
		{
			"from": [8.5, 0.25, -3.25],
			"to": [9.5, 2.25, -2.25],
			"rotation": {"angle": 0, "axis": "y", "origin": [7.5, 0.75, -15.5]},
			"faces": {
				"north": {"uv": [7.5, 10, 8, 11], "texture": "#0"},
				"east": {"uv": [8, 10, 8.5, 11], "texture": "#0"},
				"south": {"uv": [10, 8.5, 10.5, 9.5], "texture": "#0"},
				"west": {"uv": [9, 10, 9.5, 11], "texture": "#0"},
				"up": {"uv": [1, 11, 0.5, 10.5], "texture": "#0"},
				"down": {"uv": [11, 0.5, 10.5, 1], "texture": "#0"}
			}
		},
		{
			"from": [7.5, 2.25, -3.25],
			"to": [8.5, 4.25, -2.25],
			"rotation": {"angle": 0, "axis": "y", "origin": [7.5, 0.75, -15.5]},
			"faces": {
				"north": {"uv": [7.5, 10, 8, 11], "texture": "#0"},
				"east": {"uv": [8, 10, 8.5, 11], "texture": "#0"},
				"south": {"uv": [10, 8.5, 10.5, 9.5], "texture": "#0"},
				"west": {"uv": [9, 10, 9.5, 11], "texture": "#0"},
				"up": {"uv": [1, 11, 0.5, 10.5], "texture": "#0"},
				"down": {"uv": [11, 0.5, 10.5, 1], "texture": "#0"}
			}
		},
		{
			"from": [7, -2.95, 12.5],
			"to": [9, 0.05, 18.5],
			"rotation": {"angle": 0, "axis": "y", "origin": [8, -0.15, 12.5]},
			"faces": {
				"north": {"uv": [3.5, 8.5, 4.5, 10], "texture": "#0"},
				"east": {"uv": [2, 2, 5, 3.5], "texture": "#0"},
				"south": {"uv": [8.5, 7, 9.5, 8.5], "texture": "#0"},
				"west": {"uv": [2, 3.5, 5, 5], "texture": "#0"},
				"up": {"uv": [7.5, 5, 6.5, 2], "texture": "#0"},
				"down": {"uv": [7.5, 5, 6.5, 8], "texture": "#0"}
			}
		},
		{
			"from": [6.5, -4.4, 18.5],
			"to": [9.5, 0.6, 21.5],
			"rotation": {"angle": 0, "axis": "y", "origin": [7.5, 0.35, 12.5]},
			"faces": {
				"north": {"uv": [2, 5, 3.5, 7.5], "texture": "#0"},
				"east": {"uv": [5, 2, 6.5, 4.5], "texture": "#0"},
				"south": {"uv": [3.5, 5, 5, 7.5], "texture": "#0"},
				"west": {"uv": [5, 4.5, 6.5, 7], "texture": "#0"},
				"up": {"uv": [7.5, 9.5, 6, 8], "texture": "#0"},
				"down": {"uv": [3.5, 8.5, 2, 10], "texture": "#0"}
			}
		},
		{
			"from": [7.5, -0.15, 9],
			"to": [8.5, 1.85, 14],
			"rotation": {"angle": 22.5, "axis": "x", "origin": [8.5, 1.85, 9]},
			"faces": {
				"north": {"uv": [6, 7, 6.5, 8], "texture": "#0"},
				"east": {"uv": [7, 0, 9.5, 1], "texture": "#0"},
				"south": {"uv": [7, 9.5, 7.5, 10.5], "texture": "#0"},
				"west": {"uv": [7, 1, 9.5, 2], "texture": "#0"},
				"up": {"uv": [5, 10, 4.5, 7.5], "texture": "#0"},
				"down": {"uv": [9, 8.5, 8.5, 11], "texture": "#0"}
			}
		},
		{
			"from": [8, -2.15, 8],
			"to": [8, -0.15, 12],
			"rotation": {"angle": 22.5, "axis": "x", "origin": [8, 1.85, 9]},
			"faces": {
				"north": {"uv": [0, 0, 0, 1], "texture": "#0"},
				"east": {"uv": [10.5, 6, 8.5, 7], "texture": "#0"},
				"south": {"uv": [0, 0, 0, 1], "texture": "#0"},
				"west": {"uv": [8.5, 6, 10.5, 7], "texture": "#0"},
				"up": {"uv": [0, 2, 0, 0], "texture": "#0"},
				"down": {"uv": [0, 0, 0, 2], "texture": "#0"}
			}
		}
	],
	"display": {
		"thirdperson_righthand": {
			"translation": [-0.75, 6.25, -0.25],
			"scale": [0.7, 0.7, 0.7]
		},
		"thirdperson_lefthand": {
			"translation": [-0.75, 6.25, -0.25],
			"scale": [0.7, 0.7, 0.7]
		},
		"firstperson_righthand": {
			"rotation": [0, -10, 0],
			"translation": [7.5, 10, 0.25]
		},
		"firstperson_lefthand": {
			"rotation": [0, -10, 0],
			"translation": [7.5, 10, 0.25]
		},
		"ground": {
			"translation": [0, 6.5, 0],
			"scale": [0.7, 0.7, 0.7]
		},
		"gui": {
			"rotation": [39, 37, 0],
			"translation": [0, 4.5, 0],
			"scale": [0.7, 0.7, 0.7]
		},
		"head": {
			"rotation": [78, -15, 0],
			"translation": [7, -6.75, 12]
		},
		"fixed": {
			"rotation": [0, -90, 0],
			"translation": [-0.5, 11.75, -2.5],
			"scale": [1.5, 1.5, 1.5]
		}
	}
}