{
	"credit": "Made by ArtsByKev - Minecraft Content Creator: https://www.youtube.com/c/artsbykev - Tweet at: https://www.twitter.com/artsbykev",
	"texture_size": [64, 64],
	"textures": {
		"0": "artsbykev_weapons/gun_a"
	},
	"elements": [
		{
			"from": [6, 0, 12],
			"to": [10, 2, 15],
			"rotation": {"angle": 0, "axis": "y", "origin": [8, 10, 14]},
			"faces": {
				"north": {"uv": [4.5, 0.5, 5.5, 1], "texture": "#0"},
				"east": {"uv": [0, 6, 0.75, 6.5], "texture": "#0"},
				"south": {"uv": [0, 5.5, 1, 6], "texture": "#0"},
				"west": {"uv": [6, 6, 6.75, 6.5], "texture": "#0"},
				"up": {"uv": [6, 5.75, 5, 5], "texture": "#0"},
				"down": {"uv": [6, 4, 5, 4.75], "texture": "#0"}
			}
		},
		{
			"from": [6, 0.5, -6],
			"to": [8, 1.5, 12],
			"rotation": {"angle": 0, "axis": "y", "origin": [7, 1.5, 11]},
			"faces": {
				"north": {"uv": [6.25, 4.75, 6.75, 5], "texture": "#0"},
				"east": {"uv": [2, 1.75, 6.5, 2], "texture": "#0"},
				"south": {"uv": [0.25, 6.5, 0.75, 6.75], "texture": "#0"},
				"west": {"uv": [3.5, 2.75, 8, 3], "texture": "#0"},
				"up": {"uv": [0.5, 5.5, 0, 1], "texture": "#0"},
				"down": {"uv": [1, 1, 0.5, 5.5], "texture": "#0"}
			}
		},
		{
			"from": [8, 0.5, -6],
			"to": [10, 1.5, 12],
			"rotation": {"angle": 0, "axis": "y", "origin": [9, 1.5, 11]},
			"faces": {
				"north": {"uv": [6.25, 4.75, 6.75, 5], "texture": "#0"},
				"east": {"uv": [2, 1.75, 6.5, 2], "texture": "#0"},
				"south": {"uv": [0.25, 6.5, 0.75, 6.75], "texture": "#0"},
				"west": {"uv": [3.5, 2.75, 8, 3], "texture": "#0"},
				"up": {"uv": [0.5, 5.5, 0, 1], "texture": "#0"},
				"down": {"uv": [1, 1, 0.5, 5.5], "texture": "#0"}
			}
		},
		{
			"from": [7, -1, 0],
			"to": [9, 0, 16],
			"rotation": {"angle": 0, "axis": "y", "origin": [8, 0, 11]},
			"faces": {
				"north": {"uv": [4.5, 1.5, 5, 1.75], "texture": "#0"},
				"east": {"uv": [3.5, 3, 7.5, 3.25], "texture": "#0"},
				"south": {"uv": [4.5, 2.5, 5, 2.75], "texture": "#0"},
				"west": {"uv": [3.5, 3.25, 7.5, 3.5], "texture": "#0"},
				"up": {"uv": [1.5, 5, 1, 1], "texture": "#0"},
				"down": {"uv": [2, 1.5, 1.5, 5.5], "texture": "#0"}
			}
		},
		{
			"from": [6.5, -2.5, 1],
			"to": [9.5, -0.5, 9],
			"rotation": {"angle": 0, "axis": "y", "origin": [8.5, -0.5, 9]},
			"faces": {
				"north": {"uv": [6, 2, 6.75, 2.5], "texture": "#0"},
				"east": {"uv": [4, 1, 6, 1.5], "texture": "#0"},
				"south": {"uv": [6, 3.5, 6.75, 4], "texture": "#0"},
				"west": {"uv": [4, 2, 6, 2.5], "texture": "#0"},
				"up": {"uv": [2.75, 4.75, 2, 2.75], "texture": "#0"},
				"down": {"uv": [3.5, 2.75, 2.75, 4.75], "texture": "#0"}
			}
		},
		{
			"from": [6.5, 0, -6],
			"to": [7.5, 2, 12],
			"rotation": {"angle": 0, "axis": "y", "origin": [6.5, 1, 11]},
			"faces": {
				"north": {"uv": [6.25, 4.25, 6.5, 4.75], "texture": "#0"},
				"east": {"uv": [0, 0, 4.5, 0.5], "texture": "#0"},
				"south": {"uv": [0, 6.5, 0.25, 7], "texture": "#0"},
				"west": {"uv": [0, 0.5, 4.5, 1], "texture": "#0"},
				"up": {"uv": [3.75, 8, 3.5, 3.5], "texture": "#0"},
				"down": {"uv": [4, 3.75, 3.75, 8.25], "texture": "#0"}
			}
		},
		{
			"from": [8.5, 0, -6],
			"to": [9.5, 2, 12],
			"rotation": {"angle": 0, "axis": "y", "origin": [8.5, 1, 11]},
			"faces": {
				"north": {"uv": [6.25, 4.25, 6.5, 4.75], "texture": "#0"},
				"east": {"uv": [0, 0, 4.5, 0.5], "texture": "#0"},
				"south": {"uv": [0, 6.5, 0.25, 7], "texture": "#0"},
				"west": {"uv": [0, 0.5, 4.5, 1], "texture": "#0"},
				"up": {"uv": [3.75, 8, 3.5, 3.5], "texture": "#0"},
				"down": {"uv": [4, 3.75, 3.75, 8.25], "texture": "#0"}
			}
		},
		{
			"from": [7.5, -1, 16],
			"to": [8.5, 1, 20],
			"rotation": {"angle": 22.5, "axis": "x", "origin": [8.5, 1, 16]},
			"faces": {
				"north": {"uv": [5, 6.25, 5.25, 6.75], "texture": "#0"},
				"east": {"uv": [5.5, 0.5, 6.5, 1], "texture": "#0"},
				"south": {"uv": [5.25, 6.25, 5.5, 6.75], "texture": "#0"},
				"west": {"uv": [5, 5.75, 6, 6.25], "texture": "#0"},
				"up": {"uv": [1, 7, 0.75, 6], "texture": "#0"},
				"down": {"uv": [6.25, 4, 6, 5], "texture": "#0"}
			}
		},
		{
			"from": [7, -3.5, 18.9],
			"to": [9, -0.5, 26.9],
			"rotation": {"angle": 0, "axis": "y", "origin": [8, -0.5, 18.9]},
			"faces": {
				"north": {"uv": [4, 6, 4.5, 6.75], "texture": "#0"},
				"east": {"uv": [2, 2, 4, 2.75], "texture": "#0"},
				"south": {"uv": [6, 1, 6.5, 1.75], "texture": "#0"},
				"west": {"uv": [2, 1, 4, 1.75], "texture": "#0"},
				"up": {"uv": [4.5, 6, 4, 4], "texture": "#0"},
				"down": {"uv": [5, 4.5, 4.5, 6.5], "texture": "#0"}
			}
		},
		{
			"from": [7.5, -5.5, 18.9],
			"to": [8.5, -3.5, 26.9],
			"rotation": {"angle": 0, "axis": "y", "origin": [8.5, -3.5, 17.9]},
			"faces": {
				"north": {"uv": [2, 6.5, 2.25, 7], "texture": "#0"},
				"east": {"uv": [4, 3.5, 6, 4], "texture": "#0"},
				"south": {"uv": [2.25, 6.5, 2.5, 7], "texture": "#0"},
				"west": {"uv": [4.5, 0, 6.5, 0.5], "texture": "#0"},
				"up": {"uv": [1.75, 7.5, 1.5, 5.5], "texture": "#0"},
				"down": {"uv": [2, 5.5, 1.75, 7.5], "texture": "#0"}
			}
		},
		{
			"from": [7, -6.5, 26.9],
			"to": [9, 0.5, 28.9],
			"rotation": {"angle": 0, "axis": "y", "origin": [8, 0.5, 26.9]},
			"faces": {
				"north": {"uv": [2, 4.75, 2.5, 6.5], "texture": "#0"},
				"east": {"uv": [2.5, 4.75, 3, 6.5], "texture": "#0"},
				"south": {"uv": [3, 4.75, 3.5, 6.5], "texture": "#0"},
				"west": {"uv": [1, 5, 1.5, 6.75], "texture": "#0"},
				"up": {"uv": [6.5, 5.5, 6, 5], "texture": "#0"},
				"down": {"uv": [6.5, 5.5, 6, 6], "texture": "#0"}
			}
		},
		{
			"from": [7, 0, 15],
			"to": [9, 2, 16],
			"rotation": {"angle": 0, "axis": "y", "origin": [8, 2, 15]},
			"faces": {
				"north": {"uv": [1.5, 1, 2, 1.5], "texture": "#0"},
				"east": {"uv": [5.5, 6.25, 5.75, 6.75], "texture": "#0"},
				"south": {"uv": [4.5, 4, 5, 4.5], "texture": "#0"},
				"west": {"uv": [5.75, 6.25, 6, 6.75], "texture": "#0"},
				"up": {"uv": [4.5, 1.75, 4, 1.5], "texture": "#0"},
				"down": {"uv": [4.5, 2.5, 4, 2.75], "texture": "#0"}
			}
		},
		{
			"from": [6.5, 2, -5],
			"to": [7.5, 3, -4],
			"rotation": {"angle": 0, "axis": "y", "origin": [7.5, 4, -5]},
			"faces": {
				"north": {"uv": [5, 1.5, 5.25, 1.75], "texture": "#0"},
				"east": {"uv": [5, 1.5, 5.25, 1.75], "texture": "#0"},
				"south": {"uv": [5, 1.5, 5.25, 1.75], "texture": "#0"},
				"west": {"uv": [5, 1.5, 5.25, 1.75], "texture": "#0"},
				"up": {"uv": [5, 1.5, 5.25, 1.75], "texture": "#0"},
				"down": {"uv": [5, 1.5, 5.25, 1.75], "texture": "#0"}
			}
		},
		{
			"from": [6.5, 2, 12.5],
			"to": [7.5, 3, 13.5],
			"rotation": {"angle": 0, "axis": "y", "origin": [7.5, 4, 12.5]},
			"faces": {
				"north": {"uv": [5, 1.5, 5.25, 1.75], "texture": "#0"},
				"east": {"uv": [5, 1.5, 5.25, 1.75], "texture": "#0"},
				"south": {"uv": [5, 1.5, 5.25, 1.75], "texture": "#0"},
				"west": {"uv": [5, 1.5, 5.25, 1.75], "texture": "#0"},
				"up": {"uv": [5, 1.5, 5.25, 1.75], "texture": "#0"},
				"down": {"uv": [5, 1.5, 5.25, 1.75], "texture": "#0"}
			}
		},
		{
			"from": [8.5, 2, -5],
			"to": [9.5, 3, -4],
			"rotation": {"angle": 0, "axis": "y", "origin": [9.5, 4, -5]},
			"faces": {
				"north": {"uv": [5, 1.5, 5.25, 1.75], "texture": "#0"},
				"east": {"uv": [5, 1.5, 5.25, 1.75], "texture": "#0"},
				"south": {"uv": [5, 1.5, 5.25, 1.75], "texture": "#0"},
				"west": {"uv": [5, 1.5, 5.25, 1.75], "texture": "#0"},
				"up": {"uv": [5, 1.5, 5.25, 1.75], "texture": "#0"},
				"down": {"uv": [5, 1.5, 5.25, 1.75], "texture": "#0"}
			}
		},
		{
			"from": [8.5, 2, 12.5],
			"to": [9.5, 3, 13.5],
			"rotation": {"angle": 0, "axis": "y", "origin": [9.5, 4, 12.5]},
			"faces": {
				"north": {"uv": [5, 1.5, 5.25, 1.75], "texture": "#0"},
				"east": {"uv": [5, 1.5, 5.25, 1.75], "texture": "#0"},
				"south": {"uv": [5, 1.5, 5.25, 1.75], "texture": "#0"},
				"west": {"uv": [5, 1.5, 5.25, 1.75], "texture": "#0"},
				"up": {"uv": [5, 1.5, 5.25, 1.75], "texture": "#0"},
				"down": {"uv": [5, 1.5, 5.25, 1.75], "texture": "#0"}
			}
		},
		{
			"from": [7, 1.5, 13],
			"to": [9, 2.5, 14],
			"rotation": {"angle": 0, "axis": "y", "origin": [8, 3.5, 13]},
			"faces": {
				"north": {"uv": [5.5, 2.5, 6, 2.75], "texture": "#0"},
				"east": {"uv": [2.75, 6.5, 3, 6.75], "texture": "#0"},
				"south": {"uv": [5.5, 4.75, 6, 5], "texture": "#0"},
				"west": {"uv": [3, 6.5, 3.25, 6.75], "texture": "#0"},
				"up": {"uv": [6.5, 2.75, 6, 2.5], "texture": "#0"},
				"down": {"uv": [6.75, 4, 6.25, 4.25], "texture": "#0"}
			}
		}
	],
	"display": {
		"thirdperson_righthand": {
			"rotation": [0, -5, 0],
			"translation": [-1, 6.5, -3.5],
			"scale": [0.7, 0.7, 0.7]
		},
		"thirdperson_lefthand": {
			"rotation": [0, -5, 0],
			"translation": [-1, 6.5, -3.5],
			"scale": [0.7, 0.7, 0.7]
		},
		"firstperson_righthand": {
			"rotation": [0, -9, 0],
			"translation": [5.25, 8.5, -3.25],
			"scale": [0.8, 0.8, 0.8]
		},
		"firstperson_lefthand": {
			"rotation": [0, -9, 0],
			"translation": [5.25, 8.5, -3.25],
			"scale": [0.8, 0.8, 0.8]
		},
		"ground": {
			"translation": [0, 13.5, 0],
			"scale": [0.8, 0.8, 0.8]
		},
		"gui": {
			"rotation": [48, -39, 0],
			"translation": [1, 4.75, 0],
			"scale": [0.5, 0.5, 0.5]
		},
		"head": {
			"rotation": [-90, 21, 0],
			"translation": [4.25, -13.25, -2.5]
		},
		"fixed": {
			"rotation": [89, -37, 73],
			"translation": [-4.75, 11.25, -0.5],
			"scale": [1.5, 1.5, 1.5]
		}
	}
}