{
	"credit": "Made by ArtsByKev - Minecraft Content Creator: https://www.youtube.com/c/artsbykev - Tweet at: https://www.twitter.com/artsbykev",
	"texture_size": [64, 64],
	"textures": {
		"0": "artsbykev_weapons/rifle_b_scope"
	},
	"elements": [
		{
			"from": [7.5, 0, 25],
			"to": [8.5, 1, 32],
			"rotation": {"angle": 0, "axis": "y", "origin": [8.5, 8, 16]},
			"faces": {
				"north": {"uv": [12.75, 4.5, 13, 4.75], "texture": "#0"},
				"east": {"uv": [11, 4.5, 12.75, 4.75], "texture": "#0"},
				"south": {"uv": [14.75, 4.5, 15, 4.75], "texture": "#0"},
				"west": {"uv": [13, 4.5, 14.75, 4.75], "texture": "#0"},
				"up": {"uv": [13, 4.5, 12.75, 2.75], "texture": "#0"},
				"down": {"uv": [13.25, 2.75, 13, 4.5], "texture": "#0"}
			}
		},
		{
			"from": [7.5, 4, 29],
			"to": [8.5, 5, 32],
			"rotation": {"angle": 0, "axis": "y", "origin": [8.5, 12, 16]},
			"faces": {
				"north": {"uv": [4.5, 0.75, 4.75, 1], "texture": "#0"},
				"east": {"uv": [3.75, 0.75, 4.5, 1], "texture": "#0"},
				"south": {"uv": [5.5, 0.75, 5.75, 1], "texture": "#0"},
				"west": {"uv": [4.75, 0.75, 5.5, 1], "texture": "#0"},
				"up": {"uv": [4.75, 0.75, 4.5, 0], "texture": "#0"},
				"down": {"uv": [5, 0, 4.75, 0.75], "texture": "#0"}
			}
		},
		{
			"from": [7.5, 4, 20],
			"to": [8.5, 5, 22],
			"rotation": {"angle": 0, "axis": "y", "origin": [8.5, 12, 7]},
			"faces": {
				"north": {"uv": [2, 6, 2.25, 6.25], "texture": "#0"},
				"east": {"uv": [1.5, 6, 2, 6.25], "texture": "#0"},
				"south": {"uv": [2.75, 6, 3, 6.25], "texture": "#0"},
				"west": {"uv": [2.25, 6, 2.75, 6.25], "texture": "#0"},
				"up": {"uv": [2.25, 6, 2, 5.5], "texture": "#0"},
				"down": {"uv": [2.5, 5.5, 2.25, 6], "texture": "#0"}
			}
		},
		{
			"from": [7.5, 3.5, 22],
			"to": [8.5, 4.5, 29],
			"rotation": {"angle": 0, "axis": "y", "origin": [8.5, 11.5, 9]},
			"faces": {
				"north": {"uv": [4.75, 11.5, 5, 11.75], "texture": "#0"},
				"east": {"uv": [3, 11.5, 4.75, 11.75], "texture": "#0"},
				"south": {"uv": [6.75, 11.5, 7, 11.75], "texture": "#0"},
				"west": {"uv": [5, 11.5, 6.75, 11.75], "texture": "#0"},
				"up": {"uv": [5, 11.5, 4.75, 9.75], "texture": "#0"},
				"down": {"uv": [5.25, 9.75, 5, 11.5], "texture": "#0"}
			}
		},
		{
			"from": [7.5, 2, 20],
			"to": [8.5, 3, 21],
			"rotation": {"angle": 0, "axis": "y", "origin": [8.5, 10, 5]},
			"faces": {
				"north": {"uv": [5.75, 3.25, 6, 3.5], "texture": "#0"},
				"east": {"uv": [5.5, 3.25, 5.75, 3.5], "texture": "#0"},
				"south": {"uv": [6.25, 3.25, 6.5, 3.5], "texture": "#0"},
				"west": {"uv": [6, 3.25, 6.25, 3.5], "texture": "#0"},
				"up": {"uv": [6, 3.25, 5.75, 3], "texture": "#0"},
				"down": {"uv": [6.25, 3, 6, 3.25], "texture": "#0"}
			}
		},
		{
			"from": [8, 1, 17],
			"to": [8, 3, 20],
			"rotation": {"angle": 0, "axis": "y", "origin": [8, 10, 2]},
			"faces": {
				"north": {"uv": [0.75, 2, 0.75, 2.5], "texture": "#0"},
				"east": {"uv": [0, 2, 0.75, 2.5], "texture": "#0"},
				"south": {"uv": [1.5, 2, 1.5, 2.5], "texture": "#0"},
				"west": {"uv": [0.75, 2, 1.5, 2.5], "texture": "#0"},
				"up": {"uv": [0.75, 2, 0.75, 1.25], "texture": "#0"},
				"down": {"uv": [0.75, 1.25, 0.75, 2], "texture": "#0"}
			}
		},
		{
			"from": [7.5, 1, 22],
			"to": [8.5, 2, 24],
			"rotation": {"angle": 0, "axis": "y", "origin": [8.5, 9, 8]},
			"faces": {
				"north": {"uv": [1.5, 2.5, 1.75, 2.75], "texture": "#0"},
				"east": {"uv": [1, 2.5, 1.5, 2.75], "texture": "#0"},
				"south": {"uv": [2.25, 2.5, 2.5, 2.75], "texture": "#0"},
				"west": {"uv": [1.75, 2.5, 2.25, 2.75], "texture": "#0"},
				"up": {"uv": [1.75, 2.5, 1.5, 2], "texture": "#0"},
				"down": {"uv": [2, 2, 1.75, 2.5], "texture": "#0"}
			}
		},
		{
			"from": [7.5, 5, 18],
			"to": [8.5, 6, 20],
			"rotation": {"angle": 0, "axis": "y", "origin": [8.5, 13, 5]},
			"faces": {
				"north": {"uv": [5.5, 0.5, 5.75, 0.75], "texture": "#0"},
				"east": {"uv": [5, 0.5, 5.5, 0.75], "texture": "#0"},
				"south": {"uv": [6.25, 0.5, 6.5, 0.75], "texture": "#0"},
				"west": {"uv": [5.75, 0.5, 6.25, 0.75], "texture": "#0"},
				"up": {"uv": [5.75, 0.5, 5.5, 0], "texture": "#0"},
				"down": {"uv": [6, 0, 5.75, 0.5], "texture": "#0"}
			}
		},
		{
			"from": [7, 2, 21],
			"to": [9, 3, 32],
			"rotation": {"angle": 0, "axis": "y", "origin": [8, 9, 16]},
			"faces": {
				"north": {"uv": [2.75, 2.75, 3.25, 3], "texture": "#0"},
				"east": {"uv": [0, 2.75, 2.75, 3], "texture": "#0"},
				"south": {"uv": [6, 2.75, 6.5, 3], "texture": "#0"},
				"west": {"uv": [3.25, 2.75, 6, 3], "texture": "#0"},
				"up": {"uv": [3.25, 2.75, 2.75, 0], "texture": "#0"},
				"down": {"uv": [3.75, 0, 3.25, 2.75], "texture": "#0"}
			}
		},
		{
			"from": [7, 1, 24],
			"to": [9, 2, 32],
			"rotation": {"angle": 0, "axis": "y", "origin": [8, 8, 16]},
			"faces": {
				"north": {"uv": [2, 11.75, 2.5, 12], "texture": "#0"},
				"east": {"uv": [0, 11.75, 2, 12], "texture": "#0"},
				"south": {"uv": [4.5, 11.75, 5, 12], "texture": "#0"},
				"west": {"uv": [2.5, 11.75, 4.5, 12], "texture": "#0"},
				"up": {"uv": [2.5, 11.75, 2, 9.75], "texture": "#0"},
				"down": {"uv": [3, 9.75, 2.5, 11.75], "texture": "#0"}
			}
		},
		{
			"from": [7, 3, 17],
			"to": [9, 4, 32],
			"rotation": {"angle": 0, "axis": "y", "origin": [8, 9, 16]},
			"faces": {
				"north": {"uv": [11.25, 11.25, 11.75, 11.5], "texture": "#0"},
				"east": {"uv": [7.5, 11.25, 11.25, 11.5], "texture": "#0"},
				"south": {"uv": [15.5, 11.25, 16, 11.5], "texture": "#0"},
				"west": {"uv": [11.75, 11.25, 15.5, 11.5], "texture": "#0"},
				"up": {"uv": [11.75, 11.25, 11.25, 7.5], "texture": "#0"},
				"down": {"uv": [12.25, 7.5, 11.75, 11.25], "texture": "#0"}
			}
		},
		{
			"from": [7, 5, 17],
			"to": [9, 7, 18],
			"rotation": {"angle": 0, "axis": "y", "origin": [8, 9, 16]},
			"faces": {
				"north": {"uv": [5.5, 1.25, 6, 1.75], "texture": "#0"},
				"east": {"uv": [5.25, 1.25, 5.5, 1.75], "texture": "#0"},
				"south": {"uv": [6.25, 1.25, 6.75, 1.75], "texture": "#0"},
				"west": {"uv": [6, 1.25, 6.25, 1.75], "texture": "#0"},
				"up": {"uv": [6, 1.25, 5.5, 1], "texture": "#0"},
				"down": {"uv": [6.5, 1, 6, 1.25], "texture": "#0"}
			}
		},
		{
			"from": [7, 4, 17],
			"to": [9, 5, 20],
			"rotation": {"angle": 0, "axis": "y", "origin": [8, 8, 16]},
			"faces": {
				"north": {"uv": [0.75, 1.75, 1.25, 2], "texture": "#0"},
				"east": {"uv": [0, 1.75, 0.75, 2], "texture": "#0"},
				"south": {"uv": [2, 1.75, 2.5, 2], "texture": "#0"},
				"west": {"uv": [1.25, 1.75, 2, 2], "texture": "#0"},
				"up": {"uv": [1.25, 1.75, 0.75, 1], "texture": "#0"},
				"down": {"uv": [1.75, 1, 1.25, 1.75], "texture": "#0"}
			}
		},
		{
			"from": [7, 2, 16],
			"to": [9, 5, 17],
			"rotation": {"angle": 0, "axis": "y", "origin": [8, 9, 16]},
			"faces": {
				"north": {"uv": [0.25, 5.75, 0.75, 6.5], "texture": "#0"},
				"east": {"uv": [0, 5.75, 0.25, 6.5], "texture": "#0"},
				"south": {"uv": [1, 5.75, 1.5, 6.5], "texture": "#0"},
				"west": {"uv": [0.75, 5.75, 1, 6.5], "texture": "#0"},
				"up": {"uv": [0.75, 5.75, 0.25, 5.5], "texture": "#0"},
				"down": {"uv": [1.25, 5.5, 0.75, 5.75], "texture": "#0"}
			}
		},
		{
			"from": [7, 2.75, 10.4],
			"to": [9, 3.75, 11.4],
			"rotation": {"angle": 0, "axis": "y", "origin": [8, 8.75, 10.4]},
			"faces": {
				"north": {"uv": [2.75, 5.75, 3.25, 6], "texture": "#0"},
				"east": {"uv": [2.5, 5.75, 2.75, 6], "texture": "#0"},
				"south": {"uv": [3.5, 5.75, 4, 6], "texture": "#0"},
				"west": {"uv": [3.25, 5.75, 3.5, 6], "texture": "#0"},
				"up": {"uv": [3.25, 5.75, 2.75, 5.5], "texture": "#0"},
				"down": {"uv": [3.75, 5.5, 3.25, 5.75], "texture": "#0"}
			}
		},
		{
			"from": [7, 3.75, 9],
			"to": [9, 5.75, 16],
			"rotation": {"angle": 0, "axis": "y", "origin": [8, 8.75, 15]},
			"faces": {
				"north": {"uv": [12.5, 1.75, 13, 2.25], "texture": "#0"},
				"east": {"uv": [10.75, 1.75, 12.5, 2.25], "texture": "#0"},
				"south": {"uv": [14.75, 1.75, 15.25, 2.25], "texture": "#0"},
				"west": {"uv": [13, 1.75, 14.75, 2.25], "texture": "#0"},
				"up": {"uv": [13, 1.75, 12.5, 0], "texture": "#0"},
				"down": {"uv": [13.5, 0, 13, 1.75], "texture": "#0"}
			}
		},
		{
			"from": [7.2, 2, 11.4],
			"to": [8.8, 5.6, 16],
			"rotation": {"angle": 0, "axis": "y", "origin": [8, 8.8, 15.2]},
			"faces": {
				"north": {"uv": [4.5, 4.25, 5, 5.25], "texture": "#0"},
				"east": {"uv": [3.25, 4.25, 4.5, 5.25], "texture": "#0"},
				"south": {"uv": [6.25, 4.25, 6.75, 5.25], "texture": "#0"},
				"west": {"uv": [5, 4.25, 6.25, 5.25], "texture": "#0"},
				"up": {"uv": [5, 4.25, 4.5, 3], "texture": "#0"},
				"down": {"uv": [5.5, 3, 5, 4.25], "texture": "#0"}
			}
		},
		{
			"from": [7.5, 5.75, -4.1],
			"to": [8.5, 7.75, 15.9],
			"rotation": {"angle": 0, "axis": "y", "origin": [7.5, 10.75, 22.9]},
			"faces": {
				"north": {"uv": [7, 14.25, 7.25, 14.75], "texture": "#0"},
				"east": {"uv": [2.125, 7, 7, 7.25], "texture": "#0"},
				"south": {"uv": [14.25, 14.25, 14.5, 14.75], "texture": "#0"},
				"west": {"uv": [7.5, 7, 12.375, 7.25], "texture": "#0"},
				"up": {"uv": [7.25, 14.25, 7, 9.25], "texture": "#0"},
				"down": {"uv": [7.5, 9.375, 7.25, 14.25], "texture": "#0"}
			}
		},
		{
			"from": [7, 2.75, 1],
			"to": [9, 5.75, 9],
			"rotation": {"angle": 0, "axis": "y", "origin": [8, 7.75, 15]},
			"faces": {
				"north": {"uv": [10, 4.75, 10.5, 5.5], "texture": "#0"},
				"east": {"uv": [8, 4.75, 10, 5.5], "texture": "#0"},
				"south": {"uv": [12.5, 4.75, 13, 5.5], "texture": "#0"},
				"west": {"uv": [10.5, 4.75, 12.5, 5.5], "texture": "#0"},
				"up": {"uv": [10.5, 4.75, 10, 2.75], "texture": "#0"},
				"down": {"uv": [11, 2.75, 10.5, 4.75], "texture": "#0"}
			}
		},
		{
			"from": [7, 3.25, 0],
			"to": [9, 6.25, 1],
			"rotation": {"angle": 0, "axis": "y", "origin": [8, 8.25, 14]},
			"faces": {
				"north": {"uv": [0.25, 4.5, 0.75, 5.25], "texture": "#0"},
				"east": {"uv": [0, 4.5, 0.25, 5.25], "texture": "#0"},
				"south": {"uv": [1, 4.5, 1.5, 5.25], "texture": "#0"},
				"west": {"uv": [0.75, 4.5, 1, 5.25], "texture": "#0"},
				"up": {"uv": [0.75, 4.5, 0.25, 4.25], "texture": "#0"},
				"down": {"uv": [1.25, 4.25, 0.75, 4.5], "texture": "#0"}
			}
		},
		{
			"from": [7.5, 3.75, -1],
			"to": [8.5, 5.75, 0],
			"rotation": {"angle": 0, "axis": "y", "origin": [7.5, 7.75, 13]},
			"faces": {
				"north": {"uv": [3.5, 3.5, 3.75, 4], "texture": "#0"},
				"east": {"uv": [3.25, 3.5, 3.5, 4], "texture": "#0"},
				"south": {"uv": [4, 3.5, 4.25, 4], "texture": "#0"},
				"west": {"uv": [3.75, 3.5, 4, 4], "texture": "#0"},
				"up": {"uv": [3.75, 3.5, 3.5, 3.25], "texture": "#0"},
				"down": {"uv": [4, 3.25, 3.75, 3.5], "texture": "#0"}
			}
		},
		{
			"from": [7.5, 7.75, -4.1],
			"to": [8.5, 8.75, -3.1],
			"rotation": {"angle": 0, "axis": "y", "origin": [7.5, 11.75, 4.9]},
			"faces": {
				"north": {"uv": [4.25, 5.75, 4.5, 6], "texture": "#0"},
				"east": {"uv": [4, 5.75, 4.25, 6], "texture": "#0"},
				"south": {"uv": [4.75, 5.75, 5, 6], "texture": "#0"},
				"west": {"uv": [4.5, 5.75, 4.75, 6], "texture": "#0"},
				"up": {"uv": [4.5, 5.75, 4.25, 5.5], "texture": "#0"},
				"down": {"uv": [4.75, 5.5, 4.5, 5.75], "texture": "#0"}
			}
		},
		{
			"from": [7, 6.25, -4.1],
			"to": [9, 7.25, 15.9],
			"rotation": {"angle": 0, "axis": "y", "origin": [8, 10.25, 22.9]},
			"faces": {
				"north": {"uv": [7, 7, 7.5, 7.25], "texture": "#0"},
				"east": {"uv": [2.125, 7, 7, 7.25], "texture": "#0"},
				"south": {"uv": [14.5, 7, 15, 7.25], "texture": "#0"},
				"west": {"uv": [7.5, 7, 12.375, 7.25], "texture": "#0"},
				"up": {"uv": [7.5, 7, 7, 2], "texture": "#0"},
				"down": {"uv": [8, 2.125, 7.5, 7], "texture": "#0"}
			}
		},
		{
			"from": [7.1, 4.35, -4],
			"to": [8.9, 5.15, 15.8],
			"rotation": {"angle": 0, "axis": "y", "origin": [8, 10.25, 22.9]},
			"faces": {
				"north": {"uv": [7, 7, 7.5, 7.25], "texture": "#0"},
				"east": {"uv": [2.125, 7, 7, 7.25], "texture": "#0"},
				"south": {"uv": [14.5, 7, 15, 7.25], "texture": "#0"},
				"west": {"uv": [7.5, 7, 12.375, 7.25], "texture": "#0"},
				"up": {"uv": [7.5, 7, 7, 2], "texture": "#0"},
				"down": {"uv": [8, 2.125, 7.5, 7], "texture": "#0"}
			}
		},
		{
			"from": [7.6, 3.85, -4],
			"to": [8.4, 5.65, 15.8],
			"rotation": {"angle": 0, "axis": "y", "origin": [7.5, 10.75, 22.9]},
			"faces": {
				"north": {"uv": [7, 14.25, 7.25, 14.75], "texture": "#0"},
				"east": {"uv": [2.125, 7, 7, 7.25], "texture": "#0"},
				"south": {"uv": [14.25, 14.25, 14.5, 14.75], "texture": "#0"},
				"west": {"uv": [7.5, 7, 12.375, 7.25], "texture": "#0"},
				"up": {"uv": [7.25, 14.25, 7, 9.25], "texture": "#0"},
				"down": {"uv": [7.5, 9.375, 7.25, 14.25], "texture": "#0"}
			}
		},
		{
			"from": [6.5, 3.25, 1],
			"to": [9.5, 5.25, 9],
			"rotation": {"angle": 0, "axis": "y", "origin": [8.5, 7.25, 15]},
			"faces": {
				"north": {"uv": [2, 9.25, 2.75, 9.75], "texture": "#0"},
				"east": {"uv": [0, 9.25, 2, 9.75], "texture": "#0"},
				"south": {"uv": [4.75, 9.25, 5.5, 9.75], "texture": "#0"},
				"west": {"uv": [2.75, 9.25, 4.75, 9.75], "texture": "#0"},
				"up": {"uv": [2.75, 9.25, 2, 7.25], "texture": "#0"},
				"down": {"uv": [3.5, 7.25, 2.75, 9.25], "texture": "#0"}
			}
		},
		{
			"from": [6.9, 4.9, 7.4],
			"to": [9.1, 8.1, 8.6],
			"rotation": {"angle": 0, "axis": "y", "origin": [8, 9, 14.5]},
			"faces": {
				"north": {"uv": [5.5, 5.5, 6, 6.25], "texture": "#0"},
				"east": {"uv": [5.25, 5.5, 5.5, 6.25], "texture": "#0"},
				"south": {"uv": [6.25, 5.5, 6.75, 6.25], "texture": "#0"},
				"west": {"uv": [6, 5.5, 6.25, 6.25], "texture": "#0"},
				"up": {"uv": [6, 5.5, 5.5, 5.25], "texture": "#0"},
				"down": {"uv": [6.5, 5.25, 6, 5.5], "texture": "#0"}
			}
		},
		{
			"from": [6.9, 4.9, 15.9],
			"to": [9.1, 8.1, 17.1],
			"rotation": {"angle": 0, "axis": "y", "origin": [8, 9, 23]},
			"faces": {
				"north": {"uv": [5.25, 2, 5.75, 2.75], "texture": "#0"},
				"east": {"uv": [5, 2, 5.25, 2.75], "texture": "#0"},
				"south": {"uv": [6, 2, 6.5, 2.75], "texture": "#0"},
				"west": {"uv": [5.75, 2, 6, 2.75], "texture": "#0"},
				"up": {"uv": [5.75, 2, 5.25, 1.75], "texture": "#0"},
				"down": {"uv": [6.25, 1.75, 5.75, 2], "texture": "#0"}
			}
		},
		{
			"from": [6.9, 4.9, 11.9],
			"to": [9.1, 8.1, 13.1],
			"rotation": {"angle": 0, "axis": "y", "origin": [8, 9, 19]},
			"faces": {
				"north": {"uv": [4, 1.25, 4.5, 2], "texture": "#0"},
				"east": {"uv": [3.75, 1.25, 4, 2], "texture": "#0"},
				"south": {"uv": [4.75, 1.25, 5.25, 2], "texture": "#0"},
				"west": {"uv": [4.5, 1.25, 4.75, 2], "texture": "#0"},
				"up": {"uv": [4.5, 1.25, 4, 1], "texture": "#0"},
				"down": {"uv": [5, 1, 4.5, 1.25], "texture": "#0"}
			}
		}
	],
	"display": {
		"thirdperson_righthand": {
			"translation": [0, 3, -5.5],
			"scale": [0.6, 0.6, 0.6]
		},
		"thirdperson_lefthand": {
			"translation": [0, 3, -5.5],
			"scale": [0.6, 0.6, 0.6]
		},
		"firstperson_righthand": {
			"rotation": [0, -9, 0],
			"translation": [5.5, 5.5, -6.75]
		},
		"firstperson_lefthand": {
			"rotation": [0, -9, 0],
			"translation": [5.5, 5.5, -6.75]
		},
		"ground": {
			"translation": [0, 4.75, -5.25],
			"scale": [0.8, 0.8, 0.8]
		},
		"gui": {
			"rotation": [26, 32, -22],
			"translation": [-1.25, 4, 0],
			"scale": [0.7, 0.7, 0.7]
		},
		"head": {
			"rotation": [-91, 15, 104],
			"translation": [0.5, -17.75, 5.5]
		},
		"fixed": {
			"rotation": [0, -90, 0],
			"translation": [5.25, 1.5, -1.25]
		}
	}
}