{
	"credit": "Made by ArtsByKev - Minecraft Content Creator: https://www.youtube.com/c/artsbykev - Tweet at: https://www.twitter.com/artsbykev",
	"texture_size": [64, 64],
	"textures": {
		"0": "artsbykev_weapons/rifle_a_scope"
	},
	"elements": [
		{
			"from": [7, -1.5, 16],
			"to": [9, 0.5, 20],
			"rotation": {"angle": 0, "axis": "y", "origin": [8, 0.5, 13]},
			"faces": {
				"north": {"uv": [3.5, 7.5, 4, 8], "texture": "#0"},
				"east": {"uv": [2.5, 7.5, 3.5, 8], "texture": "#0"},
				"south": {"uv": [5, 7.5, 5.5, 8], "texture": "#0"},
				"west": {"uv": [4, 7.5, 5, 8], "texture": "#0"},
				"up": {"uv": [4, 7.5, 3.5, 6.5], "texture": "#0"},
				"down": {"uv": [4.5, 6.5, 4, 7.5], "texture": "#0"}
			}
		},
		{
			"from": [7, -2.5, 20],
			"to": [9, 3.5, 22],
			"rotation": {"angle": 0, "axis": "y", "origin": [8, 0.5, 15]},
			"faces": {
				"north": {"uv": [0.5, 4, 1, 5.5], "texture": "#0"},
				"east": {"uv": [0, 4, 0.5, 5.5], "texture": "#0"},
				"south": {"uv": [1.5, 4, 2, 5.5], "texture": "#0"},
				"west": {"uv": [1, 4, 1.5, 5.5], "texture": "#0"},
				"up": {"uv": [1, 4, 0.5, 3.5], "texture": "#0"},
				"down": {"uv": [1.5, 3.5, 1, 4], "texture": "#0"}
			}
		},
		{
			"from": [7, 0.5, 10],
			"to": [9, 2.5, 20],
			"rotation": {"angle": 0, "axis": "y", "origin": [8, -0.5, 10]},
			"faces": {
				"north": {"uv": [2.5, 6, 3, 6.5], "texture": "#0"},
				"east": {"uv": [0, 6, 2.5, 6.5], "texture": "#0"},
				"south": {"uv": [5.5, 6, 6, 6.5], "texture": "#0"},
				"west": {"uv": [3, 6, 5.5, 6.5], "texture": "#0"},
				"up": {"uv": [3, 6, 2.5, 3.5], "texture": "#0"},
				"down": {"uv": [3.5, 3.5, 3, 6], "texture": "#0"}
			}
		},
		{
			"from": [7, -0.5, 12],
			"to": [9, 0.5, 16],
			"rotation": {"angle": 0, "axis": "y", "origin": [8, -1.5, 10]},
			"faces": {
				"north": {"uv": [9, 9, 9.5, 9.25], "texture": "#0"},
				"east": {"uv": [8, 9, 9, 9.25], "texture": "#0"},
				"south": {"uv": [10.5, 9, 11, 9.25], "texture": "#0"},
				"west": {"uv": [9.5, 9, 10.5, 9.25], "texture": "#0"},
				"up": {"uv": [9.5, 9, 9, 8], "texture": "#0"},
				"down": {"uv": [10, 8, 9.5, 9], "texture": "#0"}
			}
		},
		{
			"from": [7.5, 2.5, 10],
			"to": [8.5, 3.5, 20],
			"rotation": {"angle": 0, "axis": "y", "origin": [8.5, 2.5, 10]},
			"faces": {
				"north": {"uv": [6.25, 2.5, 6.5, 2.75], "texture": "#0"},
				"east": {"uv": [3.75, 2.5, 6.25, 2.75], "texture": "#0"},
				"south": {"uv": [9, 2.5, 9.25, 2.75], "texture": "#0"},
				"west": {"uv": [6.5, 2.5, 9, 2.75], "texture": "#0"},
				"up": {"uv": [6.5, 2.5, 6.25, 0], "texture": "#0"},
				"down": {"uv": [6.75, 0, 6.5, 2.5], "texture": "#0"}
			}
		},
		{
			"from": [7, 1, -3],
			"to": [9, 4, -1],
			"rotation": {"angle": 0, "axis": "y", "origin": [8, 0, 7]},
			"faces": {
				"north": {"uv": [4, 4, 4.5, 4.75], "texture": "#0"},
				"east": {"uv": [3.5, 4, 4, 4.75], "texture": "#0"},
				"south": {"uv": [5, 4, 5.5, 4.75], "texture": "#0"},
				"west": {"uv": [4.5, 4, 5, 4.75], "texture": "#0"},
				"up": {"uv": [4.5, 4, 4, 3.5], "texture": "#0"},
				"down": {"uv": [5, 3.5, 4.5, 4], "texture": "#0"}
			}
		},
		{
			"from": [7, 1, 5],
			"to": [9, 4, 10],
			"rotation": {"angle": 0, "axis": "y", "origin": [8, 0, 18]},
			"faces": {
				"north": {"uv": [8.25, 4, 8.75, 4.75], "texture": "#0"},
				"east": {"uv": [7, 4, 8.25, 4.75], "texture": "#0"},
				"south": {"uv": [10, 4, 10.5, 4.75], "texture": "#0"},
				"west": {"uv": [8.75, 4, 10, 4.75], "texture": "#0"},
				"up": {"uv": [8.75, 4, 8.25, 2.75], "texture": "#0"},
				"down": {"uv": [9.25, 2.75, 8.75, 4], "texture": "#0"}
			}
		},
		{
			"from": [7, 2, -1],
			"to": [9, 3, 5],
			"rotation": {"angle": 0, "axis": "y", "origin": [8, 0, 18]},
			"faces": {
				"north": {"uv": [1.5, 8, 2, 8.25], "texture": "#0"},
				"east": {"uv": [0, 8, 1.5, 8.25], "texture": "#0"},
				"south": {"uv": [3.5, 8, 4, 8.25], "texture": "#0"},
				"west": {"uv": [2, 8, 3.5, 8.25], "texture": "#0"},
				"up": {"uv": [2, 8, 1.5, 6.5], "texture": "#0"},
				"down": {"uv": [2.5, 6.5, 2, 8], "texture": "#0"}
			}
		},
		{
			"from": [8, -1, 7],
			"to": [8, 1, 10],
			"rotation": {"angle": 0, "axis": "y", "origin": [8, 0, 7]},
			"faces": {
				"north": {"uv": [2.5, 1.5, 2.5, 2], "texture": "#0"},
				"east": {"uv": [1.75, 1.5, 2.5, 2], "texture": "#0"},
				"south": {"uv": [3.25, 1.5, 3.25, 2], "texture": "#0"},
				"west": {"uv": [2.5, 1.5, 3.25, 2], "texture": "#0"},
				"up": {"uv": [2.5, 1.5, 2.5, 0.75], "texture": "#0"},
				"down": {"uv": [2.5, 0.75, 2.5, 1.5], "texture": "#0"}
			}
		},
		{
			"from": [7.25, 2.25, -16],
			"to": [8.75, 3.25, -3],
			"rotation": {"angle": 0, "axis": "y", "origin": [8.5, 0, -15]},
			"faces": {
				"north": {"uv": [3.25, 3.25, 3.5, 3.5], "texture": "#0"},
				"east": {"uv": [0, 3.25, 3.25, 3.5], "texture": "#0"},
				"south": {"uv": [6.75, 3.25, 7, 3.5], "texture": "#0"},
				"west": {"uv": [3.5, 3.25, 6.75, 3.5], "texture": "#0"},
				"up": {"uv": [3.5, 3.25, 3.25, 0], "texture": "#0"},
				"down": {"uv": [3.75, 0, 3.5, 3.25], "texture": "#0"}
			}
		},
		{
			"from": [7.5, 2, -16],
			"to": [8.5, 3.5, -3],
			"rotation": {"angle": 0, "axis": "y", "origin": [8.5, 0, -15]},
			"faces": {
				"north": {"uv": [3.25, 3.25, 3.5, 3.5], "texture": "#0"},
				"east": {"uv": [0, 3.25, 3.25, 3.5], "texture": "#0"},
				"south": {"uv": [6.75, 3.25, 7, 3.5], "texture": "#0"},
				"west": {"uv": [3.5, 3.25, 6.75, 3.5], "texture": "#0"},
				"up": {"uv": [3.5, 3.25, 3.25, 0], "texture": "#0"},
				"down": {"uv": [3.75, 0, 3.5, 3.25], "texture": "#0"}
			}
		},
		{
			"from": [7.5, 1, -8],
			"to": [8.5, 2, -3],
			"rotation": {"angle": 0, "axis": "y", "origin": [8.5, -1, -7]},
			"faces": {
				"north": {"uv": [1.25, 2.75, 1.5, 3], "texture": "#0"},
				"east": {"uv": [0, 2.75, 1.25, 3], "texture": "#0"},
				"south": {"uv": [2.75, 2.75, 3, 3], "texture": "#0"},
				"west": {"uv": [1.5, 2.75, 2.75, 3], "texture": "#0"},
				"up": {"uv": [1.5, 2.75, 1.25, 1.5], "texture": "#0"},
				"down": {"uv": [1.75, 1.5, 1.5, 2.75], "texture": "#0"}
			}
		},
		{
			"from": [7.75, 3.25, -15.5],
			"to": [8.25, 4.25, -14.5],
			"rotation": {"angle": 0, "axis": "y", "origin": [8.5, 1, -14]},
			"faces": {
				"north": {"uv": [0.25, 1.75, 0.5, 2], "texture": "#0"},
				"east": {"uv": [0, 1.75, 0.25, 2], "texture": "#0"},
				"south": {"uv": [0.75, 1.75, 1, 2], "texture": "#0"},
				"west": {"uv": [0.5, 1.75, 0.75, 2], "texture": "#0"},
				"up": {"uv": [0.5, 1.75, 0.25, 1.5], "texture": "#0"},
				"down": {"uv": [0.75, 1.5, 0.5, 1.75], "texture": "#0"}
			}
		},
		{
			"from": [6.5, 0, -2],
			"to": [9.5, 2, 6],
			"rotation": {"angle": 0, "axis": "y", "origin": [7.5, 0, 3]},
			"faces": {
				"north": {"uv": [5.5, 5.5, 6.25, 6], "texture": "#0"},
				"east": {"uv": [3.5, 5.5, 5.5, 6], "texture": "#0"},
				"south": {"uv": [8.25, 5.5, 9, 6], "texture": "#0"},
				"west": {"uv": [6.25, 5.5, 8.25, 6], "texture": "#0"},
				"up": {"uv": [6.25, 5.5, 5.5, 3.5], "texture": "#0"},
				"down": {"uv": [7, 3.5, 6.25, 5.5], "texture": "#0"}
			}
		},
		{
			"from": [7.5, 2.5, -1],
			"to": [8.5, 3.5, 5],
			"rotation": {"angle": 0, "axis": "y", "origin": [7.5, 3, -1]},
			"faces": {
				"north": {"uv": [8.5, 7.5, 8.75, 7.75], "texture": "#0"},
				"east": {"uv": [7, 7.5, 8.5, 7.75], "texture": "#0"},
				"south": {"uv": [10.25, 7.5, 10.5, 7.75], "texture": "#0"},
				"west": {"uv": [8.75, 7.5, 10.25, 7.75], "texture": "#0"},
				"up": {"uv": [8.75, 7.5, 8.5, 6], "texture": "#0"},
				"down": {"uv": [9, 6, 8.75, 7.5], "texture": "#0"}
			}
		},
		{
			"from": [7.5, 3.5, 3],
			"to": [7.5, 5.5, 9],
			"rotation": {"angle": 0, "axis": "y", "origin": [7.5, 4, 3]},
			"faces": {
				"north": {"uv": [8.25, 1.5, 8.5, 2], "texture": "#0"},
				"east": {"uv": [6.75, 1.5, 8.25, 2], "texture": "#0"},
				"south": {"uv": [10, 1.5, 10.25, 2], "texture": "#0"},
				"west": {"uv": [8.5, 1.5, 10, 2], "texture": "#0", "cullface": "west"},
				"up": {"uv": [8.5, 1.5, 8.25, 0], "texture": "#0"},
				"down": {"uv": [8.75, 0, 8.5, 1.5], "texture": "#0"}
			}
		},
		{
			"from": [8.5, 3.5, 3],
			"to": [8.5, 5.5, 9],
			"rotation": {"angle": 0, "axis": "y", "origin": [7.5, 4, 3]},
			"faces": {
				"north": {"uv": [8.25, 1.5, 8.5, 2], "texture": "#0"},
				"east": {"uv": [6.75, 1.5, 8.25, 2], "texture": "#0"},
				"south": {"uv": [10, 1.5, 10.25, 2], "texture": "#0"},
				"west": {"uv": [8.5, 1.5, 10, 2], "texture": "#0", "cullface": "west"},
				"up": {"uv": [8.5, 1.5, 8.25, 0], "texture": "#0"},
				"down": {"uv": [8.75, 0, 8.5, 1.5], "texture": "#0"}
			}
		},
		{
			"from": [7, 5.5, 2],
			"to": [9, 7.5, 10],
			"rotation": {"angle": 0, "axis": "y", "origin": [8, 6, 3]},
			"faces": {
				"north": {"uv": [6, 8, 6.5, 8.5], "texture": "#0"},
				"east": {"uv": [4, 8, 6, 8.5], "texture": "#0"},
				"south": {"uv": [8.5, 8, 9, 8.5], "texture": "#0"},
				"west": {"uv": [6.5, 8, 8.5, 8.5], "texture": "#0"},
				"up": {"uv": [6.5, 8, 6, 6], "texture": "#0"},
				"down": {"uv": [7, 6, 6.5, 8], "texture": "#0"}
			}
		},
		{
			"from": [6.5, 6, 2.25],
			"to": [8.5, 7, 9.75],
			"rotation": {"angle": 0, "axis": "y", "origin": [8, 6, 3]},
			"faces": {
				"north": {"uv": [6, 8, 6.5, 8.5], "texture": "#0"},
				"east": {"uv": [4, 8, 6, 8.5], "texture": "#0"},
				"south": {"uv": [8.5, 8, 9, 8.5], "texture": "#0"},
				"west": {"uv": [6.5, 8.125, 8.5, 8.375], "texture": "#0"},
				"up": {"uv": [6.5, 8, 6, 6], "texture": "#0"},
				"down": {"uv": [7, 6, 6.5, 8], "texture": "#0"}
			}
		},
		{
			"from": [7.5, 6, 2.25],
			"to": [9.5, 7, 9.75],
			"rotation": {"angle": 0, "axis": "y", "origin": [8, 6, 3]},
			"faces": {
				"north": {"uv": [6.5, 8, 6, 8.5], "texture": "#0"},
				"east": {"uv": [8.5, 8.125, 6.5, 8.375], "texture": "#0"},
				"south": {"uv": [9, 8, 8.5, 8.5], "texture": "#0"},
				"west": {"uv": [6, 8, 4, 8.5], "texture": "#0"},
				"up": {"uv": [6, 8, 6.5, 6], "texture": "#0"},
				"down": {"uv": [6.5, 6, 7, 8], "texture": "#0"}
			}
		}
	],
	"display": {
		"thirdperson_righthand": {
			"translation": [0, 4.5, -0.5],
			"scale": [0.6, 0.6, 0.6]
		},
		"thirdperson_lefthand": {
			"translation": [0, 4.5, -0.5],
			"scale": [0.6, 0.6, 0.6]
		},
		"firstperson_righthand": {
			"rotation": [0, -9, 0],
			"translation": [5.25, 7.25, -1]
		},
		"firstperson_lefthand": {
			"rotation": [0, -9, 0],
			"translation": [5.25, 7.25, -1]
		},
		"ground": {
			"translation": [0, 4.75, 3.5],
			"scale": [0.8, 0.8, 0.8]
		},
		"gui": {
			"rotation": [26, 32, -22],
			"translation": [3, 3.25, 0],
			"scale": [0.7, 0.7, 0.7]
		},
		"head": {
			"rotation": [-93, 153, 92],
			"translation": [3, -12.75, 4.25]
		},
		"fixed": {
			"rotation": [0, -90, 0],
			"translation": [-2.5, 4.25, -1.25]
		}
	},
	"groups": [
		{
			"name": "root",
			"origin": [0, 0, 0],
			"color": 0,
			"children": [0, 1, 2, 3, 4, 5, 6, 7, 8, 9, 10, 11, 12, 13, 14, 15, 16, 17, 18, 19]
		}
	]
}