{
	"credit": " (C)ArtsByKev, https://youtube.com/c/artsbykev & https://twitter.com/artsbykev - Using Blockbench",
	"ambientocclusion": false,
	"texture_size": [32, 32],
	"textures": {
		"0": "artsbykev_weapons/scout_knife",
		"particle": "artsbykev_weapons/scout_knife"
	},
	"elements": [
		{
			"from": [7, -7, 6.75],
			"to": [9, -6, 8.75],
			"rotation": {"angle": 0, "axis": "y", "origin": [7, -7, 7.75]},
			"faces": {
				"north": {"uv": [7, 4.5, 8, 5], "texture": "#0"},
				"east": {"uv": [7, 5, 8, 5.5], "texture": "#0"},
				"south": {"uv": [5.5, 7, 6.5, 7.5], "texture": "#0"},
				"west": {"uv": [7, 5.5, 8, 6], "texture": "#0"},
				"up": {"uv": [7.5, 2, 6.5, 1], "texture": "#0"},
				"down": {"uv": [7.5, 2, 6.5, 3], "texture": "#0"}
			}
		},
		{
			"from": [7.5, -6, 7],
			"to": [8.5, 0, 9],
			"rotation": {"angle": 0, "axis": "y", "origin": [7.5, -1, 8]},
			"faces": {
				"north": {"uv": [2, 6, 2.5, 9], "texture": "#0"},
				"east": {"uv": [5.5, 0, 6.5, 3], "texture": "#0"},
				"south": {"uv": [2.5, 6, 3, 9], "texture": "#0"},
				"west": {"uv": [5.5, 3, 6.5, 6], "texture": "#0"},
				"up": {"uv": [7.5, 4, 7, 3], "texture": "#0"},
				"down": {"uv": [4.5, 7, 4, 8], "texture": "#0"}
			}
		},
		{
			"from": [7.75, 0, 6.5],
			"to": [8.25, 7, 9.5],
			"rotation": {"angle": 0, "axis": "y", "origin": [7.25, 0, 8.5]},
			"faces": {
				"north": {"uv": [6.5, 3, 6.75, 6.5], "texture": "#0"},
				"east": {"uv": [5.5, 3.5, 4, 7], "texture": "#0"},
				"south": {"uv": [6.5, 6.5, 6.75, 10], "texture": "#0"},
				"west": {"uv": [4, 3.5, 5.5, 7], "texture": "#0"},
				"up": {"uv": [7.25, 7.5, 7, 6], "texture": "#0"},
				"down": {"uv": [7.75, 0, 7.5, 1.5], "texture": "#0"}
			}
		},
		{
			"from": [7.75, 7, 7.5],
			"to": [8.25, 9, 9.5],
			"rotation": {"angle": 0, "axis": "y", "origin": [7.25, 2, 8.5]},
			"faces": {
				"north": {"uv": [7.5, 1.5, 7.75, 2.5], "texture": "#0"},
				"east": {"uv": [7.5, 0, 6.5, 1], "texture": "#0"},
				"south": {"uv": [7.5, 2.5, 7.75, 3.5], "texture": "#0"},
				"west": {"uv": [6.5, 0, 7.5, 1], "texture": "#0"},
				"up": {"uv": [4.75, 8.5, 4.5, 7.5], "texture": "#0"},
				"down": {"uv": [5.25, 7.5, 5, 8.5], "texture": "#0"}
			}
		},
		{
			"from": [8, 0, 5.5],
			"to": [8, 12, 9.5],
			"rotation": {"angle": 0, "axis": "y", "origin": [7.5, 0, 8.5]},
			"faces": {
				"north": {"uv": [0, 0, 0, 6], "texture": "#0"},
				"east": {"uv": [4, 0, 2, 6], "texture": "#0"},
				"south": {"uv": [0, 0, 0, 6], "texture": "#0"},
				"west": {"uv": [2, 0, 4, 6], "texture": "#0"},
				"up": {"uv": [0, 2, 0, 0], "texture": "#0"},
				"down": {"uv": [0, 0, 0, 2], "texture": "#0"}
			}
		},
		{
			"from": [7, -6, 7.5],
			"to": [9, 0, 8.5],
			"rotation": {"angle": 0, "axis": "y", "origin": [8, -1, 8.5]},
			"faces": {
				"north": {"uv": [0, 6, 1, 9], "texture": "#0"},
				"east": {"uv": [3, 6, 3.5, 9], "texture": "#0"},
				"south": {"uv": [1, 6, 2, 9], "texture": "#0"},
				"west": {"uv": [3.5, 6, 4, 9], "texture": "#0"},
				"up": {"uv": [8, 4.5, 7, 4], "texture": "#0"},
				"down": {"uv": [5.5, 7, 4.5, 7.5], "texture": "#0"}
			}
		}
	],
	"display": {
		"thirdperson_righthand": {
			"rotation": [0, -15, 10],
			"translation": [-1.5, 5.5, 0],
			"scale": [0.7, 0.7, 0.7]
		},
		"thirdperson_lefthand": {
			"rotation": [0, -15, 10],
			"translation": [-1.5, 5.5, 0],
			"scale": [0.7, 0.7, 0.7]
		},
		"firstperson_righthand": {
			"rotation": [-9, 0, 0],
			"translation": [0, 7, 1.25],
			"scale": [0.5, 0.6, 0.5]
		},
		"firstperson_lefthand": {
			"rotation": [-9, 0, 0],
			"translation": [0, 7, 1.25],
			"scale": [0.5, 0.6, 0.5]
		},
		"ground": {
			"rotation": [0, 0, -53],
			"translation": [3.25, 9, 0],
			"scale": [0.7, 0.7, 0.7]
		},
		"gui": {
			"rotation": [22, -48, 39],
			"translation": [-2.25, 3.25, 0],
			"scale": [0.7, 0.7, 0.7]
		},
		"head": {
			"rotation": [97, -157, 19],
			"translation": [-1, -9.75, -2.25]
		},
		"fixed": {
			"translation": [0, 5.5, -2]
		}
	}
}